id,title,authors,year,doi,venue,source,fulltext_available,pdf_pages,platform_type,sensor_list,primary_method,method_category,environment,experiment_type,real_or_sim,metrics_reported,ate_rmse_m,application_domain,multi_agent,notes,qa_rigor,qa_reporting,qa_baseline,qa_repro,qa_total,qa_tier,qa_notes,citation_tier
REC_0003,Autonomous Navigation in GPS-Denied Environments Using Visual SLAM,L. B. Jayswal; S. Khadka; A. K. Shah; B. Yonzan; B. Rimal; N. Bhattarai; D. Chieng; B. Nakarmi,2026,10.1109/ICTP67998.2026.11485150,IEEE Conference/Journal,IEEE_Xplore,True,5,UAV,IMU;Thermal_Camera;LiDAR_3D,LiDAR_Inertial_Odometry_SLAM,LiDAR-Inertial / LiDAR SLAM,Indoor;Urban;Underground/Tunnel;Adversarial/EW;Maritime/Water,Both_Real_and_Sim,Both,ATE_RMSE;RMSE;Success_Rate,NOT_REPORTED,Mapping/Surveying,Single_Agent,Parsed from 5-page PDF. Primary evaluation: Both_Real_and_Sim with sensors [IMU;Thermal_Camera;LiDAR_3D].,3,3,1,1,8,Q-high,"Rigor=3/4, Reporting=3/3, Baseline=1/2, Repro=1/1. Total=8/10 (Q-high).",Core
REC_0006,A Multi-Sensor Fusion Framework for Unmanned Aerial Vehicle (UAV) Navigation and Inspection in GPS-Denied and Degraded Environments,V. V. Sai Viswa Kiran; A. S. Reddy; H. V. Sri Sai; H. Allaka; R. P. Kumar,2026,10.1109/APSCON68325.2026.11497125,IEEE Conference/Journal,IEEE_Xplore,True,4,UAV,IMU;Stereo_Camera;LiDAR_3D,Visual_LiDAR_Inertial_Fusion,Visual-LiDAR Fusion,Indoor;Urban;Underground/Tunnel;Forest/Canopy;Adversarial/EW;Maritime/Water,Both_Real_and_Sim,Both,ATE_RMSE;Success_Rate,NOT_REPORTED,Inspection,Single_Agent,Parsed from 4-page PDF. Primary evaluation: Both_Real_and_Sim with sensors [IMU;Stereo_Camera;LiDAR_3D].,4,3,1,1,9,Q-high,"Rigor=4/4, Reporting=3/3, Baseline=1/2, Repro=1/1. Total=9/10 (Q-high).",Core
REC_0008,A Framework for UAV Navigation and Exploration in GPS-Denied Environments,F. Vanegas; K. J. Gaston; J. Roberts; F. Gonzalez,2019,10.1109/AERO.2019.8741612,IEEE Conference/Journal,IEEE_Xplore,True,7,UAV,IMU;Stereo_Camera;LiDAR_3D,Visual_LiDAR_Inertial_Fusion,Visual-LiDAR Fusion,Indoor;Urban;Underground/Tunnel;Forest/Canopy;Adversarial/EW,Simulation,Simulation,ATE_RMSE;Relative_Drift_Percent,NOT_REPORTED,Inspection,Single_Agent,Parsed from 7-page PDF. Primary evaluation: Simulation with sensors [IMU;Stereo_Camera;LiDAR_3D].,1,2,1,1,5,Q-medium,"Rigor=1/4, Reporting=2/3, Baseline=1/2, Repro=1/1. Total=5/10 (Q-medium).",Important
REC_0010,Autonomous long-range navigation in GNSS-denied environment with low-cost UAV platform,A. R. Kuroswiski; N. M. F. de Oliveira; É. H. Shiguemori,2018,10.1109/SYSCON.2018.8369592,IEEE Conference/Journal,IEEE_Xplore,True,6,UAV,IMU;Monocular_Camera,Visual_Inertial_Odometry,Visual-Inertial (VIO/SLAM),Urban;Adversarial/EW,Simulation,Simulation,ATE_RMSE,NOT_REPORTED,Inspection,Single_Agent,Parsed from 6-page PDF. Primary evaluation: Simulation with sensors [IMU;Monocular_Camera].,1,2,0,1,4,Q-medium,"Rigor=1/4, Reporting=2/3, Baseline=0/2, Repro=1/1. Total=4/10 (Q-medium).",Important
REC_0013,Quantum-Enhanced Drone Swarm Localization in GPS-Denied Environment,S. K. Thota,2026,10.1109/ICoECIT68303.2026.11497954,IEEE Conference/Journal,IEEE_Xplore,True,6,Multi_Platform,IMU;Monocular_Camera;LiDAR_3D;UWB,Visual_LiDAR_Inertial_Fusion,Visual-LiDAR Fusion,Indoor;Urban;Underground/Tunnel;Forest/Canopy;Adversarial/EW;Maritime/Water,Simulation,Simulation,ATE_RMSE;Relative_Drift_Percent;Success_Rate,NOT_REPORTED,Inspection,Multi_Agent,Parsed from 6-page PDF. Primary evaluation: Simulation with sensors [IMU;Monocular_Camera;LiDAR_3D;UWB].,1,3,1,0,5,Q-medium,"Rigor=1/4, Reporting=3/3, Baseline=1/2, Repro=0/1. Total=5/10 (Q-medium).",Important
REC_0022,Distance-based Autonomous Docking for UAV-MP in GPS-denied Environment,C. Cheng; X. Li; L. Li; L. Xie,2022,10.1109/CCDC55256.2022.10034409,IEEE Conference/Journal,IEEE_Xplore,True,6,UAV,IMU;Monocular_Camera;LiDAR_3D;UWB,LiDAR_Inertial_Odometry_SLAM,LiDAR-Inertial / LiDAR SLAM,Indoor;Urban;Underground/Tunnel;Forest/Canopy;Adversarial/EW,Simulation,Simulation,ATE_RMSE;Success_Rate;Computational_Latency,NOT_REPORTED,Inspection,Multi_Agent,Parsed from 6-page PDF. Primary evaluation: Simulation with sensors [IMU;Monocular_Camera;LiDAR_3D;UWB].,2,3,1,0,6,Q-medium,"Rigor=2/4, Reporting=3/3, Baseline=1/2, Repro=0/1. Total=6/10 (Q-medium).",Important
REC_0023,Autonomous Aerial Navigation in GPS-Denied Environments,A. Variar; B. R; A. Fathima; R. U; G. Sreenandhini; D. K. H; J. J; S. M. D,2025,10.1109/INSPIRE67328.2025.11300665,IEEE Conference/Journal,IEEE_Xplore,True,9,Multi_Platform,IMU;Stereo_Camera;LiDAR_3D;Radar_mmWave,Visual_LiDAR_Inertial_Fusion,Visual-LiDAR Fusion,Indoor;Urban;Underground/Tunnel;Adversarial/EW,Simulation,Simulation,ATE_RMSE;Success_Rate;Computational_Latency,NOT_REPORTED,Inspection,Single_Agent,Parsed from 9-page PDF. Primary evaluation: Simulation with sensors [IMU;Stereo_Camera;LiDAR_3D;Radar_mmWave].,1,2,1,1,5,Q-medium,"Rigor=1/4, Reporting=2/3, Baseline=1/2, Repro=1/1. Total=5/10 (Q-medium).",Important
REC_0025,Design of an UWB indoor-positioning system for UAV navigation in GNSS-denied environments,J. Tiemann; F. Schweikowski; C. Wietfeld,2015,10.1109/IPIN.2015.7346960,IEEE Conference/Journal,IEEE_Xplore,True,7,UAV,IMU;Radar_mmWave;UWB,Visual_Inertial_Odometry,Visual-Inertial (VIO/SLAM),Indoor;Urban;Adversarial/EW,Simulation,Simulation,ATE_RMSE;Success_Rate;Computational_Latency,NOT_REPORTED,Inspection,Multi_Agent,Parsed from 7-page PDF. Primary evaluation: Simulation with sensors [IMU;Radar_mmWave;UWB].,1,2,1,0,4,Q-medium,"Rigor=1/4, Reporting=2/3, Baseline=1/2, Repro=0/1. Total=4/10 (Q-medium).",Important
REC_0028,UAV Waypoint Opportunistic Navigation in GNSS-Denied Environments,Y. Yang; J. Khalife; J. J. Morales; Z. M. Kassas,2022,10.1109/TAES.2021.3103140,IEEE Conference/Journal,IEEE_Xplore,True,16,Multi_Platform,IMU;Monocular_Camera;LiDAR_2D,Visual_Inertial_Odometry,Visual-Inertial (VIO/SLAM),Indoor;Urban;Underground/Tunnel;Forest/Canopy;Adversarial/EW;Maritime/Water,Simulation,Simulation,ATE_RMSE;Relative_Drift_Percent;RMSE;Success_Rate;Computational_Latency,NOT_REPORTED,Mapping/Surveying,Multi_Agent,Parsed from 16-page PDF. Primary evaluation: Simulation with sensors [IMU;Monocular_Camera;LiDAR_2D].,2,3,1,0,6,Q-medium,"Rigor=2/4, Reporting=3/3, Baseline=1/2, Repro=0/1. Total=6/10 (Q-medium).",Important
REC_0035,State Estimation and Control for Micro Aerial Vehicles in GPS-denied Environments,H. Shen; X. Zhang; H. Lu; B. Tian; Q. Zong,2020,10.1109/WCSP49889.2020.9299710,IEEE Conference/Journal,IEEE_Xplore,True,6,UAV,IMU;Monocular_Camera;LiDAR_2D,Visual_LiDAR_Inertial_Fusion,Visual-LiDAR Fusion,Indoor;Urban;Underground/Tunnel;Forest/Canopy;Adversarial/EW;Maritime/Water,Simulation,Simulation,ATE_RMSE;Relative_Drift_Percent;Success_Rate;Computational_Latency,NOT_REPORTED,Inspection,Single_Agent,Parsed from 6-page PDF. Primary evaluation: Simulation with sensors [IMU;Monocular_Camera;LiDAR_2D].,2,1,2,0,5,Q-medium,"Rigor=2/4, Reporting=1/3, Baseline=2/2, Repro=0/1. Total=5/10 (Q-medium).",Important
REC_0037,Deep Visual Localization for UAVs in GNSS-Denied Environments Using Satellite Imagery,E. Öksüz; B. Yalçın; T. Demirdal,2026,10.1109/SIU71813.2026.11636724,IEEE Conference/Journal,IEEE_Xplore,True,4,UAV,Monocular_Camera,Visual_Inertial_Odometry,Visual-Inertial (VIO/SLAM),Urban;Underground/Tunnel;Adversarial/EW;Maritime/Water,Simulation,Simulation,ATE_RMSE;Relative_Drift_Percent;RMSE;Computational_Latency,NOT_REPORTED,Search_and_Rescue,Single_Agent,Parsed from 4-page PDF. Primary evaluation: Simulation with sensors [Monocular_Camera].,2,2,1,1,6,Q-medium,"Rigor=2/4, Reporting=2/3, Baseline=1/2, Repro=1/1. Total=6/10 (Q-medium).",Important
REC_0041,UAV Navigation With Monocular Visual Inertial Odometry Under GNSS-Denied Environment,H. Luo; G. Li; D. Zou; K. Li; X. Li; Z. Yang,2023,10.1109/TGRS.2023.3323519,IEEE Conference/Journal,IEEE_Xplore,True,15,Multi_Platform,IMU;Stereo_Camera;UWB;Optical_Flow,Visual_Inertial_Odometry,Visual-Inertial (VIO/SLAM),Indoor;Urban;Underground/Tunnel;Adversarial/EW,Real_World,Real_World,ATE_RMSE;RMSE;Success_Rate,NOT_REPORTED,Mapping/Surveying,Single_Agent,Parsed from 15-page PDF. Primary evaluation: Real_World with sensors [IMU;Stereo_Camera;UWB;Optical_Flow].,4,2,1,1,8,Q-high,"Rigor=4/4, Reporting=2/3, Baseline=1/2, Repro=1/1. Total=8/10 (Q-high).",Core
REC_0043,Robust Sensor Fusion for Autonomous UAV Navigation in GPS denied Forest Environment,S. M. Shithil; A. A. M. Faudzi; A. Abdullah; N. Islam; S. M. Saad,2022,10.1109/ROMA55875.2022.9915682,IEEE Conference/Journal,IEEE_Xplore,True,6,UAV,IMU;Stereo_Camera;LiDAR_2D,Visual_LiDAR_Inertial_Fusion,Visual-LiDAR Fusion,Indoor;Urban;Forest/Canopy;Adversarial/EW,Simulation,Simulation,ATE_RMSE;Relative_Drift_Percent;Computational_Latency,NOT_REPORTED,Inspection,Single_Agent,Parsed from 6-page PDF. Primary evaluation: Simulation with sensors [IMU;Stereo_Camera;LiDAR_2D].,1,3,1,0,5,Q-medium,"Rigor=1/4, Reporting=3/3, Baseline=1/2, Repro=0/1. Total=5/10 (Q-medium).",Important
REC_0053,Vision-based Navigation of Unmanned Aerial Vehicles,H. Gahlot; A. Kumar; P. Kumar; E. A. Sharma,2024,10.1109/ICACCM61117.2024.11059131,IEEE Conference/Journal,IEEE_Xplore,True,22,Multi_Platform,IMU;Thermal_Camera;LiDAR_3D,Visual_LiDAR_Inertial_Fusion,Visual-LiDAR Fusion,Indoor;Urban;Underground/Tunnel;Forest/Canopy;Maritime/Water,Both_Real_and_Sim,Both,ATE_RMSE;Relative_Drift_Percent;RMSE;Success_Rate,NOT_REPORTED,Mapping/Surveying,Multi_Agent,Parsed from 22-page PDF. Primary evaluation: Both_Real_and_Sim with sensors [IMU;Thermal_Camera;LiDAR_3D].,4,3,1,0,8,Q-high,"Rigor=4/4, Reporting=3/3, Baseline=1/2, Repro=0/1. Total=8/10 (Q-high).",Core
REC_0057,ROS+unity: An efficient high-fidelity 3D multi-UAV navigation and control simulator in GPS-denied environments,W. Meng; Y. Hu; J. Lin; F. Lin; R. Teo,2015,10.1109/IECON.2015.7392488,IEEE Conference/Journal,IEEE_Xplore,True,6,UAV,IMU;Depth_Camera;LiDAR_2D,Visual_LiDAR_Inertial_Fusion,Visual-LiDAR Fusion,Indoor;Urban;Forest/Canopy;Adversarial/EW,Simulation,Simulation,ATE_RMSE;Computational_Latency,NOT_REPORTED,Mapping/Surveying,Multi_Agent,Parsed from 6-page PDF. Primary evaluation: Simulation with sensors [IMU;Depth_Camera;LiDAR_2D].,1,1,1,1,4,Q-medium,"Rigor=1/4, Reporting=1/3, Baseline=1/2, Repro=1/1. Total=4/10 (Q-medium).",Important
REC_0064,Positioning and Navigation Approaches Using Packet Loss-Based Multilateration for UAVs in GPS-Denied Environments,I. Srisomboon; S. Lee,2024,10.1109/ACCESS.2024.3357148,IEEE Conference/Journal,IEEE_Xplore,True,15,UAV,IMU;Monocular_Camera;LiDAR_3D;UWB,Visual_LiDAR_Inertial_Fusion,Visual-LiDAR Fusion,Indoor;Urban;Underground/Tunnel;Adversarial/EW,Both_Real_and_Sim,Both,ATE_RMSE;Success_Rate;Computational_Latency,NOT_REPORTED,Inspection,Multi_Agent,Parsed from 15-page PDF. Primary evaluation: Both_Real_and_Sim with sensors [IMU;Monocular_Camera;LiDAR_3D;UWB].,2,3,2,0,7,Q-high,"Rigor=2/4, Reporting=3/3, Baseline=2/2, Repro=0/1. Total=7/10 (Q-high).",Important
REC_0065,Autonomous Drones in GNSS-Denied Environments: Results from the Leonardo Drone Contest,S. Godio; F. Marino; A. Minervini; S. Primatesta; M. Chiaberge; G. Guglieri,2023,10.1109/MetroAeroSpace57412.2023.10190003,IEEE Conference/Journal,IEEE_Xplore,True,6,UAV,IMU;Stereo_Camera;LiDAR_3D;UWB,Visual_LiDAR_Inertial_Fusion,Visual-LiDAR Fusion,Indoor;Urban;Underground/Tunnel;Adversarial/EW,Both_Real_and_Sim,Both,ATE_RMSE;Relative_Drift_Percent;Success_Rate;Computational_Latency,NOT_REPORTED,Mapping/Surveying,Multi_Agent,Parsed from 6-page PDF. Primary evaluation: Both_Real_and_Sim with sensors [IMU;Stereo_Camera;LiDAR_3D;UWB].,3,3,1,1,8,Q-high,"Rigor=3/4, Reporting=3/3, Baseline=1/2, Repro=1/1. Total=8/10 (Q-high).",Core
REC_0066,Real Time Vision Based Obstacle Avoidance for UAV using YOLO in GPS Denied Environment,S. K. NT; G. U. Sai; P. K. Duba; P. Rajalakshmi,2023,10.1109/OCIT59427.2023.10431039,IEEE Conference/Journal,IEEE_Xplore,True,6,UAV,IMU;Stereo_Camera;LiDAR_3D,LiDAR_Inertial_Odometry_SLAM,LiDAR-Inertial / LiDAR SLAM,Indoor;Urban;Underground/Tunnel;Forest/Canopy;Adversarial/EW,Simulation,Simulation,ATE_RMSE;Success_Rate;Computational_Latency,NOT_REPORTED,Inspection,Multi_Agent,Parsed from 6-page PDF. Primary evaluation: Simulation with sensors [IMU;Stereo_Camera;LiDAR_3D].,1,3,1,0,5,Q-medium,"Rigor=1/4, Reporting=3/3, Baseline=1/2, Repro=0/1. Total=5/10 (Q-medium).",Important
REC_0071,Radar-Based High-Accuracy 3D Localization of UAVs for Landing in GNSS-Denied Environments,Y. Dobrev; Y. Dobrev; P. Gulden; M. Lipka; T. Pavlenko; D. Moormann; M. Vossiek,2018,10.1109/ICMIM.2018.8443483,IEEE Conference/Journal,IEEE_Xplore,True,4,UAV,IMU;Radar_mmWave,Radio_Based_Positioning,UWB / Radio / Beacons,Indoor;Urban;Underground/Tunnel;Adversarial/EW,Simulation,Simulation,ATE_RMSE;Success_Rate;Computational_Latency,NOT_REPORTED,Inspection,Multi_Agent,Parsed from 4-page PDF. Primary evaluation: Simulation with sensors [IMU;Radar_mmWave].,2,3,0,0,5,Q-medium,"Rigor=2/4, Reporting=3/3, Baseline=0/2, Repro=0/1. Total=5/10 (Q-medium).",Important
REC_0077,3D Path Planning for Autonomous UAV Navigation in GPS-Denied Environments,T. Thakkar; R. Ramirez; R. Tsui; S. Bhandari; A. Raheja,2026,10.1109/ICUAS69441.2026.11598675,IEEE Conference/Journal,IEEE_Xplore,True,8,UAV,IMU;Stereo_Camera;LiDAR_3D,Visual_LiDAR_Inertial_Fusion,Visual-LiDAR Fusion,Indoor;Urban;Underground/Tunnel;Forest/Canopy;Adversarial/EW,Both_Real_and_Sim,Both,ATE_RMSE;RMSE;Success_Rate,NOT_REPORTED,Inspection,Single_Agent,Parsed from 8-page PDF. Primary evaluation: Both_Real_and_Sim with sensors [IMU;Stereo_Camera;LiDAR_3D].,3,3,1,1,8,Q-high,"Rigor=3/4, Reporting=3/3, Baseline=1/2, Repro=1/1. Total=8/10 (Q-high).",Core
REC_0080,Enabling Computer Vision-Based Autonomous Navigation for Unmanned Aerial Vehicles in Cluttered GPS-Denied Environments,F. Valenti; D. Giaquinto; L. Musto; A. Zinelli; M. Bertozzi; A. Broggi,2018,10.1109/ITSC.2018.8569695,IEEE Conference/Journal,IEEE_Xplore,True,6,UAV,IMU;Stereo_Camera;LiDAR_2D;Sonar,Visual_Inertial_Odometry,Visual-Inertial (VIO/SLAM),Indoor;Urban;Forest/Canopy;Adversarial/EW,Simulation,Simulation,ATE_RMSE;Relative_Drift_Percent;Success_Rate,NOT_REPORTED,Inspection,Single_Agent,Parsed from 6-page PDF. Primary evaluation: Simulation with sensors [IMU;Stereo_Camera;LiDAR_2D;Sonar].,1,3,1,0,5,Q-medium,"Rigor=1/4, Reporting=3/3, Baseline=1/2, Repro=0/1. Total=5/10 (Q-medium).",Important
REC_0084,Simulating GPS-denied Autonomous UAV Navigation for Detection of Surface Water Bodies,A. D. Singh; F. Vanegas Alvarez,2020,10.1109/ICUAS48674.2020.9213927,IEEE Conference/Journal,IEEE_Xplore,True,10,Multi_Platform,IMU;Thermal_Camera,Thermal_Inertial_Odometry,Visual-Inertial (VIO/SLAM),Underground/Tunnel;Adversarial/EW;Maritime/Water,Simulation,Simulation,ATE_RMSE;Relative_Drift_Percent;Success_Rate,NOT_REPORTED,Mapping/Surveying,Multi_Agent,Parsed from 10-page PDF. Primary evaluation: Simulation with sensors [IMU;Thermal_Camera].,1,3,1,0,5,Q-medium,"Rigor=1/4, Reporting=3/3, Baseline=1/2, Repro=0/1. Total=5/10 (Q-medium).",Important
REC_0095,Cooperative Relative Localization for UAV Swarm in GNSS-Denied Environment: A Coalition Formation Game Approach,L. Ruan; G. Li; W. Dai; S. Tian; G. Fan; J. Wang; X. Dai,2022,10.1109/JIOT.2021.3130000,IEEE Conference/Journal,IEEE_Xplore,True,18,Multi_Platform,IMU;UWB,Visual_Inertial_Odometry,Visual-Inertial (VIO/SLAM),Indoor;Underground/Tunnel;Adversarial/EW,Both_Real_and_Sim,Both,ATE_RMSE;Relative_Drift_Percent;RMSE;Success_Rate,NOT_REPORTED,Inspection,Multi_Agent,Parsed from 18-page PDF. Primary evaluation: Both_Real_and_Sim with sensors [IMU;UWB].,3,3,2,0,8,Q-high,"Rigor=3/4, Reporting=3/3, Baseline=2/2, Repro=0/1. Total=8/10 (Q-high).",Important
REC_0096,Cooperative UWB-Based Localization for Outdoors Positioning and Navigation of UAVs aided by Ground Robots,Y. Xianjia; L. Qingqing; J. P. Queralta; J. Heikkonen; T. Westerlund,2021,10.1109/ICAS49788.2021.9551177,IEEE Conference/Journal,IEEE_Xplore,True,5,Multi_Platform,IMU;Stereo_Camera;LiDAR_3D;UWB,Visual_LiDAR_Inertial_Fusion,Visual-LiDAR Fusion,Indoor;Urban;Forest/Canopy;Adversarial/EW,Both_Real_and_Sim,Both,ATE_RMSE;Success_Rate,NOT_REPORTED,Inspection,Multi_Agent,Parsed from 5-page PDF. Primary evaluation: Both_Real_and_Sim with sensors [IMU;Stereo_Camera;LiDAR_3D;UWB].,4,3,1,0,8,Q-high,"Rigor=4/4, Reporting=3/3, Baseline=1/2, Repro=0/1. Total=8/10 (Q-high).",Core
REC_0102,Quantum-Enhanced Multi-Sensor Fusion for UAV Navigation in GPS-Denied Environments,A. Moussa; I. N. Him; K. Chawqi; Y. Salih-Alj,2026,10.1109/FET68771.2026.11601505,IEEE Conference/Journal,IEEE_Xplore,True,6,UAV,IMU;Stereo_Camera;LiDAR_3D,Visual_LiDAR_Inertial_Fusion,Visual-LiDAR Fusion,Indoor;Urban;Forest/Canopy;Adversarial/EW,Both_Real_and_Sim,Both,ATE_RMSE;Relative_Drift_Percent;Success_Rate;Computational_Latency,NOT_REPORTED,Mapping/Surveying,Single_Agent,Parsed from 6-page PDF. Primary evaluation: Both_Real_and_Sim with sensors [IMU;Stereo_Camera;LiDAR_3D].,4,3,1,1,9,Q-high,"Rigor=4/4, Reporting=3/3, Baseline=1/2, Repro=1/1. Total=9/10 (Q-high).",Core
REC_0107,Augmented Radar Odometry by Nested Optimal Filter Aided Navigation for UAVS in GNSS Denied Environment,S. Zahran; M. Mostafa; M. Moussa; A. Salib; A. Moussa; N. El-Sheimy,2021,10.1109/ITC-Egypt52936.2021.9513978,IEEE Conference/Journal,IEEE_Xplore,True,5,UAV,IMU;Stereo_Camera;Radar_mmWave;UWB;Optical_Flow;Sonar,Visual_Inertial_Odometry,Visual-Inertial (VIO/SLAM),Urban;Forest/Canopy;Adversarial/EW,Simulation,Simulation,ATE_RMSE;Relative_Drift_Percent;RMSE;Success_Rate,NOT_REPORTED,Mapping/Surveying,Single_Agent,Parsed from 5-page PDF. Primary evaluation: Simulation with sensors [IMU;Stereo_Camera;Radar_mmWave;UWB;Optical_Flow;Sonar].,1,3,1,0,5,Q-medium,"Rigor=1/4, Reporting=3/3, Baseline=1/2, Repro=0/1. Total=5/10 (Q-medium).",Important
REC_0111,Position Estimation for Drones based on Visual SLAM and IMU in GPS-denied Environment,H. D. K. Motlagh; F. Lotfi; H. D. Taghirad; S. B. Germi,2019,10.1109/ICRoM48714.2019.9071826,IEEE Conference/Journal,IEEE_Xplore,True,5,UAV,IMU;Stereo_Camera;LiDAR_3D;UWB;Sonar,Visual_LiDAR_Inertial_Fusion,Visual-LiDAR Fusion,Urban;Underground/Tunnel;Adversarial/EW,Simulation,Simulation,ATE_RMSE;Relative_Drift_Percent;RMSE;Success_Rate,NOT_REPORTED,Mapping/Surveying,Single_Agent,Parsed from 5-page PDF. Primary evaluation: Simulation with sensors [IMU;Stereo_Camera;LiDAR_3D;UWB;Sonar].,2,2,1,1,6,Q-medium,"Rigor=2/4, Reporting=2/3, Baseline=1/2, Repro=1/1. Total=6/10 (Q-medium).",Important
REC_0118,A Vision-Aided Navigation System by Ground-Aerial Vehicle Cooperation for UAV in GNSS-Denied Environments,Z. -H. Wang; T. Zhang; K. -Y. Qin; B. Zhu,2018,10.1109/GNCC42960.2018.9019191,IEEE Conference/Journal,IEEE_Xplore,True,6,Multi_Platform,IMU;Stereo_Camera;LiDAR_3D,Visual_LiDAR_Inertial_Fusion,Visual-LiDAR Fusion,Indoor;Urban;Underground/Tunnel;Forest/Canopy;Adversarial/EW,Simulation,Simulation,ATE_RMSE;Relative_Drift_Percent;RMSE;Success_Rate;Computational_Latency,NOT_REPORTED,Mapping/Surveying,Multi_Agent,Parsed from 6-page PDF. Primary evaluation: Simulation with sensors [IMU;Stereo_Camera;LiDAR_3D].,1,3,1,1,6,Q-medium,"Rigor=1/4, Reporting=3/3, Baseline=1/2, Repro=1/1. Total=6/10 (Q-medium).",Important
REC_0123,Visual-based landing system of a multirotor UAV in GNSS denied environment,A. Marut; P. Wojciechowski; K. Wojtowicz; K. Falkowski,2023,10.1109/MetroAeroSpace57412.2023.10190013,IEEE Conference/Journal,IEEE_Xplore,True,6,UAV,IMU;Stereo_Camera;LiDAR_3D;Radar_mmWave;Optical_Flow;Sonar,LiDAR_Inertial_Odometry_SLAM,LiDAR-Inertial / LiDAR SLAM,Indoor;Urban;Underground/Tunnel;Adversarial/EW,Both_Real_and_Sim,Both,ATE_RMSE;Relative_Drift_Percent;Success_Rate,NOT_REPORTED,Search_and_Rescue,Multi_Agent,Parsed from 6-page PDF. Primary evaluation: Both_Real_and_Sim with sensors [IMU;Stereo_Camera;LiDAR_3D;Radar_mmWave;Optical_Flow;Sonar].,3,2,0,0,5,Q-medium,"Rigor=3/4, Reporting=2/3, Baseline=0/2, Repro=0/1. Total=5/10 (Q-medium).",Important
REC_0131,Digital Twin for Drone Indoor Autonomous Navigation,M. J. Kumar; S. Singh; A. Saneen; D. Thomas,2026,10.1109/LSENS.2025.3642424,IEEE Conference/Journal,IEEE_Xplore,True,4,UAV,IMU;Stereo_Camera;LiDAR_3D,LiDAR_Inertial_Odometry_SLAM,LiDAR-Inertial / LiDAR SLAM,Indoor;Urban;Adversarial/EW,Both_Real_and_Sim,Both,ATE_RMSE;Relative_Drift_Percent;RMSE;Success_Rate;Computational_Latency,NOT_REPORTED,Inspection,Multi_Agent,Parsed from 4-page PDF. Primary evaluation: Both_Real_and_Sim with sensors [IMU;Stereo_Camera;LiDAR_3D].,3,2,1,1,7,Q-high,"Rigor=3/4, Reporting=2/3, Baseline=1/2, Repro=1/1. Total=7/10 (Q-high).",Core
REC_0138,Autonomous Exploration and Mapping System Using Heterogeneous UAVs and UGVs in GPS-Denied Environments,H. Qin; Z. Meng; W. Meng; X. Chen; H. Sun; F. Lin; M. H. Ang,2019,10.1109/TVT.2018.2890416,IEEE Conference/Journal,IEEE_Xplore,True,12,Multi_Platform,IMU;Stereo_Camera;LiDAR_3D;UWB,Visual_LiDAR_Inertial_Fusion,Visual-LiDAR Fusion,Indoor;Urban;Underground/Tunnel;Forest/Canopy;Adversarial/EW,Both_Real_and_Sim,Both,ATE_RMSE;Relative_Drift_Percent;Success_Rate,NOT_REPORTED,Inspection,Multi_Agent,Parsed from 12-page PDF. Primary evaluation: Both_Real_and_Sim with sensors [IMU;Stereo_Camera;LiDAR_3D;UWB].,3,3,1,0,7,Q-high,"Rigor=3/4, Reporting=3/3, Baseline=1/2, Repro=0/1. Total=7/10 (Q-high).",Important
REC_0149,Vision-Based Global Localization for UAVs Using Deep Convolutional Neural Networks,M. Elbalshy; S. Mostafa; A. M. Kamel,2026,10.1109/IPCS69631.2026.11604264,IEEE Conference/Journal,IEEE_Xplore,True,6,UAV,IMU;Monocular_Camera,Visual_Inertial_Odometry,Visual-Inertial (VIO/SLAM),Indoor;Urban;Underground/Tunnel;Forest/Canopy;Adversarial/EW;Maritime/Water,Both_Real_and_Sim,Both,ATE_RMSE;Success_Rate,NOT_REPORTED,Inspection,Single_Agent,Parsed from 6-page PDF. Primary evaluation: Both_Real_and_Sim with sensors [IMU;Monocular_Camera].,4,3,1,0,8,Q-high,"Rigor=4/4, Reporting=3/3, Baseline=1/2, Repro=0/1. Total=8/10 (Q-high).",Core
REC_0155,Cooperative Navigation and Guidance of a Micro-Scale Aerial Vehicle by an Accompanying UAV using 3D LiDAR Relative Localization,V. Pritzl; M. Vrba; P. Štĕpán; M. Saska,2022,10.1109/ICUAS54217.2022.9836116,IEEE Conference/Journal,IEEE_Xplore,True,10,Multi_Platform,IMU;Stereo_Camera;LiDAR_3D;UWB,Visual_LiDAR_Inertial_Fusion,Visual-LiDAR Fusion,Indoor;Urban;Underground/Tunnel;Adversarial/EW,Both_Real_and_Sim,Both,ATE_RMSE;Relative_Drift_Percent;RMSE;Success_Rate;Computational_Latency,NOT_REPORTED,Inspection,Multi_Agent,Parsed from 10-page PDF. Primary evaluation: Both_Real_and_Sim with sensors [IMU;Stereo_Camera;LiDAR_3D;UWB].,4,3,1,1,9,Q-high,"Rigor=4/4, Reporting=3/3, Baseline=1/2, Repro=1/1. Total=9/10 (Q-high).",Core
REC_0161,Sensor Fusion for Autonomous Indoor UAV Navigation in Confined Spaces,A. James; A. Seth; E. Kuantama; S. Mukhopadhyay; R. Han,2023,10.1109/ICST59744.2023.10460820,IEEE Conference/Journal,IEEE_Xplore,True,6,UAV,IMU;Stereo_Camera;LiDAR_3D,Visual_LiDAR_Inertial_Fusion,Visual-LiDAR Fusion,Indoor;Urban;Underground/Tunnel;Adversarial/EW,Real_World,Real_World,ATE_RMSE;Relative_Drift_Percent;RMSE;Success_Rate;Computational_Latency,NOT_REPORTED,Inspection,Multi_Agent,Parsed from 6-page PDF. Primary evaluation: Real_World with sensors [IMU;Stereo_Camera;LiDAR_3D].,3,3,0,1,7,Q-high,"Rigor=3/4, Reporting=3/3, Baseline=0/2, Repro=1/1. Total=7/10 (Q-high).",Core
REC_0165,UAV Cross-View Image Retrieval and Visual Geo-Localization in GNSS-Denied Environments,Y. -C. Tai; H. -Y. Shen; C. -P. Yi,2026,10.1109/ICCE-Taiwan71481.2026.11652687,IEEE Conference/Journal,IEEE_Xplore,True,2,UAV,IMU;Monocular_Camera,Radio_Based_Positioning,UWB / Radio / Beacons,Urban;Adversarial/EW,Both_Real_and_Sim,Both,ATE_RMSE;Relative_Drift_Percent;Success_Rate;Computational_Latency,NOT_REPORTED,General_Navigation,Single_Agent,Parsed from 2-page PDF. Primary evaluation: Both_Real_and_Sim with sensors [IMU;Monocular_Camera].,3,2,1,0,6,Q-medium,"Rigor=3/4, Reporting=2/3, Baseline=1/2, Repro=0/1. Total=6/10 (Q-medium).",Important
REC_0179,Wireless Local Positioning System for Controlled UAV Landing in GNSS-Denied Environment,T. Pavlenko; M. Schütz; M. Vossiek; T. Walter; S. Montenegro,2019,10.1109/MetroAeroSpace.2019.8869587,IEEE Conference/Journal,IEEE_Xplore,True,5,UAV,IMU;Monocular_Camera;LiDAR_2D;Radar_mmWave,Radio_Based_Positioning,UWB / Radio / Beacons,Urban;Adversarial/EW,Simulation,Simulation,ATE_RMSE;Relative_Drift_Percent;RMSE;Success_Rate;Computational_Latency,NOT_REPORTED,Inspection,Single_Agent,Parsed from 5-page PDF. Primary evaluation: Simulation with sensors [IMU;Monocular_Camera;LiDAR_2D;Radar_mmWave].,1,3,0,0,4,Q-medium,"Rigor=1/4, Reporting=3/3, Baseline=0/2, Repro=0/1. Total=4/10 (Q-medium).",Important
REC_0195,An Autonomous Continuous Positioning Method for Low-Altitude UAVs Based on Image Recognition in GNSS-Denied Environments,T. Du; Y. Lin,2026,10.1109/RAITS68656.2026.11580149,IEEE Conference/Journal,IEEE_Xplore,True,9,Multi_Platform,IMU;Stereo_Camera;UWB;Optical_Flow,Visual_Inertial_Odometry,Visual-Inertial (VIO/SLAM),Indoor;Urban;Underground/Tunnel;Forest/Canopy;Adversarial/EW,Simulation,Simulation,ATE_RMSE;Relative_Drift_Percent;Success_Rate;Computational_Latency,NOT_REPORTED,Inspection,Multi_Agent,Parsed from 9-page PDF. Primary evaluation: Simulation with sensors [IMU;Stereo_Camera;UWB;Optical_Flow].,2,3,1,0,6,Q-medium,"Rigor=2/4, Reporting=3/3, Baseline=1/2, Repro=0/1. Total=6/10 (Q-medium).",Important
REC_0196,Navigation of Simultaneous Localization and Mapping by Fusing RGB-D Camera and IMU on UAV,X. Dai; Y. Mao; T. Huang; B. Li; D. Huang,2019,10.1109/SAFEPROCESS45799.2019.9213339,IEEE Conference/Journal,IEEE_Xplore,True,6,UAV,IMU;Stereo_Camera;LiDAR_2D,Visual_Inertial_Odometry,Visual-Inertial (VIO/SLAM),Indoor;Urban;Underground/Tunnel;Forest/Canopy;Adversarial/EW,Both_Real_and_Sim,Both,ATE_RMSE;Relative_Drift_Percent;Success_Rate,NOT_REPORTED,Inspection,Single_Agent,Parsed from 6-page PDF. Primary evaluation: Both_Real_and_Sim with sensors [IMU;Stereo_Camera;LiDAR_2D].,3,3,1,1,8,Q-high,"Rigor=3/4, Reporting=3/3, Baseline=1/2, Repro=1/1. Total=8/10 (Q-high).",Core
REC_0202,Design of A Positioning System for UAV in GPS-denied Environment,Z. Qiu; T. Li; F. Wang,2022,10.1109/ISCIT55906.2022.9931225,IEEE Conference/Journal,IEEE_Xplore,True,4,Multi_Platform,IMU;Monocular_Camera;LiDAR_3D;UWB,LiDAR_Inertial_Odometry_SLAM,LiDAR-Inertial / LiDAR SLAM,Indoor;Urban;Underground/Tunnel;Forest/Canopy;Adversarial/EW,Simulation,Simulation,ATE_RMSE;Success_Rate,NOT_REPORTED,Inspection,Multi_Agent,Parsed from 4-page PDF. Primary evaluation: Simulation with sensors [IMU;Monocular_Camera;LiDAR_3D;UWB].,1,2,1,0,4,Q-medium,"Rigor=1/4, Reporting=2/3, Baseline=1/2, Repro=0/1. Total=4/10 (Q-medium).",Important
REC_0208,UAV Pose Estimation in GNSS-Denied Environment Assisted by Satellite Imagery Deep Learning Features,H. Hou; Q. Xu; C. Lan; W. Lu; Y. Zhang; Z. Cui; J. Qin,2021,10.1109/ACCESS.2020.3048342,IEEE Conference/Journal,IEEE_Xplore,True,10,Multi_Platform,IMU;Depth_Camera;LiDAR_3D,Visual_Inertial_Odometry,Visual-Inertial (VIO/SLAM),Indoor;Urban;Underground/Tunnel;Adversarial/EW;Maritime/Water,Simulation,Simulation,ATE_RMSE;Relative_Drift_Percent;Success_Rate;Computational_Latency,NOT_REPORTED,Mapping/Surveying,Single_Agent,Parsed from 10-page PDF. Primary evaluation: Simulation with sensors [IMU;Depth_Camera;LiDAR_3D].,1,2,1,0,4,Q-medium,"Rigor=1/4, Reporting=2/3, Baseline=1/2, Repro=0/1. Total=4/10 (Q-medium).",Important
REC_0211,SIA-KalmanNet: A Structurally Integrated Attention Kalman Filter for Multi-UAV Localization in Partially GNSS-Denied Environments,X. Xin; H. Zhou; X. Feng; F. Pan; J. Wang; Z. Li,2026,10.1109/JIOT.2025.3650118,IEEE Conference/Journal,IEEE_Xplore,True,12,UAV,IMU;Monocular_Camera;UWB,Visual_Inertial_Odometry,Visual-Inertial (VIO/SLAM),Indoor;Urban;Underground/Tunnel;Forest/Canopy;Adversarial/EW,Real_World,Real_World,ATE_RMSE;Relative_Drift_Percent;RMSE;Success_Rate;Computational_Latency,NOT_REPORTED,Inspection,Multi_Agent,Parsed from 12-page PDF. Primary evaluation: Real_World with sensors [IMU;Monocular_Camera;UWB].,4,3,1,0,8,Q-high,"Rigor=4/4, Reporting=3/3, Baseline=1/2, Repro=0/1. Total=8/10 (Q-high).",Core
REC_0213,A Multi-UAV System for Exploration and Target Finding in Cluttered and GPS-Denied Environments,X. Zhu; F. Vanegas; F. Gonzalez; C. Sanderson,2021,10.1109/ICUAS51884.2021.9476820,IEEE Conference/Journal,IEEE_Xplore,True,9,UAV,IMU;Monocular_Camera;LiDAR_3D,Visual_Inertial_Odometry,Visual-Inertial (VIO/SLAM),Indoor;Urban;Underground/Tunnel;Forest/Canopy;Adversarial/EW;Maritime/Water,Both_Real_and_Sim,Both,ATE_RMSE;Success_Rate,NOT_REPORTED,Inspection,Multi_Agent,Parsed from 9-page PDF. Primary evaluation: Both_Real_and_Sim with sensors [IMU;Monocular_Camera;LiDAR_3D].,3,3,1,1,8,Q-high,"Rigor=3/4, Reporting=3/3, Baseline=1/2, Repro=1/1. Total=8/10 (Q-high).",Core
REC_0215,GPS-Denied UAV-UGV Relative Positioning System via Vision-UWB Fusion,G. Mingyang; K. Sagar; X. Ning,2023,10.1109/ICIEA58696.2023.10241577,IEEE Conference/Journal,IEEE_Xplore,True,6,Multi_Platform,IMU;Thermal_Camera;LiDAR_3D;Radar_mmWave;UWB,Visual_LiDAR_Inertial_Fusion,Visual-LiDAR Fusion,Indoor;Underground/Tunnel;Adversarial/EW,Simulation,Simulation,ATE_RMSE;Relative_Drift_Percent;Success_Rate;Computational_Latency,NOT_REPORTED,Inspection,Multi_Agent,Parsed from 6-page PDF. Primary evaluation: Simulation with sensors [IMU;Thermal_Camera;LiDAR_3D;Radar_mmWave;UWB].,2,3,1,1,7,Q-high,"Rigor=2/4, Reporting=3/3, Baseline=1/2, Repro=1/1. Total=7/10 (Q-high).",Core
REC_0218,A Unified Error-State Kalman Filtering Framework for Multi-Sensor Navigation of Fixed-Wing UAVS in GNSS-Denied Scenarios,G. E. V. Hernandez; R. C. Fernandes; A. Sorokin; M. Korimi; F. O. Silva,2026,10.1109/ICUAS69441.2026.11598562,IEEE Conference/Journal,IEEE_Xplore,True,10,UAV,IMU;Monocular_Camera,Visual_Inertial_Odometry,Visual-Inertial (VIO/SLAM),Urban;Adversarial/EW,Real_World,Real_World,ATE_RMSE;Relative_Drift_Percent;RMSE;Success_Rate,NOT_REPORTED,Mapping/Surveying,Single_Agent,Parsed from 10-page PDF. Primary evaluation: Real_World with sensors [IMU;Monocular_Camera].,4,2,1,0,7,Q-high,"Rigor=4/4, Reporting=2/3, Baseline=1/2, Repro=0/1. Total=7/10 (Q-high).",Core
REC_0239,Autonomous Flight Control Design Based on Multi-Sensor Fusion for a Low-Cost Quadrotor in GPS-Denied Environments,J. Guo; X. Zhang; Z. Huang; B. Li,2022,10.1109/ACIRS55390.2022.9845557,IEEE Conference/Journal,IEEE_Xplore,True,5,UAV,IMU;Monocular_Camera;LiDAR_3D;UWB,Visual_LiDAR_Inertial_Fusion,Visual-LiDAR Fusion,Indoor;Urban;Adversarial/EW,Both_Real_and_Sim,Both,ATE_RMSE;Relative_Drift_Percent;Success_Rate;Computational_Latency,NOT_REPORTED,Search_and_Rescue,Single_Agent,Parsed from 5-page PDF. Primary evaluation: Both_Real_and_Sim with sensors [IMU;Monocular_Camera;LiDAR_3D;UWB].,3,2,1,0,6,Q-medium,"Rigor=3/4, Reporting=2/3, Baseline=1/2, Repro=0/1. Total=6/10 (Q-medium).",Important
REC_0246,UAV Platforms for Autonomous Navigation in GPS-Denied Environments for Search and Rescue Missions,E. Ngo; J. Ramirez; M. Medina-Soto; S. Dirksen; E. D. Victoriano; S. Bhandari,2022,10.1109/ICUAS54217.2022.9836181,IEEE Conference/Journal,IEEE_Xplore,True,8,Multi_Platform,IMU;Stereo_Camera;LiDAR_2D;Sonar,Visual_LiDAR_Inertial_Fusion,Visual-LiDAR Fusion,Indoor;Underground/Tunnel;Forest/Canopy;Adversarial/EW,Both_Real_and_Sim,Both,ATE_RMSE;Relative_Drift_Percent;Success_Rate;Computational_Latency,NOT_REPORTED,Mapping/Surveying,Single_Agent,Parsed from 8-page PDF. Primary evaluation: Both_Real_and_Sim with sensors [IMU;Stereo_Camera;LiDAR_2D;Sonar].,3,2,1,1,7,Q-high,"Rigor=3/4, Reporting=2/3, Baseline=1/2, Repro=1/1. Total=7/10 (Q-high).",Core
REC_0255,A stereo and rotating laser framework for UAV navigation in GPS denied environment,Hailong Qin; Yingcai Bi; K. Z. Y. Ang; Kangli Wang; Jiaxin Li; Menglu Lan; Mo Shan; F. Lin,2016,10.1109/IECON.2016.7793246,IEEE Conference/Journal,IEEE_Xplore,True,6,UAV,IMU;Stereo_Camera;LiDAR_2D,Visual_LiDAR_Inertial_Fusion,Visual-LiDAR Fusion,Indoor;Urban;Forest/Canopy;Adversarial/EW,Real_World,Real_World,ATE_RMSE;Relative_Drift_Percent;Success_Rate,NOT_REPORTED,Mapping/Surveying,Single_Agent,Parsed from 6-page PDF. Primary evaluation: Real_World with sensors [IMU;Stereo_Camera;LiDAR_2D].,3,3,1,0,7,Q-high,"Rigor=3/4, Reporting=3/3, Baseline=1/2, Repro=0/1. Total=7/10 (Q-high).",Important
REC_0264,Autonomous UAV Navigation for Target Detection in Visually Degraded and GPS Denied Environments,S. Boiteau; F. Vanegas; J. Sandino; F. Gonzalez; J. Galvez-Serna,2023,10.1109/AERO55745.2023.10115544,IEEE Conference/Journal,IEEE_Xplore,True,10,Multi_Platform,IMU;Stereo_Camera;LiDAR_3D;Radar_mmWave;Sonar,Visual_LiDAR_Inertial_Fusion,Visual-LiDAR Fusion,Indoor;Urban;Underground/Tunnel;Forest/Canopy;Adversarial/EW,Simulation,Simulation,ATE_RMSE;Success_Rate,NOT_REPORTED,Inspection,Single_Agent,Parsed from 10-page PDF. Primary evaluation: Simulation with sensors [IMU;Stereo_Camera;LiDAR_3D;Radar_mmWave;Sonar].,1,3,1,1,6,Q-medium,"Rigor=1/4, Reporting=3/3, Baseline=1/2, Repro=1/1. Total=6/10 (Q-medium).",Important
REC_0271,Hybrid IMU-Aided Approach for Optimized Visual Odometry,A. Mahmoud; M. M. Atia,2019,10.1109/GlobalSIP45357.2019.8969460,IEEE Conference/Journal,IEEE_Xplore,True,5,Multi_Platform,IMU;Stereo_Camera;LiDAR_3D;Optical_Flow,Visual_LiDAR_Inertial_Fusion,Visual-LiDAR Fusion,Indoor;Urban;Underground/Tunnel;Adversarial/EW,Both_Real_and_Sim,Both,ATE_RMSE;Relative_Drift_Percent;Success_Rate;Computational_Latency,NOT_REPORTED,Inspection,Single_Agent,Parsed from 5-page PDF. Primary evaluation: Both_Real_and_Sim with sensors [IMU;Stereo_Camera;LiDAR_3D;Optical_Flow].,4,3,1,0,8,Q-high,"Rigor=4/4, Reporting=3/3, Baseline=1/2, Repro=0/1. Total=8/10 (Q-high).",Core
REC_0274,Navigation and control of unmanned aerial vehicles in GPS-denied environments,B. Chen,2014,10.1109/ICARCV.2014.7064483,IEEE Conference/Journal,IEEE_Xplore,True,7,UAV,IMU;Thermal_Camera;LiDAR_3D;Radar_mmWave;UWB;Sonar,Visual_LiDAR_Inertial_Fusion,Visual-LiDAR Fusion,Indoor;Underground/Tunnel;Forest/Canopy;Adversarial/EW;Maritime/Water,Simulation,Simulation,ATE_RMSE;Success_Rate,NOT_REPORTED,Search_and_Rescue,Multi_Agent,Parsed from 7-page PDF. Primary evaluation: Simulation with sensors [IMU;Thermal_Camera;LiDAR_3D;Radar_mmWave;UWB;Sonar].,1,3,1,0,5,Q-medium,"Rigor=1/4, Reporting=3/3, Baseline=1/2, Repro=0/1. Total=5/10 (Q-medium).",Important
REC_0278,Navigation Methods for UAVs in GNSS-Denied Environments Using Artificial Intelligence,N. V. Quynh; P. N. Huu; T. Han-Trong,2026,10.1109/ICCE70609.2026.11658445,IEEE Conference/Journal,IEEE_Xplore,True,6,UAV,IMU;Radar_mmWave,Radio_Based_Positioning,UWB / Radio / Beacons,Indoor;Urban;Underground/Tunnel;Forest/Canopy;Adversarial/EW,Both_Real_and_Sim,Both,ATE_RMSE;Relative_Drift_Percent;Success_Rate;Computational_Latency,NOT_REPORTED,Inspection,Single_Agent,Parsed from 6-page PDF. Primary evaluation: Both_Real_and_Sim with sensors [IMU;Radar_mmWave].,4,3,1,0,8,Q-high,"Rigor=4/4, Reporting=3/3, Baseline=1/2, Repro=0/1. Total=8/10 (Q-high).",Core
REC_0281,UAV Tracking with Lidar as a Camera Sensor in GNSS-Denied Environments,H. Sier; X. Yu; I. Catalano; J. P. Queralta; Z. Zou; T. Westerlund,2023,10.1109/ICL-GNSS57829.2023.10148919,IEEE Conference/Journal,IEEE_Xplore,True,7,Multi_Platform,IMU;Stereo_Camera;LiDAR_3D;Radar_mmWave;UWB,Visual_LiDAR_Inertial_Fusion,Visual-LiDAR Fusion,Indoor;Urban;Underground/Tunnel;Adversarial/EW;Maritime/Water,Both_Real_and_Sim,Both,ATE_RMSE;RMSE;Success_Rate;Computational_Latency,NOT_REPORTED,Mapping/Surveying,Multi_Agent,Parsed from 7-page PDF. Primary evaluation: Both_Real_and_Sim with sensors [IMU;Stereo_Camera;LiDAR_3D;Radar_mmWave;UWB].,4,3,2,1,10,Q-high,"Rigor=4/4, Reporting=3/3, Baseline=2/2, Repro=1/1. Total=10/10 (Q-high).",Core
REC_0289,Development of a Simulated UAV Platform for Sensor-Fusion-Based SLAM,M. F. Mummtaz; J. Yoo; I. B. K. Y. Utama; I. Zaini; Y. M. Jang,2026,10.1109/ICAIIC68212.2026.11454340,IEEE Conference/Journal,IEEE_Xplore,True,5,Multi_Platform,IMU;Stereo_Camera;LiDAR_3D;Radar_mmWave,Visual_LiDAR_Inertial_Fusion,Visual-LiDAR Fusion,Indoor;Urban;Adversarial/EW;Maritime/Water,Both_Real_and_Sim,Both,ATE_RMSE;Relative_Drift_Percent;Success_Rate,NOT_REPORTED,Inspection,Multi_Agent,Parsed from 5-page PDF. Primary evaluation: Both_Real_and_Sim with sensors [IMU;Stereo_Camera;LiDAR_3D;Radar_mmWave].,3,3,0,0,6,Q-medium,"Rigor=3/4, Reporting=3/3, Baseline=0/2, Repro=0/1. Total=6/10 (Q-medium).",Important
REC_0294,A Novel Approach to Computationally Lighter GNSS-Denied UAV Navigation Using Monocular Camera,J. Bhowmick; A. Singh; H. Gupta; R. Nallanthighal,2021,10.1109/ICARA51699.2021.9376502,IEEE Conference/Journal,IEEE_Xplore,True,8,Multi_Platform,IMU;Stereo_Camera;LiDAR_3D;UWB;Optical_Flow,Visual_LiDAR_Inertial_Fusion,Visual-LiDAR Fusion,Indoor;Urban;Forest/Canopy;Adversarial/EW,Both_Real_and_Sim,Both,ATE_RMSE;Success_Rate;Computational_Latency,NOT_REPORTED,Mapping/Surveying,Single_Agent,Parsed from 8-page PDF. Primary evaluation: Both_Real_and_Sim with sensors [IMU;Stereo_Camera;LiDAR_3D;UWB;Optical_Flow].,2,2,1,0,5,Q-medium,"Rigor=2/4, Reporting=2/3, Baseline=1/2, Repro=0/1. Total=5/10 (Q-medium).",Important
REC_0296,Optical flow sensor integrated navigation system for quadrotor in GPS-denied environment,S. -E. Tsai; S. -H. Zhuang,2016,10.1109/ICRAE.2016.7738795,IEEE Conference/Journal,IEEE_Xplore,True,5,Multi_Platform,IMU;Monocular_Camera;Optical_Flow;Sonar,Radio_Based_Positioning,UWB / Radio / Beacons,Indoor;Urban;Underground/Tunnel;Adversarial/EW,Simulation,Simulation,ATE_RMSE;Relative_Drift_Percent;Success_Rate;Computational_Latency,NOT_REPORTED,Mapping/Surveying,Single_Agent,Parsed from 5-page PDF. Primary evaluation: Simulation with sensors [IMU;Monocular_Camera;Optical_Flow;Sonar].,1,2,1,1,5,Q-medium,"Rigor=1/4, Reporting=2/3, Baseline=1/2, Repro=1/1. Total=5/10 (Q-medium).",Important
REC_0305,A method based on CNN-BiLSTM for UAV navigation error compensation in GNSS denied environment,Y. -h. Shao; B. Han; Y. Luo,2023,10.1109/ICCC59590.2023.10507546,IEEE Conference/Journal,IEEE_Xplore,True,6,UAV,IMU;Monocular_Camera;LiDAR_2D,Visual_LiDAR_Inertial_Fusion,Visual-LiDAR Fusion,Urban;Underground/Tunnel;Adversarial/EW,Simulation,Simulation,ATE_RMSE;Relative_Drift_Percent;RMSE;Success_Rate;Computational_Latency,NOT_REPORTED,Inspection,Multi_Agent,Parsed from 6-page PDF. Primary evaluation: Simulation with sensors [IMU;Monocular_Camera;LiDAR_2D].,1,2,1,0,4,Q-medium,"Rigor=1/4, Reporting=2/3, Baseline=1/2, Repro=0/1. Total=4/10 (Q-medium).",Important
REC_0318,Cooperative Navigation Method Based on Adaptive CKF for UAVs In GPS Denied Areas,Y. Yu; S. Peng; Q. Li; X. Dong; Z. Ren,2018,10.1109/GNCC42960.2018.9018972,IEEE Conference/Journal,IEEE_Xplore,True,6,Multi_Platform,IMU;Thermal_Camera;LiDAR_3D;Radar_mmWave;Sonar,Visual_Inertial_Odometry,Visual-Inertial (VIO/SLAM),Urban;Underground/Tunnel;Adversarial/EW;Maritime/Water,Simulation,Simulation,ATE_RMSE;Relative_Drift_Percent;Success_Rate,NOT_REPORTED,Search_and_Rescue,Multi_Agent,Parsed from 6-page PDF. Primary evaluation: Simulation with sensors [IMU;Thermal_Camera;LiDAR_3D;Radar_mmWave;Sonar].,1,3,1,0,5,Q-medium,"Rigor=1/4, Reporting=3/3, Baseline=1/2, Repro=0/1. Total=5/10 (Q-medium).",Important
REC_0332,Thermal-Inertial Localization for Autonomous Navigation of Aerial Robots through Obscurants,C. Papachristos; F. Mascarich; K. Alexis,2018,10.1109/ICUAS.2018.8453447,IEEE Conference/Journal,IEEE_Xplore,True,6,Multi_Platform,IMU;Stereo_Camera;LiDAR_3D;Radar_mmWave,Visual_LiDAR_Inertial_Fusion,Visual-LiDAR Fusion,Indoor;Urban;Underground/Tunnel;Adversarial/EW,Simulation,Simulation,ATE_RMSE;Relative_Drift_Percent;Computational_Latency,NOT_REPORTED,Inspection,Single_Agent,Parsed from 6-page PDF. Primary evaluation: Simulation with sensors [IMU;Stereo_Camera;LiDAR_3D;Radar_mmWave].,1,1,1,1,4,Q-medium,"Rigor=1/4, Reporting=1/3, Baseline=1/2, Repro=1/1. Total=4/10 (Q-medium).",Important
REC_0343,Vision-Aided Multi-UAV Autonomous Flocking in GPS-Denied Environment,Y. Tang; Y. Hu; J. Cui; F. Liao; M. Lao; F. Lin; R. S. H. Teo,2019,10.1109/TIE.2018.2824766,IEEE Conference/Journal,IEEE_Xplore,True,11,UAV,IMU;Thermal_Camera;LiDAR_2D,LiDAR_Inertial_Odometry_SLAM,LiDAR-Inertial / LiDAR SLAM,Indoor;Urban;Forest/Canopy;Adversarial/EW,Simulation,Simulation,ATE_RMSE;Relative_Drift_Percent;Success_Rate;Computational_Latency,NOT_REPORTED,Inspection,Multi_Agent,Parsed from 11-page PDF. Primary evaluation: Simulation with sensors [IMU;Thermal_Camera;LiDAR_2D].,0,3,1,0,4,Q-medium,"Rigor=0/4, Reporting=3/3, Baseline=1/2, Repro=0/1. Total=4/10 (Q-medium).",Important
REC_0345,Distance function based 6DOF localization for unmanned aerial vehicles in GPS denied environments,J. Unicomb; L. Dantanarayana; J. Arukgoda; R. Ranasinghe; G. Dissanayake; T. Furukawa,2017,10.1109/IROS.2017.8206421,IEEE Conference/Journal,IEEE_Xplore,True,7,UAV,IMU;Stereo_Camera;LiDAR_3D,Visual_LiDAR_Inertial_Fusion,Visual-LiDAR Fusion,Indoor;Urban;Underground/Tunnel;Adversarial/EW;Maritime/Water,Simulation,Simulation,ATE_RMSE;Relative_Drift_Percent;Success_Rate;Computational_Latency,NOT_REPORTED,Mapping/Surveying,Multi_Agent,Parsed from 7-page PDF. Primary evaluation: Simulation with sensors [IMU;Stereo_Camera;LiDAR_3D].,2,3,1,0,6,Q-medium,"Rigor=2/4, Reporting=3/3, Baseline=1/2, Repro=0/1. Total=6/10 (Q-medium).",Important
REC_0346,Autonomous Flight in Unknown GNSS-denied Environments for Disaster Examination,D. Schleich; M. Beul; J. Quenzel; S. Behnke,2021,10.1109/ICUAS51884.2021.9476790,IEEE Conference/Journal,IEEE_Xplore,True,8,UAV,IMU;Thermal_Camera;LiDAR_3D;Radar_mmWave,LiDAR_Inertial_Odometry_SLAM,LiDAR-Inertial / LiDAR SLAM,Indoor;Urban;Underground/Tunnel;Forest/Canopy;Adversarial/EW,Real_World,Real_World,ATE_RMSE;Relative_Drift_Percent;Success_Rate;Computational_Latency,NOT_REPORTED,Mapping/Surveying,Single_Agent,Parsed from 8-page PDF. Primary evaluation: Real_World with sensors [IMU;Thermal_Camera;LiDAR_3D;Radar_mmWave].,3,2,1,0,6,Q-medium,"Rigor=3/4, Reporting=2/3, Baseline=1/2, Repro=0/1. Total=6/10 (Q-medium).",Important
REC_0363,Enhanced UAV navigation in GNSS denied environment using repeated dynamics pattern recognition,S. Zahran; A. Moussa; N. El-Sheimy,2018,10.1109/PLANS.2018.8373497,IEEE Conference/Journal,IEEE_Xplore,True,8,UAV,IMU;Stereo_Camera;LiDAR_2D;Radar_mmWave;Optical_Flow;Sonar,LiDAR_Inertial_Odometry_SLAM,LiDAR-Inertial / LiDAR SLAM,Indoor;Urban;Underground/Tunnel;Forest/Canopy;Adversarial/EW,Simulation,Simulation,ATE_RMSE;Relative_Drift_Percent;RMSE,NOT_REPORTED,Mapping/Surveying,Single_Agent,Parsed from 8-page PDF. Primary evaluation: Simulation with sensors [IMU;Stereo_Camera;LiDAR_2D;Radar_mmWave;Optical_Flow;Sonar].,1,3,1,0,5,Q-medium,"Rigor=1/4, Reporting=3/3, Baseline=1/2, Repro=0/1. Total=5/10 (Q-medium).",Important
REC_0369,Autonomous Flight Control of a Nano Quadrotor Helicopter in a GPS-Denied Environment Using On-Board Vision,X. Zhang; B. Xian; B. Zhao; Y. Zhang,2015,10.1109/TIE.2015.2420036,IEEE Conference/Journal,IEEE_Xplore,True,12,UAV,IMU;Monocular_Camera;LiDAR_2D,Visual_Inertial_Odometry,Visual-Inertial (VIO/SLAM),Indoor;Urban;Underground/Tunnel;Adversarial/EW,Simulation,Simulation,ATE_RMSE;Relative_Drift_Percent;Success_Rate;Computational_Latency,NOT_REPORTED,Mapping/Surveying,Multi_Agent,Parsed from 12-page PDF. Primary evaluation: Simulation with sensors [IMU;Monocular_Camera;LiDAR_2D].,2,3,1,1,7,Q-high,"Rigor=2/4, Reporting=3/3, Baseline=1/2, Repro=1/1. Total=7/10 (Q-high).",Core
REC_0388,Multi-UAV Cooperative Navigation Based on Multisource Information Fusion: A Review,F. Song; Q. Zeng; R. Zhang; X. Zhu; X. Ye; Z. Zhang,2026,10.1109/JSEN.2025.3646302,IEEE Conference/Journal,IEEE_Xplore,True,31,Multi_Platform,IMU;Stereo_Camera;LiDAR_3D;Radar_mmWave;UWB;Optical_Flow;Sonar,Visual_LiDAR_Inertial_Fusion,Visual-LiDAR Fusion,Indoor;Urban;Underground/Tunnel;Forest/Canopy;Adversarial/EW;Maritime/Water,Both_Real_and_Sim,Both,ATE_RMSE;Relative_Drift_Percent;Success_Rate;Computational_Latency,NOT_REPORTED,Inspection,Multi_Agent,Parsed from 31-page PDF. Primary evaluation: Both_Real_and_Sim with sensors [IMU;Stereo_Camera;LiDAR_3D;Radar_mmWave;UWB;Optical_Flow;Sonar].,3,3,1,0,7,Q-high,"Rigor=3/4, Reporting=3/3, Baseline=1/2, Repro=0/1. Total=7/10 (Q-high).",Important
REC_0391,Multi-UAV Collaboration and IMU Fusion Localization Method in Partial GNSS-Denied Scenarios,Y. Zheng; Y. Xie; J. Li,2023,10.1109/ACCESS.2023.3315870,IEEE Conference/Journal,IEEE_Xplore,True,14,Multi_Platform,IMU;Monocular_Camera;UWB;Optical_Flow,Visual_Inertial_Odometry,Visual-Inertial (VIO/SLAM),Indoor;Urban;Underground/Tunnel;Forest/Canopy;Adversarial/EW,Simulation,Simulation,ATE_RMSE;RMSE;Success_Rate,NOT_REPORTED,Inspection,Multi_Agent,Parsed from 14-page PDF. Primary evaluation: Simulation with sensors [IMU;Monocular_Camera;UWB;Optical_Flow].,2,3,1,0,6,Q-medium,"Rigor=2/4, Reporting=3/3, Baseline=1/2, Repro=0/1. Total=6/10 (Q-medium).",Important
REC_0409,Dust-Resilient Autonomous Navigation and Mapping for UAVs in GNSS-Denied Underground Tunnels,M. A. Montes-Grova; J. M. González-Marín; F. J. Pérez-Grau; A. Viguria,2026,10.1109/ICUAS69441.2026.11598747,IEEE Conference/Journal,IEEE_Xplore,True,6,UAV,IMU;Thermal_Camera;LiDAR_3D,Visual_LiDAR_Inertial_Fusion,Visual-LiDAR Fusion,Indoor;Urban;Underground/Tunnel;Adversarial/EW,Real_World,Real_World,ATE_RMSE;Relative_Drift_Percent;Success_Rate;Computational_Latency,NOT_REPORTED,Inspection,Multi_Agent,Parsed from 6-page PDF. Primary evaluation: Real_World with sensors [IMU;Thermal_Camera;LiDAR_3D].,4,3,1,1,9,Q-high,"Rigor=4/4, Reporting=3/3, Baseline=1/2, Repro=1/1. Total=9/10 (Q-high).",Core
REC_0426,Leonardo Drone Contest 2021: Politecnico di Milano team architecture,G. Roggi; S. Meraglia; M. Lovera,2022,10.1109/ICUAS54217.2022.9836103,IEEE Conference/Journal,IEEE_Xplore,True,6,Multi_Platform,IMU;Stereo_Camera;LiDAR_2D,Visual_LiDAR_Inertial_Fusion,Visual-LiDAR Fusion,Indoor;Urban;Underground/Tunnel;Forest/Canopy;Adversarial/EW,Simulation,Simulation,ATE_RMSE;Relative_Drift_Percent;Success_Rate,NOT_REPORTED,Inspection,Multi_Agent,Parsed from 6-page PDF. Primary evaluation: Simulation with sensors [IMU;Stereo_Camera;LiDAR_2D].,2,2,1,0,5,Q-medium,"Rigor=2/4, Reporting=2/3, Baseline=1/2, Repro=0/1. Total=5/10 (Q-medium).",Important
REC_0438,Vision-based object path following on a quadcopter for GPS-denied environments,D. H. S. De Mel; K. A. Stol; J. A. D. Mills; B. R. Eastwood,2017,10.1109/ICUAS.2017.7991500,IEEE Conference/Journal,IEEE_Xplore,True,6,UAV,IMU;Monocular_Camera;Optical_Flow;Sonar,Radio_Based_Positioning,UWB / Radio / Beacons,Indoor;Urban;Underground/Tunnel;Adversarial/EW,Simulation,Simulation,ATE_RMSE;Relative_Drift_Percent;Success_Rate;Computational_Latency,NOT_REPORTED,Search_and_Rescue,Single_Agent,Parsed from 6-page PDF. Primary evaluation: Simulation with sensors [IMU;Monocular_Camera;Optical_Flow;Sonar].,2,3,1,0,6,Q-medium,"Rigor=2/4, Reporting=3/3, Baseline=1/2, Repro=0/1. Total=6/10 (Q-medium).",Important
REC_0444,Autonomous Aerial Swarming in GNSS-denied Environments with High Obstacle Density,A. Ahmad; V. Walter; P. Petráček; M. Petrlík; T. Báča; D. Žaitlík; M. Saska,2021,10.1109/ICRA48506.2021.9561284,IEEE Conference/Journal,IEEE_Xplore,True,7,UAV,IMU;Stereo_Camera;LiDAR_3D;UWB,Visual_LiDAR_Inertial_Fusion,Visual-LiDAR Fusion,Urban;Forest/Canopy;Adversarial/EW,Both_Real_and_Sim,Both,ATE_RMSE;Success_Rate,NOT_REPORTED,Inspection,Multi_Agent,Parsed from 7-page PDF. Primary evaluation: Both_Real_and_Sim with sensors [IMU;Stereo_Camera;LiDAR_3D;UWB].,2,3,1,0,6,Q-medium,"Rigor=2/4, Reporting=3/3, Baseline=1/2, Repro=0/1. Total=6/10 (Q-medium).",Important
REC_0455,Airborne-Relay-based Algorithm for Locating Crashed UAVs in GPS-Denied Environments,D. Oh; J. Lim; J. -K. Lee; H. Baek,2019,10.1109/UEMCON47517.2019.8993065,IEEE Conference/Journal,IEEE_Xplore,True,6,UAV,IMU;Monocular_Camera;LiDAR_2D,Visual_Inertial_Odometry,Visual-Inertial (VIO/SLAM),Underground/Tunnel;Adversarial/EW,Simulation,Simulation,ATE_RMSE;RMSE;Success_Rate;Computational_Latency,5.6859m,Search_and_Rescue,Single_Agent,Parsed from 6-page PDF. Primary evaluation: Simulation with sensors [IMU;Monocular_Camera;LiDAR_2D].,1,2,1,0,4,Q-medium,"Rigor=1/4, Reporting=2/3, Baseline=1/2, Repro=0/1. Total=4/10 (Q-medium).",Important
REC_0459,Safe Tightly-Constrained UAV Swarming in GNSS-denied Environments,A. Dmytruk; T. Nascimento; A. Ahmad; T. Báča; M. Saska,2021,10.1109/ICUAS51884.2021.9476794,IEEE Conference/Journal,IEEE_Xplore,True,9,UAV,IMU;Monocular_Camera;LiDAR_3D,Visual_LiDAR_Inertial_Fusion,Visual-LiDAR Fusion,Indoor;Urban;Underground/Tunnel;Forest/Canopy;Adversarial/EW,Both_Real_and_Sim,Both,ATE_RMSE;Computational_Latency,NOT_REPORTED,Inspection,Multi_Agent,Parsed from 9-page PDF. Primary evaluation: Both_Real_and_Sim with sensors [IMU;Monocular_Camera;LiDAR_3D].,2,3,0,0,5,Q-medium,"Rigor=2/4, Reporting=3/3, Baseline=0/2, Repro=0/1. Total=5/10 (Q-medium).",Important
REC_0464,Relative visual-inertial odometry for fixed-wing aircraft in GPS-denied environments,G. Ellingson; K. Brink; T. McLain,2018,10.1109/PLANS.2018.8373454,IEEE Conference/Journal,IEEE_Xplore,True,7,Multi_Platform,IMU;Stereo_Camera;LiDAR_2D,Visual_Inertial_Odometry,Visual-Inertial (VIO/SLAM),Indoor;Urban;Underground/Tunnel;Adversarial/EW,Simulation,Simulation,ATE_RMSE;Relative_Drift_Percent;Success_Rate;Computational_Latency,NOT_REPORTED,Inspection,Multi_Agent,Parsed from 7-page PDF. Primary evaluation: Simulation with sensors [IMU;Stereo_Camera;LiDAR_2D].,1,3,1,1,6,Q-medium,"Rigor=1/4, Reporting=3/3, Baseline=1/2, Repro=1/1. Total=6/10 (Q-medium).",Important
REC_0469,Design and Flight Test of an Aerial Manipulator for Applications in GPS-Denied Environments,M. Ng; F. Vanegas; K. Morton; J. Sandino; F. Gonzalez,2022,10.1109/ICUAS54217.2022.9836060,IEEE Conference/Journal,IEEE_Xplore,True,11,Multi_Platform,IMU;Depth_Camera,Visual_Inertial_Odometry,Visual-Inertial (VIO/SLAM),Indoor;Urban;Underground/Tunnel;Forest/Canopy;Adversarial/EW;Maritime/Water,Both_Real_and_Sim,Both,ATE_RMSE;Relative_Drift_Percent,NOT_REPORTED,Inspection,Single_Agent,Parsed from 11-page PDF. Primary evaluation: Both_Real_and_Sim with sensors [IMU;Depth_Camera].,3,3,1,0,7,Q-high,"Rigor=3/4, Reporting=3/3, Baseline=1/2, Repro=0/1. Total=7/10 (Q-high).",Core
REC_0475,P2P-DroneLoc: Peer-to-Peer Localization for GPS-Denied Drones using Camera and WiFi Fine Time Measurement,K. Ashraf; A. Ashok,2022,10.1109/ANTS56424.2022.10227756,IEEE Conference/Journal,IEEE_Xplore,True,6,Multi_Platform,IMU;Monocular_Camera;Radar_mmWave,Visual_Inertial_Odometry,Visual-Inertial (VIO/SLAM),Underground/Tunnel;Adversarial/EW,Real_World,Real_World,ATE_RMSE;Success_Rate;Computational_Latency,NOT_REPORTED,Inspection,Multi_Agent,Parsed from 6-page PDF. Primary evaluation: Real_World with sensors [IMU;Monocular_Camera;Radar_mmWave].,4,3,1,0,8,Q-high,"Rigor=4/4, Reporting=3/3, Baseline=1/2, Repro=0/1. Total=8/10 (Q-high).",Core
REC_0481,An Onboard Transformer-Based Physics-Informed System for UAV Trajectory Prediction and State Classification in GNSS-Denied Environments,N. Souli; Y. Grigoriou; P. Chrysanthou; P. Kolios; G. Ellinas,2026,10.1109/ICUAS69441.2026.11598599,IEEE Conference/Journal,IEEE_Xplore,True,8,UAV,IMU;Monocular_Camera;Optical_Flow,Visual_Inertial_Odometry,Visual-Inertial (VIO/SLAM),Urban;Underground/Tunnel;Adversarial/EW,Real_World,Real_World,ATE_RMSE;Relative_Drift_Percent;Success_Rate;Computational_Latency,NOT_REPORTED,Inspection,Single_Agent,Parsed from 8-page PDF. Primary evaluation: Real_World with sensors [IMU;Monocular_Camera;Optical_Flow].,4,2,1,0,7,Q-high,"Rigor=4/4, Reporting=2/3, Baseline=1/2, Repro=0/1. Total=7/10 (Q-high).",Core
REC_0485,Multi-Sensor 6-DoF Localization For Aerial Robots In Complex GNSS-Denied Environments,J. L. Paneque; J. R. Martínez-de Dios; A. Ollero,2019,10.1109/IROS40897.2019.8967686,IEEE Conference/Journal,IEEE_Xplore,True,7,UAV,IMU;Stereo_Camera;LiDAR_3D;UWB,Visual_LiDAR_Inertial_Fusion,Visual-LiDAR Fusion,Indoor;Urban;Forest/Canopy;Adversarial/EW;Maritime/Water,Simulation,Simulation,ATE_RMSE;Relative_Drift_Percent;Success_Rate;Computational_Latency,NOT_REPORTED,Inspection,Single_Agent,Parsed from 7-page PDF. Primary evaluation: Simulation with sensors [IMU;Stereo_Camera;LiDAR_3D;UWB].,2,2,1,1,6,Q-medium,"Rigor=2/4, Reporting=2/3, Baseline=1/2, Repro=1/1. Total=6/10 (Q-medium).",Important
REC_0489,UAV Vision Aided INS/Odometer Integration for Land Vehicle Autonomous Navigation,J. Dong; X. Ren; S. Han; S. Luo,2022,10.1109/TVT.2022.3151729,IEEE Conference/Journal,IEEE_Xplore,True,16,UAV,IMU;Stereo_Camera;LiDAR_3D,Visual_Inertial_Odometry,Visual-Inertial (VIO/SLAM),Indoor;Urban;Underground/Tunnel;Adversarial/EW,Simulation,Simulation,ATE_RMSE;Relative_Drift_Percent;Success_Rate;Computational_Latency,NOT_REPORTED,Inspection,Single_Agent,Parsed from 16-page PDF. Primary evaluation: Simulation with sensors [IMU;Stereo_Camera;LiDAR_3D].,2,2,2,1,7,Q-high,"Rigor=2/4, Reporting=2/3, Baseline=2/2, Repro=1/1. Total=7/10 (Q-high).",Core
REC_0502,LD3DGS-SLAM: Long-Distance Monocular SLAM With 3-D Gaussian Splatting and GNSS-Aided Localization for UAVs,D. Li; T. Yang; Y. Wang; H. Qin; S. Fan; S. Zhang; Y. Zhang; J. Li,2026,10.1109/JIOT.2025.3638876,IEEE Conference/Journal,IEEE_Xplore,True,21,Multi_Platform,IMU;Stereo_Camera;LiDAR_3D,Visual_LiDAR_Inertial_Fusion,Visual-LiDAR Fusion,Indoor;Urban;Underground/Tunnel;Forest/Canopy;Adversarial/EW;Maritime/Water,Both_Real_and_Sim,Both,ATE_RMSE;Relative_Drift_Percent;RMSE;Success_Rate;Computational_Latency,1.6641m,Inspection,Multi_Agent,Parsed from 21-page PDF. Primary evaluation: Both_Real_and_Sim with sensors [IMU;Stereo_Camera;LiDAR_3D].,4,3,1,1,9,Q-high,"Rigor=4/4, Reporting=3/3, Baseline=1/2, Repro=1/1. Total=9/10 (Q-high).",Core
REC_0503,Decimeter-Accuracy Positioning for Drones Using Two-Stage Trilateration in a GPS-Denied Environment,Y. -E. Chen; H. -H. Liew; J. -C. Chao; R. -B. Wu,2023,10.1109/JIOT.2022.3231704,IEEE Conference/Journal,IEEE_Xplore,True,8,UAV,IMU;Stereo_Camera;LiDAR_3D;Radar_mmWave;UWB;Sonar,Visual_LiDAR_Inertial_Fusion,Visual-LiDAR Fusion,Indoor;Urban;Underground/Tunnel;Forest/Canopy;Adversarial/EW;Maritime/Water,Both_Real_and_Sim,Both,ATE_RMSE;Relative_Drift_Percent;RMSE;Success_Rate;Computational_Latency,NOT_REPORTED,Inspection,Multi_Agent,Parsed from 8-page PDF. Primary evaluation: Both_Real_and_Sim with sensors [IMU;Stereo_Camera;LiDAR_3D;Radar_mmWave;UWB;Sonar].,4,3,1,0,8,Q-high,"Rigor=4/4, Reporting=3/3, Baseline=1/2, Repro=0/1. Total=8/10 (Q-high).",Core
REC_0534,Integrated UWB-Vision Approach for Autonomous Docking of UAVs in GPS-denied Environments,T. -M. Nguyen; T. H. Nguyen; M. Cao; Z. Qiu; L. Xie,2019,10.1109/ICRA.2019.8793851,IEEE Conference/Journal,IEEE_Xplore,True,7,Multi_Platform,IMU;Stereo_Camera;LiDAR_3D;UWB,Visual_Inertial_Odometry,Visual-Inertial (VIO/SLAM),Indoor;Urban;Underground/Tunnel;Forest/Canopy;Adversarial/EW;Maritime/Water,Real_World,Real_World,ATE_RMSE;RMSE;Success_Rate;Computational_Latency,NOT_REPORTED,Search_and_Rescue,Multi_Agent,Parsed from 7-page PDF. Primary evaluation: Real_World with sensors [IMU;Stereo_Camera;LiDAR_3D;UWB].,4,3,1,0,8,Q-high,"Rigor=4/4, Reporting=3/3, Baseline=1/2, Repro=0/1. Total=8/10 (Q-high).",Core
REC_0537,Indoor Navigation and Attitude Estimation for Uas Using Inertial Sensors and Extended Kalman Filtering,S. Ponte; G. Ariante; A. Menichino; V. Di Vito; G. Del Core,2026,10.1109/MetroAeroSpace69299.2026.11646697,IEEE Conference/Journal,IEEE_Xplore,True,6,UAV,IMU;Monocular_Camera,Visual_Inertial_Odometry,Visual-Inertial (VIO/SLAM),Indoor;Urban;Underground/Tunnel;Adversarial/EW,Simulation,Simulation,ATE_RMSE;Relative_Drift_Percent;Success_Rate;Computational_Latency,NOT_REPORTED,Defense/Tactical,Single_Agent,Parsed from 6-page PDF. Primary evaluation: Simulation with sensors [IMU;Monocular_Camera].,1,2,1,0,4,Q-medium,"Rigor=1/4, Reporting=2/3, Baseline=1/2, Repro=0/1. Total=4/10 (Q-medium).",Important
REC_0544,Season-Invariant GNSS-Denied Visual Localization for UAVs,J. Kinnari; F. Verdoja; V. Kyrki,2022,10.1109/LRA.2022.3191038,IEEE Conference/Journal,IEEE_Xplore,True,8,UAV,IMU;Monocular_Camera,Visual_Inertial_Odometry,Visual-Inertial (VIO/SLAM),Indoor;Urban;Underground/Tunnel;Forest/Canopy;Adversarial/EW;Maritime/Water,Both_Real_and_Sim,Both,ATE_RMSE;Relative_Drift_Percent;Success_Rate,NOT_REPORTED,Inspection,Single_Agent,Parsed from 8-page PDF. Primary evaluation: Both_Real_and_Sim with sensors [IMU;Monocular_Camera].,4,3,1,0,8,Q-high,"Rigor=4/4, Reporting=3/3, Baseline=1/2, Repro=0/1. Total=8/10 (Q-high).",Core
REC_0572,GNSS-Independent Navigation of UAV through Utilization of Sensor Fusion and Intelligence System,S. E. Meheretu; S. Y. Hailesilassie; E. Nigussie,2022,10.1109/ICT4DA56482.2022.9971437,IEEE Conference/Journal,IEEE_Xplore,True,6,Multi_Platform,IMU;Stereo_Camera;LiDAR_3D;Radar_mmWave;Optical_Flow,LiDAR_Inertial_Odometry_SLAM,LiDAR-Inertial / LiDAR SLAM,Indoor;Urban;Underground/Tunnel;Adversarial/EW;Maritime/Water,Simulation,Simulation,ATE_RMSE;Success_Rate,NOT_REPORTED,Mapping/Surveying,Multi_Agent,Parsed from 6-page PDF. Primary evaluation: Simulation with sensors [IMU;Stereo_Camera;LiDAR_3D;Radar_mmWave;Optical_Flow].,1,3,1,0,5,Q-medium,"Rigor=1/4, Reporting=3/3, Baseline=1/2, Repro=0/1. Total=5/10 (Q-medium).",Important
REC_0594,Google map aided visual navigation for UAVs in GPS-denied environment,M. Shan; F. Wang; F. Lin; Z. Gao; Y. Z. Tang; B. M. Chen,2015,10.1109/ROBIO.2015.7418753,IEEE Conference/Journal,IEEE_Xplore,True,6,UAV,IMU;Thermal_Camera,Thermal_Inertial_Odometry,Visual-Inertial (VIO/SLAM),Indoor;Urban;Underground/Tunnel;Forest/Canopy;Adversarial/EW,Simulation,Simulation,ATE_RMSE;Relative_Drift_Percent;RMSE;Success_Rate;Computational_Latency,NOT_REPORTED,Mapping/Surveying,Single_Agent,Parsed from 6-page PDF. Primary evaluation: Simulation with sensors [IMU;Thermal_Camera].,2,3,1,0,6,Q-medium,"Rigor=2/4, Reporting=3/3, Baseline=1/2, Repro=0/1. Total=6/10 (Q-medium).",Important
REC_0598,Compact Passive Millimeter Wave Imager for Degraded Visual and GPS-Denied Navigation,T. Dillon; C. Schuetz; A. Wright; S. Kozacik; Z. El-Azom; S. Shi; D. Prather; A. Rutkowski,2019,10.1109/RAPID.2019.8864251,IEEE Conference/Journal,IEEE_Xplore,True,4,UAV,IMU;Thermal_Camera;LiDAR_3D;Optical_Flow,Visual_Inertial_Odometry,Visual-Inertial (VIO/SLAM),Urban;Forest/Canopy;Adversarial/EW;Maritime/Water,Both_Real_and_Sim,Both,ATE_RMSE;Computational_Latency,NOT_REPORTED,Inspection,Single_Agent,Parsed from 4-page PDF. Primary evaluation: Both_Real_and_Sim with sensors [IMU;Thermal_Camera;LiDAR_3D;Optical_Flow].,2,3,1,0,6,Q-medium,"Rigor=2/4, Reporting=3/3, Baseline=1/2, Repro=0/1. Total=6/10 (Q-medium).",Important
REC_0617,Visual-Inertial Fusion for Indoor Autonomous Navigation of a Quadrotor Using ORB-SLAM,S. J. Haddadi; E. B. Castelan,2018,10.1109/LARS/SBR/WRE.2018.00028,IEEE Conference/Journal,IEEE_Xplore,True,6,UAV,IMU;Depth_Camera;LiDAR_3D;Sonar,Visual_LiDAR_Inertial_Fusion,Visual-LiDAR Fusion,Indoor;Urban;Underground/Tunnel;Adversarial/EW;Maritime/Water,Real_World,Real_World,ATE_RMSE;Relative_Drift_Percent;Success_Rate,NOT_REPORTED,Mapping/Surveying,Single_Agent,Parsed from 6-page PDF. Primary evaluation: Real_World with sensors [IMU;Depth_Camera;LiDAR_3D;Sonar].,4,2,2,0,8,Q-high,"Rigor=4/4, Reporting=2/3, Baseline=2/2, Repro=0/1. Total=8/10 (Q-high).",Core
REC_0620,Terrain Aided Planetary UAV Localization Based on Geo-referencing,X. Wan; Y. Shao; S. Zhang; S. Li,2022,10.1109/TGRS.2022.3198745,IEEE Conference/Journal,IEEE_Xplore,True,18,Multi_Platform,IMU;Stereo_Camera;LiDAR_3D,Visual_LiDAR_Inertial_Fusion,Visual-LiDAR Fusion,Urban;Underground/Tunnel;Adversarial/EW;Maritime/Water,Simulation,Simulation,ATE_RMSE;Relative_Drift_Percent;RMSE;Success_Rate;Computational_Latency,NOT_REPORTED,Mapping/Surveying,Multi_Agent,Parsed from 18-page PDF. Primary evaluation: Simulation with sensors [IMU;Stereo_Camera;LiDAR_3D].,2,3,2,1,8,Q-high,"Rigor=2/4, Reporting=3/3, Baseline=2/2, Repro=1/1. Total=8/10 (Q-high).",Core
REC_0622,Micro-Drone Ego-Velocity and Height Estimation in GPS-Denied Environments Using an FMCW MIMO Radar,J. Barra; T. Creuzet; S. Lesecq; G. Scorletti; E. Blanco; M. Zarudniev,2023,10.1109/JSEN.2022.3229421,IEEE Conference/Journal,IEEE_Xplore,True,9,Multi_Platform,IMU;Stereo_Camera;LiDAR_3D;Radar_mmWave;UWB;Sonar,Visual_LiDAR_Inertial_Fusion,Visual-LiDAR Fusion,Urban;Underground/Tunnel;Adversarial/EW,Both_Real_and_Sim,Both,ATE_RMSE;Success_Rate;Computational_Latency,NOT_REPORTED,Inspection,Multi_Agent,Parsed from 9-page PDF. Primary evaluation: Both_Real_and_Sim with sensors [IMU;Stereo_Camera;LiDAR_3D;Radar_mmWave;UWB;Sonar].,4,3,1,0,8,Q-high,"Rigor=4/4, Reporting=3/3, Baseline=1/2, Repro=0/1. Total=8/10 (Q-high).",Core
REC_0639,A Vision-Based Approach to Autonomous Landing of an eVTOL Aircraft in GPS-Denied Environments,F. V. Benitez; A. Rutherford; J. Van Hilst; E. Babcock; M. Schlief; L. Markussen,2023,10.1109/DASC58513.2023.10311329,IEEE Conference/Journal,IEEE_Xplore,True,6,UAV,IMU;Thermal_Camera,Visual_Inertial_Odometry,Visual-Inertial (VIO/SLAM),Urban;Underground/Tunnel;Adversarial/EW;Maritime/Water,Real_World,Real_World,ATE_RMSE;Success_Rate,NOT_REPORTED,Mapping/Surveying,Single_Agent,Parsed from 6-page PDF. Primary evaluation: Real_World with sensors [IMU;Thermal_Camera].,4,3,1,0,8,Q-high,"Rigor=4/4, Reporting=3/3, Baseline=1/2, Repro=0/1. Total=8/10 (Q-high).",Core
REC_0644,Autonomous Localization and Navigation for Drones Over Rivers,P. -C. Wu; Y. -Y. Chen; C. -L. Lin; H. Wang,2026,10.1109/ACCESS.2025.3650454,IEEE Conference/Journal,IEEE_Xplore,True,19,Multi_Platform,IMU;Stereo_Camera;UWB;Optical_Flow,Visual_Inertial_Odometry,Visual-Inertial (VIO/SLAM),Indoor;Urban;Underground/Tunnel;Forest/Canopy;Adversarial/EW;Maritime/Water,Both_Real_and_Sim,Both,ATE_RMSE;Relative_Drift_Percent;Success_Rate;Computational_Latency,NOT_REPORTED,Inspection,Multi_Agent,Parsed from 19-page PDF. Primary evaluation: Both_Real_and_Sim with sensors [IMU;Stereo_Camera;UWB;Optical_Flow].,4,3,2,0,9,Q-high,"Rigor=4/4, Reporting=3/3, Baseline=2/2, Repro=0/1. Total=9/10 (Q-high).",Core
REC_0647,Radiation Source Localization in GPS-Denied Environments Using Aerial Robots,F. Mascarich; T. Wilson; C. Papachristos; K. Alexis,2018,10.1109/ICRA.2018.8460760,IEEE Conference/Journal,IEEE_Xplore,True,8,Multi_Platform,IMU;Stereo_Camera,Visual_Inertial_Odometry,Visual-Inertial (VIO/SLAM),Indoor;Urban;Underground/Tunnel;Forest/Canopy;Adversarial/EW;Maritime/Water,Simulation,Simulation,ATE_RMSE;Relative_Drift_Percent;Success_Rate;Computational_Latency,NOT_REPORTED,Inspection,Single_Agent,Parsed from 8-page PDF. Primary evaluation: Simulation with sensors [IMU;Stereo_Camera].,1,3,1,1,6,Q-medium,"Rigor=1/4, Reporting=3/3, Baseline=1/2, Repro=1/1. Total=6/10 (Q-medium).",Important
REC_0652,Reinforcement Learning-Based Autonomous UAV Navigation in Indoor Environments Towards Human Detection,V. Geeganage; L. Gamage; H. Weerathunga; C. Premachandra; B. H. Sudantha,2026,10.1109/ICIPRoB69625.2026.11497788,IEEE Conference/Journal,IEEE_Xplore,True,6,UAV,IMU;Monocular_Camera;LiDAR_3D,Visual_Inertial_Odometry,Visual-Inertial (VIO/SLAM),Indoor;Urban;Underground/Tunnel;Forest/Canopy;Adversarial/EW,Both_Real_and_Sim,Both,ATE_RMSE;Success_Rate;Computational_Latency,NOT_REPORTED,Inspection,Single_Agent,Parsed from 6-page PDF. Primary evaluation: Both_Real_and_Sim with sensors [IMU;Monocular_Camera;LiDAR_3D].,3,3,1,0,7,Q-high,"Rigor=3/4, Reporting=3/3, Baseline=1/2, Repro=0/1. Total=7/10 (Q-high).",Important
REC_0656,Vision-Based UAV Localization by Aerial and Satellite Image Matching,H. -Y. Lin; P. -H. Chen; C. -W. Yeh,2026,10.1109/ACCESS.2026.3684630,IEEE Conference/Journal,IEEE_Xplore,True,10,UAV,IMU;Stereo_Camera;LiDAR_3D;UWB,Visual_LiDAR_Inertial_Fusion,Visual-LiDAR Fusion,Indoor;Urban;Forest/Canopy;Adversarial/EW,Real_World,Real_World,ATE_RMSE;Relative_Drift_Percent;RMSE;Success_Rate;Computational_Latency,NOT_REPORTED,Inspection,Single_Agent,Parsed from 10-page PDF. Primary evaluation: Real_World with sensors [IMU;Stereo_Camera;LiDAR_3D;UWB].,4,2,1,1,8,Q-high,"Rigor=4/4, Reporting=2/3, Baseline=1/2, Repro=1/1. Total=8/10 (Q-high).",Core
REC_0687,On the scalability of experimentally determined aerodynamic model for model-based navigation on a delta-wing UAV,P. Longobardi; J. Skaloud,2023,10.1109/MetroAeroSpace57412.2023.10189996,IEEE Conference/Journal,IEEE_Xplore,True,6,UAV,IMU;Thermal_Camera;LiDAR_3D,Visual_LiDAR_Inertial_Fusion,Visual-LiDAR Fusion,Indoor;Urban;Underground/Tunnel;Adversarial/EW;Maritime/Water,Both_Real_and_Sim,Both,ATE_RMSE;Relative_Drift_Percent;Success_Rate,NOT_REPORTED,Mapping/Surveying,Single_Agent,Parsed from 6-page PDF. Primary evaluation: Both_Real_and_Sim with sensors [IMU;Thermal_Camera;LiDAR_3D].,3,2,1,1,7,Q-high,"Rigor=3/4, Reporting=2/3, Baseline=1/2, Repro=1/1. Total=7/10 (Q-high).",Core
REC_0688,Single Vehicle Localization and Routing in GPS-Denied Environments Using Range-Only Measurements,S. Misra; B. Wang; K. Sundar; R. Sharma; S. Rathinam,2020,10.1109/ACCESS.2019.2963286,IEEE Conference/Journal,IEEE_Xplore,True,14,Multi_Platform,IMU;Stereo_Camera;LiDAR_3D;Radar_mmWave,LiDAR_Inertial_Odometry_SLAM,LiDAR-Inertial / LiDAR SLAM,Indoor;Urban;Underground/Tunnel;Forest/Canopy;Adversarial/EW,Both_Real_and_Sim,Both,ATE_RMSE;Success_Rate;Computational_Latency,NOT_REPORTED,Inspection,Multi_Agent,Parsed from 14-page PDF. Primary evaluation: Both_Real_and_Sim with sensors [IMU;Stereo_Camera;LiDAR_3D;Radar_mmWave].,3,3,1,0,7,Q-high,"Rigor=3/4, Reporting=3/3, Baseline=1/2, Repro=0/1. Total=7/10 (Q-high).",Important
REC_0701,Vision-Based Autonomous Drone Navigation Using Deep Reinforcement Learning,N. Narole; D. Prasad; S. R. Gaikwad; S. S. Badhiye; B. Jolad; J. S. Nadaf,2026,10.1109/ESCI68015.2026.11493377,IEEE Conference/Journal,IEEE_Xplore,True,6,UAV,IMU;Stereo_Camera;LiDAR_3D;Radar_mmWave;Optical_Flow,LiDAR_Inertial_Odometry_SLAM,LiDAR-Inertial / LiDAR SLAM,Indoor;Urban;Underground/Tunnel;Adversarial/EW,Both_Real_and_Sim,Both,ATE_RMSE;RMSE;Success_Rate;Computational_Latency,NOT_REPORTED,Inspection,Single_Agent,Parsed from 6-page PDF. Primary evaluation: Both_Real_and_Sim with sensors [IMU;Stereo_Camera;LiDAR_3D;Radar_mmWave;Optical_Flow].,4,3,1,0,8,Q-high,"Rigor=4/4, Reporting=3/3, Baseline=1/2, Repro=0/1. Total=8/10 (Q-high).",Core
REC_0705,Recursive Extended Finite-Memory Positioning Algorithm for Robust UAV Positioning in GNSS-Denied Environment,S. S. Lee; J. M. Pak; P. Shi; C. K. Ahn,2026,10.1109/JIOT.2025.3629868,IEEE Conference/Journal,IEEE_Xplore,True,13,Multi_Platform,IMU;Monocular_Camera;LiDAR_3D;UWB,Visual_LiDAR_Inertial_Fusion,Visual-LiDAR Fusion,Indoor;Urban;Underground/Tunnel;Adversarial/EW,Both_Real_and_Sim,Both,ATE_RMSE;Success_Rate;Computational_Latency,NOT_REPORTED,Inspection,Single_Agent,Parsed from 13-page PDF. Primary evaluation: Both_Real_and_Sim with sensors [IMU;Monocular_Camera;LiDAR_3D;UWB].,4,1,1,1,7,Q-high,"Rigor=4/4, Reporting=1/3, Baseline=1/2, Repro=1/1. Total=7/10 (Q-high).",Core
REC_0706,Towards Robust UAV Tracking in GNSS-Denied Environments: A Multi-LiDAR Multi-UAV Dataset,I. Catalano; X. Yu; J. P. Queralta,2023,10.1109/ROBIO58561.2023.10354788,IEEE Conference/Journal,IEEE_Xplore,True,7,Multi_Platform,IMU;Thermal_Camera;LiDAR_3D;Radar_mmWave;UWB,Visual_LiDAR_Inertial_Fusion,Visual-LiDAR Fusion,Indoor;Urban;Underground/Tunnel;Adversarial/EW;Maritime/Water,Both_Real_and_Sim,Both,ATE_RMSE;RMSE;Success_Rate;Computational_Latency,NOT_REPORTED,Inspection,Multi_Agent,Parsed from 7-page PDF. Primary evaluation: Both_Real_and_Sim with sensors [IMU;Thermal_Camera;LiDAR_3D;Radar_mmWave;UWB].,4,3,1,1,9,Q-high,"Rigor=4/4, Reporting=3/3, Baseline=1/2, Repro=1/1. Total=9/10 (Q-high).",Core
REC_0713,Autonomous UAV Pipeline Landing via Depth-LiDAR Fusion in GNSS-Denied Refineries,D. Tejero-Ruiz; M. A. Montes-Grova; F. J. Pérez-Grau; A. Viguria; A. Ollero,2026,10.1109/LRA.2026.3662655,IEEE Conference/Journal,IEEE_Xplore,True,8,UAV,IMU;Stereo_Camera;LiDAR_3D,Visual_LiDAR_Inertial_Fusion,Visual-LiDAR Fusion,Indoor;Urban;Underground/Tunnel;Adversarial/EW,Real_World,Real_World,ATE_RMSE;Relative_Drift_Percent;RMSE;Success_Rate;Computational_Latency,NOT_REPORTED,Inspection,Multi_Agent,Parsed from 8-page PDF. Primary evaluation: Real_World with sensors [IMU;Stereo_Camera;LiDAR_3D].,4,2,1,0,7,Q-high,"Rigor=4/4, Reporting=2/3, Baseline=1/2, Repro=0/1. Total=7/10 (Q-high).",Core
REC_0716,Cooperative Search Area optimization using Multiple Unmanned Aerial Vehicles in a GPS-denied Environment,S. Misra; S. Biswas; A. A. Minai; R. Sharma,2019,10.1109/ICUAS.2019.8798332,IEEE Conference/Journal,IEEE_Xplore,True,8,UAV,IMU;Monocular_Camera;LiDAR_3D,Visual_Inertial_Odometry,Visual-Inertial (VIO/SLAM),Urban;Underground/Tunnel;Forest/Canopy;Adversarial/EW;Maritime/Water,Simulation,Simulation,ATE_RMSE,NOT_REPORTED,Mapping/Surveying,Multi_Agent,Parsed from 8-page PDF. Primary evaluation: Simulation with sensors [IMU;Monocular_Camera;LiDAR_3D].,1,2,2,0,5,Q-medium,"Rigor=1/4, Reporting=2/3, Baseline=2/2, Repro=0/1. Total=5/10 (Q-medium).",Important
REC_0719,Autonomous landing of small unmanned aerial rotorcraft based on monocular vision in GPS-denied area,C. Miao; J. Li,2015,10.1109/JAS.2015.7032912,IEEE Conference/Journal,IEEE_Xplore,True,6,Multi_Platform,IMU;Stereo_Camera,Visual_Inertial_Odometry,Visual-Inertial (VIO/SLAM),Indoor;Urban;Underground/Tunnel;Adversarial/EW,Simulation,Simulation,ATE_RMSE;Relative_Drift_Percent;Success_Rate;Computational_Latency,NOT_REPORTED,Inspection,Multi_Agent,Parsed from 6-page PDF. Primary evaluation: Simulation with sensors [IMU;Stereo_Camera].,1,2,1,0,4,Q-medium,"Rigor=1/4, Reporting=2/3, Baseline=1/2, Repro=0/1. Total=4/10 (Q-medium).",Important
REC_0752,Cooperative localisation of UAVs in a GPS-denied environment using bearing measurements,L. Zhang; M. Ye; B. D. O. Anderson; P. Sarunic; H. Hmam,2016,10.1109/CDC.2016.7798924,IEEE Conference/Journal,IEEE_Xplore,True,7,Multi_Platform,IMU,Visual_Inertial_Odometry,Visual-Inertial (VIO/SLAM),Indoor;Urban;Underground/Tunnel;Adversarial/EW;Maritime/Water,Both_Real_and_Sim,Both,ATE_RMSE;Relative_Drift_Percent;Success_Rate,NOT_REPORTED,Search_and_Rescue,Multi_Agent,Parsed from 7-page PDF. Primary evaluation: Both_Real_and_Sim with sensors [IMU].,3,2,1,0,6,Q-medium,"Rigor=3/4, Reporting=2/3, Baseline=1/2, Repro=0/1. Total=6/10 (Q-medium).",Important
REC_0814,Monocular Vision Aided Autonomous UAV Navigation in Indoor Corridor Environments,R. P. Padhy; F. Xia; S. K. Choudhury; P. K. Sa; S. Bakshi,2019,10.1109/TSUSC.2018.2810952,IEEE Conference/Journal,IEEE_Xplore,True,13,Multi_Platform,IMU;Stereo_Camera;LiDAR_3D;UWB,Visual_LiDAR_Inertial_Fusion,Visual-LiDAR Fusion,Indoor;Urban;Forest/Canopy;Adversarial/EW;Maritime/Water,Real_World,Real_World,ATE_RMSE;Success_Rate;Computational_Latency,NOT_REPORTED,Mapping/Surveying,Single_Agent,Parsed from 13-page PDF. Primary evaluation: Real_World with sensors [IMU;Stereo_Camera;LiDAR_3D;UWB].,4,2,1,1,8,Q-high,"Rigor=4/4, Reporting=2/3, Baseline=1/2, Repro=1/1. Total=8/10 (Q-high).",Core
REC_0816,Feature 3D Gaussian Splatting for UAV-to-Ship Pose Estimation in GNSS-Denied Environments,A. Bernas; J. McConnell; J. Seargeant; L. DeVries,2026,10.1109/ICUAS69441.2026.11598627,IEEE Conference/Journal,IEEE_Xplore,True,8,Multi_Platform,IMU;Depth_Camera,Visual_Inertial_Odometry,Visual-Inertial (VIO/SLAM),Urban;Underground/Tunnel;Adversarial/EW;Maritime/Water,Real_World,Real_World,ATE_RMSE;Relative_Drift_Percent;RMSE;Success_Rate;Computational_Latency,NOT_REPORTED,Inspection,Single_Agent,Parsed from 8-page PDF. Primary evaluation: Real_World with sensors [IMU;Depth_Camera].,4,3,1,1,9,Q-high,"Rigor=4/4, Reporting=3/3, Baseline=1/2, Repro=1/1. Total=9/10 (Q-high).",Core
REC_0824,A Homography-Based Visual Servo Control Approach for an Underactuated Unmanned Aerial Vehicle in GPS-Denied Environments,H. Zhong; Y. Wang; Z. Miao; L. Li; S. Fan; H. Zhang,2023,10.1109/TIV.2022.3163315,IEEE Conference/Journal,IEEE_Xplore,True,11,Multi_Platform,IMU;Monocular_Camera,Visual_Inertial_Odometry,Visual-Inertial (VIO/SLAM),Indoor;Urban;Underground/Tunnel;Adversarial/EW;Maritime/Water,Both_Real_and_Sim,Both,ATE_RMSE;Success_Rate;Computational_Latency,NOT_REPORTED,Search_and_Rescue,Single_Agent,Parsed from 11-page PDF. Primary evaluation: Both_Real_and_Sim with sensors [IMU;Monocular_Camera].,4,3,1,0,8,Q-high,"Rigor=4/4, Reporting=3/3, Baseline=1/2, Repro=0/1. Total=8/10 (Q-high).",Core
REC_0840,GPS-Denied Drone Navigation via Cross-Domain Keypoint Matching,J. -W. Hsieh; H. -K. Chen,2026,10.1109/ICIP61757.2026.11630202,IEEE Conference/Journal,IEEE_Xplore,True,6,UAV,IMU;Monocular_Camera,Radio_Based_Positioning,UWB / Radio / Beacons,Indoor;Underground/Tunnel;Adversarial/EW,Simulation,Simulation,ATE_RMSE;Relative_Drift_Percent;Success_Rate;Computational_Latency,NOT_REPORTED,Inspection,Single_Agent,Parsed from 6-page PDF. Primary evaluation: Simulation with sensors [IMU;Monocular_Camera].,1,2,1,0,4,Q-medium,"Rigor=1/4, Reporting=2/3, Baseline=1/2, Repro=0/1. Total=4/10 (Q-medium).",Important
REC_0857,SwarmRaft: Leveraging Consensus for Robust Drone Swarm Coordination in GNSS-Degraded Environments,K. Dev; Y. Madhwal; S. Shevelo; P. Osinenko; Y. Yanovich,2026,10.1109/JIOT.2025.3645453,IEEE Conference/Journal,IEEE_Xplore,True,9,UAV,IMU;Monocular_Camera;LiDAR_3D,Visual_Inertial_Odometry,Visual-Inertial (VIO/SLAM),Indoor;Urban;Underground/Tunnel;Forest/Canopy;Adversarial/EW;Maritime/Water,Both_Real_and_Sim,Both,ATE_RMSE;Relative_Drift_Percent;Success_Rate;Computational_Latency,NOT_REPORTED,Inspection,Multi_Agent,Parsed from 9-page PDF. Primary evaluation: Both_Real_and_Sim with sensors [IMU;Monocular_Camera;LiDAR_3D].,4,3,1,1,9,Q-high,"Rigor=4/4, Reporting=3/3, Baseline=1/2, Repro=1/1. Total=9/10 (Q-high).",Core
REC_0859,A Multimode Visual-Inertial Navigation Method for Fixed-wing Aircraft Approach and Landing in GPS-denied and Low Visibility Environments,X. Song; L. Zhang; Z. Zhai; G. Yu,2019,10.1109/DASC43569.2019.9081785,IEEE Conference/Journal,IEEE_Xplore,True,10,UAV,IMU;Thermal_Camera;Radar_mmWave;Sonar,Thermal_Inertial_Odometry,Visual-Inertial (VIO/SLAM),Indoor;Urban;Underground/Tunnel;Adversarial/EW;Maritime/Water,Both_Real_and_Sim,Both,ATE_RMSE;Success_Rate;Computational_Latency,NOT_REPORTED,Inspection,Single_Agent,Parsed from 10-page PDF. Primary evaluation: Both_Real_and_Sim with sensors [IMU;Thermal_Camera;Radar_mmWave;Sonar].,4,2,1,0,7,Q-high,"Rigor=4/4, Reporting=2/3, Baseline=1/2, Repro=0/1. Total=7/10 (Q-high).",Core
REC_0866,Autonomous Aerial Robots for Search and Rescue Missions,K. Sangeeta; S. B; A. Jain; V. Bhutani; L. K. Tyagi; K. A. Jabbar,2023,10.1109/UPCON59197.2023.10434325,IEEE Conference/Journal,IEEE_Xplore,True,6,UAV,IMU;Thermal_Camera;LiDAR_3D;Radar_mmWave,Visual_Inertial_Odometry,Visual-Inertial (VIO/SLAM),Indoor;Urban;Underground/Tunnel;Forest/Canopy;Adversarial/EW;Maritime/Water,Simulation,Simulation,ATE_RMSE;Success_Rate,NOT_REPORTED,Mapping/Surveying,Multi_Agent,Parsed from 6-page PDF. Primary evaluation: Simulation with sensors [IMU;Thermal_Camera;LiDAR_3D;Radar_mmWave].,1,3,0,0,4,Q-medium,"Rigor=1/4, Reporting=3/3, Baseline=0/2, Repro=0/1. Total=4/10 (Q-medium).",Important
REC_0870,"Recent Trends, Techniques, and Applications of AI Based Autonomous Drones",H. M. Raghuwanshi; G. Dhopavkar,2026,10.1109/ICEI65890.2026.11447876,IEEE Conference/Journal,IEEE_Xplore,True,6,Multi_Platform,IMU;Thermal_Camera;LiDAR_3D;Radar_mmWave,Visual_LiDAR_Inertial_Fusion,Visual-LiDAR Fusion,Indoor;Urban;Adversarial/EW,Both_Real_and_Sim,Both,ATE_RMSE;Success_Rate;Computational_Latency,NOT_REPORTED,Inspection,Multi_Agent,Parsed from 6-page PDF. Primary evaluation: Both_Real_and_Sim with sensors [IMU;Thermal_Camera;LiDAR_3D;Radar_mmWave].,3,3,1,1,8,Q-high,"Rigor=3/4, Reporting=3/3, Baseline=1/2, Repro=1/1. Total=8/10 (Q-high).",Core
REC_0932,Development of a Plug-and-Play Infrared Landing System for Multirotor Unmanned Aerial Vehicles,E. Nowak; K. Gupta; H. Najjaran,2017,10.1109/CRV.2017.23,IEEE Conference/Journal,IEEE_Xplore,True,5,UAV,IMU;Stereo_Camera,Visual_Inertial_Odometry,Visual-Inertial (VIO/SLAM),Indoor;Urban;Underground/Tunnel;Forest/Canopy;Adversarial/EW,Real_World,Real_World,ATE_RMSE;Success_Rate,NOT_REPORTED,Inspection,Single_Agent,Parsed from 5-page PDF. Primary evaluation: Real_World with sensors [IMU;Stereo_Camera].,2,3,0,0,5,Q-medium,"Rigor=2/4, Reporting=3/3, Baseline=0/2, Repro=0/1. Total=5/10 (Q-medium).",Important
REC_0951,PSS-LIO A Computationally Efficient LiDAR-Inertial Odometry Framework for UAV Building Inspection via Geometric Predictability and Structure Prior Learning,Y. Wang; R. Qiu; A. Tang; L. Li; W. Li; S. Wan; X. Li,2026,10.1109/TIM.2026.3709427,IEEE Conference/Journal,IEEE_Xplore,True,12,Multi_Platform,IMU;Depth_Camera;LiDAR_3D,Visual_LiDAR_Inertial_Fusion,Visual-LiDAR Fusion,Indoor;Urban;Underground/Tunnel;Forest/Canopy;Adversarial/EW,Real_World,Real_World,ATE_RMSE;Relative_Drift_Percent;RMSE;Success_Rate;Computational_Latency,NOT_REPORTED,Inspection,Multi_Agent,Parsed from 12-page PDF. Primary evaluation: Real_World with sensors [IMU;Depth_Camera;LiDAR_3D].,4,3,2,1,10,Q-high,"Rigor=4/4, Reporting=3/3, Baseline=2/2, Repro=1/1. Total=10/10 (Q-high).",Core
REC_0960,Cooperative Visual Inertial Odometry for Heterogeneous Swarm of Drones Navigating in Noisy Environments,K. C. Atik; E. Erdogan; A. Y. Yahsi; F. Kara; B. Yalcin; G. Cetin; N. K. Ure,2022,10.1109/ISIE51582.2022.9831647,IEEE Conference/Journal,IEEE_Xplore,True,8,UAV,IMU;Stereo_Camera;LiDAR_3D;UWB,Visual_LiDAR_Inertial_Fusion,Visual-LiDAR Fusion,Indoor;Underground/Tunnel;Adversarial/EW,Simulation,Simulation,ATE_RMSE;Relative_Drift_Percent;RMSE;Success_Rate;Computational_Latency,NOT_REPORTED,Inspection,Multi_Agent,Parsed from 8-page PDF. Primary evaluation: Simulation with sensors [IMU;Stereo_Camera;LiDAR_3D;UWB].,2,3,1,0,6,Q-medium,"Rigor=2/4, Reporting=3/3, Baseline=1/2, Repro=0/1. Total=6/10 (Q-medium).",Important
REC_0961,Multimodal Image Registration for GPS-denied UAV Navigation Based on Disentangled Representations,H. Li; Z. Liu; Y. Lyu; F. Wu,2023,10.1109/ICRA48891.2023.10161567,IEEE Conference/Journal,IEEE_Xplore,True,7,UAV,IMU;Thermal_Camera,Radio_Based_Positioning,UWB / Radio / Beacons,Adversarial/EW,Simulation,Simulation,ATE_RMSE;Relative_Drift_Percent;RMSE;Success_Rate;Computational_Latency,NOT_REPORTED,Mapping/Surveying,Single_Agent,Parsed from 7-page PDF. Primary evaluation: Simulation with sensors [IMU;Thermal_Camera].,2,3,1,0,6,Q-medium,"Rigor=2/4, Reporting=3/3, Baseline=1/2, Repro=0/1. Total=6/10 (Q-medium).",Important
REC_0973,Landmark Placement for Localization in a GPS-denied Environment,K. Sundar; S. Srinivasan; S. Misra; S. Rathinam; R. Sharma,2018,10.23919/ACC.2018.8431886,IEEE Conference/Journal,IEEE_Xplore,True,7,Multi_Platform,IMU;Monocular_Camera,Visual_Inertial_Odometry,Visual-Inertial (VIO/SLAM),Urban;Underground/Tunnel;Adversarial/EW;Maritime/Water,Simulation,Simulation,ATE_RMSE;Success_Rate,NOT_REPORTED,Inspection,Multi_Agent,Parsed from 7-page PDF. Primary evaluation: Simulation with sensors [IMU;Monocular_Camera].,1,3,1,0,5,Q-medium,"Rigor=1/4, Reporting=3/3, Baseline=1/2, Repro=0/1. Total=5/10 (Q-medium).",Important
REC_0981,Multi-sensor Data Analysis in Terms of Autonomous Drone Flight without GPS,G. Issassis; P. Marcoň; J. Janoušek; L. Venkrbec,2023,10.1109/PIERS59004.2023.10221335,IEEE Conference/Journal,IEEE_Xplore,True,7,UAV,IMU;Thermal_Camera,Visual_Inertial_Odometry,Visual-Inertial (VIO/SLAM),Indoor;Urban;Underground/Tunnel,Simulation,Simulation,ATE_RMSE;Success_Rate,NOT_REPORTED,Mapping/Surveying,Single_Agent,Parsed from 7-page PDF. Primary evaluation: Simulation with sensors [IMU;Thermal_Camera].,1,2,1,1,5,Q-medium,"Rigor=1/4, Reporting=2/3, Baseline=1/2, Repro=1/1. Total=5/10 (Q-medium).",Important
REC_0986,Field Test Results of GNSS-denied Inertial Navigation aided by Phased-array Radio Systems for UAVs,K. Gryte; T. H. Bryne; S. M. Albrektsen; T. A. Johansen,2019,10.1109/ICUAS.2019.8798057,IEEE Conference/Journal,IEEE_Xplore,True,9,UAV,IMU;Monocular_Camera;Radar_mmWave;Sonar,Visual_Inertial_Odometry,Visual-Inertial (VIO/SLAM),Urban;Underground/Tunnel;Adversarial/EW;Maritime/Water,Simulation,Simulation,ATE_RMSE;RMSE;Success_Rate;Computational_Latency,NOT_REPORTED,Mapping/Surveying,Single_Agent,Parsed from 9-page PDF. Primary evaluation: Simulation with sensors [IMU;Monocular_Camera;Radar_mmWave;Sonar].,2,3,1,0,6,Q-medium,"Rigor=2/4, Reporting=3/3, Baseline=1/2, Repro=0/1. Total=6/10 (Q-medium).",Important
REC_0993,"Fast, autonomous flight in GPS-denied and cluttered environments",Mohta K.; Watterson M.; Mulgaonkar Y.; Liu S.; Qu C.; Makineni A.; Saulnier K.; Sun K.; Zhu A.; Delmerico J.; Karydis K.; Atanasov N.; Loianno G.; Scaramuzza D.; Daniilidis K.; Taylor C.J.; Kumar V.,2018,10.1002/rob.21774,IEEE Conference/Journal,Scopus,True,30,UAV,IMU;Stereo_Camera;LiDAR_3D,Visual_LiDAR_Inertial_Fusion,Visual-LiDAR Fusion,Indoor;Urban;Adversarial/EW,Real_World,Real_World,ATE_RMSE;Relative_Drift_Percent;Success_Rate;Computational_Latency,NOT_REPORTED,Inspection,Multi_Agent,Parsed from 30-page PDF. Primary evaluation: Real_World with sensors [IMU;Stereo_Camera;LiDAR_3D].,4,3,1,1,9,Q-high,"Rigor=4/4, Reporting=3/3, Baseline=1/2, Repro=1/1. Total=9/10 (Q-high).",Core
REC_0994,Automated localization of UAVs in GPS-denied indoor construction environments using fiducial markers,Nahangi M.; Heins A.; McCabe B.; Schoellig A.,2018,10.22260/isarc2018/0012,IEEE Conference/Journal,Scopus,True,7,UAV,IMU;Thermal_Camera;LiDAR_2D;UWB,Thermal_Inertial_Odometry,Visual-Inertial (VIO/SLAM),Indoor;Adversarial/EW;Maritime/Water,Simulation,Simulation,ATE_RMSE;Relative_Drift_Percent;Success_Rate;Computational_Latency,NOT_REPORTED,Inspection,Single_Agent,Parsed from 7-page PDF. Primary evaluation: Simulation with sensors [IMU;Thermal_Camera;LiDAR_2D;UWB].,2,3,1,0,6,Q-medium,"Rigor=2/4, Reporting=3/3, Baseline=1/2, Repro=0/1. Total=6/10 (Q-medium).",Important
REC_1001,Perception and navigation for an autonomous quadrotor in GPS-denied environments,Saeedi S.; Nagaty A.; Thibault C.; Trentini M.; Li H.,2016,10.2316/Journal.206.2016.6.206-4434,IEEE Conference/Journal,Scopus,True,39,Multi_Platform,IMU;Stereo_Camera;LiDAR_2D;Sonar,Visual_Inertial_Odometry,Visual-Inertial (VIO/SLAM),Indoor;Urban;Underground/Tunnel;Forest/Canopy;Adversarial/EW;Maritime/Water,Both_Real_and_Sim,Both,ATE_RMSE;Success_Rate;Computational_Latency,NOT_REPORTED,Inspection,Multi_Agent,Parsed from 39-page PDF. Primary evaluation: Both_Real_and_Sim with sensors [IMU;Stereo_Camera;LiDAR_2D;Sonar].,4,3,1,1,9,Q-high,"Rigor=4/4, Reporting=3/3, Baseline=1/2, Repro=1/1. Total=9/10 (Q-high).",Core
REC_1006,A comprehensive survey on autonomous UAV navigation and control systems,Izakshiri A.; Tajrishi N.J.; Madinei H.S.; Azad P.A.; Ahmadi S.,2026,10.1007/s40435-026-02068-3,IEEE Conference/Journal,Scopus,True,18,Multi_Platform,IMU;Stereo_Camera;LiDAR_3D;Radar_mmWave;Optical_Flow,Visual_LiDAR_Inertial_Fusion,Visual-LiDAR Fusion,Indoor;Urban;Underground/Tunnel;Forest/Canopy;Adversarial/EW,Both_Real_and_Sim,Both,ATE_RMSE;Relative_Drift_Percent;Success_Rate;Computational_Latency,NOT_REPORTED,Mapping/Surveying,Multi_Agent,Parsed from 18-page PDF. Primary evaluation: Both_Real_and_Sim with sensors [IMU;Stereo_Camera;LiDAR_3D;Radar_mmWave;Optical_Flow].,3,3,1,1,8,Q-high,"Rigor=3/4, Reporting=3/3, Baseline=1/2, Repro=1/1. Total=8/10 (Q-high).",Core
REC_1007,Robust geo-localization of UAVSAR in GPS-Denied environments using deep cross-modality matching with google Earth imagery,Naanjam R.; Ebadi H.; Farnood Ahmadi F.,2026,10.1007/s12518-026-00694-2,IEEE Conference/Journal,Scopus,True,21,UAV,IMU;Stereo_Camera;Radar_mmWave;Optical_Flow,Visual_Inertial_Odometry,Visual-Inertial (VIO/SLAM),Indoor;Urban;Underground/Tunnel;Forest/Canopy;Adversarial/EW;Maritime/Water,Real_World,Real_World,ATE_RMSE;RMSE;Success_Rate;Computational_Latency,NOT_REPORTED,Inspection,Single_Agent,Parsed from 21-page PDF. Primary evaluation: Real_World with sensors [IMU;Stereo_Camera;Radar_mmWave;Optical_Flow].,4,3,1,0,8,Q-high,"Rigor=4/4, Reporting=3/3, Baseline=1/2, Repro=0/1. Total=8/10 (Q-high).",Core
REC_1018,OPsCV: A Robust Framework for Aerial Navigation under Global Positioning System Denied Conditions,Xavier N.A.Z.; Shiguemori E.H.; Maximo M.R.O.D.A.,2026,10.1590/jatm.v18.1413,IEEE Conference/Journal,Scopus,True,24,Multi_Platform,IMU;Monocular_Camera;LiDAR_3D;Radar_mmWave;Sonar,Visual_LiDAR_Inertial_Fusion,Visual-LiDAR Fusion,Indoor;Urban;Underground/Tunnel;Forest/Canopy;Adversarial/EW,Both_Real_and_Sim,Both,ATE_RMSE;Relative_Drift_Percent;Success_Rate;Computational_Latency,NOT_REPORTED,Inspection,Multi_Agent,Parsed from 24-page PDF. Primary evaluation: Both_Real_and_Sim with sensors [IMU;Monocular_Camera;LiDAR_3D;Radar_mmWave;Sonar].,4,3,1,0,8,Q-high,"Rigor=4/4, Reporting=3/3, Baseline=1/2, Repro=0/1. Total=8/10 (Q-high).",Core
REC_1025,A Survey on Radio Frequency based Precise Localisation Technology for UAV in GPS-denied Environment,Yang B.; Yang E.,2021,10.1007/s10846-021-01500-4,IEEE Conference/Journal,Scopus,True,44,Multi_Platform,IMU;Stereo_Camera;LiDAR_3D;Radar_mmWave;UWB;Sonar,Visual_LiDAR_Inertial_Fusion,Visual-LiDAR Fusion,Indoor;Urban;Underground/Tunnel;Adversarial/EW;Maritime/Water,Simulation,Simulation,ATE_RMSE;Relative_Drift_Percent;RMSE;Success_Rate;Computational_Latency,NOT_REPORTED,Inspection,Multi_Agent,Parsed from 44-page PDF. Primary evaluation: Simulation with sensors [IMU;Stereo_Camera;LiDAR_3D;Radar_mmWave;UWB;Sonar].,2,3,1,1,7,Q-high,"Rigor=2/4, Reporting=3/3, Baseline=1/2, Repro=1/1. Total=7/10 (Q-high).",Core
REC_1028,Integrated navigation for autonomous drone in GPS and GPS-denied environments,Suzuki S.,2018,10.20965/jrm.2018.p0373,IEEE Conference/Journal,Scopus,True,7,UAV,IMU;Stereo_Camera;LiDAR_3D,LiDAR_Inertial_Odometry_SLAM,LiDAR-Inertial / LiDAR SLAM,Indoor;Urban;Underground/Tunnel;Forest/Canopy;Adversarial/EW,Simulation,Simulation,ATE_RMSE;Relative_Drift_Percent;Success_Rate,NOT_REPORTED,Inspection,Single_Agent,Parsed from 7-page PDF. Primary evaluation: Simulation with sensors [IMU;Stereo_Camera;LiDAR_3D].,2,1,1,0,4,Q-medium,"Rigor=2/4, Reporting=1/3, Baseline=1/2, Repro=0/1. Total=4/10 (Q-medium).",Important
REC_1034,Uavs enhanced navigation in outdoor gnss denied environment using UWB and monocular camera systems,Zahran S.; Masiero A.; Mostafa M.M.; Moussa A.M.; Vettore A.; El-Sheimy N.,2019,10.5194/isprs-archives-XLII-2-W13-665-2019,IEEE Conference/Journal,Scopus,True,8,Multi_Platform,IMU;Stereo_Camera;UWB;Optical_Flow,Visual_Inertial_Odometry,Visual-Inertial (VIO/SLAM),Indoor;Urban;Underground/Tunnel;Forest/Canopy;Adversarial/EW,Simulation,Simulation,ATE_RMSE;Relative_Drift_Percent;RMSE;Success_Rate;Computational_Latency,NOT_REPORTED,Inspection,Single_Agent,Parsed from 8-page PDF. Primary evaluation: Simulation with sensors [IMU;Stereo_Camera;UWB;Optical_Flow].,1,2,1,0,4,Q-medium,"Rigor=1/4, Reporting=2/3, Baseline=1/2, Repro=0/1. Total=4/10 (Q-medium).",Important
REC_1103,Integrated navigation of aerial robot for GPS and GPS-denied environment,Suzuki S.; Min H.; Wada T.; Nonami K.,2016,10.1088/1742-6596/744/1/012219,IEEE Conference/Journal,Scopus,True,10,UAV,IMU;Stereo_Camera;LiDAR_3D,Radio_Based_Positioning,UWB / Radio / Beacons,Indoor;Urban;Forest/Canopy;Adversarial/EW,Simulation,Simulation,ATE_RMSE;Relative_Drift_Percent,NOT_REPORTED,Inspection,Single_Agent,Parsed from 10-page PDF. Primary evaluation: Simulation with sensors [IMU;Stereo_Camera;LiDAR_3D].,2,1,1,0,4,Q-medium,"Rigor=2/4, Reporting=1/3, Baseline=1/2, Repro=0/1. Total=4/10 (Q-medium).",Important
REC_1105,3D SCENE RECONSTRUCTION AND PATH PLANNING METHOD FOR UAV IN GNSS-DENIED ENVIRONMENT,Jin Q.; Zhao P.; Hu Q.; Duan X.; Ai M.,2022,10.5194/isprs-annals-X-3-W1-2022-69-2022,IEEE Conference/Journal,Scopus,True,7,UAV,IMU;Monocular_Camera;LiDAR_3D,Visual_LiDAR_Inertial_Fusion,Visual-LiDAR Fusion,Indoor;Urban;Forest/Canopy;Adversarial/EW,Both_Real_and_Sim,Both,ATE_RMSE;Relative_Drift_Percent;Computational_Latency,NOT_REPORTED,Inspection,Single_Agent,Parsed from 7-page PDF. Primary evaluation: Both_Real_and_Sim with sensors [IMU;Monocular_Camera;LiDAR_3D].,3,1,2,0,6,Q-medium,"Rigor=3/4, Reporting=1/3, Baseline=2/2, Repro=0/1. Total=6/10 (Q-medium).",Important
REC_1132,Minimalistic approach for monocular SLAM system applied to micro aerial vehicles in GPS-denied environments,Urzua S.; Munguía R.; Nuño E.; Grau A.,2018,10.1177/0142331217747343,IEEE Conference/Journal,Scopus,True,13,UAV,IMU;Stereo_Camera;Sonar,Visual_Inertial_Odometry,Visual-Inertial (VIO/SLAM),Indoor;Urban;Underground/Tunnel;Adversarial/EW,Simulation,Simulation,ATE_RMSE;Relative_Drift_Percent;Computational_Latency,NOT_REPORTED,Inspection,Multi_Agent,Parsed from 13-page PDF. Primary evaluation: Simulation with sensors [IMU;Stereo_Camera;Sonar].,1,3,1,0,5,Q-medium,"Rigor=1/4, Reporting=3/3, Baseline=1/2, Repro=0/1. Total=5/10 (Q-medium).",Important
REC_1137,"Integrated guidance, navigation, and control system for a UAV in a GPS denied environment",Hong J.-H.; Ryoo C.-K.; Shin H.-S.; Tsourdos A.,2018,10.5220/0006908204400447,IEEE Conference/Journal,Scopus,True,8,UAV,IMU;Stereo_Camera;LiDAR_3D,Visual_SLAM,Visual-Inertial (VIO/SLAM),Indoor;Urban;Adversarial/EW;Maritime/Water,Both_Real_and_Sim,Both,ATE_RMSE,NOT_REPORTED,Inspection,Single_Agent,Parsed from 8-page PDF. Primary evaluation: Both_Real_and_Sim with sensors [IMU;Stereo_Camera;LiDAR_3D].,3,2,0,0,5,Q-medium,"Rigor=3/4, Reporting=2/3, Baseline=0/2, Repro=0/1. Total=5/10 (Q-medium).",Important
REC_1146,Micro-radar and UWB aided UAV navigation in GNSS denied environment,Zahran S.; Mostafa M.M.; Masiero A.; Moussa A.M.; Vettore A.; El-Sheimy N.,2018,10.5194/isprs-archives-XLII-1-469-2018,IEEE Conference/Journal,Scopus,True,8,Multi_Platform,IMU;Stereo_Camera;LiDAR_3D;Radar_mmWave;UWB;Optical_Flow,Visual_LiDAR_Inertial_Fusion,Visual-LiDAR Fusion,Indoor;Urban;Underground/Tunnel;Forest/Canopy;Adversarial/EW,Real_World,Real_World,ATE_RMSE;Relative_Drift_Percent;RMSE;Success_Rate;Computational_Latency,NOT_REPORTED,Inspection,Multi_Agent,Parsed from 8-page PDF. Primary evaluation: Real_World with sensors [IMU;Stereo_Camera;LiDAR_3D;Radar_mmWave;UWB;Optical_Flow].,3,3,1,0,7,Q-high,"Rigor=3/4, Reporting=3/3, Baseline=1/2, Repro=0/1. Total=7/10 (Q-high).",Important
REC_1148,UAV-Based Structural Health Monitoring Using a Two-Stage CNN Model with Lighthouse Localization in GNSS-Denied Environments,Chu T.S.C.; Sorilla J.; Chua A.Y.,2025,10.28991/HIJ-2025-06-02-03,IEEE Conference/Journal,Scopus,True,13,Multi_Platform,IMU;Thermal_Camera;LiDAR_3D;Radar_mmWave;UWB;Optical_Flow,LiDAR_Inertial_Odometry_SLAM,LiDAR-Inertial / LiDAR SLAM,Indoor;Urban;Underground/Tunnel;Adversarial/EW,Both_Real_and_Sim,Both,ATE_RMSE;Relative_Drift_Percent;Success_Rate;Computational_Latency,NOT_REPORTED,Inspection,Multi_Agent,Parsed from 13-page PDF. Primary evaluation: Both_Real_and_Sim with sensors [IMU;Thermal_Camera;LiDAR_3D;Radar_mmWave;UWB;Optical_Flow].,4,3,1,0,8,Q-high,"Rigor=4/4, Reporting=3/3, Baseline=1/2, Repro=0/1. Total=8/10 (Q-high).",Core
REC_1159,GPS-Denied Navigation Aided by Synthetic Aperture Radar Using the Range-Doppler Algorithm,Lindstrom C.; Christensen R.; Gunther J.; Jenkins S.,2022,10.33012/navi.533,IEEE Conference/Journal,Scopus,True,29,UAV,IMU;Monocular_Camera;LiDAR_3D;Radar_mmWave;UWB;Sonar,Visual_LiDAR_Inertial_Fusion,Visual-LiDAR Fusion,Indoor;Urban;Underground/Tunnel;Adversarial/EW;Maritime/Water,Both_Real_and_Sim,Both,ATE_RMSE;Relative_Drift_Percent;Success_Rate;Computational_Latency,NOT_REPORTED,Mapping/Surveying,Single_Agent,Parsed from 29-page PDF. Primary evaluation: Both_Real_and_Sim with sensors [IMU;Monocular_Camera;LiDAR_3D;Radar_mmWave;UWB;Sonar].,3,2,1,0,6,Q-medium,"Rigor=3/4, Reporting=2/3, Baseline=1/2, Repro=0/1. Total=6/10 (Q-medium).",Important
REC_1192,Indoor UAV Localization Using a Tether,Xiao X.; Fan Y.; Dufek J.; Murphy R.,2018,10.1109/SSRR.2018.8468627,IEEE Conference/Journal,Scopus,True,6,Multi_Platform,IMU;Stereo_Camera;LiDAR_3D;UWB,Visual_SLAM,Visual-Inertial (VIO/SLAM),Indoor;Urban;Underground/Tunnel;Adversarial/EW,Real_World,Real_World,ATE_RMSE;Relative_Drift_Percent;Success_Rate;Computational_Latency,NOT_REPORTED,Mapping/Surveying,Single_Agent,Parsed from 6-page PDF. Primary evaluation: Real_World with sensors [IMU;Stereo_Camera;LiDAR_3D;UWB].,4,2,1,0,7,Q-high,"Rigor=4/4, Reporting=2/3, Baseline=1/2, Repro=0/1. Total=7/10 (Q-high).",Core
REC_1207,GPS-denied indoor and outdoor monocular vision aided navigation and control of unmanned aircraft,Chowdhary G.; Johnson E.N.; Magree D.; Wu A.; Shein A.,2013,10.1002/rob.21454,IEEE Conference/Journal,Scopus,True,45,Multi_Platform,IMU;Stereo_Camera;LiDAR_3D;Sonar,Visual_Inertial_Odometry,Visual-Inertial (VIO/SLAM),Indoor;Urban;Underground/Tunnel;Forest/Canopy;Adversarial/EW;Maritime/Water,Both_Real_and_Sim,Both,ATE_RMSE;Relative_Drift_Percent;Success_Rate;Computational_Latency,NOT_REPORTED,Inspection,Single_Agent,Parsed from 45-page PDF. Primary evaluation: Both_Real_and_Sim with sensors [IMU;Stereo_Camera;LiDAR_3D;Sonar].,4,3,1,0,8,Q-high,"Rigor=4/4, Reporting=3/3, Baseline=1/2, Repro=0/1. Total=8/10 (Q-high).",Core
REC_1212,Autonomous drone hunter operating by deep learning and all-onboard computations in GPS-denied environments,Wyder P.M.; Chen Y.-S.; Lasrado A.J.; Pelles R.J.; Kwiatkowski R.; Comas E.O.A.; Kennedy R.; Mangla A.; Huang Z.; Hu X.; Xiong Z.; Aharoni T.; Chuang T.-C.; Lipson H.,2019,10.1371/journal.pone.0225092,IEEE Conference/Journal,Scopus,True,18,UAV,IMU;Stereo_Camera;LiDAR_3D;Optical_Flow;Sonar,Visual_LiDAR_Inertial_Fusion,Visual-LiDAR Fusion,Indoor;Urban;Underground/Tunnel;Forest/Canopy;Adversarial/EW,Both_Real_and_Sim,Both,ATE_RMSE;Relative_Drift_Percent;Success_Rate;Computational_Latency,NOT_REPORTED,Inspection,Multi_Agent,Parsed from 18-page PDF. Primary evaluation: Both_Real_and_Sim with sensors [IMU;Stereo_Camera;LiDAR_3D;Optical_Flow;Sonar].,3,2,1,0,6,Q-medium,"Rigor=3/4, Reporting=2/3, Baseline=1/2, Repro=0/1. Total=6/10 (Q-medium).",Important
REC_1217,Vision based UAS navigation for RFI localization,Perkins A.; Chen Y.-H.; Lo S.; Enge P.,2018,10.33012/2018.16060,IEEE Conference/Journal,Scopus,True,11,Multi_Platform,IMU;Stereo_Camera;LiDAR_3D,Visual_LiDAR_Inertial_Fusion,Visual-LiDAR Fusion,Indoor;Urban;Underground/Tunnel;Forest/Canopy;Adversarial/EW,Simulation,Simulation,ATE_RMSE;Relative_Drift_Percent;RMSE;Success_Rate;Computational_Latency,NOT_REPORTED,Mapping/Surveying,Single_Agent,Parsed from 11-page PDF. Primary evaluation: Simulation with sensors [IMU;Stereo_Camera;LiDAR_3D].,2,2,1,1,6,Q-medium,"Rigor=2/4, Reporting=2/3, Baseline=1/2, Repro=1/1. Total=6/10 (Q-medium).",Important
REC_1245,Fusion of Optical Flow and Dead Reckoning Algorithms for UAV Navigation Without GPS,Walczak J.; Szykuła B.; Targowski P.; Pałys T.,2025,10.12716/1001.19.04.02,IEEE Conference/Journal,Scopus,True,6,UAV,IMU;Monocular_Camera;LiDAR_3D;Radar_mmWave;Optical_Flow;Sonar,Visual_Inertial_Odometry,Visual-Inertial (VIO/SLAM),Indoor;Urban;Underground/Tunnel;Forest/Canopy;Adversarial/EW,Both_Real_and_Sim,Both,ATE_RMSE;Relative_Drift_Percent;RMSE;Success_Rate;Computational_Latency,NOT_REPORTED,Inspection,Multi_Agent,Parsed from 6-page PDF. Primary evaluation: Both_Real_and_Sim with sensors [IMU;Monocular_Camera;LiDAR_3D;Radar_mmWave;Optical_Flow;Sonar].,3,3,1,0,7,Q-high,"Rigor=3/4, Reporting=3/3, Baseline=1/2, Repro=0/1. Total=7/10 (Q-high).",Important
REC_1270,Navigation of UAV in GNSS denied area,Pintér M.; Marcoň P.,2024,10.13164/eeict.2024.96,IEEE Conference/Journal,Scopus,True,4,UAV,IMU;Stereo_Camera;LiDAR_3D;Optical_Flow,Visual_LiDAR_Inertial_Fusion,Visual-LiDAR Fusion,Indoor;Underground/Tunnel;Adversarial/EW,Simulation,Simulation,ATE_RMSE;Relative_Drift_Percent;Success_Rate,NOT_REPORTED,Inspection,Single_Agent,Parsed from 4-page PDF. Primary evaluation: Simulation with sensors [IMU;Stereo_Camera;LiDAR_3D;Optical_Flow].,2,2,1,1,6,Q-medium,"Rigor=2/4, Reporting=2/3, Baseline=1/2, Repro=1/1. Total=6/10 (Q-medium).",Important
REC_1285,Unmanned autonomous aerial navigation in GPS-denied environments,Habib N.; Flores-Abad A.; Martínez-Martínez J.; Aponte-Roa D.A.; Espinoza A.A.,2020,10.18687/LACCEI2020.1.1.349,IEEE Conference/Journal,Scopus,True,4,UAV,IMU;Stereo_Camera;LiDAR_3D;Optical_Flow;Sonar,LiDAR_Inertial_Odometry_SLAM,LiDAR-Inertial / LiDAR SLAM,Indoor;Urban;Underground/Tunnel;Adversarial/EW;Maritime/Water,Both_Real_and_Sim,Both,ATE_RMSE;Computational_Latency,NOT_REPORTED,Inspection,Single_Agent,Parsed from 4-page PDF. Primary evaluation: Both_Real_and_Sim with sensors [IMU;Stereo_Camera;LiDAR_3D;Optical_Flow;Sonar].,4,2,1,1,8,Q-high,"Rigor=4/4, Reporting=2/3, Baseline=1/2, Repro=1/1. Total=8/10 (Q-high).",Core
REC_1298,Cooperative Localization for GNSS-Denied Subterranean Navigation: A UAV–UGV Team Approach,Akhihiero D.; Olawoye U.; Das S.; Gross J.,2024,10.33012/navi.677,IEEE Conference/Journal,Scopus,True,26,Multi_Platform,IMU;Stereo_Camera;LiDAR_3D;UWB,Visual_LiDAR_Inertial_Fusion,Visual-LiDAR Fusion,Indoor;Urban;Underground/Tunnel;Forest/Canopy;Adversarial/EW,Simulation,Simulation,ATE_RMSE;Relative_Drift_Percent;Success_Rate;Computational_Latency,NOT_REPORTED,Inspection,Multi_Agent,Parsed from 26-page PDF. Primary evaluation: Simulation with sensors [IMU;Stereo_Camera;LiDAR_3D;UWB].,2,2,1,1,6,Q-medium,"Rigor=2/4, Reporting=2/3, Baseline=1/2, Repro=1/1. Total=6/10 (Q-medium).",Important
REC_1306,UAV Visual Localization in GNSS-Denied Environments,Wang T.-C.; Tsou L.-H.; Jhan J.-P.; Tang R.-S.,2026,10.5194/isprs-archives-XLIX-B1-2026-55-2026,IEEE Conference/Journal,Scopus,True,7,UAV,IMU;Monocular_Camera,Visual_Inertial_Odometry,Visual-Inertial (VIO/SLAM),Indoor;Urban;Adversarial/EW,Simulation,Simulation,ATE_RMSE;RMSE;Success_Rate;Computational_Latency,NOT_REPORTED,Mapping/Surveying,Single_Agent,Parsed from 7-page PDF. Primary evaluation: Simulation with sensors [IMU;Monocular_Camera].,2,3,0,0,5,Q-medium,"Rigor=2/4, Reporting=3/3, Baseline=0/2, Repro=0/1. Total=5/10 (Q-medium).",Important
REC_1307,An architecture for robust UAV navigation in GPS-denied areas,Perez-Grau F.J.; Ragel R.; Caballero F.; Viguria A.; Ollero A.,2018,10.1002/rob.21757,IEEE Conference/Journal,Scopus,True,38,Multi_Platform,IMU;Stereo_Camera;LiDAR_2D,Visual_LiDAR_Inertial_Fusion,Visual-LiDAR Fusion,Indoor;Urban;Underground/Tunnel;Forest/Canopy;Adversarial/EW;Maritime/Water,Both_Real_and_Sim,Both,ATE_RMSE;Relative_Drift_Percent;Success_Rate;Computational_Latency,NOT_REPORTED,Inspection,Multi_Agent,Parsed from 38-page PDF. Primary evaluation: Both_Real_and_Sim with sensors [IMU;Stereo_Camera;LiDAR_2D].,4,3,1,1,9,Q-high,"Rigor=4/4, Reporting=3/3, Baseline=1/2, Repro=1/1. Total=9/10 (Q-high).",Core
REC_1308,Multi-sensor Data Fusion for Autonomous Unmanned Aerial Vehicle Navigation in GPS Denied Environments,ELMAS E.E.; ALKAN M.,2024,10.47839/ijc.23.4.3762,IEEE Conference/Journal,Scopus,True,12,Multi_Platform,IMU;Thermal_Camera;LiDAR_3D;Radar_mmWave;Optical_Flow;Sonar,Visual_LiDAR_Inertial_Fusion,Visual-LiDAR Fusion,Indoor;Urban;Underground/Tunnel;Forest/Canopy;Adversarial/EW,Both_Real_and_Sim,Both,ATE_RMSE;Relative_Drift_Percent;Success_Rate,NOT_REPORTED,Inspection,Single_Agent,Parsed from 12-page PDF. Primary evaluation: Both_Real_and_Sim with sensors [IMU;Thermal_Camera;LiDAR_3D;Radar_mmWave;Optical_Flow;Sonar].,3,3,1,0,7,Q-high,"Rigor=3/4, Reporting=3/3, Baseline=1/2, Repro=0/1. Total=7/10 (Q-high).",Important
REC_1313,A smart hybrid vision aided inertial navigation system approach for UAVs in a GNSS denied environment,Mostafa M.M.; Moussa A.M.; El-Sheimy N.; Sesay A.B.,2018,10.1002/navi.270,IEEE Conference/Journal,Scopus,True,15,Multi_Platform,IMU;Stereo_Camera;Radar_mmWave;Optical_Flow;Sonar,Visual_Inertial_Odometry,Visual-Inertial (VIO/SLAM),Urban;Underground/Tunnel;Forest/Canopy;Adversarial/EW;Maritime/Water,Simulation,Simulation,ATE_RMSE;Relative_Drift_Percent;Success_Rate,NOT_REPORTED,Inspection,Single_Agent,Parsed from 15-page PDF. Primary evaluation: Simulation with sensors [IMU;Stereo_Camera;Radar_mmWave;Optical_Flow;Sonar].,2,3,1,0,6,Q-medium,"Rigor=2/4, Reporting=3/3, Baseline=1/2, Repro=0/1. Total=6/10 (Q-medium).",Important
REC_1330,UAV VISUAL AUTOLOCALIZATON BASED on AUTOMATIC LANDMARK RECOGNITION,Filho P.S.; Shiguemori E.H.; Saotome O.,2017,10.5194/isprs-annals-IV-2-W3-89-2017,IEEE Conference/Journal,Scopus,True,6,Multi_Platform,IMU;Monocular_Camera;LiDAR_3D;Radar_mmWave,Visual_LiDAR_Inertial_Fusion,Visual-LiDAR Fusion,Indoor;Urban;Underground/Tunnel;Adversarial/EW;Maritime/Water,Both_Real_and_Sim,Both,ATE_RMSE;Computational_Latency,NOT_REPORTED,Inspection,Single_Agent,Parsed from 6-page PDF. Primary evaluation: Both_Real_and_Sim with sensors [IMU;Monocular_Camera;LiDAR_3D;Radar_mmWave].,4,3,1,0,8,Q-high,"Rigor=4/4, Reporting=3/3, Baseline=1/2, Repro=0/1. Total=8/10 (Q-high).",Core
REC_1358,An experimental analysis of outdoor UAV localisation through diverse estimators and crowd-sensed data fusion,Ahmed M.M.; Shawky M.A.; Zahran S.; Moussa A.; EL-Shimy N.; Elmahallawy A.A.; Ansari S.; Shah S.T.; Abdellatif A.G.,2024,10.1016/j.phycom.2024.102475,IEEE Conference/Journal,Scopus,True,18,Multi_Platform,IMU;Stereo_Camera;LiDAR_3D;Radar_mmWave;UWB;Optical_Flow,Visual_LiDAR_Inertial_Fusion,Visual-LiDAR Fusion,Indoor;Urban;Underground/Tunnel;Forest/Canopy;Adversarial/EW,Both_Real_and_Sim,Both,ATE_RMSE;Relative_Drift_Percent;RMSE;Success_Rate;Computational_Latency,NOT_REPORTED,Inspection,Multi_Agent,Parsed from 18-page PDF. Primary evaluation: Both_Real_and_Sim with sensors [IMU;Stereo_Camera;LiDAR_3D;Radar_mmWave;UWB;Optical_Flow].,4,3,1,0,8,Q-high,"Rigor=4/4, Reporting=3/3, Baseline=1/2, Repro=0/1. Total=8/10 (Q-high).",Core
REC_1366,Cooperative Localisation of a GPS-Denied UAV in 3-Dimensional Space Using Direction of Arrival Measurements,Russell J.S.; Ye M.; Anderson B.D.O.; Hmam H.; Sarunic P.,2017,10.1016/j.ifacol.2017.08.1226,IEEE Conference/Journal,Scopus,True,7,UAV,IMU,Visual_Inertial_Odometry,Visual-Inertial (VIO/SLAM),Urban;Underground/Tunnel;Adversarial/EW,Both_Real_and_Sim,Both,ATE_RMSE;Relative_Drift_Percent;Success_Rate,NOT_REPORTED,Mapping/Surveying,Multi_Agent,Parsed from 7-page PDF. Primary evaluation: Both_Real_and_Sim with sensors [IMU].,3,3,1,0,7,Q-high,"Rigor=3/4, Reporting=3/3, Baseline=1/2, Repro=0/1. Total=7/10 (Q-high).",Important
REC_1378,Optical Flow Sensor/INS/Magnetometer Integrated Navigation System for MAV in GPS-Denied Environment,Shen C.; Bai Z.; Cao H.; Xu K.; Wang C.; Zhang H.; Wang D.; Tang J.; Liu J.,2016,10.1155/2016/6105803,IEEE Conference/Journal,Scopus,True,10,Multi_Platform,IMU;Monocular_Camera;Optical_Flow;Sonar,Visual_Inertial_Odometry,Visual-Inertial (VIO/SLAM),Indoor;Urban;Underground/Tunnel;Adversarial/EW;Maritime/Water,Simulation,Simulation,ATE_RMSE;Relative_Drift_Percent;Success_Rate;Computational_Latency,NOT_REPORTED,Mapping/Surveying,Multi_Agent,Parsed from 10-page PDF. Primary evaluation: Simulation with sensors [IMU;Monocular_Camera;Optical_Flow;Sonar].,2,2,1,0,5,Q-medium,"Rigor=2/4, Reporting=2/3, Baseline=1/2, Repro=0/1. Total=5/10 (Q-medium).",Important
REC_1405,Angle Robustness Unmanned Aerial Vehicle Navigation in GNSS-Denied Scenarios,Wang Y.; Feng Z.; Zhang H.; Gao Y.; Lei J.; Sun L.; Song M.,2024,10.1609/aaai.v38i9.28906,IEEE Conference/Journal,Scopus,True,9,UAV,IMU;Stereo_Camera;LiDAR_3D;Optical_Flow,LiDAR_Inertial_Odometry_SLAM,LiDAR-Inertial / LiDAR SLAM,Indoor;Urban;Underground/Tunnel;Forest/Canopy;Adversarial/EW,Both_Real_and_Sim,Both,ATE_RMSE;Success_Rate,30.3%,Mapping/Surveying,Single_Agent,Parsed from 9-page PDF. Primary evaluation: Both_Real_and_Sim with sensors [IMU;Stereo_Camera;LiDAR_3D;Optical_Flow].,4,3,1,1,9,Q-high,"Rigor=4/4, Reporting=3/3, Baseline=1/2, Repro=1/1. Total=9/10 (Q-high).",Core
REC_1417,Cellular Communication-Based Autonomous UAV Navigation with Obstacle Avoidance for Unknown Indoor Environments,Choi Y.J.; Ramatryana I.N.A.; Shin S.Y.,2021,10.22266/ijies2021.0430.31,IEEE Conference/Journal,Scopus,True,9,Multi_Platform,IMU;Stereo_Camera;LiDAR_2D;Radar_mmWave,Visual_LiDAR_Inertial_Fusion,Visual-LiDAR Fusion,Indoor;Urban;Underground/Tunnel;Adversarial/EW,Simulation,Simulation,ATE_RMSE,NOT_REPORTED,Mapping/Surveying,Single_Agent,Parsed from 9-page PDF. Primary evaluation: Simulation with sensors [IMU;Stereo_Camera;LiDAR_2D;Radar_mmWave].,1,2,1,0,4,Q-medium,"Rigor=1/4, Reporting=2/3, Baseline=1/2, Repro=0/1. Total=4/10 (Q-medium).",Important
REC_1463,Decentralised Multi-UAV Cooperative Searching Multi-Target in Cluttered and GPS-Denied Environments,Zhu X.; Vanegas F.; Gonzalez F.,2022,10.1109/AERO53065.2022.9843665,IEEE Conference/Journal,Scopus,True,11,UAV,IMU;Monocular_Camera;LiDAR_3D,Visual_Inertial_Odometry,Visual-Inertial (VIO/SLAM),Indoor;Urban;Underground/Tunnel;Forest/Canopy;Adversarial/EW,Both_Real_and_Sim,Both,ATE_RMSE;Relative_Drift_Percent;Success_Rate;Computational_Latency,NOT_REPORTED,Inspection,Multi_Agent,Parsed from 11-page PDF. Primary evaluation: Both_Real_and_Sim with sensors [IMU;Monocular_Camera;LiDAR_3D].,3,3,2,1,9,Q-high,"Rigor=3/4, Reporting=3/3, Baseline=2/2, Repro=1/1. Total=9/10 (Q-high).",Core
REC_1561,Characterization of mountain drainage patterns for GPS-denied UAS navigation augmentation,Wang T.; Celik K.; Somani A.K.,2016,10.1007/s00138-015-0723-9,IEEE Conference/Journal,Scopus,True,15,UAV,IMU;Stereo_Camera;Radar_mmWave,Visual_Inertial_Odometry,Visual-Inertial (VIO/SLAM),Indoor;Urban;Underground/Tunnel;Forest/Canopy;Adversarial/EW;Maritime/Water,Simulation,Simulation,ATE_RMSE;Success_Rate,NOT_REPORTED,Inspection,Single_Agent,Parsed from 15-page PDF. Primary evaluation: Simulation with sensors [IMU;Stereo_Camera;Radar_mmWave].,1,2,1,1,5,Q-medium,"Rigor=1/4, Reporting=2/3, Baseline=1/2, Repro=1/1. Total=5/10 (Q-medium).",Important
REC_1564,Ultra-wideband based cooperative relative localization algorithm and experiments for multiple unmanned aerial vehicles in GPS denied environments,Guo K.; Qiu Z.; Meng W.; Xie L.; Teo R.,2017,10.1177/1756829317695564,IEEE Conference/Journal,Scopus,True,18,UAV,IMU;Monocular_Camera;LiDAR_2D;Radar_mmWave;UWB;Sonar,LiDAR_Inertial_Odometry_SLAM,LiDAR-Inertial / LiDAR SLAM,Indoor;Urban;Underground/Tunnel;Forest/Canopy;Adversarial/EW,Both_Real_and_Sim,Both,ATE_RMSE;Relative_Drift_Percent;Success_Rate;Computational_Latency,NOT_REPORTED,Mapping/Surveying,Multi_Agent,Parsed from 18-page PDF. Primary evaluation: Both_Real_and_Sim with sensors [IMU;Monocular_Camera;LiDAR_2D;Radar_mmWave;UWB;Sonar].,4,2,2,0,8,Q-high,"Rigor=4/4, Reporting=2/3, Baseline=2/2, Repro=0/1. Total=8/10 (Q-high).",Core
REC_1573,Visual-based localization methods for unmanned aerial vehicles in landing operation on maritime vessel,Nguyen T.-T.; Hamesse C.; Dutrannois T.; Halleux T.; De Cubber G.; Haelterman R.; Janssens B.,2024,10.21014/actaimeko.v13i4.1575,IEEE Conference/Journal,Scopus,True,13,Multi_Platform,IMU;Stereo_Camera;LiDAR_2D;Radar_mmWave,Visual_LiDAR_Inertial_Fusion,Visual-LiDAR Fusion,Indoor;Urban;Adversarial/EW;Maritime/Water,Both_Real_and_Sim,Both,ATE_RMSE;Relative_Drift_Percent;RMSE;Success_Rate;Computational_Latency,NOT_REPORTED,Mapping/Surveying,Single_Agent,Parsed from 13-page PDF. Primary evaluation: Both_Real_and_Sim with sensors [IMU;Stereo_Camera;LiDAR_2D;Radar_mmWave].,4,3,1,1,9,Q-high,"Rigor=4/4, Reporting=3/3, Baseline=1/2, Repro=1/1. Total=9/10 (Q-high).",Core
REC_1582,Overview of Mutual Localization Techniques Between Unmanned Aerial Vehicles in Swarm,Czaja B.; Maślanka K.; Skokowski P.; Kelner J.,2025,10.12716/1001.19.01.37,IEEE Conference/Journal,Scopus,True,7,UAV,IMU;Thermal_Camera;LiDAR_3D;Radar_mmWave;UWB;Sonar,Visual_LiDAR_Inertial_Fusion,Visual-LiDAR Fusion,Indoor;Underground/Tunnel;Forest/Canopy;Adversarial/EW;Maritime/Water,Simulation,Simulation,ATE_RMSE;Success_Rate,NOT_REPORTED,Search_and_Rescue,Multi_Agent,Parsed from 7-page PDF. Primary evaluation: Simulation with sensors [IMU;Thermal_Camera;LiDAR_3D;Radar_mmWave;UWB;Sonar].,1,3,1,0,5,Q-medium,"Rigor=1/4, Reporting=3/3, Baseline=1/2, Repro=0/1. Total=5/10 (Q-medium).",Important
REC_1612,Visual GPS-denied multi-agent localization & terrain classification,Chiel B.S.; Baillieul J.,2018,10.1109/AERO.2018.8396392,IEEE Conference/Journal,Scopus,True,12,Multi_Platform,IMU;Monocular_Camera,Visual_Inertial_Odometry,Visual-Inertial (VIO/SLAM),Indoor;Urban;Underground/Tunnel;Forest/Canopy;Adversarial/EW;Maritime/Water,Both_Real_and_Sim,Both,ATE_RMSE;Relative_Drift_Percent;Success_Rate,NOT_REPORTED,Inspection,Multi_Agent,Parsed from 12-page PDF. Primary evaluation: Both_Real_and_Sim with sensors [IMU;Monocular_Camera].,3,3,1,0,7,Q-high,"Rigor=3/4, Reporting=3/3, Baseline=1/2, Repro=0/1. Total=7/10 (Q-high).",Important
REC_1619,Robust Autonomous Flight in Constrained and Visually Degraded Shipboard Environments,Fang Z.; Yang S.; Jain S.; Dubey G.; Roth S.; Maeta S.; Nuske S.; Zhang Y.; Scherer S.,2017,10.1002/rob.21670,IEEE Conference/Journal,Scopus,True,28,Multi_Platform,IMU;Stereo_Camera;LiDAR_3D;Sonar,Visual_LiDAR_Inertial_Fusion,Visual-LiDAR Fusion,Indoor;Urban;Underground/Tunnel;Forest/Canopy;Adversarial/EW;Maritime/Water,Both_Real_and_Sim,Both,ATE_RMSE;Relative_Drift_Percent;Success_Rate;Computational_Latency,NOT_REPORTED,Inspection,Single_Agent,Parsed from 28-page PDF. Primary evaluation: Both_Real_and_Sim with sensors [IMU;Stereo_Camera;LiDAR_3D;Sonar].,4,3,2,1,10,Q-high,"Rigor=4/4, Reporting=3/3, Baseline=2/2, Repro=1/1. Total=10/10 (Q-high).",Core
REC_1640,Automatic landing of a low-cost quadrotor using monocular vision and Kalman filter in GPS-denied environments,Sani M.F.; Shoaran M.; Karimian G.,2019,10.3906/elk-1809-204,IEEE Conference/Journal,Scopus,True,19,Multi_Platform,IMU;Stereo_Camera;Radar_mmWave;UWB,Visual_Inertial_Odometry,Visual-Inertial (VIO/SLAM),Indoor;Urban;Underground/Tunnel;Adversarial/EW;Maritime/Water,Simulation,Simulation,ATE_RMSE;RMSE;Success_Rate;Computational_Latency,NOT_REPORTED,Mapping/Surveying,Multi_Agent,Parsed from 19-page PDF. Primary evaluation: Simulation with sensors [IMU;Stereo_Camera;Radar_mmWave;UWB].,1,2,1,0,4,Q-medium,"Rigor=1/4, Reporting=2/3, Baseline=1/2, Repro=0/1. Total=4/10 (Q-medium).",Important
REC_1642,UAV based target finding and tracking in GPS-denied and cluttered environments,Vanegas F.; Campbell D.; Eich M.; Gonzalez F.,2016,10.1109/IROS.2016.7759360,IEEE Conference/Journal,Scopus,True,8,Multi_Platform,IMU;Monocular_Camera,Visual_Inertial_Odometry,Visual-Inertial (VIO/SLAM),Indoor;Urban;Underground/Tunnel;Forest/Canopy;Adversarial/EW;Maritime/Water,Both_Real_and_Sim,Both,ATE_RMSE;Relative_Drift_Percent;Success_Rate;Computational_Latency,NOT_REPORTED,Inspection,Multi_Agent,Parsed from 8-page PDF. Primary evaluation: Both_Real_and_Sim with sensors [IMU;Monocular_Camera].,4,3,1,0,8,Q-high,"Rigor=4/4, Reporting=3/3, Baseline=1/2, Repro=0/1. Total=8/10 (Q-high).",Core
REC_1667,Autonomous Mapping and Navigation Unit for Aerial Robots,Baiao J.; Prado D.; Soares L.; Soares G.; Vangasse A.; Cruz G.; Lima R.; Pimenta L.; Goncalves V.; Freitas G.,2025,10.1109/ICAR65334.2025.11338655,IEEE Conference/Journal,Scopus,True,25,Multi_Platform,IMU;Stereo_Camera;LiDAR_3D,LiDAR_Inertial_Odometry_SLAM,LiDAR-Inertial / LiDAR SLAM,Indoor;Urban;Underground/Tunnel;Forest/Canopy;Adversarial/EW;Maritime/Water,Simulation,Simulation,ATE_RMSE;Relative_Drift_Percent;Success_Rate;Computational_Latency,NOT_REPORTED,Inspection,Multi_Agent,Parsed from 25-page PDF. Primary evaluation: Simulation with sensors [IMU;Stereo_Camera;LiDAR_3D].,1,3,1,1,6,Q-medium,"Rigor=1/4, Reporting=3/3, Baseline=1/2, Repro=1/1. Total=6/10 (Q-medium).",Important
REC_1678,Position and Orientation from Asynchronous Lidar in GNSS Denied Environments,Glennie C.; Haces-Garcia F.,2026,10.5194/isprs-annals-XI-1-2026-151-2026,IEEE Conference/Journal,Scopus,True,8,UAV,IMU;LiDAR_2D,LiDAR_Inertial_Odometry_SLAM,LiDAR-Inertial / LiDAR SLAM,Urban;Underground/Tunnel;Adversarial/EW,Both_Real_and_Sim,Both,ATE_RMSE;Relative_Drift_Percent;Success_Rate,NOT_REPORTED,Mapping/Surveying,Multi_Agent,Parsed from 8-page PDF. Primary evaluation: Both_Real_and_Sim with sensors [IMU;LiDAR_2D].,3,3,1,1,8,Q-high,"Rigor=3/4, Reporting=3/3, Baseline=1/2, Repro=1/1. Total=8/10 (Q-high).",Core
REC_1688,Pose estimation based on laser range finder for a quadrotor unmanned aerial vehicle in GPS-denied environment,X. Gu; B. Xian; F. Guo; Y. Zhang; X. Zhang,2013,10.1109/access.2019.2909530,IEEE Conference/Journal,IEEE_Xplore,True,63,Multi_Platform,IMU;Stereo_Camera;LiDAR_2D;Radar_mmWave,Visual_LiDAR_Inertial_Fusion,Visual-LiDAR Fusion,Indoor;Urban;Underground/Tunnel;Forest/Canopy;Adversarial/EW;Maritime/Water,Both_Real_and_Sim,Both,ATE_RMSE;Relative_Drift_Percent;Success_Rate;Computational_Latency,NOT_REPORTED,Inspection,Multi_Agent,Parsed from 63-page PDF. Primary evaluation: Both_Real_and_Sim with sensors [IMU;Stereo_Camera;LiDAR_2D;Radar_mmWave].,4,3,1,1,9,Q-high,"Rigor=4/4, Reporting=3/3, Baseline=1/2, Repro=1/1. Total=9/10 (Q-high).",Core
REC_1715,"Autonomous targeted flight of a rotary-wing micro aerial vehicle in indoor, GPS-denied environments",Potyagaylo S.; Rand O.,2014,10.1109/access.2019.2909530,IEEE Conference/Journal,Scopus,True,63,Multi_Platform,IMU;Stereo_Camera;LiDAR_2D;Radar_mmWave,Visual_LiDAR_Inertial_Fusion,Visual-LiDAR Fusion,Indoor;Urban;Underground/Tunnel;Forest/Canopy;Adversarial/EW;Maritime/Water,Both_Real_and_Sim,Both,ATE_RMSE;Relative_Drift_Percent;Success_Rate;Computational_Latency,NOT_REPORTED,Inspection,Multi_Agent,Parsed from 63-page PDF. Primary evaluation: Both_Real_and_Sim with sensors [IMU;Stereo_Camera;LiDAR_2D;Radar_mmWave].,4,3,1,1,9,Q-high,"Rigor=4/4, Reporting=3/3, Baseline=1/2, Repro=1/1. Total=9/10 (Q-high).",Core
