id,title,authors,year,venue,doi,source,platform,environment,sensors,algorithm_family,estimation_architecture,primary_metric,metric_value,metric_unit,dataset_used,experiment_type,key_contribution,application_domain,fulltext_available,citation_tier,notes,citation_count_approx,is_benchmark_paper,qa_rigor,qa_reporting,qa_baseline,qa_repro,qa_total,qa_tier,qa_notes
REC_0001,BIM-Assisted UAV Topological Localization and Navigation Method for GPS-Denied Indoor Environments,H. Pan; H. Ye; W. Zheng; L. Zhou,2026,,10.1109/ICCIR70228.2026.11633308,IEEE_Xplore,UAV,indoor,camera|GPS_denied_confirmed,other,other,RMSE,95.95,%,custom,simulation,This paper proposes a BIM-assisted UAV topological localization and navigation framework for GPS-denied indoor environments,navigation,false,Peripheral,Abstract-only extraction. QA capped accordingly.,,false,0,0,0,0,0,Q-low,CAP: simulation-only -> max Q-medium
REC_0003,Autonomous Navigation in GPS-Denied Environments Using Visual SLAM,L. B. Jayswal; S. Khadka; A. K. Shah; B. Yonzan; B. Rimal; N. Bhattarai; D. Chieng; B. Nakarmi,2026,,10.1109/ICTP67998.2026.11485150,IEEE_Xplore,UAV,mixed,lidar|camera|GPS_denied_confirmed,VIO_SLAM,other,RMSE,0.5,m,custom,real_world,This paper presents the real-time implementation of a visual Simultaneous Localization and Mapping (SLAM) for indoor quadcopter navigation,mapping,false,Peripheral,Abstract-only extraction. QA capped accordingly.,,false,1,1,0,1,3,Q-low,A+2: real-world experiments; B+1: quantitative error metric reported; D+1: code/data released; CAP: abstract-only -1 rigor (cannot verify from abstract alone)
REC_0004,UAV Navigation and Mission Execution in GPS-Denied Environment,J. -T. Zou; Y. -J. Cheng,2025,,10.1109/ICCE-Taiwan66881.2025.11207940,IEEE_Xplore,UAV,outdoor,GPS_denied_confirmed|UWB|WiFi,SLAM,other,RMSE,,,custom,simulation,"Precise drone navigation in GNSS-denied environments remains challenging. GPS fails in obstructed areas like cities and forests, limiting applications. Alternatives such as SLAM, INS, and radio-based",agriculture,false,Peripheral,Abstract-only extraction. QA capped accordingly.,,false,0,0,0,0,0,Q-low,CAP: simulation-only -> max Q-medium
REC_0006,A Multi-Sensor Fusion Framework for Unmanned Aerial Vehicle (UAV) Navigation and Inspection in GPS-Denied and Degraded Environments,V. V. Sai Viswa Kiran; A. S. Reddy; H. V. Sri Sai; H. Allaka; R. P. Kumar,2026,,10.1109/APSCON68325.2026.11497125,IEEE_Xplore,UAV,mixed,lidar|camera|IMU|GPS_denied_confirmed,hybrid,loosely_coupled,RMSE,,,custom,real_world,"To address these challenges, this paper presents a multi-sensor fusion framework for robust UAV navigation in GPS-compromised environments.The proposed approach employs a dual-strategy navigation fram",search_rescue,false,Peripheral,Abstract-only extraction. QA capped accordingly.,,false,1,1,0,0,2,Q-low,A+2: real-world experiments; B+1: ablation/failure analysis; CAP: abstract-only -1 rigor (cannot verify from abstract alone)
REC_0008,A Framework for UAV Navigation and Exploration in GPS-Denied Environments,F. Vanegas; K. J. Gaston; J. Roberts; F. Gonzalez,2019,,10.1109/AERO.2019.8741612,IEEE_Xplore,UAV,simulation,GPS_denied_confirmed,SLAM,other,RMSE,,,custom,simulation,"This paper presents the development of a framework that enables a drone to navigate in an unknown, unstructured and GPS-denied environment",inspection,false,Peripheral,Abstract-only extraction. QA capped accordingly.,,false,0,0,0,0,0,Q-low,CAP: simulation-only -> max Q-medium
REC_0010,Autonomous long-range navigation in GNSS-denied environment with low-cost UAV platform,A. R. Kuroswiski; N. M. F. de Oliveira; É. H. Shiguemori,2018,,10.1109/SYSCON.2018.8369592,IEEE_Xplore,UAV,simulation,IMU|GPS_denied_confirmed,other,other,RMSE,400.0,m,custom,simulation,"In this work is presented a solution based on a low-cost UAV platform, that uses a Landmark Recognition algorithm to compensate the inertial sensors errors cumulation, aiming to perform a long-range n",navigation,false,Peripheral,Abstract-only extraction. QA capped accordingly.,,false,0,1,0,0,1,Q-low,B+1: trajectory scale reported; CAP: simulation-only -> max Q-medium
REC_0013,Quantum-Enhanced Drone Swarm Localization in GPS-Denied Environment,S. K. Thota,2026,,10.1109/ICoECIT68303.2026.11497954,IEEE_Xplore,UAV,simulation,GPS_denied_confirmed,EKF,other,RMSE,,,custom,real_world,"Solutions for getting drone swarms localized when GPS is out of the picture. That's a big problem, really cuts into how reliable those autonomous jobs can be. This paper brings in a model that uses qu",military,false,Peripheral,Abstract-only extraction. QA capped accordingly.,,false,1,1,0,0,2,Q-low,A+2: real-world experiments; B+1: ablation/failure analysis; CAP: abstract-only -1 rigor (cannot verify from abstract alone)
REC_0017,Development of Nano UAV Platform for Navigation in GPS-Denied Environment Using Snapdragon,Y. Zhou; G. Qin; F. Lin,2018,,10.1109/IECON.2018.8592913,IEEE_Xplore,UAV,outdoor,camera|IMU|GPS_denied_confirmed|VINS,other,loosely_coupled,RMSE,,,custom,real_world,"In order to develop a nano UAV in a GPS-denied environment, a visual-inertial system (VINS) consisting of a monocular camera and a low-cost inertial measurement unit (IMU) should be integrated, as the",navigation,false,Peripheral,Abstract-only extraction. QA capped accordingly.,,false,1,0,0,1,2,Q-low,A+2: real-world experiments; D+1: code/data released; CAP: abstract-only -1 rigor (cannot verify from abstract alone)
REC_0022,Distance-based Autonomous Docking for UAV-MP in GPS-denied Environment,C. Cheng; X. Li; L. Li; L. Xie,2022,,10.1109/CCDC55256.2022.10034409,IEEE_Xplore,UAV,simulation,camera|GPS_denied_confirmed,other,other,RMSE,,,custom,simulation,"In this paper, we study the docking problem between a UAV and a mobile platform (MP) by estimating the relative position through distance information and its own displacement, and design the approachi",navigation,false,Peripheral,Abstract-only extraction. QA capped accordingly.,,false,0,1,0,0,1,Q-low,B+1: trajectory scale reported; CAP: simulation-only -> max Q-medium
REC_0023,Autonomous Aerial Navigation in GPS-Denied Environments,A. Variar; B. R; A. Fathima; R. U; G. Sreenandhini; D. K. H; J. J; S. M. D,2025,,10.1109/INSPIRE67328.2025.11300665,IEEE_Xplore,UAV,indoor,lidar|camera|GPS_denied_confirmed,other,other,RMSE,,,custom,simulation,"This paper proposes an autonomous navigation system that does not rely on GPS, GNSS or external markers",mapping,false,Peripheral,Abstract-only extraction. QA capped accordingly.,,false,0,0,0,0,0,Q-low,CAP: simulation-only -> max Q-medium
REC_0025,Design of an UWB indoor-positioning system for UAV navigation in GNSS-denied environments,J. Tiemann; F. Schweikowski; C. Wietfeld,2015,,10.1109/IPIN.2015.7346960,IEEE_Xplore,UAV,indoor,GPS_denied_confirmed|UWB,other,loosely_coupled,RMSE,10.0,cm,custom,real_world,"To enable the autonomous navigation of cooperative UAVs in GNSS-denied environments, the use of an ultra-wideband (UWB) positioning system is proposed",navigation,false,Peripheral,Abstract-only extraction. QA capped accordingly.,,false,1,1,1,0,3,Q-low,A+2: real-world experiments; B+1: quantitative error metric reported; C+1: established baseline compared; CAP: abstract-only -1 rigor (cannot verify from abstract alone)
REC_0028,UAV Waypoint Opportunistic Navigation in GNSS-Denied Environments,Y. Yang; J. Khalife; J. J. Morales; Z. M. Kassas,2022,,10.1109/TAES.2021.3103140,IEEE_Xplore,UAV,simulation,GPS_denied_confirmed,particle_filter,other,success_rate,95.0,%,custom,simulation,Monte Carlo simulation results are presented showing that the MOMP strategy achieves the desired objective with 95% success rate compared to a 36% success rate with the naive approach,navigation,false,Peripheral,Abstract-only extraction. QA capped accordingly.,,false,0,1,1,0,2,Q-low,B+1: trajectory scale reported; C+1: established baseline compared; CAP: simulation-only -> max Q-medium
REC_0031,Real-Time SLAM Based on Image Stitching for Autonomous Navigation of UAVs in GNSS-Denied Regions,M. Rizk; A. Mroue; M. Farran; J. Charara,2020,,10.1109/AICAS48895.2020.9073793,IEEE_Xplore,UAV,indoor,camera|GPS_denied_confirmed,VIO_SLAM,other,RMSE,,,custom,real_world,"This paper introduces a novel visual Simultaneous Localization and Mapping (SLAM) system, which is based on image stitching technique",mapping,false,Peripheral,Abstract-only extraction. QA capped accordingly.,,false,1,1,0,0,2,Q-low,A+2: real-world experiments; B+1: ablation/failure analysis; CAP: abstract-only -1 rigor (cannot verify from abstract alone)
REC_0032,Autonomous Navigation Systems in GPS-Denied Environments: A Review of Techniques and Applications,S. Alghamdi; S. Alahmari; S. Yonbawi; K. Alsaleem; F. Ateeq; F. Almushir,2025,,10.1109/ICARA64554.2025.10977619,IEEE_Xplore,UAV,outdoor,GPS_denied_confirmed,DNN,deep_learning,RMSE,,,custom,simulation,"As such, applications and techniques that introduce disruptive technologies, such as machine learning, deep learning, artificial intelligence, and sensor technology, have been developed to overcome so",delivery,false,Peripheral,Abstract-only extraction. QA capped accordingly.,,false,0,1,0,0,1,Q-low,B+1: ablation/failure analysis; CAP: simulation-only -> max Q-medium
REC_0033,BRM Localization: UAV Localization in GNSS-Denied Environments Based on Matching of Numerical Map and UAV Images,J. Choi; H. Myung,2020,,10.1109/IROS45743.2020.9341682,IEEE_Xplore,UAV,outdoor,camera|IMU|GPS_denied_confirmed,other,other,RMSE,,,custom,simulation,"To avoid this kind of situation, this paper proposes an algorithm that deals with the localization problem of the UAV in GNSS-denied environments",navigation,false,Peripheral,Abstract-only extraction. QA capped accordingly.,,false,0,2,0,0,2,Q-low,A+1: ground-truth comparison; B+1: trajectory scale reported; B+1: ablation/failure analysis; CAP: simulation-only -> max Q-medium; CAP: abstract-only -1 rigor (cannot verify from abstract alone)
REC_0035,State Estimation and Control for Micro Aerial Vehicles in GPS-denied Environments,H. Shen; X. Zhang; H. Lu; B. Tian; Q. Zong,2020,,10.1109/WCSP49889.2020.9299710,IEEE_Xplore,UAV,outdoor,lidar|IMU|GPS_denied_confirmed|wheel_encoder,graph_SLAM,other,RMSE,,,custom,real_world,"In this paper, a state estimation and control system in GPS-denied environments is presented for a micro aerial vehicle (MAV)",navigation,false,Peripheral,Abstract-only extraction. QA capped accordingly.,,false,1,0,0,0,1,Q-low,A+2: real-world experiments; CAP: abstract-only -1 rigor (cannot verify from abstract alone)
REC_0037,Deep Visual Localization for UAVs in GNSS-Denied Environments Using Satellite Imagery,E. Öksüz; B. Yalçın; T. Demirdal,2026,,10.1109/SIU71813.2026.11636724,IEEE_Xplore,UAV,outdoor,camera|GPS_denied_confirmed,EKF,loosely_coupled,RMSE,10.0,m,custom,real_world,"The proposed visual localization pipeline combines deep matching with SuperPoint–LightGlue, satellite–camera alignment via homography, Efficient Perspective-n-Point (EPnP)-based absolute pose estimati",navigation,false,Important,Abstract-only extraction. QA capped accordingly.,,false,2,1,1,1,5,Q-medium,A+2: real-world experiments; A+1: ground-truth comparison; B+1: quantitative error metric reported; C+1: established baseline compared; D+1: code/data released; CAP: abstract-only -1 rigor (cannot verify from abstract alone)
REC_0039,A Novel Geolocalization Algorithm for UAV Under GNSS-denied Environment using Heading Estimation before Image Matching,J. Yang; W. He; W. Teng; P. Jiang; X. Du,2025,,10.1109/ICGMRS66001.2025.11065657,IEEE_Xplore,UAV,outdoor,camera|GPS_denied_confirmed,other,other,RMSE,60.0,%,custom,simulation,This study proposed a novel glocalization algorithm for UAV under GNSS-denied environment,navigation,false,Peripheral,Abstract-only extraction. QA capped accordingly.,,false,0,1,0,0,1,Q-low,B+1: quantitative error metric reported; CAP: simulation-only -> max Q-medium
REC_0041,UAV Navigation With Monocular Visual Inertial Odometry Under GNSS-Denied Environment,H. Luo; G. Li; D. Zou; K. Li; X. Li; Z. Yang,2023,,10.1109/TGRS.2023.3323519,IEEE_Xplore,UAV,indoor,camera|IMU|GPS_denied_confirmed|VINS|wheel_encoder,VIO,tightly_coupled,RMSE,32.3,%,EuRoC,real_world,"Therefore, this article presents monocular VIO with point-line fusion and backend adaptive optimization to improve the positioning accuracy and robustness of UAV navigation systems",navigation,false,Peripheral,Abstract-only extraction. QA capped accordingly.,,false,1,0,1,0,2,Q-low,A+2: real-world experiments; C+1: established baseline compared; CAP: abstract-only -1 rigor (cannot verify from abstract alone)
REC_0042,A Hierarchical Clustered Relative Localization Algorithm in GNSS-denied UAV Swarm Environments,Y. Luo; P. Hu; J. Tian; S. Hang; H. Jiang,2025,,10.1109/GLOBECOM59602.2025.11432255,IEEE_Xplore,UAV,simulation,GPS_denied_confirmed,other,other,RMSE,44.0,%,custom,simulation,"To address the above limitations, this paper proposes a Hierarchical Clustered Relative Localization Algorithm (DH-RLA)",military,false,Peripheral,Abstract-only extraction. QA capped accordingly.,,false,0,1,1,0,2,Q-low,B+1: ablation/failure analysis; C+1: established baseline compared; CAP: simulation-only -> max Q-medium
REC_0043,Robust Sensor Fusion for Autonomous UAV Navigation in GPS denied Forest Environment,S. M. Shithil; A. A. M. Faudzi; A. Abdullah; N. Islam; S. M. Saad,2022,,10.1109/ROMA55875.2022.9915682,IEEE_Xplore,UAV,simulation,GPS_denied_confirmed,hybrid,loosely_coupled,RMSE,,,custom,simulation,"In this paper, an autonomous UAV flight mission in a cluttered forest-like canopy environment is presented",navigation,false,Peripheral,Abstract-only extraction. QA capped accordingly.,,false,0,0,0,0,0,Q-low,CAP: simulation-only -> max Q-medium
REC_0050,Conditional Probabilistic Relative Visual Localization for Unmanned Aerial Vehicles,A. Couturier; M. Akhloufi,2020,,10.1109/CCECE47787.2020.9255691,IEEE_Xplore,UAV,outdoor,camera|IMU|GPS_denied_confirmed,particle_filter,loosely_coupled,RMSE,,,custom,real_world,This paper presents a relative visual localization (RVL) approach for GPS-denied environments using a down-facing 2D monocular camera and an inertial measurement unit (IMU),navigation,false,Peripheral,Abstract-only extraction. QA capped accordingly.,,false,1,1,0,0,2,Q-low,A+2: real-world experiments; B+1: ablation/failure analysis; CAP: abstract-only -1 rigor (cannot verify from abstract alone)
REC_0051,Motion State Classification for Drone Localisation in GPS-Denied Environments using TinyML on Resource-Constrained Hardware,V. Barbu; A. -M. Drăgulinescu; A. Țapu,2025,,10.1109/AIoT66900.2025.00126,IEEE_Xplore,UAV,outdoor,IMU|GPS_denied_confirmed,DNN,deep_learning,RMSE,,,custom,real_world,This work presents a fully embedded approach that combines inertial and environmental sensing with Tiny Machine Learning models for on-board motion-state inference,navigation,false,Peripheral,Abstract-only extraction. QA capped accordingly.,,false,1,0,0,0,1,Q-low,A+2: real-world experiments; CAP: abstract-only -1 rigor (cannot verify from abstract alone)
REC_0052,Multi-UAV Cooperative Localization with PSO-Based Configuration Optimization for Bridge Inspection in GNSS-Denied Environment,X. Chen; R. Yao; L. Zheng,2025,,10.1109/AIoTC66747.2025.11198743,IEEE_Xplore,UAV,simulation,GPS_denied_confirmed|UWB,other,other,RMSE,,,custom,simulation,"This paper proposes a collaborative navigation framework based on multiple unmanned aerial vehicles (UAVs), integrating one inspection UAV with a cluster of reference UAVs for auxiliary positioning to",inspection,false,Peripheral,Abstract-only extraction. QA capped accordingly.,,false,0,0,0,0,0,Q-low,CAP: simulation-only -> max Q-medium
REC_0053,Vision-based Navigation of Unmanned Aerial Vehicles,H. Gahlot; A. Kumar; P. Kumar; E. A. Sharma,2024,,10.1109/ICACCM61117.2024.11059131,IEEE_Xplore,UAV,indoor,camera|GPS_denied_confirmed,other,other,RMSE,,,custom,simulation,"This paper presents a vision-based navigation framework that leverages visual data for real-time localization and path planning, providing an alternative to GPS navigation",navigation,false,Peripheral,Abstract-only extraction. QA capped accordingly.,,false,0,1,0,0,1,Q-low,B+1: ablation/failure analysis; CAP: simulation-only -> max Q-medium
REC_0057,ROS+unity: An efficient high-fidelity 3D multi-UAV navigation and control simulator in GPS-denied environments,W. Meng; Y. Hu; J. Lin; F. Lin; R. Teo,2015,,10.1109/IECON.2015.7392488,IEEE_Xplore,UAV,simulation,GPS_denied_confirmed,other,loosely_coupled,RMSE,,,custom,real_world,"In this paper, we will introduce our newly developed 3D simulation system for miniature unmanned aerial vehicles (UAVs) navigation and control in GPS-denied environments",navigation,false,Peripheral,Abstract-only extraction. QA capped accordingly.,,false,1,0,0,0,1,Q-low,A+2: real-world experiments; CAP: abstract-only -1 rigor (cannot verify from abstract alone)
REC_0058,Autonomous UAV Navigation and Real-Time Crack Detection for Infrastructure Inspection in GPS-Denied Environments,M. Imad; M. Wicaksono; S. Y. Shin,2024,,10.1109/ICTC62082.2024.10827730,IEEE_Xplore,UAV,outdoor,camera|GPS_denied_confirmed,DNN,deep_learning,RMSE,,,custom,real_world,"In addition, the intricacy of infrastructure images presents significant challenges to traditional image processing methods",inspection,false,Peripheral,Abstract-only extraction. QA capped accordingly.,,false,1,0,0,0,1,Q-low,A+2: real-world experiments; CAP: abstract-only -1 rigor (cannot verify from abstract alone)
REC_0064,Positioning and Navigation Approaches Using Packet Loss-Based Multilateration for UAVs in GPS-Denied Environments,I. Srisomboon; S. Lee,2024,,10.1109/ACCESS.2024.3357148,IEEE_Xplore,UAV,mixed,GPS_denied_confirmed|WiFi,other,other,RMSE,55.78,%,custom,simulation,"This study addresses the crucial challenge of non-GPS drones in outdoor surveillance scenarios and proposes a packet loss-based positioning approach, wherein a drone estimates its current position by ",navigation,false,Peripheral,Abstract-only extraction. QA capped accordingly.,,false,0,1,0,0,1,Q-low,B+1: ablation/failure analysis; CAP: simulation-only -> max Q-medium
REC_0065,Autonomous Drones in GNSS-Denied Environments: Results from the Leonardo Drone Contest,S. Godio; F. Marino; A. Minervini; S. Primatesta; M. Chiaberge; G. Guglieri,2023,,10.1109/MetroAeroSpace57412.2023.10190003,IEEE_Xplore,UAV,outdoor,GPS_denied_confirmed,other,other,RMSE,,,custom,real_world,"At the end of a three years cycle of the competition, in this paper a review of the identified system and conclusions made by the DRAFT team from Politecnico di Torino is presented",navigation,false,Peripheral,Abstract-only extraction. QA capped accordingly.,,false,1,0,0,0,1,Q-low,A+2: real-world experiments; CAP: abstract-only -1 rigor (cannot verify from abstract alone)
REC_0066,Real Time Vision Based Obstacle Avoidance for UAV using YOLO in GPS Denied Environment,S. K. NT; G. U. Sai; P. K. Duba; P. Rajalakshmi,2023,,10.1109/OCIT59427.2023.10431039,IEEE_Xplore,UAV,outdoor,camera|GPS_denied_confirmed,other,other,RMSE,2.0,m,custom,real_world,"Real-time testing of the proposed technique demonstrates its efficacy in detecting and avoiding obstacles within a threshold distance of 2 meters, with an error rate of 10%",navigation,false,Peripheral,Abstract-only extraction. QA capped accordingly.,,false,1,2,0,0,3,Q-low,A+2: real-world experiments; B+1: quantitative error metric reported; B+1: trajectory scale reported; CAP: abstract-only -1 rigor (cannot verify from abstract alone)
REC_0068,Efficient Analog Ultrasonic Detection for Autonomous Drone Navigation in GPS-Denied Environments,Prashasti; A. Grover; S. Chatterjee,2025,,10.1109/NETCRYPT65877.2025.11102407,IEEE_Xplore,UAV,indoor,GPS_denied_confirmed|sonar,other,other,RMSE,1.8,cm,custom,real_world,"This work presents a customdesigned analog ultrasonic detection system, purpose-built to address the latency, energy, and hardware complexity challenges associated with conventional microcontroller- a",navigation,false,Important,Abstract-only extraction. QA capped accordingly.,,false,1,2,1,0,4,Q-medium,A+2: real-world experiments; B+1: quantitative error metric reported; B+1: ablation/failure analysis; C+1: established baseline compared; CAP: abstract-only -1 rigor (cannot verify from abstract alone)
REC_0069,SonarLite: a Compact Analog Sensing System for Real-Time UAV Navigation in GPS-Denied Zones,Prashasti; A. Grover; S. Chatterjee,2025,,10.1109/FITYR68680.2025.00007,IEEE_Xplore,UAV,indoor,GPS_denied_confirmed|sonar,other,other,RMSE,,,custom,real_world,This work presents a signal-domain analog sensing approach for autonomous UAV navigation in GPS-denied indoor environments,navigation,false,Peripheral,Abstract-only extraction. QA capped accordingly.,,false,1,0,1,0,2,Q-low,A+2: real-world experiments; C+1: established baseline compared; CAP: abstract-only -1 rigor (cannot verify from abstract alone)
REC_0071,Radar-Based High-Accuracy 3D Localization of UAVs for Landing in GNSS-Denied Environments,Y. Dobrev; Y. Dobrev; P. Gulden; M. Lipka; T. Pavlenko; D. Moormann; M. Vossiek,2018,,10.1109/ICMIM.2018.8443483,IEEE_Xplore,UAV,outdoor,GPS_denied_confirmed|radar,other,other,RMSE,,,custom,simulation,This paper presents a localization system for 3D position estimation based on 24 GHz FMCW cooperative radar,navigation,false,Peripheral,Abstract-only extraction. QA capped accordingly.,,false,0,0,0,0,0,Q-low,CAP: simulation-only -> max Q-medium
REC_0077,3D Path Planning for Autonomous UAV Navigation in GPS-Denied Environments,T. Thakkar; R. Ramirez; R. Tsui; S. Bhandari; A. Raheja,2026,,10.1109/ICUAS69441.2026.11598675,IEEE_Xplore,UAV,simulation,lidar|GPS_denied_confirmed,SLAM,other,RMSE,,,custom,real_world,"This paper presents a UAV path planning framework designed to enable smooth, collision-free navigation in static, GPS-denied environments",navigation,false,Peripheral,Abstract-only extraction. QA capped accordingly.,,false,1,1,0,0,2,Q-low,A+2: real-world experiments; B+1: trajectory scale reported; CAP: abstract-only -1 rigor (cannot verify from abstract alone)
REC_0080,Enabling Computer Vision-Based Autonomous Navigation for Unmanned Aerial Vehicles in Cluttered GPS-Denied Environments,F. Valenti; D. Giaquinto; L. Musto; A. Zinelli; M. Bertozzi; A. Broggi,2018,,10.1109/ITSC.2018.8569695,IEEE_Xplore,UAV,outdoor,camera|GPS_denied_confirmed,VIO_SLAM,other,RMSE,,,custom,simulation,This paper presents a synthesis of techniques enabling vision-based autonomous Unmanned Aerial Vehicle (UAV) systems,mapping,false,Peripheral,Abstract-only extraction. QA capped accordingly.,,false,0,0,0,0,0,Q-low,CAP: simulation-only -> max Q-medium
REC_0082,Federated Deep Reinforcement Learning for Collaborative Autonomous Navigation in GPS-Denied Environments,N. D. Almalis; G. A. Tsihrintzis; A. Stergioulis; M. Michail,2025,,10.1109/IISA66859.2025.11311273,IEEE_Xplore,UAV,simulation,camera|IMU|GPS_denied_confirmed,DNN,loosely_coupled,RMSE,,,custom,real_world,"This paper presents a novel framework for collaborative autonomous drone navigation in GPS-denied environments, integrating federated deep reinforcement learning (FDRL) with real-time computer vision ",navigation,false,Peripheral,Abstract-only extraction. QA capped accordingly.,,false,1,0,0,0,1,Q-low,A+2: real-world experiments; CAP: abstract-only -1 rigor (cannot verify from abstract alone)
REC_0083,A Relative Navigation Method Based on Wireless Ranging for UAV in GPS Denied Environment,M. Li; S. Weng; G. Song; N. Wang; Y. Zhang,2020,,10.1109/ICECCE49384.2020.9179243,IEEE_Xplore,UAV,outdoor,GPS_denied_confirmed|WiFi,other,other,RMSE,,,EuRoC,real_world,"To meet the local positioning demands of unmanned aerial vehicle(UAV) in GPS denied environment, we proposed a relative navigation method using wireless ranging information to construct virtual base s",navigation,false,Peripheral,Abstract-only extraction. QA capped accordingly.,,false,1,0,0,0,1,Q-low,A+2: real-world experiments; CAP: abstract-only -1 rigor (cannot verify from abstract alone)
REC_0084,Simulating GPS-denied Autonomous UAV Navigation for Detection of Surface Water Bodies,A. D. Singh; F. Vanegas Alvarez,2020,,10.1109/ICUAS48674.2020.9213927,IEEE_Xplore,UAV,simulation,GPS_denied_confirmed,SLAM,other,RMSE,,,custom,real_world,"For Mars, or other planets to sustain human life, it is essential that water is present and accessible",mapping,false,Peripheral,Abstract-only extraction. QA capped accordingly.,,false,1,0,0,1,2,Q-low,A+2: real-world experiments; D+1: code/data released; CAP: abstract-only -1 rigor (cannot verify from abstract alone)
REC_0088,Two-stage Motion Estimation for UAV Landing under GPS-denied Condition,L. Zhang; G. Yu; X. Song; P. Li; Z. Zhai; Y. Lu,2020,,10.1109/ICUS50048.2020.9274941,IEEE_Xplore,UAV,outdoor,camera|IMU|GPS_denied_confirmed|wheel_encoder,other,other,RMSE,,,custom,real_world,This paper proposes an optimization-based motion estimation approach that integrates inertial measurements and visual observations,navigation,false,Peripheral,Abstract-only extraction. QA capped accordingly.,,false,1,0,0,0,1,Q-low,A+2: real-world experiments; CAP: abstract-only -1 rigor (cannot verify from abstract alone)
REC_0089,Exploring Deep Learning-Based Visual Localization Techniques for UAVs in GPS-Denied Environments,O. Y. Al-Jarrah; A. S. Shatnawi; M. M. Shurman; O. A. Ramadan; S. Muhaidat,2024,,10.1109/ACCESS.2024.3440064,IEEE_Xplore,UAV,outdoor,camera|GPS_denied_confirmed,DNN,deep_learning,RMSE,,,custom,simulation,"The ultimate goal is to develop more accurate, dependable, and secure navigation solutions for UAVs.",navigation,false,Peripheral,Abstract-only extraction. QA capped accordingly.,,false,0,1,0,0,1,Q-low,B+1: ablation/failure analysis; CAP: simulation-only -> max Q-medium
REC_0093,UWB-based System for UAV Localization in GNSS-Denied Environments: Characterization and Dataset,J. P. Queralta; C. Martínez Almansa; F. Schiano; D. Floreano; T. Westerlund,2020,,10.1109/IROS45743.2020.9341042,IEEE_Xplore,UAV,indoor,GPS_denied_confirmed|UWB,other,other,RMSE,,,custom,real_world,"Small unmanned aerial vehicles (UAV) have penetrated multiple domains over the past years. In GNSS-denied or indoor environments, aerial robots require a robust and stable localization system, often w",navigation,false,Peripheral,Abstract-only extraction. QA capped accordingly.,,false,2,0,0,1,3,Q-low,A+2: real-world experiments; A+1: ground-truth comparison; D+1: code/data released; CAP: abstract-only -1 rigor (cannot verify from abstract alone)
REC_0095,Cooperative Relative Localization for UAV Swarm in GNSS-Denied Environment: A Coalition Formation Game Approach,L. Ruan; G. Li; W. Dai; S. Tian; G. Fan; J. Wang; X. Dai,2022,,10.1109/JIOT.2021.3130000,IEEE_Xplore,UAV,simulation,GPS_denied_confirmed,other,other,success_rate,,,custom,simulation,"This article proposes a clustering-based cooperative relative localization scheme for UAV swarm, which contains a two-level framework: inter/intra-cluster localization",navigation,false,Peripheral,Abstract-only extraction. QA capped accordingly.,,false,0,1,1,0,2,Q-low,B+1: trajectory scale reported; C+1: established baseline compared; CAP: simulation-only -> max Q-medium
REC_0096,Cooperative UWB-Based Localization for Outdoors Positioning and Navigation of UAVs aided by Ground Robots,Y. Xianjia; L. Qingqing; J. P. Queralta; J. Heikkonen; T. Westerlund,2021,,10.1109/ICAS49788.2021.9551177,IEEE_Xplore,UAV,simulation,camera|IMU|GPS_denied_confirmed|UWB|wheel_encoder,VIO,other,RMSE,,,custom,simulation,"With fast deployment and wide setup flexibility, the proposed system is able to accommodate different environments and can also be utilized in GNSS-denied environments",navigation,false,Peripheral,Abstract-only extraction. QA capped accordingly.,,false,0,0,0,0,0,Q-low,A+1: ground-truth comparison; CAP: simulation-only -> max Q-medium; CAP: abstract-only -1 rigor (cannot verify from abstract alone)
REC_0102,Quantum-Enhanced Multi-Sensor Fusion for UAV Navigation in GPS-Denied Environments,A. Moussa; I. N. Him; K. Chawqi; Y. Salih-Alj,2026,,10.1109/FET68771.2026.11601505,IEEE_Xplore,UAV,outdoor,lidar|camera|IMU|GPS_denied_confirmed,EKF,loosely_coupled,drift_pct,,,EuRoC,real_world,This paper proposes a feasibility study of a quantum-enhanced multi-sensor fusion framework that integrates cold-atom accelerometer-inspired aiding and NV-center-based heading stabilization with conve,navigation,false,Peripheral,Abstract-only extraction. QA capped accordingly.,,false,1,0,1,0,2,Q-low,A+2: real-world experiments; C+1: established baseline compared; CAP: abstract-only -1 rigor (cannot verify from abstract alone)
REC_0106,Enhanced Altitude Estimation for Unmanned Aerial Vehicles in a GNSS-denied Environment,A. Minervini; S. Primatesta; G. Guglieri,2024,,10.1109/ICUAS60882.2024.10556904,IEEE_Xplore,UAV,outdoor,camera|IMU|GPS_denied_confirmed|wheel_encoder,VIO_SLAM,other,drift_pct,,,custom,simulation,GNSS-denied environments represent challenging environments for autonomous drones,navigation,false,Peripheral,Abstract-only extraction. QA capped accordingly.,,false,0,1,0,0,1,Q-low,B+1: trajectory scale reported; CAP: simulation-only -> max Q-medium
REC_0107,Augmented Radar Odometry by Nested Optimal Filter Aided Navigation for UAVS in GNSS Denied Environment,S. Zahran; M. Mostafa; M. Moussa; A. Salib; A. Moussa; N. El-Sheimy,2021,,10.1109/ITC-Egypt52936.2021.9513978,IEEE_Xplore,UAV,outdoor,camera|IMU|GPS_denied_confirmed|barometer|magnetometer|radar|wheel_encoder,EKF,loosely_coupled,drift_pct,99.0,%,custom,simulation,"Although most of these UAVs are equipped with Global Navigation Satellite System (GNSS) / Inertial Navigation System (INS) reliable integrated system for localization proposes, they are susceptible to",military,false,Peripheral,Abstract-only extraction. QA capped accordingly.,,false,0,0,1,0,1,Q-low,C+1: established baseline compared; CAP: simulation-only -> max Q-medium
REC_0111,Position Estimation for Drones based on Visual SLAM and IMU in GPS-denied Environment,H. D. K. Motlagh; F. Lotfi; H. D. Taghirad; S. B. Germi,2019,,10.1109/ICRoM48714.2019.9071826,IEEE_Xplore,UAV,outdoor,camera|IMU|GPS_denied_confirmed|wheel_encoder,VIO_SLAM,loosely_coupled,RMSE,,,custom,simulation,"In this paper, a positioning system based on monocular SLAM and inertial measurement unit (IMU) is presented",navigation,false,Peripheral,Abstract-only extraction. QA capped accordingly.,,false,0,2,1,0,3,Q-low,B+1: trajectory scale reported; B+1: ablation/failure analysis; C+1: established baseline compared; CAP: simulation-only -> max Q-medium
REC_0114,Resilient Navigation for UAVs: GNSS Attack Detection and Seamless Transition to Visual-Inertial Localization,S. R. Akkala; H. Allaka,2025,,10.1109/INDICON68490.2025.11392970,IEEE_Xplore,UAV,outdoor,camera|IMU|GPS_denied_confirmed,other,other,RMSE,,,custom,simulation,This paper presents a resilient navigation framework designed to ensure mission continuity in GNSS-compromised environments by integrating real-time attack detection with a seamless transition to alte,navigation,false,Peripheral,Abstract-only extraction. QA capped accordingly.,,false,0,0,0,0,0,Q-low,CAP: simulation-only -> max Q-medium
REC_0115,Low Computational Data Fusion Approach Using INS and UWB for UAV Navigation Tasks in GPS-Denied Environments,X. Kong; G. Fang; L. Liu; T. P. Tran,2019,,10.1109/PDCAT46702.2019.00080,IEEE_Xplore,UAV,simulation,IMU|GPS_denied_confirmed|UWB,particle_filter,loosely_coupled,RMSE,,,custom,real_world,This paper presents a low computational approach for unmanned aerial vehicles (UAV) navigation in GPS-denied environments,navigation,false,Peripheral,Abstract-only extraction. QA capped accordingly.,,false,1,1,0,0,2,Q-low,A+2: real-world experiments; B+1: ablation/failure analysis; CAP: abstract-only -1 rigor (cannot verify from abstract alone)
REC_0118,A Vision-Aided Navigation System by Ground-Aerial Vehicle Cooperation for UAV in GNSS-Denied Environments,Z. -H. Wang; T. Zhang; K. -Y. Qin; B. Zhu,2018,,10.1109/GNCC42960.2018.9019191,IEEE_Xplore,UAV,outdoor,camera|GPS_denied_confirmed,VIO_SLAM,other,RMSE,,,custom,real_world,"To address this issue, this paper presents a technical solution for building autonomous navigation system based on the concept of Ground-Aerial Vehicle Cooperation",mapping,false,Peripheral,Abstract-only extraction. QA capped accordingly.,,false,1,1,1,0,3,Q-low,A+2: real-world experiments; B+1: ablation/failure analysis; C+1: established baseline compared; CAP: abstract-only -1 rigor (cannot verify from abstract alone)
REC_0123,Visual-based landing system of a multirotor UAV in GNSS denied environment,A. Marut; P. Wojciechowski; K. Wojtowicz; K. Falkowski,2023,,10.1109/MetroAeroSpace57412.2023.10190013,IEEE_Xplore,UAV,outdoor,camera|GPS_denied_confirmed|wheel_encoder,DNN,deep_learning,RMSE,,,custom,simulation,"The paper presents a comprehensive review of various vision-based techniques, such as optical flow, stereo vision, monocular visual odometry, and deep learning-based methods, which have been proposed ",military,false,Peripheral,Abstract-only extraction. QA capped accordingly.,,false,0,1,0,0,1,Q-low,B+1: ablation/failure analysis; CAP: simulation-only -> max Q-medium
REC_0129,Factor Graph Optimization based Sensor Fusion Positioning Algorithm for UAV in GPS-denied Environment,C. Wang; A. Kuanysh; X. Zhao; H. Liang; B. Yang,2025,,10.1109/AIHCIR67580.2025.11405273,IEEE_Xplore,UAV,simulation,IMU|GPS_denied_confirmed|UWB,graph_SLAM,loosely_coupled,RMSE,0.0356,m,custom,simulation,"To address the aforementioned issues, in this article, a fusion positioning method based on Factor Graph Optimization (FGO) that integrates IMU and UWB through data fusion is proposed",navigation,false,Peripheral,Abstract-only extraction. QA capped accordingly.,,false,0,1,0,0,1,Q-low,B+1: quantitative error metric reported; CAP: simulation-only -> max Q-medium
REC_0131,Digital Twin for Drone Indoor Autonomous Navigation,M. J. Kumar; S. Singh; A. Saneen; D. Thomas,2026,,10.1109/LSENS.2025.3642424,IEEE_Xplore,UAV,indoor,lidar|camera|GPS_denied_confirmed,DNN,other,RMSE,224.0,cm,custom,real_world,A digital twin (DT)-based framework for autonomous drone navigation in GPS-denied indoor environments is presented in this letter,navigation,false,Peripheral,Abstract-only extraction. QA capped accordingly.,,false,1,1,1,0,3,Q-low,A+2: real-world experiments; B+1: quantitative error metric reported; C+1: established baseline compared; CAP: abstract-only -1 rigor (cannot verify from abstract alone)
REC_0136,A Novel Positioning Method for UAV in GNSS-Denied Environments Based on Mechanical Antenna,Y. Cui; C. Wang; Q. Hu; B. Xu; X. Song; Z. Yuan; Y. Zhu,2024,,10.1109/TIE.2023.3347859,IEEE_Xplore,UAV,indoor,IMU|GPS_denied_confirmed,other,other,RMSE,0.45,m,custom,simulation,"Therefore, a novel positioning method for UAV in GNSS-denied environments based on mechanical antenna (MA) is proposed in this work, which consists of MA installed on UAV to generated low-frequency (L",navigation,false,Peripheral,Abstract-only extraction. QA capped accordingly.,,false,0,1,0,0,1,Q-low,B+1: quantitative error metric reported; CAP: simulation-only -> max Q-medium
REC_0137,Multi-UAVs Cooperative Localization with Deep Reinforcement Learning in GPS-Denied Environment,Z. Wu; K. Wan; C. He; Y. Fan; H. Qiang; Y. Wu,2025,,10.1109/ICUS66297.2025.11294564,IEEE_Xplore,UAV,simulation,GPS_denied_confirmed,DNN,other,RMSE,,,custom,simulation,This paper proposes a collaborative strategy enabling UAVs to maintain real-time positioning via intra-formation relative spatial measurements after GPS loss,navigation,false,Peripheral,Abstract-only extraction. QA capped accordingly.,,false,0,0,1,0,1,Q-low,C+1: established baseline compared; CAP: simulation-only -> max Q-medium
REC_0138,Autonomous Exploration and Mapping System Using Heterogeneous UAVs and UGVs in GPS-Denied Environments,H. Qin; Z. Meng; W. Meng; X. Chen; H. Sun; F. Lin; M. H. Ang,2019,,10.1109/TVT.2018.2890416,IEEE_Xplore,UAV,simulation,GPS_denied_confirmed,SLAM,loosely_coupled,RMSE,,,custom,simulation,"In this paper, we present a novel integrated vehicular system using collaborative unmanned aerial vehicles (UAVs) and unmanned ground vehicles (UGVs) for autonomous exploration, mapping, and navigatio",mapping,false,Peripheral,Abstract-only extraction. QA capped accordingly.,,false,0,0,0,0,0,Q-low,CAP: simulation-only -> max Q-medium
REC_0144,Robust UAV Localization in GNSS-Denied Environments via Efficient Visual Scene Matching–Inertial Fusion,Z. Zhang; B. Zhang; M. Lv; S. Liu; J. Xue; H. Wei,2025,,10.1109/CAIT68620.2025.11424858,IEEE_Xplore,UAV,outdoor,camera|IMU|GPS_denied_confirmed|barometer,EKF,loosely_coupled,drift_pct,,,custom,real_world,"To address these issues, we propose a lightweight visual–inertial localization framework for onboard platforms that combines low-rate absolute corrections from satellite–to–aerial visual scene matchin",navigation,false,Peripheral,Abstract-only extraction. QA capped accordingly.,,false,1,1,0,0,2,Q-low,A+2: real-world experiments; B+1: trajectory scale reported; CAP: abstract-only -1 rigor (cannot verify from abstract alone)
REC_0149,Vision-Based Global Localization for UAVs Using Deep Convolutional Neural Networks,M. Elbalshy; S. Mostafa; A. M. Kamel,2026,,10.1109/IPCS69631.2026.11604264,IEEE_Xplore,UAV,outdoor,camera|GPS_denied_confirmed,DNN,deep_learning,RMSE,5.0,m,custom,simulation,This paper presents a reliable vision-based navigation system for guided aerial vehicles operating in GPS-denied environments,navigation,false,Peripheral,Abstract-only extraction. QA capped accordingly.,,false,0,2,0,0,2,Q-low,B+1: quantitative error metric reported; B+1: ablation/failure analysis; CAP: simulation-only -> max Q-medium
REC_0155,Cooperative Navigation and Guidance of a Micro-Scale Aerial Vehicle by an Accompanying UAV using 3D LiDAR Relative Localization,V. Pritzl; M. Vrba; P. Štĕpán; M. Saska,2022,,10.1109/ICUAS54217.2022.9836116,IEEE_Xplore,UAV,simulation,lidar|camera|IMU|wheel_encoder,VIO_SLAM,other,drift_pct,,,custom,real_world,A novel approach for cooperative navigation and guidance of a micro-scale aerial vehicle by an accompanying Unmanned Aerial Vehicle (UAV) using 3D Light Detection and Ranging (LiDAR) relative localiza,mapping,false,Peripheral,Abstract-only extraction. QA capped accordingly.,,false,1,0,0,0,1,Q-low,A+2: real-world experiments; CAP: abstract-only -1 rigor (cannot verify from abstract alone)
REC_0161,Sensor Fusion for Autonomous Indoor UAV Navigation in Confined Spaces,A. James; A. Seth; E. Kuantama; S. Mukhopadhyay; R. Han,2023,,10.1109/ICST59744.2023.10460820,IEEE_Xplore,UAV,indoor,lidar|camera|IMU|GPS_denied_confirmed,hybrid,loosely_coupled,RMSE,0.4,m,custom,real_world,"This work represents a significant stride in the development of autonomous indoor UAV navigation systems, with potential applications in search and rescue, facility inspection, and environmental monit",search_rescue,false,Peripheral,Abstract-only extraction. QA capped accordingly.,,false,1,1,0,0,2,Q-low,A+2: real-world experiments; B+1: quantitative error metric reported; CAP: abstract-only -1 rigor (cannot verify from abstract alone)
REC_0165,UAV Cross-View Image Retrieval and Visual Geo-Localization in GNSS-Denied Environments,Y. -C. Tai; H. -Y. Shen; C. -P. Yi,2026,,10.1109/ICCE-Taiwan71481.2026.11652687,IEEE_Xplore,UAV,outdoor,camera|GPS_denied_confirmed,other,other,RMSE,93.59,%,custom,simulation,We propose an end-toend cross-view geo-localization framework mitigating geometric and appearance discrepancies,navigation,false,Peripheral,Abstract-only extraction. QA capped accordingly.,,false,0,1,0,0,1,Q-low,B+1: quantitative error metric reported; CAP: simulation-only -> max Q-medium
REC_0179,Wireless Local Positioning System for Controlled UAV Landing in GNSS-Denied Environment,T. Pavlenko; M. Schütz; M. Vossiek; T. Walter; S. Montenegro,2019,,10.1109/MetroAeroSpace.2019.8869587,IEEE_Xplore,UAV,outdoor,GPS_denied_confirmed|WiFi|radar,other,other,RMSE,36.0,cm,custom,simulation,A novel concept for ad-hoc landing of unmanned aerial vehicles (UAV) in GNSS-denied environment is presented in this paper,navigation,false,Peripheral,Abstract-only extraction. QA capped accordingly.,,false,0,2,0,0,2,Q-low,B+1: quantitative error metric reported; B+1: trajectory scale reported; CAP: simulation-only -> max Q-medium
REC_0195,An Autonomous Continuous Positioning Method for Low-Altitude UAVs Based on Image Recognition in GNSS-Denied Environments,T. Du; Y. Lin,2026,,10.1109/RAITS68656.2026.11580149,IEEE_Xplore,UAV,outdoor,camera|IMU|GPS_denied_confirmed,other,loosely_coupled,RMSE,26.32,m,custom,real_world,The article proposes a five-stage autonomous continuous positioning method that integrates inertial navigation and image recognition to address the prob-lem of accumulated positioning errors in unmann,navigation,false,Peripheral,Abstract-only extraction. QA capped accordingly.,,false,1,1,0,0,2,Q-low,A+2: real-world experiments; B+1: quantitative error metric reported; CAP: abstract-only -1 rigor (cannot verify from abstract alone)
REC_0196,Navigation of Simultaneous Localization and Mapping by Fusing RGB-D Camera and IMU on UAV,X. Dai; Y. Mao; T. Huang; B. Li; D. Huang,2019,,10.1109/SAFEPROCESS45799.2019.9213339,IEEE_Xplore,UAV,outdoor,camera|IMU|GPS_denied_confirmed,VIO_SLAM,other,RMSE,,,custom,simulation,"In this paper, a novel system that enables a UAV to navigation in a GPS-denied environment with an RGB-D (Red, Green, Blue, and Depth) camera and Inertial Measurement Unit (IMU) is presented",mapping,false,Peripheral,Abstract-only extraction. QA capped accordingly.,,false,0,0,1,0,1,Q-low,C+1: established baseline compared; CAP: simulation-only -> max Q-medium
REC_0198,Autonomous UAV Implementation for Facial Recognition and Tracking in GPS-Denied Environments,D. A. H. Ollachica; B. K. A. Asante; H. Imamura,2024,,10.1109/ACCESS.2024.3447899,IEEE_Xplore,UAV,mixed,camera|GPS_denied_confirmed,other,other,RMSE,94.45,%,custom,real_world,"To address these limitations, we propose a facial recognition system designed to recognize faces of suspected individuals with criminal backgrounds and missing persons",navigation,false,Peripheral,Abstract-only extraction. QA capped accordingly.,,false,1,1,0,0,2,Q-low,A+2: real-world experiments; B+1: ablation/failure analysis; CAP: abstract-only -1 rigor (cannot verify from abstract alone)
REC_0202,Design of A Positioning System for UAV in GPS-denied Environment,Z. Qiu; T. Li; F. Wang,2022,,10.1109/ISCIT55906.2022.9931225,IEEE_Xplore,UAV,simulation,IMU|GPS_denied_confirmed|UWB,EKF,loosely_coupled,RMSE,,,custom,simulation,"In this paper, a method for UAV positioning in GPS-denied environment through a multi-sensor fusion algorithm is proposed",navigation,false,Peripheral,Abstract-only extraction. QA capped accordingly.,,false,0,0,0,0,0,Q-low,CAP: simulation-only -> max Q-medium
REC_0208,UAV Pose Estimation in GNSS-Denied Environment Assisted by Satellite Imagery Deep Learning Features,H. Hou; Q. Xu; C. Lan; W. Lu; Y. Zhang; Z. Cui; J. Qin,2021,,10.1109/ACCESS.2020.3048342,IEEE_Xplore,UAV,outdoor,camera|GPS_denied_confirmed,DNN,deep_learning,RMSE,15.0,m,custom,simulation,"Therefore, to obtain accuracy in UAV pose estimation in GNSS-denied environments, a UAV localization method that is assisted by deep learning features of satellite imagery is proposed",navigation,false,Peripheral,Abstract-only extraction. QA capped accordingly.,,false,0,2,0,0,2,Q-low,B+1: quantitative error metric reported; B+1: trajectory scale reported; CAP: simulation-only -> max Q-medium
REC_0211,SIA-KalmanNet: A Structurally Integrated Attention Kalman Filter for Multi-UAV Localization in Partially GNSS-Denied Environments,X. Xin; H. Zhou; X. Feng; F. Pan; J. Wang; Z. Li,2026,,10.1109/JIOT.2025.3650118,IEEE_Xplore,UAV,outdoor,IMU|GPS_denied_confirmed,DNN,deep_learning,drift_pct,,,custom,simulation,"To address these challenges, this article proposes a structurally integrated attention Kalman filter called SIA-KalmanNet for accurate and robust state estimation",navigation,false,Peripheral,Abstract-only extraction. QA capped accordingly.,,false,0,1,1,0,2,Q-low,A+1: repeatability/multiple runs; B+1: trajectory scale reported; C+1: established baseline compared; CAP: simulation-only -> max Q-medium; CAP: abstract-only -1 rigor (cannot verify from abstract alone)
REC_0213,A Multi-UAV System for Exploration and Target Finding in Cluttered and GPS-Denied Environments,X. Zhu; F. Vanegas; F. Gonzalez; C. Sanderson,2021,,10.1109/ICUAS51884.2021.9476820,IEEE_Xplore,UAV,mixed,GPS_denied_confirmed,other,other,RMSE,,,custom,simulation,We propose a framework for a team of UAVs to cooperatively explore and find a target in complex GPS-denied environments with obstacles,search_rescue,false,Peripheral,Abstract-only extraction. QA capped accordingly.,,false,0,0,0,0,0,Q-low,CAP: simulation-only -> max Q-medium
REC_0215,GPS-Denied UAV-UGV Relative Positioning System via Vision-UWB Fusion,G. Mingyang; K. Sagar; X. Ning,2023,,10.1109/ICIEA58696.2023.10241577,IEEE_Xplore,UAV,outdoor,GPS_denied_confirmed|UWB,other,loosely_coupled,RMSE,,,custom,real_world,"In this paper, we propose a real-time drone positioning system that uses a Vision-UWB fusion framework",navigation,false,Peripheral,Abstract-only extraction. QA capped accordingly.,,false,2,1,0,0,3,Q-low,A+2: real-world experiments; A+1: ground-truth comparison; B+1: ablation/failure analysis; CAP: abstract-only -1 rigor (cannot verify from abstract alone)
REC_0218,A Unified Error-State Kalman Filtering Framework for Multi-Sensor Navigation of Fixed-Wing UAVS in GNSS-Denied Scenarios,G. E. V. Hernandez; R. C. Fernandes; A. Sorokin; M. Korimi; F. O. Silva,2026,,10.1109/ICUAS69441.2026.11598562,IEEE_Xplore,UAV,outdoor,camera|IMU|GPS_denied_confirmed|barometer|magnetometer|wheel_encoder,VIO,deep_learning,drift_pct,,,custom,real_world,"This paper presents the development, implementation, and experimental validation of a unified ErrorState Extended Kalman Filter (ESEKF) designed for fixedwing UAV navigation under GNSS-denied and GNSS",navigation,false,Peripheral,Abstract-only extraction. QA capped accordingly.,,false,1,0,1,0,2,Q-low,A+2: real-world experiments; C+1: established baseline compared; CAP: abstract-only -1 rigor (cannot verify from abstract alone)
REC_0224,An Autonomous Attitude Determination Algorithm Adapted to the Maneuvering for UAV,C. Xu,2025,,10.1109/ICMTAE66890.2025.11427995,IEEE_Xplore,UAV,outdoor,IMU|GPS_denied_confirmed,other,loosely_coupled,RMSE,,,custom,simulation,"A fully autonomous horizontal attitude estimation algorithm is proposed in this paper, the algorithm based on the airspeed and inertial navigation when maneuvering to fulfilling the long-term attitude",navigation,false,Peripheral,Abstract-only extraction. QA capped accordingly.,,false,0,1,0,0,1,Q-low,B+1: ablation/failure analysis; CAP: simulation-only -> max Q-medium
REC_0228,Secure Vision-Based Navigation for Drones in GPS-Denied Environments Using Machine Learning,M. Alja’Afreh; H. Adhami; Z. AbdelQader; K. Subuh; D. Muzuk; A. AlNimer; M. Al-Dalaien; A. Karime,2025,,10.1109/BCCA66705.2025.11229450,IEEE_Xplore,UAV,outdoor,GPS_denied_confirmed,SLAM,deep_learning,drift_pct,,,custom,real_world,"To address this limitation, we propose a secure vision-based navigation framework that integrates Convolutional Neural Networks (CNNs), Simultaneous Localization and Mapping (SLAM), and efficient path",inspection,false,Peripheral,Abstract-only extraction. QA capped accordingly.,,false,1,1,1,0,3,Q-low,A+2: real-world experiments; B+1: ablation/failure analysis; C+1: established baseline compared; CAP: abstract-only -1 rigor (cannot verify from abstract alone)
REC_0237,A Comprehensive Review on Sensor Fusion Techniques for Localization of a Dynamic Target in GPS-Denied Environments,S. Wang; N. S. Ahmad,2025,,10.1109/ACCESS.2024.3519874,IEEE_Xplore,UAV,mixed,GPS_denied_confirmed|UWB|WiFi|wheel_encoder,SLAM,loosely_coupled,RMSE,,,custom,simulation,"Additionally, this paper summarizes the application of these technologies across different types of moving targets, discusses future development trends and potential challenges, and offers valuable in",mapping,false,Peripheral,Abstract-only extraction. QA capped accordingly.,,false,0,1,0,0,1,Q-low,B+1: ablation/failure analysis; CAP: simulation-only -> max Q-medium
REC_0239,Autonomous Flight Control Design Based on Multi-Sensor Fusion for a Low-Cost Quadrotor in GPS-Denied Environments,J. Guo; X. Zhang; Z. Huang; B. Li,2022,,10.1109/ACIRS55390.2022.9845557,IEEE_Xplore,UAV,indoor,IMU|GPS_denied_confirmed|sonar,EKF,loosely_coupled,RMSE,,,custom,real_world,This paper presents a fully autonomous and low-cost quadrotor helicopter system in GPS-denied environments,navigation,false,Peripheral,Abstract-only extraction. QA capped accordingly.,,false,1,0,1,0,2,Q-low,A+2: real-world experiments; C+1: established baseline compared; CAP: abstract-only -1 rigor (cannot verify from abstract alone)
REC_0242,Survey on UAV navigation in GPS denied environments,G. Balamurugan; J. Valarmathi; V. P. S. Naidu,2016,,10.1109/SCOPES.2016.7955787,IEEE_Xplore,UAV,outdoor,camera|IMU|GPS_denied_confirmed|wheel_encoder,VIO_SLAM,loosely_coupled,drift_pct,,,custom,simulation,In this survey paper we attempted to understand the existing research towards vision based navigation and finally proposed a Modular Multi-Sensor Data Fusion technique for UAV navigation in the GPS de,mapping,false,Peripheral,Abstract-only extraction. QA capped accordingly.,,false,0,0,0,0,0,Q-low,A+1: ground-truth comparison; CAP: simulation-only -> max Q-medium; CAP: abstract-only -1 rigor (cannot verify from abstract alone)
REC_0244,Cooperative Relative Localization for UAV Swarm in GNSS-Denied Environments,G. Lei; Y. Ping; T. Liang; H. Ding; T. Zhang,2025,,10.1109/GLOBECOM59602.2025.11432122,IEEE_Xplore,UAV,outdoor,GPS_denied_confirmed,other,loosely_coupled,RMSE,,,custom,simulation,This paper proposes a clustering-based framework where UAVs leverage communication signals for channel estimation and ranging,navigation,false,Peripheral,Abstract-only extraction. QA capped accordingly.,,false,0,0,0,0,0,Q-low,CAP: simulation-only -> max Q-medium
REC_0246,UAV Platforms for Autonomous Navigation in GPS-Denied Environments for Search and Rescue Missions,E. Ngo; J. Ramirez; M. Medina-Soto; S. Dirksen; E. D. Victoriano; S. Bhandari,2022,,10.1109/ICUAS54217.2022.9836181,IEEE_Xplore,UAV,simulation,GPS_denied_confirmed,SLAM,other,RMSE,,,custom,real_world,"This paper presents the development, instrumentation, system integration, algorithm development, and flight testing of two UAVs for autonomous search and rescue in GPS-denied environments",search_rescue,false,Peripheral,Abstract-only extraction. QA capped accordingly.,,false,1,0,0,0,1,Q-low,A+2: real-world experiments; CAP: abstract-only -1 rigor (cannot verify from abstract alone)
REC_0252,Particle Filter-Based Localization Using Visual Feature Synchronization in GNSS-Denied Navigation,A. Şanlan; H. T. Bağcı; E. Koyuncu,2025,,10.1109/ICNS65417.2025.10976891,IEEE_Xplore,UAV,outdoor,camera|IMU|GPS_denied_confirmed,particle_filter,other,drift_pct,,,custom,real_world,"In this work, we propose a vision-aided localization framework that integrates a CycleGANbased domain adaptation technique with a Marginalized Particle Filter (MPF) for robust state estimation",navigation,false,Peripheral,Abstract-only extraction. QA capped accordingly.,,false,1,1,0,0,2,Q-low,A+2: real-world experiments; B+1: ablation/failure analysis; CAP: abstract-only -1 rigor (cannot verify from abstract alone)
REC_0255,A stereo and rotating laser framework for UAV navigation in GPS denied environment,Hailong Qin; Yingcai Bi; K. Z. Y. Ang; Kangli Wang; Jiaxin Li; Menglu Lan; Mo Shan; F. Lin,2016,,10.1109/IECON.2016.7793246,IEEE_Xplore,UAV,mixed,camera|GPS_denied_confirmed,other,other,RMSE,,,custom,real_world,Recent developments in robotics sensing using either the active sensor-laser range finder (LRF) or passive sensors-camera systems have shown that the existing approaches are able to estimate the motio,navigation,false,Peripheral,Abstract-only extraction. QA capped accordingly.,,false,1,1,0,0,2,Q-low,A+2: real-world experiments; B+1: ablation/failure analysis; CAP: abstract-only -1 rigor (cannot verify from abstract alone)
REC_0262,Multi-Agent Mapping and Navigation of Unknown GPS-Denied Environments Using a Relative Navigation Framework,J. M. Olson; N. A. Toombs; T. W. McLain,2020,,10.1109/ICUAS48674.2020.9213860,IEEE_Xplore,UAV,outdoor,GPS_denied_confirmed,SLAM,other,RMSE,,,custom,simulation,"When generating 3D maps with unmanned aerial vehicles (UAVs) in GPS-denied environments, it is important to correctly handle path planning, estimation, and mapping techniques. Because multirotor UAVs",mapping,false,Peripheral,Abstract-only extraction. QA capped accordingly.,,false,0,1,0,0,1,Q-low,B+1: ablation/failure analysis; CAP: simulation-only -> max Q-medium
REC_0264,Autonomous UAV Navigation for Target Detection in Visually Degraded and GPS Denied Environments,S. Boiteau; F. Vanegas; J. Sandino; F. Gonzalez; J. Galvez-Serna,2023,,10.1109/AERO55745.2023.10115544,IEEE_Xplore,UAV,mixed,camera|GPS_denied_confirmed,other,other,RMSE,,,custom,real_world,This paper presents the development of a framework enabling a drone to autonomously navigate and explore in GPS denied environments impacted by visual obscurants,search_rescue,false,Peripheral,Abstract-only extraction. QA capped accordingly.,,false,1,0,0,0,1,Q-low,A+2: real-world experiments; CAP: abstract-only -1 rigor (cannot verify from abstract alone)
REC_0271,Hybrid IMU-Aided Approach for Optimized Visual Odometry,A. Mahmoud; M. M. Atia,2019,,10.1109/GlobalSIP45357.2019.8969460,IEEE_Xplore,UAV,outdoor,camera|IMU|GPS_denied_confirmed|wheel_encoder,VIO,loosely_coupled,RMSE,,,custom,simulation,"Stereo vision positioning has been introduced as a scale-free positioning technique, but it is computationally expensive",navigation,false,Peripheral,Abstract-only extraction. QA capped accordingly.,,false,0,0,1,0,1,Q-low,C+1: established baseline compared; CAP: simulation-only -> max Q-medium
REC_0274,Navigation and control of unmanned aerial vehicles in GPS-denied environments,B. Chen,2014,,10.1109/ICARCV.2014.7064483,IEEE_Xplore,UAV,mixed,GPS_denied_confirmed,other,other,RMSE,,,custom,simulation,"Particularly, to meet requirements of high-demand applications, it is necessary to develop advanced unmanned systems that are capable of autonomously navigating in cluttered indoor and outdoor GPS-den",military,false,Peripheral,Abstract-only extraction. QA capped accordingly.,,false,0,0,0,0,0,Q-low,CAP: simulation-only -> max Q-medium
REC_0277,Semi-Autonomous Interaction Framework for Contact-Based Operations with Commercial UAVs IN GNSS-Denied Environments,A. González-Morgado; Q. Zhang; G. Damigos; E. Cuniato; T. Hui; E. Sahin; G. Nikolakopoulos; R. Siegwart; M. Fumagalli; A. Ollero; G. Heredia,2025,,10.1109/ICUAS65942.2025.11007825,IEEE_Xplore,UAV,outdoor,camera|GPS_denied_confirmed|wheel_encoder,other,other,RMSE,,,custom,real_world,"This paper presents a semi-autonomous framework which combines automated target detection and interaction in GNSS-denied environments, with supervision commands by a human operator, to increase both s",inspection,false,Peripheral,Abstract-only extraction. QA capped accordingly.,,false,1,0,0,0,1,Q-low,A+2: real-world experiments; CAP: abstract-only -1 rigor (cannot verify from abstract alone)
REC_0278,Navigation Methods for UAVs in GNSS-Denied Environments Using Artificial Intelligence,N. V. Quynh; P. N. Huu; T. Han-Trong,2026,,10.1109/ICCE70609.2026.11658445,IEEE_Xplore,UAV,outdoor,GPS_denied_confirmed,other,other,RMSE,,,custom,real_world,"Furthermore, the ubiquitous deployment of Unmanned Aerial Vehicles (UAVs) necessitates the integration of novel technologies to ensure operational continuity under adverse conditions, such as environm",navigation,false,Peripheral,Abstract-only extraction. QA capped accordingly.,,false,1,1,0,0,2,Q-low,A+2: real-world experiments; B+1: trajectory scale reported; CAP: abstract-only -1 rigor (cannot verify from abstract alone)
REC_0279,LGVINS: LiDAR-GPS-Visual and Inertial System Based Multi-Sensor Fusion for Smooth and Reliable UAV State Estimation,M. Irfan; S. Dalai; P. Trslic; M. C. Santos; J. Riordan; G. Dooly,2025,,10.1109/TIV.2024.3469551,IEEE_Xplore,UAV,outdoor,lidar|camera|IMU|GPS_denied_confirmed,hybrid,tightly_coupled,drift_pct,,,custom,real_world,"With the development of Autonomous Unmanned Aerial Vehicle's (UAV's), Precise state estimation is a fundamental aspect of autonomous flight and plays a critical role in enabling robots specially in GP",navigation,false,Important,Abstract-only extraction. QA capped accordingly.,,false,1,1,2,1,5,Q-medium,A+2: real-world experiments; B+1: ablation/failure analysis; C+1: established baseline compared; C+1: matched conditions; D+1: code/data released; CAP: abstract-only -1 rigor (cannot verify from abstract alone)
REC_0281,UAV Tracking with Lidar as a Camera Sensor in GNSS-Denied Environments,H. Sier; X. Yu; I. Catalano; J. P. Queralta; Z. Zou; T. Westerlund,2023,,10.1109/ICL-GNSS57829.2023.10148919,IEEE_Xplore,UAV,indoor,lidar|camera|GPS_denied_confirmed,other,other,RMSE,,,custom,simulation,Our experiment demonstrated the effectiveness of the proposed UAV tracking approach compared with methods based only on point clouds or images,navigation,false,Peripheral,Abstract-only extraction. QA capped accordingly.,,false,0,1,1,0,2,Q-low,A+1: ground-truth comparison; B+1: ablation/failure analysis; C+1: established baseline compared; CAP: simulation-only -> max Q-medium; CAP: abstract-only -1 rigor (cannot verify from abstract alone)
REC_0285,A Shared-Ground-Target-Groups-Based Cooperative Localization Method for UAVS,X. Li; C. Ni; J. She; Y. Liu,2025,,10.1109/UST66533.2025.11340017,IEEE_Xplore,UAV,simulation,IMU,other,other,RMSE,,,custom,simulation,"A simulation platform is developed, and results confirm the feasibility of the proposed collaborative positioning framework.",navigation,false,Peripheral,Abstract-only extraction. QA capped accordingly.,,false,0,1,0,0,1,Q-low,B+1: trajectory scale reported; CAP: simulation-only -> max Q-medium
REC_0286,A Multi-Stage Matching-Based Inertial/Geomagnetic Integrated Navigation Algorithm for UAVs in GNSS-Denied Environments,Y. Cheng; L. Zhang; X. He; H. Tian; D. Han; Y. Lv; C. Fan,2025,,10.1109/ISA67150.2025.11279287,IEEE_Xplore,UAV,outdoor,IMU|GPS_denied_confirmed,EKF,loosely_coupled,RMSE,450.0,m,custom,simulation,"High-precision navigation without GNSS presents significant challenges, and geomagnetic field-aided inertial navigation serves as one potential solution",navigation,false,Peripheral,Abstract-only extraction. QA capped accordingly.,,false,0,1,1,0,2,Q-low,B+1: ablation/failure analysis; C+1: established baseline compared; CAP: simulation-only -> max Q-medium
REC_0289,Development of a Simulated UAV Platform for Sensor-Fusion-Based SLAM,M. F. Mummtaz; J. Yoo; I. B. K. Y. Utama; I. Zaini; Y. M. Jang,2026,,10.1109/ICAIIC68212.2026.11454340,IEEE_Xplore,UAV,simulation,lidar|camera|IMU|GPS_denied_confirmed,VIO_SLAM,loosely_coupled,drift_pct,,,custom,simulation,"To address this issue, this paper proposes a simulation-based sensor fusion based simultaneous localization and mapping (SLAM) framework for robust UAV positioning without relying on GNSS",mapping,false,Peripheral,Abstract-only extraction. QA capped accordingly.,,false,0,1,0,0,1,Q-low,B+1: ablation/failure analysis; CAP: simulation-only -> max Q-medium
REC_0291,Efficiently Kinematic-Constraint-Coupled State Estimation for Integrated Aerial Platforms in GPS-Denied Environments,G. Lai; Y. Yu; F. Sun; J. Qi; V. Lippiello,2025,,10.1109/LRA.2025.3536292,IEEE_Xplore,UAV,outdoor,camera|IMU|GPS_denied_confirmed|wheel_encoder,other,loosely_coupled,drift_pct,,,custom,real_world,"In this letter, we introduce a centralized state estimation framework for IAPs with a fusion of odometry and kinematics, using only onboard cameras and inertial measurement units (IMUs)",navigation,false,Peripheral,Abstract-only extraction. QA capped accordingly.,,false,1,0,1,0,2,Q-low,A+2: real-world experiments; C+1: established baseline compared; CAP: abstract-only -1 rigor (cannot verify from abstract alone)
REC_0293,Adaptive Square-Root Cubature Kalman Filter Based Low Cost UAV Positioning in Dark and GPS-Denied Environments,B. Yang; E. Yang; H. Shi; L. Yu; C. Niu,2025,,10.1109/TIV.2024.3457678,IEEE_Xplore,UAV,outdoor,IMU|GPS_denied_confirmed|UWB,EKF,other,RMSE,0.081,m,custom,simulation,"Routine inspection inside the water tank, pressure vessel, penstocks and boiler which present dark and global positioning system (GPS) denied environment always plays an important role for the safety ",inspection,false,Peripheral,Abstract-only extraction. QA capped accordingly.,,false,0,1,0,0,1,Q-low,A+1: repeatability/multiple runs; B+1: quantitative error metric reported; CAP: simulation-only -> max Q-medium; CAP: abstract-only -1 rigor (cannot verify from abstract alone)
REC_0294,A Novel Approach to Computationally Lighter GNSS-Denied UAV Navigation Using Monocular Camera,J. Bhowmick; A. Singh; H. Gupta; R. Nallanthighal,2021,,10.1109/ICARA51699.2021.9376502,IEEE_Xplore,UAV,simulation,camera|GPS_denied_confirmed|barometer,other,other,RMSE,,,custom,real_world,"In this paper, a navigational system is presented for a multi-rotor UAV in a GNSS-denied environment",navigation,false,Peripheral,Abstract-only extraction. QA capped accordingly.,,false,1,0,0,0,1,Q-low,A+2: real-world experiments; CAP: abstract-only -1 rigor (cannot verify from abstract alone)
REC_0296,Optical flow sensor integrated navigation system for quadrotor in GPS-denied environment,S. -E. Tsai; S. -H. Zhuang,2016,,10.1109/ICRAE.2016.7738795,IEEE_Xplore,UAV,mixed,GPS_denied_confirmed,other,loosely_coupled,RMSE,,,custom,simulation,This practical study presented a dedicated design for indoor hovering that is more precise than using GPS positioning,navigation,false,Peripheral,Abstract-only extraction. QA capped accordingly.,,false,0,0,0,0,0,Q-low,CAP: simulation-only -> max Q-medium
REC_0299,Monocular vision based autonomous navigation for a cost-effective MAV in GPS-denied environments,I. Sa; H. He; V. Huynh; P. Corke,2013,,10.1109/AIM.2013.6584283,IEEE_Xplore,UAV,indoor,camera|GPS_denied_confirmed,other,other,drift_pct,,,custom,simulation,"In this paper, we present a monocular vision based autonomous navigation system for Micro Aerial Vehicles (MAVs) in GPS-denied environments",navigation,false,Peripheral,Abstract-only extraction. QA capped accordingly.,,false,0,1,0,0,1,Q-low,A+1: ground-truth comparison; B+1: ablation/failure analysis; CAP: simulation-only -> max Q-medium; CAP: abstract-only -1 rigor (cannot verify from abstract alone)
REC_0305,A method based on CNN-BiLSTM for UAV navigation error compensation in GNSS denied environment,Y. -h. Shao; B. Han; Y. Luo,2023,,10.1109/ICCC59590.2023.10507546,IEEE_Xplore,UAV,outdoor,IMU|GPS_denied_confirmed,DNN,deep_learning,RMSE,,,custom,simulation,"In order to compensate the performance of GNSS/INS integrated navigation system, an error compensation method based on Convolutional Neural Network (CNN) combined with Bidirectional Long Short-Term Me",navigation,false,Peripheral,Abstract-only extraction. QA capped accordingly.,,false,0,0,1,0,1,Q-low,C+1: established baseline compared; CAP: simulation-only -> max Q-medium
REC_0318,Cooperative Navigation Method Based on Adaptive CKF for UAVs In GPS Denied Areas,Y. Yu; S. Peng; Q. Li; X. Dong; Z. Ren,2018,,10.1109/GNCC42960.2018.9018972,IEEE_Xplore,UAV,simulation,IMU|GPS_denied_confirmed,EKF,other,RMSE,,,custom,simulation,The simulation results demonstrate the validity of the proposed method.,search_rescue,false,Peripheral,Abstract-only extraction. QA capped accordingly.,,false,0,0,0,0,0,Q-low,CAP: simulation-only -> max Q-medium
REC_0320,Localization - guaranteed navigation in GPS-denied environment via multi-UAV closed-loop coordination,S. Jiang; M. Shen,2020,,10.1109/AERO47225.2020.9172535,IEEE_Xplore,UAV,simulation,camera|GPS_denied_confirmed,graph_SLAM,other,RMSE,,,custom,simulation,Our second contribution is a novel temporal-spatial pose graph to register different subareas into one global environment accurately,navigation,false,Peripheral,Abstract-only extraction. QA capped accordingly.,,false,0,1,0,0,1,Q-low,B+1: ablation/failure analysis; CAP: simulation-only -> max Q-medium
REC_0323,Distributed Cooperative UAV Leader-Follower Strategies in GNSS-Denied Environments,F. A. Ayane; B. El Khamlichi; A. E. F. Seghrouchni,2025,,10.1109/DCOSS-IoT65416.2025.00066,IEEE_Xplore,UAV,simulation,GPS_denied_confirmed,DNN,other,RMSE,56.0,%,custom,simulation,"To overcome these challenges, we propose a collaborative framework for UAV swarms, lever-aging distributed leader-follower dynamics and reinforcement learning",navigation,false,Peripheral,Abstract-only extraction. QA capped accordingly.,,false,0,1,1,0,2,Q-low,B+1: ablation/failure analysis; C+1: established baseline compared; CAP: simulation-only -> max Q-medium
REC_0332,Thermal-Inertial Localization for Autonomous Navigation of Aerial Robots through Obscurants,C. Papachristos; F. Mascarich; K. Alexis,2018,,10.1109/ICUAS.2018.8453447,IEEE_Xplore,UAV,outdoor,lidar|camera|IMU|GPS_denied_confirmed|wheel_encoder,EKF,loosely_coupled,RMSE,,,custom,simulation,The presented results demonstrate the ability of the proposed solution to ensure reliable navigation in such extreme visually- degraded conditions.,navigation,false,Peripheral,Abstract-only extraction. QA capped accordingly.,,false,0,0,0,0,0,Q-low,CAP: simulation-only -> max Q-medium
REC_0334,UAV Deployment Optimization for ISAC in Aerial GPS Denied Environments,J. Yang; J. Lim,2025,,10.1109/ICTC66702.2025.11389050,IEEE_Xplore,UAV,outdoor,GPS_denied_confirmed,other,loosely_coupled,RMSE,,,custom,simulation,This paper presents an unmanned aerial vehicle (UAV) deployment optimization scheme for integrated sensing and communication (ISAC) in aerial GPS denied environments,navigation,false,Peripheral,Abstract-only extraction. QA capped accordingly.,,false,0,0,0,0,0,Q-low,CAP: simulation-only -> max Q-medium
REC_0341,Adaptive-Weighted EKF and LiDAR–IMU Tight-Coupling Enabled GPS-Denied UAV Navigation,F. Li; L. Wang; W. Qing; Y. Li; Y. Liu; Y. Niu,2025,,10.1109/IRAC67707.2025.11381094,IEEE_Xplore,UAV,indoor,lidar|IMU|GPS_denied_confirmed,EKF,tightly_coupled,drift_pct,3.0,m,custom,simulation,"To address the problems of localization drift and unstable flight performance of unmanned aerial vehicles (UAVs) in GPS-denied environments, this paper proposes an autonomous navigation framework base",inspection,false,Peripheral,Abstract-only extraction. QA capped accordingly.,,false,0,1,1,1,3,Q-low,A+1: repeatability/multiple runs; B+1: quantitative error metric reported; C+1: established baseline compared; D+1: code/data released; CAP: simulation-only -> max Q-medium; CAP: abstract-only -1 rigor (cannot verify from abstract alone)
REC_0343,Vision-Aided Multi-UAV Autonomous Flocking in GPS-Denied Environment,Y. Tang; Y. Hu; J. Cui; F. Liao; M. Lao; F. Lin; R. S. H. Teo,2019,,10.1109/TIE.2018.2824766,IEEE_Xplore,UAV,outdoor,lidar|camera|GPS_denied_confirmed|WiFi,other,loosely_coupled,RMSE,,,custom,real_world,"This paper presents a sophisticated vision-aided flocking system for unmanned aerial vehicles (UAVs), which is able to operate in GPS-denied unknown environments for exploring and searching missions, ",mapping,false,Peripheral,Abstract-only extraction. QA capped accordingly.,,false,1,1,0,0,2,Q-low,A+2: real-world experiments; B+1: ablation/failure analysis; CAP: abstract-only -1 rigor (cannot verify from abstract alone)
REC_0345,Distance function based 6DOF localization for unmanned aerial vehicles in GPS denied environments,J. Unicomb; L. Dantanarayana; J. Arukgoda; R. Ranasinghe; G. Dissanayake; T. Furukawa,2017,,10.1109/IROS.2017.8206421,IEEE_Xplore,UAV,simulation,camera|GPS_denied_confirmed,EKF,other,RMSE,,,custom,simulation,This paper presents an algorithm for localizing an unmanned aerial vehicle (UAV) in GPS denied environments,navigation,false,Peripheral,Abstract-only extraction. QA capped accordingly.,,false,0,1,1,0,2,Q-low,B+1: trajectory scale reported; C+1: established baseline compared; CAP: simulation-only -> max Q-medium
REC_0346,Autonomous Flight in Unknown GNSS-denied Environments for Disaster Examination,D. Schleich; M. Beul; J. Quenzel; S. Behnke,2021,,10.1109/ICUAS51884.2021.9476790,IEEE_Xplore,UAV,mixed,GPS_denied_confirmed,other,other,RMSE,,,custom,simulation,We present a system for autonomous MAV flights in unknown environments which does not rely on global positioning systems,search_rescue,false,Peripheral,Abstract-only extraction. QA capped accordingly.,,false,0,0,0,0,0,Q-low,CAP: simulation-only -> max Q-medium
REC_0347,A Novel Three-Stage Robust Adaptive Filtering Algorithm for Visual-Inertial Odometry in GNSS-Denied Environments,Z. Yue; C. Tang; Y. Gao,2023,,10.1109/JSEN.2023.3289313,IEEE_Xplore,UAV,simulation,camera|IMU|GPS_denied_confirmed|wheel_encoder,VIO,other,RMSE,,,KITTI,real_world,"Therefore, a novel robust adaptive VIO algorithm is proposed here",navigation,false,Peripheral,Abstract-only extraction. QA capped accordingly.,,false,1,0,0,0,1,Q-low,A+2: real-world experiments; CAP: abstract-only -1 rigor (cannot verify from abstract alone)
REC_0355,Navigation Error Sensitivity of Autonomous Carrier Landing Systems in GPS-denied Environments,T. Gerratt; A. Strate; R. Christensen,2020,,10.1109/PLANS46316.2020.9109926,IEEE_Xplore,UAV,simulation,camera|IMU|GPS_denied_confirmed,particle_filter,other,RMSE,,,custom,simulation,This paper presents a system-level analysis of the navigation errors in an autonomous UAV carrier-landing scenario with a focus on fixed-wing aircraft,navigation,false,Peripheral,Abstract-only extraction. QA capped accordingly.,,false,0,0,0,0,0,Q-low,A+1: repeatability/multiple runs; CAP: simulation-only -> max Q-medium; CAP: abstract-only -1 rigor (cannot verify from abstract alone)
REC_0362,Unmanned aerial vehicle relative navigation in GPS denied environments,J. Hardy; J. Strader; J. N. Gross; Y. Gu; M. Keck; J. Douglas; C. N. Taylor,2016,,10.1109/PLANS.2016.7479719,IEEE_Xplore,UAV,indoor,camera|IMU|GPS_denied_confirmed|magnetometer,EKF,other,RMSE,,,custom,simulation,The estimation approach presented in this paper has three distinct components that act in concert to achieve the overall objective,navigation,false,Peripheral,Abstract-only extraction. QA capped accordingly.,,false,0,1,0,0,1,Q-low,B+1: ablation/failure analysis; CAP: simulation-only -> max Q-medium
REC_0363,Enhanced UAV navigation in GNSS denied environment using repeated dynamics pattern recognition,S. Zahran; A. Moussa; N. El-Sheimy,2018,,10.1109/PLANS.2018.8373497,IEEE_Xplore,UAV,outdoor,IMU|GPS_denied_confirmed,EKF,other,RMSE,98.0,%,custom,simulation,This paper presents an innovative approach to enhance the navigation of UAVs in GNSS denied environments,navigation,false,Peripheral,Abstract-only extraction. QA capped accordingly.,,false,0,0,1,0,1,Q-low,C+1: established baseline compared; CAP: simulation-only -> max Q-medium
REC_0369,Autonomous Flight Control of a Nano Quadrotor Helicopter in a GPS-Denied Environment Using On-Board Vision,X. Zhang; B. Xian; B. Zhao; Y. Zhang,2015,,10.1109/TIE.2015.2420036,IEEE_Xplore,UAV,mixed,camera|IMU|GPS_denied_confirmed,VIO_SLAM,other,RMSE,0.15,m,custom,simulation,"In this paper, a nano quadrotor helicopter which weighs about only 45 grams and has a diameter less than 0.15 m is employed for the autonomous flight control development in GPS-denied environments",mapping,false,Peripheral,Abstract-only extraction. QA capped accordingly.,,false,0,2,0,0,2,Q-low,A+1: ground-truth comparison; B+1: quantitative error metric reported; B+1: ablation/failure analysis; CAP: simulation-only -> max Q-medium; CAP: abstract-only -1 rigor (cannot verify from abstract alone)
REC_0372,UAV-Assisted Visual SLAM Generating Reconstructed 3D Scene Graphs in GPS-Denied Environments,A. Radwan; A. Tourani; H. Bavle; H. Voos; J. L. Sanchez-Lopez,2024,,10.1109/ICUAS60882.2024.10556948,IEEE_Xplore,UAV,indoor,camera|GPS_denied_confirmed,VIO_SLAM,deep_learning,RMSE,,,custom,real_world,This paper aims to reconstruct maps of indoor environments and generate 3D scene graphs for a high-level representation using a camera mounted on a drone,mapping,false,Peripheral,Abstract-only extraction. QA capped accordingly.,,false,2,0,0,0,2,Q-low,A+2: real-world experiments; A+1: ground-truth comparison; CAP: abstract-only -1 rigor (cannot verify from abstract alone)
REC_0388,Multi-UAV Cooperative Navigation Based on Multisource Information Fusion: A Review,F. Song; Q. Zeng; R. Zhang; X. Zhu; X. Ye; Z. Zhang,2026,,10.1109/JSEN.2025.3646302,IEEE_Xplore,UAV,outdoor,GPS_denied_confirmed,DNN,loosely_coupled,RMSE,,,custom,simulation,"This article presents a structured framework for CN that integrates multisource information acquisition, cooperative localization (CL) techniques in GNSS-denied environments, and multisource fusion al",military,false,Peripheral,Abstract-only extraction. QA capped accordingly.,,false,0,0,0,0,0,Q-low,A+1: ground-truth comparison; CAP: simulation-only -> max Q-medium; CAP: abstract-only -1 rigor (cannot verify from abstract alone)
REC_0391,Multi-UAV Collaboration and IMU Fusion Localization Method in Partial GNSS-Denied Scenarios,Y. Zheng; Y. Xie; J. Li,2023,,10.1109/ACCESS.2023.3315870,IEEE_Xplore,UAV,simulation,IMU|GPS_denied_confirmed,UKF,loosely_coupled,success_rate,21.4,%,custom,simulation,"To solve the mentioned issues above, a fusion localization method based on multi-UAV collaborative ranging and user-side inertial measurement unit (IMU) module was proposed for GNSS-denied scenarios",navigation,false,Peripheral,Abstract-only extraction. QA capped accordingly.,,false,0,0,1,0,1,Q-low,C+1: established baseline compared; CAP: simulation-only -> max Q-medium
REC_0409,Dust-Resilient Autonomous Navigation and Mapping for UAVs in GNSS-Denied Underground Tunnels,M. A. Montes-Grova; J. M. González-Marín; F. J. Pérez-Grau; A. Viguria,2026,,10.1109/ICUAS69441.2026.11598747,IEEE_Xplore,UAV,indoor,lidar|camera|IMU|GPS_denied_confirmed|wheel_encoder,other,loosely_coupled,RMSE,0.19,m,custom,real_world,"Autonomous UAVs enable safe inspection of hazardous underground environments, but simultaneous GNSS denial and visibility degradation from airborne dust present critical navigation challenges",inspection,false,Peripheral,Abstract-only extraction. QA capped accordingly.,,false,2,1,0,0,3,Q-low,A+2: real-world experiments; A+1: ground-truth comparison; B+1: quantitative error metric reported; CAP: abstract-only -1 rigor (cannot verify from abstract alone)
REC_0412,Learning to Navigate and Track Using a Decentralized Reinforcement Learning Framework for UAV Operations in GNSS-Denied Terrain,P. N. D. Almalis; G. A. Tsihrintzis; A. Stergioulis; M. Michail; T. Tilemachos,2025,,10.1109/ICTAI66417.2025.00154,IEEE_Xplore,UAV,simulation,GPS_denied_confirmed,DNN,loosely_coupled,RMSE,,,custom,real_world,We present a decentralized reinforcement learning framework for autonomous UAV navigation and person tracking in GNSS-denied environments,navigation,false,Peripheral,Abstract-only extraction. QA capped accordingly.,,false,1,1,0,0,2,Q-low,A+2: real-world experiments; B+1: ablation/failure analysis; CAP: abstract-only -1 rigor (cannot verify from abstract alone)
REC_0425,Evaluation of Real-Time Vehicle Localization Accuracy Using Vision-Based Deep Learning and Sensor Fusion in GPS-Denied Scenarios,C. -H. Huang; R. -T. Juang; C. -Y. Liu,2025,,10.1109/ACCESS.2025.3627600,IEEE_Xplore,UAV,outdoor,camera|IMU|GPS_denied_confirmed,DNN,deep_learning,drift_pct,,,custom,simulation,"This study proposes a novel real-time vehicle localization framework designed specifically for GPS-denied environments, emphasizing heterogeneous fusion of visual and inertial information",navigation,false,Peripheral,Abstract-only extraction. QA capped accordingly.,,false,0,0,0,0,0,Q-low,CAP: simulation-only -> max Q-medium
REC_0426,Leonardo Drone Contest 2021: Politecnico di Milano team architecture,G. Roggi; S. Meraglia; M. Lovera,2022,,10.1109/ICUAS54217.2022.9836103,IEEE_Xplore,UAV,indoor,IMU,other,other,RMSE,,,custom,real_world,"In this paper, the winning solution of the second edition of the Leonardo Drone Contest (LDC), an autonomous drone competition, is presented",navigation,false,Peripheral,Abstract-only extraction. QA capped accordingly.,,false,1,0,0,0,1,Q-low,A+2: real-world experiments; CAP: abstract-only -1 rigor (cannot verify from abstract alone)
REC_0430,Drones Guiding Drones: Cooperative Navigation of a Less-Equipped Micro Aerial Vehicle in Cluttered Environments,V. Pritzl; M. Vrba; Y. Stasinchuk; V. Krátký; J. Horyna; P. Štěpán; M. Saska,2024,,10.1109/IROS58592.2024.10802770,IEEE_Xplore,UAV,outdoor,lidar|camera|GPS_denied_confirmed,other,other,RMSE,,,custom,real_world,A novel cooperative guidance framework offloading the sensing requirements from a minimalistic secondary UAV to a superior primary UAV is proposed,navigation,false,Peripheral,Abstract-only extraction. QA capped accordingly.,,false,1,0,0,0,1,Q-low,A+2: real-world experiments; CAP: abstract-only -1 rigor (cannot verify from abstract alone)
REC_0438,Vision-based object path following on a quadcopter for GPS-denied environments,D. H. S. De Mel; K. A. Stol; J. A. D. Mills; B. R. Eastwood,2017,,10.1109/ICUAS.2017.7991500,IEEE_Xplore,UAV,outdoor,camera|GPS_denied_confirmed,other,other,RMSE,6.5,cm,custom,simulation,This paper presents the development of an object path following algorithm for a quadcopter using on-board vision and localization,navigation,false,Peripheral,Abstract-only extraction. QA capped accordingly.,,false,0,1,0,0,1,Q-low,B+1: quantitative error metric reported; CAP: simulation-only -> max Q-medium
REC_0444,Autonomous Aerial Swarming in GNSS-denied Environments with High Obstacle Density,A. Ahmad; V. Walter; P. Petráček; M. Petrlík; T. Báča; D. Žaitlík; M. Saska,2021,,10.1109/ICRA48506.2021.9561284,IEEE_Xplore,UAV,simulation,GPS_denied_confirmed,other,other,RMSE,,,custom,simulation,The presented work tackles realistic scenarios in which the environment map is not known apriori and the use of a global localization system and communication infrastructure is difficult due to the pr,navigation,false,Peripheral,Abstract-only extraction. QA capped accordingly.,,false,0,1,0,0,1,Q-low,B+1: ablation/failure analysis; CAP: simulation-only -> max Q-medium
REC_0450,Aerial Swarm Search for GNSS-Denied Maritime Surveillance,S. Yang; D. Lin; S. He; I. Hussain; L. Seneviratne,2024,,10.1109/TAES.2024.3362764,IEEE_Xplore,UAV,simulation,GPS_denied_confirmed,other,other,RMSE,,,custom,real_world,"The purpose of this article is to introduce an unmanned aerial swarm control strategy that has been developed specifically for the MBZIRC 2024 competition inspection task, which requires the UAV swarm",inspection,false,Peripheral,Abstract-only extraction. QA capped accordingly.,,false,1,1,0,0,2,Q-low,A+2: real-world experiments; B+1: trajectory scale reported; CAP: abstract-only -1 rigor (cannot verify from abstract alone)
REC_0453,A proposal for UAV clustering-based relative localization in GNSS-denied environments,A. Boulkaid; A. Bermúdez; R. Casado; L. Orozco-Barbosa; A. Haqiq,2025,,10.23919/PEMWN67312.2025.11304114,IEEE_Xplore,UAV,outdoor,GPS_denied_confirmed,other,other,RMSE,,,custom,simulation,"Additionally, maintaining up-to-date data transmission to ground stations is critical for real-time localization in dynamic scenarios.This paper proposes a cooperative relative localization scheme bas",navigation,false,Peripheral,Abstract-only extraction. QA capped accordingly.,,false,0,0,1,0,1,Q-low,C+1: established baseline compared; CAP: simulation-only -> max Q-medium
REC_0455,Airborne-Relay-based Algorithm for Locating Crashed UAVs in GPS-Denied Environments,D. Oh; J. Lim; J. -K. Lee; H. Baek,2019,,10.1109/UEMCON47517.2019.8993065,IEEE_Xplore,UAV,simulation,GPS_denied_confirmed,other,other,RMSE,,,custom,simulation,"We propose a location algorithm to promptly search for crashed unmanned aerial vehicles (UAVs), using an airborne communication relay UAV (ACRU) in global positioning system (GPS)-denied environments",navigation,false,Peripheral,Abstract-only extraction. QA capped accordingly.,,false,0,1,0,0,1,Q-low,B+1: trajectory scale reported; CAP: simulation-only -> max Q-medium
REC_0456,TDOA based Tightly Coupled Sensor Fusion for UAV Positioning in GPS-denied Environment,Z. Wang; B. Yang; H. Liu; Z. Tong; H. Shi,2024,,10.1109/RAIIC61787.2024.10670977,IEEE_Xplore,UAV,simulation,IMU|GPS_denied_confirmed|UWB,hybrid,tightly_coupled,RMSE,0.0319,m,custom,real_world,"This paper proposes a tightly coupled fusion algorithm that integrates Ultra-Wideband (UWB) and Inertial Measurement Unit (IMU) data based on Time Difference of Arrival (TDOA) measurements, suitable f",navigation,false,Peripheral,Abstract-only extraction. QA capped accordingly.,,false,1,1,0,0,2,Q-low,A+2: real-world experiments; B+1: quantitative error metric reported; CAP: abstract-only -1 rigor (cannot verify from abstract alone)
REC_0459,Safe Tightly-Constrained UAV Swarming in GNSS-denied Environments,A. Dmytruk; T. Nascimento; A. Ahmad; T. Báča; M. Saska,2021,,10.1109/ICUAS51884.2021.9476794,IEEE_Xplore,UAV,simulation,GPS_denied_confirmed,other,other,RMSE,,,custom,simulation,A decentralized algorithm for flocking of Unmanned Aerial Vehicles (UAV) in environments with high obstacle density is proposed in this work,navigation,false,Peripheral,Abstract-only extraction. QA capped accordingly.,,false,0,1,0,0,1,Q-low,A+1: ground-truth comparison; B+1: ablation/failure analysis; CAP: simulation-only -> max Q-medium; CAP: abstract-only -1 rigor (cannot verify from abstract alone)
REC_0461,Autonomous MAV navigation in complex GNSS-denied 3D environments,M. Nieuwenhuisen; D. Droeschel; M. Beul; S. Behnke,2015,,10.1109/SSRR.2015.7443012,IEEE_Xplore,UAV,indoor,lidar|GPS_denied_confirmed,other,other,RMSE,,,custom,simulation,"In this work, we propose a complete navigation system with a multimodal sensor setup for omnidirectional environment perception",search_rescue,false,Peripheral,Abstract-only extraction. QA capped accordingly.,,false,0,0,0,0,0,Q-low,CAP: simulation-only -> max Q-medium
REC_0464,Relative visual-inertial odometry for fixed-wing aircraft in GPS-denied environments,G. Ellingson; K. Brink; T. McLain,2018,,10.1109/PLANS.2018.8373454,IEEE_Xplore,UAV,simulation,camera|IMU|GPS_denied_confirmed|wheel_encoder,VIO,other,RMSE,,,custom,simulation,This paper introduces an odometry-like front-end estimator for GPS-denied fixed-wing flight using a monocular camera,navigation,false,Peripheral,Abstract-only extraction. QA capped accordingly.,,false,0,0,0,0,0,Q-low,A+1: repeatability/multiple runs; CAP: simulation-only -> max Q-medium; CAP: abstract-only -1 rigor (cannot verify from abstract alone)
REC_0469,Design and Flight Test of an Aerial Manipulator for Applications in GPS-Denied Environments,M. Ng; F. Vanegas; K. Morton; J. Sandino; F. Gonzalez,2022,,10.1109/ICUAS54217.2022.9836060,IEEE_Xplore,UAV,indoor,GPS_denied_confirmed,other,other,RMSE,,,custom,real_world,Research and development of aerial manipulators has gained interest over the past few years,inspection,false,Peripheral,Abstract-only extraction. QA capped accordingly.,,false,1,1,0,0,2,Q-low,A+2: real-world experiments; B+1: trajectory scale reported; CAP: abstract-only -1 rigor (cannot verify from abstract alone)
REC_0475,P2P-DroneLoc: Peer-to-Peer Localization for GPS-Denied Drones using Camera and WiFi Fine Time Measurement,K. Ashraf; A. Ashok,2022,,10.1109/ANTS56424.2022.10227756,IEEE_Xplore,UAV,outdoor,camera|GPS_denied_confirmed|WiFi,other,other,RMSE,4.0,m,custom,real_world,"We evaluate our proposed peer-to-peer localization via accuracy across three estimated measures: (i) range or distance between the drones, (ii) GPS bearing (angle), and (iii) GPS location (coordinates",navigation,false,Important,Abstract-only extraction. QA capped accordingly.,,false,1,3,0,0,4,Q-medium,A+2: real-world experiments; B+1: quantitative error metric reported; B+1: trajectory scale reported; B+1: ablation/failure analysis; CAP: abstract-only -1 rigor (cannot verify from abstract alone)
REC_0481,An Onboard Transformer-Based Physics-Informed System for UAV Trajectory Prediction and State Classification in GNSS-Denied Environments,N. Souli; Y. Grigoriou; P. Chrysanthou; P. Kolios; G. Ellinas,2026,,10.1109/ICUAS69441.2026.11598599,IEEE_Xplore,UAV,outdoor,GPS_denied_confirmed,DNN,loosely_coupled,RMSE,,,custom,real_world,"This work introduces a real-time, lightweight system deployed onboard unmanned aerial vehicles (UAVs) that achieves the two-fold objective of state classification and trajectory prediction by integrat",navigation,false,Peripheral,Abstract-only extraction. QA capped accordingly.,,false,1,0,1,0,2,Q-low,A+2: real-world experiments; C+1: established baseline compared; CAP: abstract-only -1 rigor (cannot verify from abstract alone)
REC_0483,Future Uncertainty-Based Control for Relative Navigation in GPS-Denied Environments,H. Bai; C. N. Taylor,2020,,10.1109/TAES.2020.2974052,IEEE_Xplore,UAV,simulation,GPS_denied_confirmed,particle_filter,other,RMSE,,,custom,simulation,"To compute this estimate, we propose a definition of the nonlinear observability matrix with respect to a future state and establish its connection with the filtering Cramer-Rao lower bound at the fut",navigation,false,Peripheral,Abstract-only extraction. QA capped accordingly.,,false,0,0,0,0,0,Q-low,CAP: simulation-only -> max Q-medium
REC_0485,Multi-Sensor 6-DoF Localization For Aerial Robots In Complex GNSS-Denied Environments,J. L. Paneque; J. R. Martínez-de Dios; A. Ollero,2019,,10.1109/IROS40897.2019.8967686,IEEE_Xplore,UAV,outdoor,lidar|camera|GPS_denied_confirmed,other,loosely_coupled,RMSE,,,custom,simulation,This paper presents a multi-sensor multi-hypothesis method for robust 6-DoF localization in complex environments,navigation,false,Peripheral,Abstract-only extraction. QA capped accordingly.,,false,0,0,1,0,1,Q-low,C+1: matched conditions; CAP: simulation-only -> max Q-medium
REC_0488,UAV Navigation in Unknown Indoor Environment Aware of Localization Uncertainty by Using Trilateration Method Based on UGVs,O. Nakeshbandi; S. Kumano; Z. Wang,2025,,10.1109/RCAR65431.2025.11139692,IEEE_Xplore,UAV,mixed,camera|GPS_denied_confirmed,other,other,RMSE,,,custom,simulation,"In this work, we propose a motion control method for a UAV that leverages Virtual Interactive Force to navigate in unknown indoor environments in real-time, utilizing a three-dimensional localization",navigation,false,Peripheral,Abstract-only extraction. QA capped accordingly.,,false,0,0,0,0,0,Q-low,CAP: simulation-only -> max Q-medium
REC_0489,UAV Vision Aided INS/Odometer Integration for Land Vehicle Autonomous Navigation,J. Dong; X. Ren; S. Han; S. Luo,2022,,10.1109/TVT.2022.3151729,IEEE_Xplore,UAV,simulation,camera|IMU|GPS_denied_confirmed,EKF,other,RMSE,,,custom,simulation,"This paper proposes an approach to aid the INS/odometer integration by using vision positioning, where a UAV is used to carry the vision camera and helps to realize the positioning of the vehicle by i",military,false,Peripheral,Abstract-only extraction. QA capped accordingly.,,false,0,1,1,0,2,Q-low,B+1: ablation/failure analysis; C+1: established baseline compared; CAP: simulation-only -> max Q-medium
REC_0493,Monocular visual SLAM for small UAVs in GPS-denied environments,C. Wang; T. Wang; J. Liang; Y. Chen; Y. Zhang; C. Wang,2012,,10.1109/ROBIO.2012.6491082,IEEE_Xplore,UAV,simulation,camera|IMU|GPS_denied_confirmed,VIO_SLAM,loosely_coupled,RMSE,,,custom,simulation,This paper presents a monocular visual simultaneous localization and mapping (SLAM) system for a small unmanned aerial vehicle (UAV) in GPS-denied environments,mapping,false,Peripheral,Abstract-only extraction. QA capped accordingly.,,false,0,0,1,0,1,Q-low,C+1: established baseline compared; CAP: simulation-only -> max Q-medium
REC_0494,Joint placement and communication optimization of uav base stations in GPS-denied environments,J. Yang; J. Lee; J. Lim,2024,,10.23919/JCN.2024.000056,IEEE_Xplore,UAV,simulation,GPS_denied_confirmed,other,loosely_coupled,RMSE,,,custom,simulation,"In our paper, we propose a UAV base station (BS) localization method under aerial global positioning system (GPS) jammed environments, where the UAV-BS simultaneously provides communication service to",navigation,false,Peripheral,Abstract-only extraction. QA capped accordingly.,,false,0,0,0,0,0,Q-low,CAP: simulation-only -> max Q-medium
REC_0502,LD3DGS-SLAM: Long-Distance Monocular SLAM With 3-D Gaussian Splatting and GNSS-Aided Localization for UAVs,D. Li; T. Yang; Y. Wang; H. Qin; S. Fan; S. Zhang; Y. Zhang; J. Li,2026,,10.1109/JIOT.2025.3638876,IEEE_Xplore,UAV,outdoor,camera|GPS_denied_confirmed,VIO_SLAM,deep_learning,drift_pct,0.8,m,TUM,real_world,"To address these limitations, we propose LD3DGS-SLAM, a novel framework that integrates monocular SLAM, GNSS, and 3-D Gaussian splatting (3DGS) to enhance UAV-based localization and mapping",mapping,false,Important,Abstract-only extraction. QA capped accordingly.,,false,1,3,0,0,4,Q-medium,A+2: real-world experiments; B+1: quantitative error metric reported; B+1: trajectory scale reported; B+1: ablation/failure analysis; CAP: abstract-only -1 rigor (cannot verify from abstract alone)
REC_0503,Decimeter-Accuracy Positioning for Drones Using Two-Stage Trilateration in a GPS-Denied Environment,Y. -E. Chen; H. -H. Liew; J. -C. Chao; R. -B. Wu,2023,,10.1109/JIOT.2022.3231704,IEEE_Xplore,UAV,indoor,GPS_denied_confirmed|UWB,other,other,RMSE,10.0,m,custom,simulation,"This study proposes a high-accuracy two-stage trilateration method that enables real-time positioning in global position system (GPS)-denied areas, such as unmanned aerial vehicles (UAVs) under bridge",navigation,false,Peripheral,Abstract-only extraction. QA capped accordingly.,,false,0,2,0,0,2,Q-low,B+1: quantitative error metric reported; B+1: trajectory scale reported; CAP: simulation-only -> max Q-medium
REC_0526,Range-Only EKF-Based Relative Navigation for UAV Swarms in GPS-Denied Zones,D. Belfadel; D. Haessig; C. Chibane,2024,,10.1109/ACCESS.2024.3481409,IEEE_Xplore,UAV,simulation,IMU|GPS_denied_confirmed,EKF,other,drift_pct,,,custom,real_world,"This paper presents a range-aided navigation system, where an Extended Kalman Filter (EKF) combines IMU data with range observations from onboard sensors that measure the distance between nodes in the",navigation,false,Important,Abstract-only extraction. QA capped accordingly.,,false,1,2,1,0,4,Q-medium,A+2: real-world experiments; B+1: trajectory scale reported; B+1: ablation/failure analysis; C+1: established baseline compared; CAP: abstract-only -1 rigor (cannot verify from abstract alone)
REC_0527,Low-SWaP GNSS-denied Navigation using LTE Signals of Opportunity,T. Sweat; W. K. Harrison; M. Rice; R. W. Beard,2025,,10.1109/PLANS61210.2025.11028479,IEEE_Xplore,UAV,outdoor,IMU|GPS_denied_confirmed,EKF,other,RMSE,8.03,m,custom,real_world,"This paper develops a technique to measure a differential pseudorange between an LTE cell tower and a mobile receiver using a low-SWaP, low-cost software defined radio",navigation,false,Peripheral,Abstract-only extraction. QA capped accordingly.,,false,1,1,0,0,2,Q-low,A+2: real-world experiments; B+1: quantitative error metric reported; CAP: abstract-only -1 rigor (cannot verify from abstract alone)
REC_0529,Enhancing the UAV Localization Accuracy by Removing False Matches Using Affine Consistency,R. Malik; A. Qureshi; M. Farooq; M. A. Akhter,2024,,10.1109/IBCAST61650.2024.10877263,IEEE_Xplore,UAV,outdoor,camera|GPS_denied_confirmed,other,other,RMSE,,,custom,simulation,This paper introduces a novel approach that integrates affine consistency with flight path verification to enhance image localization accuracy,navigation,false,Peripheral,Abstract-only extraction. QA capped accordingly.,,false,0,0,0,0,0,Q-low,CAP: simulation-only -> max Q-medium
REC_0530,Cooperative Localization of a GPS-Denied UAV Using Direction-of-Arrival Measurements,J. S. Russell; M. Ye; B. D. O. Anderson; H. Hmam; P. Sarunic,2020,,10.1109/TAES.2019.2942704,IEEE_Xplore,UAV,simulation,IMU|GPS_denied_confirmed,other,other,RMSE,,,custom,simulation,"A GPS-denied unmanned aerial vehicle (UAV) (Agent B) is localized through inertial navigation system alignment with the aid of a nearby GPS-equipped UAV (Agent A), which broadcasts its position at sev",navigation,false,Peripheral,Abstract-only extraction. QA capped accordingly.,,false,0,0,0,0,0,Q-low,CAP: simulation-only -> max Q-medium
REC_0534,Integrated UWB-Vision Approach for Autonomous Docking of UAVs in GPS-denied Environments,T. -M. Nguyen; T. H. Nguyen; M. Cao; Z. Qiu; L. Xie,2019,,10.1109/ICRA.2019.8793851,IEEE_Xplore,UAV,outdoor,GPS_denied_confirmed|UWB,other,loosely_coupled,RMSE,,,custom,real_world,In this paper we propose a method combining Ultra-wideband (UWB) ranging sensor with vision-based techniques to achieve both autonomous approaching and landing capabilities in GPS-denied environments,navigation,false,Peripheral,Abstract-only extraction. QA capped accordingly.,,false,1,1,0,0,2,Q-low,A+2: real-world experiments; B+1: trajectory scale reported; CAP: abstract-only -1 rigor (cannot verify from abstract alone)
REC_0537,Indoor Navigation and Attitude Estimation for Uas Using Inertial Sensors and Extended Kalman Filtering,S. Ponte; G. Ariante; A. Menichino; V. Di Vito; G. Del Core,2026,,10.1109/MetroAeroSpace69299.2026.11646697,IEEE_Xplore,UAV,mixed,camera|IMU|GPS_denied_confirmed,EKF,other,drift_pct,,,custom,simulation,This work investigates the impact of IMU bias and drift errors on UAS navigation and attitude estimation and introduces an estimation technique based on the Extended Kalman Filter (EKF) to jointly est,navigation,false,Peripheral,Abstract-only extraction. QA capped accordingly.,,false,0,0,1,0,1,Q-low,C+1: established baseline compared; CAP: simulation-only -> max Q-medium
REC_0544,Season-Invariant GNSS-Denied Visual Localization for UAVs,J. Kinnari; F. Verdoja; V. Kyrki,2022,,10.1109/LRA.2022.3191038,IEEE_Xplore,UAV,outdoor,camera|GPS_denied_confirmed,DNN,deep_learning,RMSE,,,custom,simulation,"In this letter, we propose a localization solution relying on matching of UAV camera images to georeferenced orthophotos with a trained convolutional neural network model that is invariant to signific",navigation,false,Peripheral,Abstract-only extraction. QA capped accordingly.,,false,0,1,0,0,1,Q-low,B+1: ablation/failure analysis; CAP: simulation-only -> max Q-medium
REC_0569,Drone Positioning in a Specified Location Using Visual Data Under GPS-denied Conditions,D. Kahitin; V. Kazymyr; M. Suslo; Y. Yatchenko; P. Oleksiienko,2025,,10.1109/IDAACS68557.2025.11322385,IEEE_Xplore,UAV,outdoor,camera|IMU|GPS_denied_confirmed,other,other,drift_pct,,,custom,simulation,This work proposes a vision-based method to compensate for inertial drift by analyzing images captured from a downward-facing camera,navigation,false,Peripheral,Abstract-only extraction. QA capped accordingly.,,false,0,0,0,0,0,Q-low,CAP: simulation-only -> max Q-medium
REC_0572,GNSS-Independent Navigation of UAV through Utilization of Sensor Fusion and Intelligence System,S. E. Meheretu; S. Y. Hailesilassie; E. Nigussie,2022,,10.1109/ICT4DA56482.2022.9971437,IEEE_Xplore,UAV,outdoor,WiFi,hybrid,loosely_coupled,RMSE,,,custom,simulation,"In this work, we proposed a fully autonomous UAV navigation system without GNSS and wireless communication",military,false,Peripheral,Abstract-only extraction. QA capped accordingly.,,false,0,1,0,0,1,Q-low,B+1: ablation/failure analysis; CAP: simulation-only -> max Q-medium
REC_0579,LiDAR-Based Decentralized Collaborative Localization and Mapping for Multi-AAV With Stable Triangle Descriptor,G. Chang; H. Shen; Y. Hui; X. Zhang; J. Lu; H. Lu; B. Tian,2025,,10.1109/TIM.2025.3557821,IEEE_Xplore,UAV,outdoor,lidar|wheel_encoder,LiDAR_SLAM,other,RMSE,,,custom,simulation,"Considering the limited communication bandwidth and computational resources of drone swarms in global positioning systems (GPS)-denied environments, we propose a decentralized collaborative 3-D LiDAR ",mapping,false,Peripheral,Abstract-only extraction. QA capped accordingly.,,false,0,1,1,0,2,Q-low,A+1: repeatability/multiple runs; B+1: ablation/failure analysis; C+1: established baseline compared; CAP: simulation-only -> max Q-medium; CAP: abstract-only -1 rigor (cannot verify from abstract alone)
REC_0594,Google map aided visual navigation for UAVs in GPS-denied environment,M. Shan; F. Wang; F. Lin; Z. Gao; Y. Z. Tang; B. M. Chen,2015,,10.1109/ROBIO.2015.7418753,IEEE_Xplore,UAV,outdoor,camera|GPS_denied_confirmed,particle_filter,other,drift_pct,,,custom,simulation,We propose a framework for Google Map aided UAV navigation in GPS-denied environment,navigation,false,Peripheral,Abstract-only extraction. QA capped accordingly.,,false,0,0,0,0,0,Q-low,CAP: simulation-only -> max Q-medium
REC_0595,Optimal Navigation and Obstacle Avoidance for UAV in Urban Canyons,Y. Hu; A. Gardi,2025,,10.1109/MetroAeroSpace64938.2025.11114464,IEEE_Xplore,UAV,simulation,camera|IMU|GPS_denied_confirmed|VINS|wheel_encoder,EKF,loosely_coupled,RMSE,,,custom,simulation,"To address these limitations, we propose a novel sensor fusion framework that integrates the Sage-Husa adaptive Kalman Filter (SHKF) with intermittent data from GNSS, IMU, and visual odometry supplied",navigation,false,Peripheral,Abstract-only extraction. QA capped accordingly.,,false,0,1,0,0,1,Q-low,B+1: ablation/failure analysis; CAP: simulation-only -> max Q-medium
REC_0598,Compact Passive Millimeter Wave Imager for Degraded Visual and GPS-Denied Navigation,T. Dillon; C. Schuetz; A. Wright; S. Kozacik; Z. El-Azom; S. Shi; D. Prather; A. Rutkowski,2019,,10.1109/RAPID.2019.8864251,IEEE_Xplore,UAV,outdoor,camera|GPS_denied_confirmed,other,other,RMSE,,,custom,simulation,We present a passive millimeter wave imager for aerial vehicle navigation in degraded visual and GPS-denied environments,navigation,false,Peripheral,Abstract-only extraction. QA capped accordingly.,,false,0,0,0,0,0,Q-low,CAP: simulation-only -> max Q-medium
REC_0601,Waypoint Navigation in the Image Plane for Autonomous Navigation of UAV in Vision-Based UAV-AGV System*,A. Kumar Sivarathri; A. Shukla; A. Gupta,2024,,10.1109/MESA61532.2024.10704849,IEEE_Xplore,UAV,simulation,camera|GPS_denied_confirmed,other,other,RMSE,,,custom,simulation,An image plane based autonomous waypoint navigation technique for the collaborative motion of UAV is developed in this paper,inspection,false,Peripheral,Abstract-only extraction. QA capped accordingly.,,false,0,0,0,0,0,Q-low,CAP: simulation-only -> max Q-medium
REC_0612,Research on Autonomous UAV Power Inspection Method Based on Visual SLAM and Multi-View 3D Reconstruction,M. Li; S. Huang,2025,,10.1109/CEI66465.2025.11398715,IEEE_Xplore,UAV,outdoor,camera|GPS_denied_confirmed,VIO_SLAM,loosely_coupled,RMSE,0.052,m,custom,simulation,"This paper presents an integrated solution combining visual SLAM, autonomous navigation, multi-view 3D reconstruction, and 3D defect measurement to achieve full-process automation",inspection,false,Peripheral,Abstract-only extraction. QA capped accordingly.,,false,0,1,0,0,1,Q-low,B+1: quantitative error metric reported; CAP: simulation-only -> max Q-medium
REC_0615,UAV State Estimation and Trajectory Prediction using Transformer-based Neural Networks and Feature-based Visual Odometry,Y. Grigoriou; N. Souli; P. Chrysanthou; P. Kolios; G. Ellinas,2025,,10.1109/SMC58881.2025.11343560,IEEE_Xplore,UAV,outdoor,camera|IMU|GPS_denied_confirmed|wheel_encoder,DNN,deep_learning,RMSE,,,custom,real_world,This work proposes a real-time multi-task learning framework for UAVs that employs Transformer-based neural networks to perform simultaneous trajectory prediction and state identification,search_rescue,false,Peripheral,Abstract-only extraction. QA capped accordingly.,,false,1,0,0,0,1,Q-low,A+2: real-world experiments; CAP: abstract-only -1 rigor (cannot verify from abstract alone)
REC_0617,Visual-Inertial Fusion for Indoor Autonomous Navigation of a Quadrotor Using ORB-SLAM,S. J. Haddadi; E. B. Castelan,2018,,10.1109/LARS/SBR/WRE.2018.00028,IEEE_Xplore,UAV,indoor,camera|IMU|GPS_denied_confirmed|WiFi,VIO_SLAM,loosely_coupled,RMSE,,,custom,simulation,"Since in this paper the SLAM process is performed by the frontal monocular camera of Quadrotor, so developing scale factor estimation in order to calculate the scale of the map with minimum error is n",mapping,false,Peripheral,Abstract-only extraction. QA capped accordingly.,,false,0,0,1,0,1,Q-low,C+1: established baseline compared; CAP: simulation-only -> max Q-medium
REC_0620,Terrain Aided Planetary UAV Localization Based on Geo-referencing,X. Wan; Y. Shao; S. Zhang; S. Li,2022,,10.1109/TGRS.2022.3198745,IEEE_Xplore,UAV,simulation,camera|GPS_denied_confirmed,SLAM,other,RMSE,0.45,m,custom,real_world,"In this article, we proposed a terrain aided simultaneous localisation and mapping (SLAM) algorithm, which simultaneously reconstructs the 3-D map point of environment and estimates the location of a ",mapping,false,Important,Abstract-only extraction. QA capped accordingly.,,false,1,3,1,0,5,Q-medium,A+2: real-world experiments; B+1: quantitative error metric reported; B+1: trajectory scale reported; B+1: ablation/failure analysis; C+1: established baseline compared; CAP: abstract-only -1 rigor (cannot verify from abstract alone)
REC_0622,Micro-Drone Ego-Velocity and Height Estimation in GPS-Denied Environments Using an FMCW MIMO Radar,J. Barra; T. Creuzet; S. Lesecq; G. Scorletti; E. Blanco; M. Zarudniev,2023,,10.1109/JSEN.2022.3229421,IEEE_Xplore,UAV,simulation,GPS_denied_confirmed|radar,other,other,RMSE,,,custom,real_world,"In the context of autonomous navigation, the vehicle trajectory estimation and the detection of surrounding obstacles are two critical functionalities that must be robust to difficult environmental co",navigation,false,Peripheral,Abstract-only extraction. QA capped accordingly.,,false,1,0,0,0,1,Q-low,A+2: real-world experiments; CAP: abstract-only -1 rigor (cannot verify from abstract alone)
REC_0631,Invited Speaker 1: Navigation without GPS for Unmanned Aerial Vehicles,L. Feng,2019,,10.1109/IConDA47345.2019.9034681,IEEE_Xplore,UAV,mixed,GPS_denied_confirmed,other,other,RMSE,,,custom,real_world,"In recent years, research and development of unmanned aerial vehicles (UAVs) have gained much attention in the academic and industrial communities worldwide",navigation,false,Peripheral,Abstract-only extraction. QA capped accordingly.,,false,1,1,0,0,2,Q-low,A+2: real-world experiments; B+1: ablation/failure analysis; CAP: abstract-only -1 rigor (cannot verify from abstract alone)
REC_0637,Miniature IMU/INS with optimally fused low drift MEMS gyro and accelerometers for applications in GPS-denied environments,M. Tanenhaus; D. Carhoun; T. Geis; E. Wan; A. Holland,2012,,10.1109/PLANS.2012.6236890,IEEE_Xplore,UAV,outdoor,IMU|GPS_denied_confirmed,EKF,loosely_coupled,drift_pct,,,custom,real_world,TAI's multi-sensor fusion technology is accelerating the development of accurate MEMS sensor-based inertial navigation in situations where GPS does not operate reliably (GPS-denied environments),navigation,false,Important,Abstract-only extraction. QA capped accordingly.,,false,1,2,1,0,4,Q-medium,A+2: real-world experiments; B+1: trajectory scale reported; B+1: ablation/failure analysis; C+1: established baseline compared; CAP: abstract-only -1 rigor (cannot verify from abstract alone)
REC_0639,A Vision-Based Approach to Autonomous Landing of an eVTOL Aircraft in GPS-Denied Environments,F. V. Benitez; A. Rutherford; J. Van Hilst; E. Babcock; M. Schlief; L. Markussen,2023,,10.1109/DASC58513.2023.10311329,IEEE_Xplore,UAV,outdoor,GPS_denied_confirmed,other,other,RMSE,,,custom,real_world,This research paper describes an autonomous system developed by a team of undergraduate engineering students at Embry-Riddle Aeronautical University - Prescott with support from Wisk Aero,navigation,false,Peripheral,Abstract-only extraction. QA capped accordingly.,,false,1,1,0,0,2,Q-low,A+2: real-world experiments; B+1: ablation/failure analysis; CAP: abstract-only -1 rigor (cannot verify from abstract alone)
REC_0644,Autonomous Localization and Navigation for Drones Over Rivers,P. -C. Wu; Y. -Y. Chen; C. -L. Lin; H. Wang,2026,,10.1109/ACCESS.2025.3650454,IEEE_Xplore,UAV,outdoor,camera|IMU|wheel_encoder,DNN,deep_learning,drift_pct,,,custom,real_world,"This paper presents a robust real-time visual–inertial navigation framework that integrates neural network–based optical flow estimation (NeuFlow v2), the Dynamic Divided Method (DDM), and inertial me",navigation,false,Peripheral,Abstract-only extraction. QA capped accordingly.,,false,1,0,0,0,1,Q-low,A+2: real-world experiments; CAP: abstract-only -1 rigor (cannot verify from abstract alone)
REC_0647,Radiation Source Localization in GPS-Denied Environments Using Aerial Robots,F. Mascarich; T. Wilson; C. Papachristos; K. Alexis,2018,,10.1109/ICRA.2018.8460760,IEEE_Xplore,UGV,indoor,camera|IMU|GPS_denied_confirmed,other,loosely_coupled,RMSE,,,custom,simulation,This paper details the system and methods developed to enable autonomous nuclear radiation source localization and mapping using aerial robots in GPS-denied environments,mapping,false,Peripheral,Abstract-only extraction. QA capped accordingly.,,false,0,0,0,0,0,Q-low,A+1: repeatability/multiple runs; CAP: simulation-only -> max Q-medium; CAP: abstract-only -1 rigor (cannot verify from abstract alone)
REC_0648,Vision aided motion estimation for unmanned helicopters in GPS denied environments,Feng Lin; B. M. Chen; T. H. Lee,2010,,10.1109/ICCIS.2010.5518578,IEEE_Xplore,UAV,outdoor,camera|IMU|GPS_denied_confirmed,EKF,other,RMSE,,,custom,real_world,"In this paper, we present a systematic design and implementation of a vision aided motion estimation approach for an unmanned helicopter in such a condition",navigation,false,Peripheral,Abstract-only extraction. QA capped accordingly.,,false,1,0,0,0,1,Q-low,A+2: real-world experiments; CAP: abstract-only -1 rigor (cannot verify from abstract alone)
REC_0652,Reinforcement Learning-Based Autonomous UAV Navigation in Indoor Environments Towards Human Detection,V. Geeganage; L. Gamage; H. Weerathunga; C. Premachandra; B. H. Sudantha,2026,,10.1109/ICIPRoB69625.2026.11497788,IEEE_Xplore,UAV,mixed,lidar|camera|GPS_denied_confirmed,DNN,other,RMSE,,,custom,real_world,"To address this limitation, this paper introduces a cost-effective, fully autonomous UAV navigation framework that leverages Deep Reinforcement Learning (DRL) to replace brittle rule-based decision lo",search_rescue,false,Peripheral,Abstract-only extraction. QA capped accordingly.,,false,1,1,0,0,2,Q-low,A+2: real-world experiments; B+1: ablation/failure analysis; CAP: abstract-only -1 rigor (cannot verify from abstract alone)
REC_0656,Vision-Based UAV Localization by Aerial and Satellite Image Matching,H. -Y. Lin; P. -H. Chen; C. -W. Yeh,2026,,10.1109/ACCESS.2026.3684630,IEEE_Xplore,UAV,indoor,camera|GPS_denied_confirmed,other,other,RMSE,,,custom,real_world,"To overcome the limitations, the development of GNSS-denied alternative localization techniques has become an important topic",delivery,false,Peripheral,Abstract-only extraction. QA capped accordingly.,,false,1,1,0,1,3,Q-low,A+2: real-world experiments; B+1: ablation/failure analysis; D+1: code/data released; CAP: abstract-only -1 rigor (cannot verify from abstract alone)
REC_0659,Fast Swarming of UAVs in GNSS-Denied Feature-Poor Environments Without Explicit Communication,J. Horyna; V. Krátký; V. Pritzl; T. Báča; E. Ferrante; M. Saska,2024,,10.1109/LRA.2024.3390596,IEEE_Xplore,UAV,outdoor,GPS_denied_confirmed,other,other,RMSE,,,custom,real_world,A decentralized swarm approach for the fast cooperative flight of Unmanned Aerial Vehicles (UAVs) in feature-poor environments without any external localization and communication is introduced in this,navigation,false,Peripheral,Abstract-only extraction. QA capped accordingly.,,false,1,1,0,0,2,Q-low,A+2: real-world experiments; B+1: ablation/failure analysis; CAP: abstract-only -1 rigor (cannot verify from abstract alone)
REC_0662,Joint Placement and Communication Optimization of UAV Base Stations in Aerial GPS Denied Environments with Supplementary Node Assistance,J. Yang; J. Lee; J. Lim,2024,,10.1109/ICTC62082.2024.10827425,IEEE_Xplore,UAV,simulation,GPS_denied_confirmed,other,other,RMSE,,,custom,simulation,"Thus, we propose a joint placement and communication model in aerial GPS-denied environment which uses unaffected user equipments (UEs) on ground as reference anchor nodes and supplementary UE node to",navigation,false,Peripheral,Abstract-only extraction. QA capped accordingly.,,false,0,0,0,0,0,Q-low,CAP: simulation-only -> max Q-medium
REC_0664,A UAV system for inspection of industrial facilities,J. Nikolic; M. Burri; J. Rehder; S. Leutenegger; C. Huerzeler; R. Siegwart,2013,,10.1109/AERO.2013.6496959,IEEE_Xplore,UAV,indoor,camera|IMU|GPS_denied_confirmed,other,loosely_coupled,drift_pct,,,custom,real_world,This work presents a small-scale Unmanned Aerial System (UAS) capable of performing inspection tasks in enclosed industrial environments,inspection,false,Peripheral,Abstract-only extraction. QA capped accordingly.,,false,2,1,0,0,3,Q-low,A+2: real-world experiments; A+1: ground-truth comparison; B+1: ablation/failure analysis; CAP: abstract-only -1 rigor (cannot verify from abstract alone)
REC_0672,Visual Localization system for GPS-Blind Environments in Unmanned Aerial Vehicles,Y. Murhij; D. Gavrilov; V. Buzdin; W. Kafa; E. Tatarinova; A. Fateev; S. Shkatula; D. Krichevets,2024,,10.1109/ICCT62929.2024.10875019,IEEE_Xplore,UAV,outdoor,camera|GPS_denied_confirmed,other,other,RMSE,,,custom,real_world,"As the adoption of UAVs expands, developing robust backup strategies is crucial for ensuring safe and reliable navigation in the event of Global Navigation Satellite Systems (GNSS) failures or cyber-a",navigation,false,Peripheral,Abstract-only extraction. QA capped accordingly.,,false,1,2,0,0,3,Q-low,A+2: real-world experiments; B+1: trajectory scale reported; B+1: ablation/failure analysis; CAP: abstract-only -1 rigor (cannot verify from abstract alone)
REC_0674,Enhanced Relative Localization Based on Persistent Excitation for Multi-UAVs in GPS-Denied Environments,F. She; Y. Zhang; D. Shi; H. Zhou; X. Ren; T. Xu,2020,,10.1109/ACCESS.2020.3015593,IEEE_Xplore,UAV,simulation,GPS_denied_confirmed,other,other,RMSE,,,custom,simulation,"This article tackles these issues, and proposes an enhanced approach to ensure the practical usage of persistent excitation based RL",military,false,Peripheral,Abstract-only extraction. QA capped accordingly.,,false,0,1,0,0,1,Q-low,B+1: ablation/failure analysis; CAP: simulation-only -> max Q-medium
REC_0678,Inside Bridges: Autonomous Crack Inspection with Nano UAVs in GNSS-Denied Environments,D. Müller; P. Herbers; R. Dyrska; F. Çelik; M. König; M. Mönnigmann,2024,,10.1109/ICARCV63323.2024.10821644,IEEE_Xplore,UAV,indoor,camera|IMU|GPS_denied_confirmed,other,other,RMSE,,,custom,simulation,Detecting damage to bridges is essential for safety and financial reasons. We focus on inspections inside bridges and claim Unmanned Aerial Vehicles (UAVs) are ideally suited to assist inspections of,inspection,false,Peripheral,Abstract-only extraction. QA capped accordingly.,,false,0,0,0,0,0,Q-low,CAP: simulation-only -> max Q-medium
REC_0687,On the scalability of experimentally determined aerodynamic model for model-based navigation on a delta-wing UAV,P. Longobardi; J. Skaloud,2023,,10.1109/MetroAeroSpace57412.2023.10189996,IEEE_Xplore,UAV,indoor,GPS_denied_confirmed,other,other,RMSE,,,custom,real_world,"In this study, we propose a methodology for generalizing an aerodynamic model experimentally determined for a specific platform to a family of platforms sharing comparable physical characteristics by ",navigation,false,Peripheral,Abstract-only extraction. QA capped accordingly.,,false,1,0,1,0,2,Q-low,A+2: real-world experiments; C+1: established baseline compared; CAP: abstract-only -1 rigor (cannot verify from abstract alone)
REC_0688,Single Vehicle Localization and Routing in GPS-Denied Environments Using Range-Only Measurements,S. Misra; B. Wang; K. Sundar; R. Sharma; S. Rathinam,2020,,10.1109/ACCESS.2019.2963286,IEEE_Xplore,UGV,simulation,GPS_denied_confirmed,other,other,RMSE,,,custom,simulation,The proposed formulation of the optimization problem also allows for a limited field-of-view of the sensor on-board the vehicle,navigation,false,Peripheral,Abstract-only extraction. QA capped accordingly.,,false,0,0,0,0,0,Q-low,CAP: simulation-only -> max Q-medium
REC_0692,A High Accuracy and Large-Scale Detection for Fixed-Wing UAV Autonomous Ground Landing With GNSS-Denied,B. Fang; Z. Zhong; X. Jiang,2025,,10.1109/ACCESS.2025.3550127,IEEE_Xplore,UAV,outdoor,camera|GPS_denied_confirmed,hybrid,loosely_coupled,RMSE,,,custom,simulation,"A highly accurate and large-scale automatic landing system for fixed-wing UAVs in GNSS-denied environments is proposed, leveraging advanced multi-sensor fusion techniques",navigation,false,Peripheral,Abstract-only extraction. QA capped accordingly.,,false,0,1,1,0,2,Q-low,B+1: trajectory scale reported; C+1: established baseline compared; CAP: simulation-only -> max Q-medium
REC_0693,Characterization and Testing of a High-Resolution Time-of-Flight Camera for Autonomous Navigation,R. Opromolla; G. Fasano; G. Rufino; M. Grassi,2018,,10.1109/MetroAeroSpace.2018.8453522,IEEE_Xplore,UAV,outdoor,camera|GPS_denied_confirmed|wheel_encoder,other,other,RMSE,,,custom,simulation,"This paper presents the results of research activities carried out to characterize and test the operation of a latest generation commercial, high-resolution Time-of-Flight (TOF) camera",navigation,false,Peripheral,Abstract-only extraction. QA capped accordingly.,,false,0,1,0,0,1,Q-low,B+1: ablation/failure analysis; CAP: simulation-only -> max Q-medium
REC_0701,Vision-Based Autonomous Drone Navigation Using Deep Reinforcement Learning,N. Narole; D. Prasad; S. R. Gaikwad; S. S. Badhiye; B. Jolad; J. S. Nadaf,2026,,10.1109/ESCI68015.2026.11493377,IEEE_Xplore,UAV,indoor,camera|GPS_denied_confirmed,DNN,deep_learning,RMSE,,,custom,simulation,"With this, this paper introduces a deep reinforcement learning (DRL)-based autonomous drone navigation framework based on vision, which combines perception, decision-making and control in one learning",navigation,false,Peripheral,Abstract-only extraction. QA capped accordingly.,,false,0,1,1,0,2,Q-low,B+1: ablation/failure analysis; C+1: established baseline compared; CAP: simulation-only -> max Q-medium
REC_0703,Kite-Inspired Deadlock-Free Deploying for UAV Swarm-to-Swarm in GNSS-Denied Environment,Y. Li; H. Pang; H. Li; Q. Li,2024,,10.1109/JIOT.2024.3449634,IEEE_Xplore,UAV,simulation,GPS_denied_confirmed,other,other,RMSE,,,custom,simulation,We propose a series of task scheduling and UAV deployment strategies to address the dynamic changes of obscured target positions in real scenarios,navigation,false,Peripheral,Abstract-only extraction. QA capped accordingly.,,false,0,1,0,0,1,Q-low,B+1: trajectory scale reported; CAP: simulation-only -> max Q-medium
REC_0705,Recursive Extended Finite-Memory Positioning Algorithm for Robust UAV Positioning in GNSS-Denied Environment,S. S. Lee; J. M. Pak; P. Shi; C. K. Ahn,2026,,10.1109/JIOT.2025.3629868,IEEE_Xplore,UAV,mixed,IMU|GPS_denied_confirmed|UWB|WiFi,hybrid,loosely_coupled,RMSE,,,custom,real_world,"In this article, we propose a novel 3-D positioning algorithm for UAVs operating in a GNSS-denied environment",navigation,false,Peripheral,Abstract-only extraction. QA capped accordingly.,,false,1,0,0,0,1,Q-low,A+2: real-world experiments; CAP: abstract-only -1 rigor (cannot verify from abstract alone)
REC_0706,Towards Robust UAV Tracking in GNSS-Denied Environments: A Multi-LiDAR Multi-UAV Dataset,I. Catalano; X. Yu; J. P. Queralta,2023,,10.1109/ROBIO58561.2023.10354788,IEEE_Xplore,UAV,mixed,lidar|camera|GPS_denied_confirmed,other,other,RMSE,,,custom,real_world,"To address this need, we present a novel multi-LiDAR dataset specifically designed for UAV tracking",delivery,false,Peripheral,Abstract-only extraction. QA capped accordingly.,,false,1,1,0,1,3,Q-low,A+2: real-world experiments; B+1: ablation/failure analysis; D+1: code/data released; CAP: abstract-only -1 rigor (cannot verify from abstract alone)
REC_0713,Autonomous UAV Pipeline Landing via Depth-LiDAR Fusion in GNSS-Denied Refineries,D. Tejero-Ruiz; M. A. Montes-Grova; F. J. Pérez-Grau; A. Viguria; A. Ollero,2026,,10.1109/LRA.2026.3662655,IEEE_Xplore,UAV,indoor,lidar|GPS_denied_confirmed,other,loosely_coupled,RMSE,,,custom,simulation,This work presents a complete software architecture that integrates LiDAR-based localization with a novel multi-sensor framework for pipeline perception and tracking,inspection,false,Peripheral,Abstract-only extraction. QA capped accordingly.,,false,0,0,0,0,0,Q-low,CAP: simulation-only -> max Q-medium
REC_0716,Cooperative Search Area optimization using Multiple Unmanned Aerial Vehicles in a GPS-denied Environment,S. Misra; S. Biswas; A. A. Minai; R. Sharma,2019,,10.1109/ICUAS.2019.8798332,IEEE_Xplore,UAV,simulation,GPS_denied_confirmed,other,other,RMSE,,,custom,simulation,This paper addresses the problem of maximizing surveillance area coverage using multiple Unmanned Aerial Vehicles (UAVs) in an obstacle-laden and Global Positioning System (GPS)-denied environment. Th,navigation,false,Peripheral,Abstract-only extraction. QA capped accordingly.,,false,0,0,0,0,0,Q-low,CAP: simulation-only -> max Q-medium
REC_0719,Autonomous landing of small unmanned aerial rotorcraft based on monocular vision in GPS-denied area,C. Miao; J. Li,2015,,10.1109/JAS.2015.7032912,IEEE_Xplore,UAV,outdoor,camera|GPS_denied_confirmed,EKF,other,RMSE,,,custom,simulation,"Focusing on the low-precision attitude of a current small unmanned aerial rotorcraft at the landing stage, the present paper proposes a new attitude control method for the GPS-denied scenario based on",navigation,false,Peripheral,Abstract-only extraction. QA capped accordingly.,,false,0,0,0,0,0,Q-low,CAP: simulation-only -> max Q-medium
REC_0720,Relative navigation approach for vision-based aerial GPS-denied navigation,R. C. Leishman; T. W. McLain; R. W. Beard,2013,,10.1109/ICUAS.2013.6564707,IEEE_Xplore,UGV,outdoor,camera|GPS_denied_confirmed,VIO_SLAM,other,RMSE,,,custom,real_world,"Additionally, aerial vehicles can present challenging constraints such as stringent payload limitations and fast vehicle dynamics",navigation,false,Important,Abstract-only extraction. QA capped accordingly.,,false,2,1,1,0,4,Q-medium,A+2: real-world experiments; A+1: repeatability/multiple runs; B+1: ablation/failure analysis; C+1: established baseline compared; CAP: abstract-only -1 rigor (cannot verify from abstract alone)
REC_0722,A Probabilistic Hierarchical Optimization Method for Cooperative UAV Swarms,X. Chen; R. Wang; Z. Xiong; Q. Cong,2025,,10.1109/ICUS66297.2025.11294808,IEEE_Xplore,UAV,outdoor,GPS_denied_confirmed,other,other,RMSE,,,custom,simulation,This paper proposes a probabilistic hierarchical cooperative architecture to address uneven navigation capabilities and rigid structures in UAV swarms under GNSS-denied conditions,navigation,false,Peripheral,Abstract-only extraction. QA capped accordingly.,,false,0,0,0,0,0,Q-low,CAP: simulation-only -> max Q-medium
REC_0723,Flight Test Evaluation of a LIDAR/inertial Navigator for Autonomous Drone Operations in GNSS-denied Urban Environments,A. -S. Polz; F. Frickenstein; M. U. de Haag,2025,,10.1109/PLANS61210.2025.11028504,IEEE_Xplore,UAV,outdoor,lidar|camera|IMU|GPS_denied_confirmed,other,loosely_coupled,RMSE,,,custom,real_world,"A navigation system, based only on high-resolution Light Detection and Ranging (LIDAR) sensors, integrated with an inertial measurement unit (IMU) to achieve accurate and reliable positioning is propo",navigation,false,Peripheral,Abstract-only extraction. QA capped accordingly.,,false,1,1,0,0,2,Q-low,A+2: real-world experiments; B+1: ablation/failure analysis; CAP: abstract-only -1 rigor (cannot verify from abstract alone)
REC_0729,Communication-Free Formation Flight Control for Autonomous Fixed-Wing UAVs in GNSS-denied environments,L. Mata; L. G. Insa,2024,,10.1109/ICUAS60882.2024.10557068,IEEE_Xplore,UAV,simulation,GPS_denied_confirmed,other,other,RMSE,,,custom,simulation,This article presents a novel formation control strategy for a group of fixed-wing unmanned aerial vehicles (UAVs) in GNSS-denied environments without communication links,navigation,false,Peripheral,Abstract-only extraction. QA capped accordingly.,,false,0,1,0,0,1,Q-low,B+1: ablation/failure analysis; CAP: simulation-only -> max Q-medium
REC_0730,Spectrum Monitoring for Public Safety Application in UAV GPS-Denied Environments,C. H. Huang; W. L. Chen,2025,,10.1109/CACS67552.2025.11288218,IEEE_Xplore,UAV,outdoor,GPS_denied_confirmed,other,loosely_coupled,RMSE,,,custom,simulation,"At present, the Global Navigation Satellite System (GNSS) (e.g., Global Positioning System, GPS) has become the primary reference for the navigation and positioning of unmanned aerial vehicles (UAVs)",military,false,Peripheral,Abstract-only extraction. QA capped accordingly.,,false,0,0,0,0,0,Q-low,CAP: simulation-only -> max Q-medium
REC_0731,Towards Autonomous Robotic Structure Inspection with Dense-Direct Visual-SLAM,D. Navarro; R. Antoine; E. Malis; P. Martinet,2024,,10.23919/EUSIPCO63174.2024.10715467,IEEE_Xplore,UAV,simulation,camera|GPS_denied_confirmed|radar,VIO_SLAM,other,RMSE,,,custom,simulation,We present a comprehensive framework based on direct Visual Simultaneous Localization and Mapping (V-SLAM) to observe a vertical coastal cliff,inspection,false,Peripheral,Abstract-only extraction. QA capped accordingly.,,false,0,1,0,0,1,Q-low,B+1: trajectory scale reported; CAP: simulation-only -> max Q-medium
REC_0742,CL2F: Close-Loop Communication and Localization Framework for High-Mobility UAV Swarm Networks in Partial GNSS-Denied Environments,J. Li; Y. Zhang; Y. Chen; H. Yu,2025,,10.1109/AIoT66900.2025.00125,IEEE_Xplore,UAV,simulation,GPS_denied_confirmed,graph_SLAM,other,RMSE,,,custom,simulation,This paper proposes a close-loop communication and localization framework (CL2F) for high-mobility UAV swarms in partial GNSS-denied environments,navigation,false,Peripheral,Abstract-only extraction. QA capped accordingly.,,false,0,0,0,0,0,Q-low,CAP: simulation-only -> max Q-medium
REC_0743,Quaternion-Based Unscented Kalman Filter for 6-DoF Vision-Based Inertial Navigation in GPS-Denied Regions,K. Ghanizadegan; H. A. Hashim,2025,,10.1109/TIM.2024.3509582,IEEE_Xplore,UAV,outdoor,camera|IMU|GPS_denied_confirmed,UKF,loosely_coupled,RMSE,,,custom,real_world,The highly nonlinear navigation kinematics are formulated to ensure global representation of the navigation problem,navigation,false,Peripheral,Abstract-only extraction. QA capped accordingly.,,false,1,0,1,0,2,Q-low,A+2: real-world experiments; C+1: established baseline compared; CAP: abstract-only -1 rigor (cannot verify from abstract alone)
REC_0748,Trajectory tracking and formation flight of autonomous UAVs in GPS-denied environments using onboard sensing,C. Hui; C. Yousheng; W. W. Shing,2014,,10.1109/CGNCC.2014.7007585,IEEE_Xplore,UAV,indoor,camera|GPS_denied_confirmed|UWB,other,other,RMSE,,,custom,simulation,"In the paper, efficient control schemes based on onboard commodity sensors are presented for autonomous UAVs in indoor applications, where the horizontal displacement of the platform is provided by an",navigation,false,Peripheral,Abstract-only extraction. QA capped accordingly.,,false,0,0,0,0,0,Q-low,A+1: ground-truth comparison; CAP: simulation-only -> max Q-medium; CAP: abstract-only -1 rigor (cannot verify from abstract alone)
REC_0752,Cooperative localisation of UAVs in a GPS-denied environment using bearing measurements,L. Zhang; M. Ye; B. D. O. Anderson; P. Sarunic; H. Hmam,2016,,10.1109/CDC.2016.7798924,IEEE_Xplore,UAV,indoor,IMU|GPS_denied_confirmed,other,other,RMSE,,,custom,simulation,"This paper studies the problem of localising a Global Positioning System (GPS)-denied Unmanned Aerial Vehicle (UAV) in two-dimensional space. Suppose there are two vehicles, one which is equipped with",navigation,false,Peripheral,Abstract-only extraction. QA capped accordingly.,,false,0,0,0,0,0,Q-low,CAP: simulation-only -> max Q-medium
REC_0753,Formation Maintenance Method for Multi-UAV in Unknown Environments,P. Liu; J. Chen; X. Lu; X. Tang; J. Fan; W. Zhou,2025,,10.1109/AIoTC66747.2025.11198761,IEEE_Xplore,UAV,outdoor,camera|IMU|GPS_denied_confirmed|UWB|wheel_encoder,VIO,loosely_coupled,RMSE,,,EuRoC,real_world,The rapid development of automation technology has significantly contributed to the increasingly widespread application of Multiple Unmanned Aerial Vehicles (multi-UAV),navigation,false,Peripheral,Abstract-only extraction. QA capped accordingly.,,false,1,0,1,0,2,Q-low,A+2: real-world experiments; C+1: established baseline compared; CAP: abstract-only -1 rigor (cannot verify from abstract alone)
REC_0766,GNSS-denied geolocalization of UAVs by visual matching of onboard camera images with orthophotos,J. Kinnari; F. Verdoja; V. Kyrki,2021,,10.1109/ICAR53236.2021.9659333,IEEE_Xplore,UAV,outdoor,camera|IMU|GPS_denied_confirmed,other,other,RMSE,,,custom,simulation,"In this work, we propose a Monte-Carlo localization method for georeferenced localization of an UAV requiring no infrastructure using only inertial measurements, a camera facing an arbitrary direction",navigation,false,Peripheral,Abstract-only extraction. QA capped accordingly.,,false,0,1,0,0,1,Q-low,B+1: ablation/failure analysis; CAP: simulation-only -> max Q-medium
REC_0776,WBF-PS: WiGig Beam Fingerprinting for UAV Positioning System in GPS-denied Environments,P. -Y. Hong; C. -Y. Li; H. -R. Chang; Y. Hsueh; K. Wang,2020,,10.1109/INFOCOM41043.2020.9155468,IEEE_Xplore,UAV,indoor,GPS_denied_confirmed,particle_filter,other,RMSE,1.0,m,custom,real_world,"To this end, we propose a practical non-GPS positioning system for UAVs, named WBF-PS (WiGig Beam Fingerprinting based Positioning System), using low-power, off-the-shelf WiGig devices",navigation,false,Peripheral,Abstract-only extraction. QA capped accordingly.,,false,1,1,0,0,2,Q-low,A+2: real-world experiments; B+1: quantitative error metric reported; CAP: abstract-only -1 rigor (cannot verify from abstract alone)
REC_0779,"AerialVL: A Dataset, Baseline and Algorithm Framework for Aerial-Based Visual Localization With Reference Map",M. He; C. Chen; J. Liu; C. Li; X. Lyu; G. Huang; Z. Meng,2024,,10.1109/LRA.2024.3441491,IEEE_Xplore,UAV,outdoor,camera|wheel_encoder,other,other,RMSE,,,custom,real_world,"However, these is a lack of public dataset and baseline for method comparisons, which impedes the development of aerial-based visual localization",navigation,false,Important,Abstract-only extraction. QA capped accordingly.,,false,2,2,0,1,5,Q-medium,A+2: real-world experiments; A+1: repeatability/multiple runs; B+1: trajectory scale reported; B+1: ablation/failure analysis; D+1: code/data released; CAP: abstract-only -1 rigor (cannot verify from abstract alone)
REC_0783,Research on An Autonomous Tunnel Inspection UAV based on Visual Feature Extraction and Multi-sensor Fusion Indoor Navigation System,S. Ge; F. Pan; D. Wang; P. Ning,2021,,10.1109/CCDC52312.2021.9602626,IEEE_Xplore,UAV,mixed,camera|IMU|GPS_denied_confirmed,EKF,loosely_coupled,RMSE,,,custom,simulation,A UAV system for autonomous tunnel inspection based on visual feature extraction and multi-sensor fusion in GPS-denied environments is proposed in this paper,inspection,false,Peripheral,Abstract-only extraction. QA capped accordingly.,,false,0,0,0,0,0,Q-low,CAP: simulation-only -> max Q-medium
REC_0802,Research on UAV Navigation Based on the Kalman Filter and Geomagnetic Matching Algorithm,S. Li,2025,,10.1109/ECIE65947.2025.11086975,IEEE_Xplore,UAV,simulation,IMU|GPS_denied_confirmed,UKF,loosely_coupled,RMSE,0.54,m,custom,real_world,"To address the challenge of low-precision navigation in GPS-denied environments for unmanned aerial vehicles (UAVs), this paper proposes a hybrid geomagnetic matching algorithm based on Ant Colony Opt",navigation,false,Peripheral,Abstract-only extraction. QA capped accordingly.,,false,1,0,1,0,2,Q-low,A+2: real-world experiments; C+1: established baseline compared; CAP: abstract-only -1 rigor (cannot verify from abstract alone)
REC_0807,Wind-Compensated Navigation for Fixed-Wing UAVs Under GNSS Denial,J. Li; K. Tang; W. Wu; Y. Guo; M. Fang; X. Geng,2025,,10.1109/CAC67268.2025.11487099,IEEE_Xplore,UAV,simulation,IMU|barometer,other,other,RMSE,,,custom,real_world,This paper proposes a wind-compensated navigation algorithm for small fixed-wing unmanned aerial vehicles (UAVs) in *1SS-denied environments,navigation,false,Peripheral,Abstract-only extraction. QA capped accordingly.,,false,2,0,0,0,2,Q-low,A+2: real-world experiments; A+1: repeatability/multiple runs; CAP: abstract-only -1 rigor (cannot verify from abstract alone)
REC_0814,Monocular Vision Aided Autonomous UAV Navigation in Indoor Corridor Environments,R. P. Padhy; F. Xia; S. K. Choudhury; P. K. Sa; S. Bakshi,2019,,10.1109/TSUSC.2018.2810952,IEEE_Xplore,UAV,indoor,camera|GPS_denied_confirmed,EKF,other,RMSE,,,custom,simulation,"In this regard, we present a model for autonomous navigation and collision avoidance of UAVs in GPS-denied corridor environments",agriculture,false,Peripheral,Abstract-only extraction. QA capped accordingly.,,false,0,1,0,0,1,Q-low,B+1: trajectory scale reported; CAP: simulation-only -> max Q-medium
REC_0816,Feature 3D Gaussian Splatting for UAV-to-Ship Pose Estimation in GNSS-Denied Environments,A. Bernas; J. McConnell; J. Seargeant; L. DeVries,2026,,10.1109/ICUAS69441.2026.11598627,IEEE_Xplore,UAV,outdoor,camera|GPS_denied_confirmed,other,other,RMSE,1.66,cm,custom,real_world,"To enable robust UAV state estimation relative to a naval vessel in GNSS-denied environments, this paper presents a novel vision-based pose estimation framework leveraging Feature 3D Gaussian Splattin",navigation,false,Peripheral,Abstract-only extraction. QA capped accordingly.,,false,1,1,0,0,2,Q-low,A+2: real-world experiments; B+1: quantitative error metric reported; CAP: abstract-only -1 rigor (cannot verify from abstract alone)
REC_0824,A Homography-Based Visual Servo Control Approach for an Underactuated Unmanned Aerial Vehicle in GPS-Denied Environments,H. Zhong; Y. Wang; Z. Miao; L. Li; S. Fan; H. Zhang,2023,,10.1109/TIV.2022.3163315,IEEE_Xplore,UAV,simulation,camera|GPS_denied_confirmed,other,other,RMSE,,,custom,simulation,This paper proposes a homography-based visual servo control approach for the stabilization of underactuated unmanned aerial vehicles in GPS-denied environments,navigation,false,Peripheral,Abstract-only extraction. QA capped accordingly.,,false,0,1,0,0,1,Q-low,B+1: ablation/failure analysis; CAP: simulation-only -> max Q-medium
REC_0839,Self and Target Locating With Cooperation of Heterogeneous Unmanned Vehicles in the Denial Environment,M. Amjad; M. Sahin Ali; S. Yao; M. Faishal Rahaman; C. Zheng; R. Muhammad Kazim; B. Zouaoui,2025,,10.1109/ACCESS.2025.3558873,IEEE_Xplore,UAV,simulation,GPS_denied_confirmed,EKF,loosely_coupled,RMSE,,,custom,simulation,This paper proposes an integrated system that enhances the cooperation between ground robots and aerial drones for self-localization and target localization in GPS-denied environments,mapping,false,Peripheral,Abstract-only extraction. QA capped accordingly.,,false,0,1,1,0,2,Q-low,B+1: ablation/failure analysis; C+1: established baseline compared; CAP: simulation-only -> max Q-medium
REC_0840,GPS-Denied Drone Navigation via Cross-Domain Keypoint Matching,J. -W. Hsieh; H. -K. Chen,2026,,10.1109/ICIP61757.2026.11630202,IEEE_Xplore,UAV,outdoor,GPS_denied_confirmed,other,other,RMSE,,,custom,real_world,"This paper proposes a geometry-aware matching framework that decouples the process into specialized extraction, description, and navigation modules",navigation,false,Peripheral,Abstract-only extraction. QA capped accordingly.,,false,1,0,0,0,1,Q-low,A+2: real-world experiments; CAP: abstract-only -1 rigor (cannot verify from abstract alone)
REC_0843,A Robust Passive Target Localization for Substation Inspection of UAV in a GPS-denied Environment,U. -S. Suh; T. -W. Kim; D. -H. Kang; K. -M. Lee; W. -S. Ra; T. Kim,2021,,10.1109/ICIT46573.2021.9453470,IEEE_Xplore,UAV,simulation,GPS_denied_confirmed,other,other,RMSE,,,custom,simulation,The proposed method shows excellent location estimates with the help of hard constraints on the geometric relation to the transceivers,inspection,false,Peripheral,Abstract-only extraction. QA capped accordingly.,,false,0,0,0,0,0,Q-low,CAP: simulation-only -> max Q-medium
REC_0852,Combined RGBD-inertial based state estimation for MAV in GPS-denied indoor environments,D. Li; Q. Li; N. Cheng; Q. Wu; J. Song; L. Tang,2013,,10.1109/ASCC.2013.6606361,IEEE_Xplore,UAV,indoor,camera|IMU|GPS_denied_confirmed|wheel_encoder,EKF,loosely_coupled,RMSE,,,custom,simulation,"This paper presents a integrated navigation approach for state estimation of a micro aerial vehicle (MAV) that is capable of autonomous flight in GPS-denied, indoor environments",navigation,false,Peripheral,Abstract-only extraction. QA capped accordingly.,,false,1,0,0,0,1,Q-low,A+1: ground-truth comparison; A+1: repeatability/multiple runs; CAP: simulation-only -> max Q-medium; CAP: abstract-only -1 rigor (cannot verify from abstract alone)
REC_0857,SwarmRaft: Leveraging Consensus for Robust Drone Swarm Coordination in GNSS-Degraded Environments,K. Dev; Y. Madhwal; S. Shevelo; P. Osinenko; Y. Yanovich,2026,,10.1109/JIOT.2025.3645453,IEEE_Xplore,UAV,simulation,GPS_denied_confirmed|WiFi,other,other,RMSE,,,custom,real_world,"This article proposes SwarmRaft, a blockchain-inspired positioning and consensus framework for maintaining coordination and data integrity in UAV swarms operating under GNSS-denied conditions",mapping,false,Peripheral,Abstract-only extraction. QA capped accordingly.,,false,1,0,0,0,1,Q-low,A+2: real-world experiments; CAP: abstract-only -1 rigor (cannot verify from abstract alone)
REC_0858,Navigation of UAV without GPS,Aasish C; Ranjitha E.; Razeen Ridhwan U; Bharath Raj S; Angelin Jemi L.,2015,,10.1109/RACE.2015.7097260,IEEE_Xplore,UAV,indoor,IMU,other,other,RMSE,,,custom,real_world,The use of hardware and power consumption in the optical flow navigation is very much less when compared to other navigational aids and thus it is being developed for micro air vehicles enabling to fl,mapping,false,Peripheral,Abstract-only extraction. QA capped accordingly.,,false,1,1,1,0,3,Q-low,A+2: real-world experiments; B+1: ablation/failure analysis; C+1: established baseline compared; CAP: abstract-only -1 rigor (cannot verify from abstract alone)
REC_0859,A Multimode Visual-Inertial Navigation Method for Fixed-wing Aircraft Approach and Landing in GPS-denied and Low Visibility Environments,X. Song; L. Zhang; Z. Zhai; G. Yu,2019,,10.1109/DASC43569.2019.9081785,IEEE_Xplore,UAV,outdoor,camera|IMU|GPS_denied_confirmed|barometer,UKF,loosely_coupled,RMSE,,,custom,real_world,"In this paper, we propose a multimode visual-inertial navigation method that combines the inertial measurement unit (IMU), the forward-looking infrared (FLIR) camera and the barometer into unscented k",mapping,false,Peripheral,Abstract-only extraction. QA capped accordingly.,,false,1,0,1,0,2,Q-low,A+2: real-world experiments; C+1: established baseline compared; CAP: abstract-only -1 rigor (cannot verify from abstract alone)
REC_0860,$\rho$LiRLo: LiDAR-Based Relative Localization with Retro-Reflective Marker,J. Domislovic; R. Milijas; A. Ivanovic; M. Car; G. Vasiljevic; B. A. Ferreira; F. Petric; M. Orsag; S. Bogdan,2025,,10.1109/ICUAS65942.2025.11007861,IEEE_Xplore,UAV,mixed,lidar|IMU|GPS_denied_confirmed,EKF,loosely_coupled,RMSE,,,custom,real_world,"This paper presents $\rho$LiRLo, a LiDAR-based Relative Localization method, designed for reliable robot navigation and control in GNSS-denied environments",navigation,false,Peripheral,Abstract-only extraction. QA capped accordingly.,,false,2,0,0,0,2,Q-low,A+2: real-world experiments; A+1: ground-truth comparison; CAP: abstract-only -1 rigor (cannot verify from abstract alone)
REC_0866,Autonomous Aerial Robots for Search and Rescue Missions,K. Sangeeta; S. B; A. Jain; V. Bhutani; L. K. Tyagi; K. A. Jabbar,2023,,10.1109/UPCON59197.2023.10434325,IEEE_Xplore,UAV,mixed,GPS_denied_confirmed,other,other,RMSE,,,custom,simulation,This paper presents a comprehensive study of the latest advancements in drone technology tailored for SAR missions,search_rescue,false,Peripheral,Abstract-only extraction. QA capped accordingly.,,false,0,0,0,0,0,Q-low,CAP: simulation-only -> max Q-medium
REC_0869,Towards Deep Learning Assisted Autonomous UAVs for Manipulation Tasks in GPS-Denied Environments,A. Kumar; M. Vohra; R. Prakash; L. Behera,2020,,10.1109/IROS45743.2020.9341802,IEEE_Xplore,UAV,outdoor,camera|GPS_denied_confirmed|WiFi,DNN,deep_learning,RMSE,,,custom,simulation,"In this work, we present a pragmatic approach to enable unmanned aerial vehicle (UAVs) to autonomously perform highly complicated tasks of object pick and place",navigation,false,Peripheral,Abstract-only extraction. QA capped accordingly.,,false,0,0,0,0,0,Q-low,CAP: simulation-only -> max Q-medium
REC_0870,"Recent Trends, Techniques, and Applications of AI Based Autonomous Drones",H. M. Raghuwanshi; G. Dhopavkar,2026,,10.1109/ICEI65890.2026.11447876,IEEE_Xplore,UAV,simulation,GPS_denied_confirmed,SLAM,deep_learning,RMSE,,,custom,real_world,"This paper presents a structured survey and comprehensive synthesis of influential research on autonomous drones, focusing on their development, applications, and performance evaluation",inspection,false,Peripheral,Abstract-only extraction. QA capped accordingly.,,false,2,0,0,0,2,Q-low,A+2: real-world experiments; A+1: ground-truth comparison; CAP: abstract-only -1 rigor (cannot verify from abstract alone)
REC_0875,A Proposed Framework for UAS Positioning in GPS-Denied and GPS-Spoofed Environments,J. L. Burbank; L. Foust; T. Greene; N. Kaabouch,2024,,10.1109/ICNS60906.2024.10550601,IEEE_Xplore,UAV,outdoor,GPS_denied_confirmed,other,other,RMSE,,,custom,real_world,Numerous methods have been proposed for position estimation in GPS denied environments,military,false,Peripheral,Abstract-only extraction. QA capped accordingly.,,false,1,1,0,0,2,Q-low,A+2: real-world experiments; B+1: ablation/failure analysis; CAP: abstract-only -1 rigor (cannot verify from abstract alone)
REC_0896,Robust autonomous flight and mission management for MAVs in GPS-denied environments,Y. Bi; M. Lan; J. Li; K. Zhang; H. Qin; S. Lai; B. M. Chen,2017,,10.1109/ASCC.2017.8287144,IEEE_Xplore,UAV,outdoor,lidar|camera|GPS_denied_confirmed,EKF,loosely_coupled,RMSE,,,custom,real_world,"We present our systematic solution with integrated hardware and software design, robust state estimation and mission management",navigation,false,Peripheral,Abstract-only extraction. QA capped accordingly.,,false,1,0,0,0,1,Q-low,A+2: real-world experiments; CAP: abstract-only -1 rigor (cannot verify from abstract alone)
REC_0916,Electromagnetic orientation using MIMO channel sounding in a GPS-denied environment,P. DeFranco; J. Mackie; K. Warnick,2013,,10.1109/USNC-URSI.2013.6715488,IEEE_Xplore,UAV,mixed,camera|GPS_denied_confirmed|sonar|radar,other,other,RMSE,1.0,m,custom,simulation,We propose a bio-inspired electromagnetic orientation (EO) technique based on multiple-input-multiple-output (MIMO) channel matrices for position discrimination that will allow localization in all wea,navigation,false,Peripheral,Abstract-only extraction. QA capped accordingly.,,false,0,2,0,0,2,Q-low,A+1: repeatability/multiple runs; B+1: quantitative error metric reported; B+1: ablation/failure analysis; CAP: simulation-only -> max Q-medium; CAP: abstract-only -1 rigor (cannot verify from abstract alone)
REC_0932,Development of a Plug-and-Play Infrared Landing System for Multirotor Unmanned Aerial Vehicles,E. Nowak; K. Gupta; H. Najjaran,2017,,10.1109/CRV.2017.23,IEEE_Xplore,UAV,mixed,camera|GPS_denied_confirmed,other,other,RMSE,,,custom,simulation,"Precise landing of multirotor unmanned aerial vehicles (UAVs) in confined, GPS-denied and vision-compromised environments presents a challenge to common autopilot systems",navigation,false,Peripheral,Abstract-only extraction. QA capped accordingly.,,false,0,0,0,0,0,Q-low,CAP: simulation-only -> max Q-medium
REC_0946,A Control Barrier Function Based Visual Servoing Framework for Safe Operation of UAVs in GNSS Denied Settings using Fiducial Markers,A. Lynch; C. Lyu; J. Buzzatto; S. Heshmati-Alamdari; M. Liarokapis,2024,,10.1109/SSRR62954.2024.10770045,IEEE_Xplore,UAV,outdoor,camera|GPS_denied_confirmed,other,other,RMSE,,,custom,simulation,"In this paper, we propose a Control Barrier Function (CBF) based visual servoing framework to ensure the safe operation of a UAV in a GNSS denied setting using fiducial markers",inspection,false,Peripheral,Abstract-only extraction. QA capped accordingly.,,false,0,0,0,0,0,Q-low,CAP: simulation-only -> max Q-medium
REC_0951,PSS-LIO A Computationally Efficient LiDAR-Inertial Odometry Framework for UAV Building Inspection via Geometric Predictability and Structure Prior Learning,Y. Wang; R. Qiu; A. Tang; L. Li; W. Li; S. Wan; X. Li,2026,,10.1109/TIM.2026.3709427,IEEE_Xplore,UAV,outdoor,lidar|IMU|GPS_denied_confirmed|wheel_encoder,other,other,RMSE,,,custom,real_world,"This article presents PSS-LIO, a building-inspection-oriented LIO framework integrating three complementary mechanisms",inspection,false,Peripheral,Abstract-only extraction. QA capped accordingly.,,false,1,1,0,1,3,Q-low,A+2: real-world experiments; B+1: ablation/failure analysis; D+1: code/data released; CAP: abstract-only -1 rigor (cannot verify from abstract alone)
REC_0957,Yaw aided Radar Inertial Odometry using Manhattan World Assumptions,C. Doer; G. F. Trommer,2021,,10.23919/ICINS43216.2021.9470842,IEEE_Xplore,UAV,indoor,camera|IMU|GPS_denied_confirmed|radar|wheel_encoder,VIO,other,RMSE,,,custom,real_world,The proposed system is evaluated in various indoor datasets with carried and drone datasets,navigation,false,Peripheral,Abstract-only extraction. QA capped accordingly.,,false,1,0,0,0,1,Q-low,A+2: real-world experiments; CAP: abstract-only -1 rigor (cannot verify from abstract alone)
REC_0960,Cooperative Visual Inertial Odometry for Heterogeneous Swarm of Drones Navigating in Noisy Environments,K. C. Atik; E. Erdogan; A. Y. Yahsi; F. Kara; B. Yalcin; G. Cetin; N. K. Ure,2022,,10.1109/ISIE51582.2022.9831647,IEEE_Xplore,UAV,simulation,camera|IMU|GPS_denied_confirmed|UWB|wheel_encoder,VIO,other,RMSE,,,custom,real_world,This paper presents a methodology for enhancing the localization performance of drone swarms by collaborative propagation of the estimates of drones equipped with higher cost sensors to the drones wit,navigation,false,Peripheral,Abstract-only extraction. QA capped accordingly.,,false,1,1,0,0,2,Q-low,A+2: real-world experiments; B+1: trajectory scale reported; CAP: abstract-only -1 rigor (cannot verify from abstract alone)
REC_0961,Multimodal Image Registration for GPS-denied UAV Navigation Based on Disentangled Representations,H. Li; Z. Liu; Y. Lyu; F. Wu,2023,,10.1109/ICRA48891.2023.10161567,IEEE_Xplore,UAV,outdoor,camera|GPS_denied_confirmed,other,other,RMSE,,,custom,real_world,"In this work, we propose a multimodal image registration method to deal with near-infrared and visible images so that it can be applied to visual navigation system for the localization of UAVs in GPS-",navigation,false,Peripheral,Abstract-only extraction. QA capped accordingly.,,false,1,0,0,0,1,Q-low,A+2: real-world experiments; CAP: abstract-only -1 rigor (cannot verify from abstract alone)
REC_0966,UAV-BS Operation Plan Using Reinforcement Learning for Unified Communication and Positioning in GPS-Denied Environment,G. Haile; J. Lim,2024,,10.23919/transcom.2023EBP3174,IEEE_Xplore,UAV,simulation,GPS_denied_confirmed|WiFi,DNN,other,RMSE,,,custom,simulation,"In this study, we propose an UAV operation model for unified communication and localization using reinforcement learning (UCL-RL) in a suburban environment which has no cellular communication and GPS ",navigation,false,Peripheral,Abstract-only extraction. QA capped accordingly.,,false,0,0,0,0,0,Q-low,CAP: simulation-only -> max Q-medium
REC_0973,Landmark Placement for Localization in a GPS-denied Environment,K. Sundar; S. Srinivasan; S. Misra; S. Rathinam; R. Sharma,2018,,10.23919/ACC.2018.8431886,IEEE_Xplore,UGV,simulation,GPS_denied_confirmed,other,other,RMSE,,,custom,simulation,"In particular, given the vehicle's path, we formulate a landmark-placement problem and present algorithms to place the minimum number of landmarks while satisfying the localization, sensing, and colli",navigation,false,Peripheral,Abstract-only extraction. QA capped accordingly.,,false,0,0,0,0,0,Q-low,CAP: simulation-only -> max Q-medium
REC_0981,Multi-sensor Data Analysis in Terms of Autonomous Drone Flight without GPS,G. Issassis; P. Marcoň; J. Janoušek; L. Venkrbec,2023,,10.1109/PIERS59004.2023.10221335,IEEE_Xplore,UAV,outdoor,IMU|barometer|magnetometer,other,other,RMSE,,,custom,simulation,"The paper focuses on the movement of a drone without a GPS (Global Positioning System) signal. For this purpose, different types of sensors and their output data are described. In order to realize a f",navigation,false,Peripheral,Abstract-only extraction. QA capped accordingly.,,false,0,1,0,0,1,Q-low,B+1: ablation/failure analysis; CAP: simulation-only -> max Q-medium
REC_0986,Field Test Results of GNSS-denied Inertial Navigation aided by Phased-array Radio Systems for UAVs,K. Gryte; T. H. Bryne; S. M. Albrektsen; T. A. Johansen,2019,,10.1109/ICUAS.2019.8798057,IEEE_Xplore,UAV,outdoor,IMU|GPS_denied_confirmed,EKF,other,RMSE,,,custom,real_world,"Unmanned aerial vehicles (UAVs) often depend on global navigation satellite systems (GNSS) and magnetic compasses for navigation, making them exposed to malicious attacks and sensitive to magnetic ano",navigation,false,Peripheral,Abstract-only extraction. QA capped accordingly.,,false,2,0,1,0,3,Q-low,A+2: real-world experiments; A+1: ground-truth comparison; C+1: established baseline compared; CAP: abstract-only -1 rigor (cannot verify from abstract alone)
REC_0993,"Fast, autonomous flight in GPS-denied and cluttered environments",Mohta K.; Watterson M.; Mulgaonkar Y.; Liu S.; Qu C.; Makineni A.; Saulnier K.; Sun K.; Zhu A.; Delmerico J.; Karydis K.; Atanasov N.; Loianno G.; Scaramuzza D.; Daniilidis K.; Taylor C.J.; Kumar V.,2018,,10.1002/rob.21774,Scopus,UAV,indoor,GPS_denied_confirmed,other,loosely_coupled,RMSE,,,custom,real_world,This challenge is addressed in the present paper,navigation,false,Peripheral,Abstract-only extraction. QA capped accordingly.,,false,1,0,0,0,1,Q-low,A+2: real-world experiments; CAP: abstract-only -1 rigor (cannot verify from abstract alone)
REC_0994,Automated localization of UAVs in GPS-denied indoor construction environments using fiducial markers,Nahangi M.; Heins A.; McCabe B.; Schoellig A.,2018,,10.22260/isarc2018/0012,Scopus,UAV,indoor,camera|GPS_denied_confirmed,other,other,RMSE,,,custom,simulation,This paper presents a method for localization of aerial vehicles in GPS-denied indoor construction environments,inspection,false,Peripheral,Abstract-only extraction. QA capped accordingly.,,false,0,0,0,0,0,Q-low,A+1: ground-truth comparison; CAP: simulation-only -> max Q-medium; CAP: abstract-only -1 rigor (cannot verify from abstract alone)
REC_0995,Experimentation of Monocular Visual-Aided Inertial Navigation on Fixed-Wing Unmanned Aerial Vehicle †,Sivalingam B.; Hagen O.K.,2023,,10.3390/ENC2023-15476,Scopus,UAV,outdoor,camera|IMU|GPS_denied_confirmed,other,other,RMSE,,,custom,simulation,This paper presents an experimental study utilizing the vision-aided inertial navigation system (VaINS) on a fixed-wing unmanned aerial vehicle (UAV),navigation,false,Peripheral,Abstract-only extraction. QA capped accordingly.,,false,0,0,1,0,1,Q-low,C+1: established baseline compared; CAP: simulation-only -> max Q-medium
REC_0996,A graphics-based digital twin (GBDT) framework for accurate UAV localization in GPS-denied environments,Matiki T.; Narazaki Y.; Chowdhary G.; Spencer B.F.,2024,,10.1177/13694332241291256,Scopus,UAV,outdoor,camera|GPS_denied_confirmed,other,other,RMSE,50.0,cm,custom,real_world,"Current approaches for UAV localization in GPS-denied environments, track geometric features such as corners; however, these natural features can be misrepresented due to the presence of occlusions an",navigation,false,Peripheral,Abstract-only extraction. QA capped accordingly.,,false,1,2,0,0,3,Q-low,A+2: real-world experiments; B+1: quantitative error metric reported; B+1: ablation/failure analysis; CAP: abstract-only -1 rigor (cannot verify from abstract alone)
REC_0997,Autonomous Flight for Multi-UAV in GPS-Denied Environment,Lu J.; Shen H.; Pan L.; Zhang X.; Tian B.; Zong Q.,2023,,10.1007/978-981-19-3998-3_85,Scopus,UAV,outdoor,GPS_denied_confirmed,SLAM,other,RMSE,,,custom,simulation,"To solve this problem, this paper proposes a framework for multi-UAV relative localization and motion planning",mapping,false,Peripheral,Abstract-only extraction. QA capped accordingly.,,false,0,0,0,0,0,Q-low,CAP: simulation-only -> max Q-medium
REC_1001,Perception and navigation for an autonomous quadrotor in GPS-denied environments,Saeedi S.; Nagaty A.; Thibault C.; Trentini M.; Li H.,2016,,10.2316/Journal.206.2016.6.206-4434,Scopus,UAV,simulation,GPS_denied_confirmed,other,other,RMSE,,,custom,real_world,"This paper presents a solution for autonomous navigation of a quadrotor rotorcraft by performing autonomous behaviours, such as exploration, returning home, or following waypoints",mapping,false,Peripheral,Abstract-only extraction. QA capped accordingly.,,false,1,1,0,0,2,Q-low,A+2: real-world experiments; B+1: ablation/failure analysis; CAP: abstract-only -1 rigor (cannot verify from abstract alone)
REC_1002,An integrated UAV navigation system based on geo-registered 3D point cloud,Zhang S.; Wang S.; Li C.; Liu G.; Hao Q.,2017,,10.1109/MFI.2017.8170396,Scopus,UAV,simulation,lidar|camera|IMU|GPS_denied_confirmed|barometer|wheel_encoder,other,loosely_coupled,RMSE,,,custom,simulation,"This paper presents a system for autonomous navigation and path planning of UAVs in GPS-denied environment based on the fusion of geo-registered 3D point clouds with proprioceptive sensors (IMU, odome",navigation,false,Peripheral,Abstract-only extraction. QA capped accordingly.,,false,0,0,0,0,0,Q-low,CAP: simulation-only -> max Q-medium
REC_1003,SmartCopter: Enabling autonomous flight in indoor environments with a smartphone as on-board processing unit,Mossel A.; Leichtfried M.; Kaltenriner C.; Kaufmann H.,2014,,10.1108/IJPCC-01-2014-0010,Scopus,UAV,indoor,IMU|GPS_denied_confirmed,other,other,RMSE,,,custom,real_world,Purpose: The authors present a low-cost unmanned aerial vehicle (UAV) for autonomous flight and navigation in GPS-denied environments using an off-the-shelf smartphone as its core on-board processing ,search_rescue,false,Peripheral,Abstract-only extraction. QA capped accordingly.,,false,1,1,0,0,2,Q-low,A+2: real-world experiments; B+1: ablation/failure analysis; CAP: abstract-only -1 rigor (cannot verify from abstract alone)
REC_1006,A comprehensive survey on autonomous UAV navigation and control systems,Izakshiri A.; Tajrishi N.J.; Madinei H.S.; Azad P.A.; Ahmadi S.,2026,,10.1007/s40435-026-02068-3,Scopus,UAV,outdoor,GPS_denied_confirmed,DNN,other,RMSE,,,custom,simulation,"This survey presents a systematic analysis of recent advancements in autonomous unmanned aerial vehicles (UAVs), focusing on their navigation and control systems",navigation,false,Peripheral,Abstract-only extraction. QA capped accordingly.,,false,0,0,0,0,0,Q-low,A+1: ground-truth comparison; CAP: simulation-only -> max Q-medium; CAP: abstract-only -1 rigor (cannot verify from abstract alone)
REC_1007,Robust geo-localization of UAVSAR in GPS-Denied environments using deep cross-modality matching with google Earth imagery,Naanjam R.; Ebadi H.; Farnood Ahmadi F.,2026,,10.1007/s12518-026-00694-2,Scopus,UAV,outdoor,camera|GPS_denied_confirmed|radar,other,other,RMSE,2.86,m,custom,real_world,"While many vision-based navigation methods rely on optical imagery, the potential of UAV-borne Synthetic Aperture Radar (UAVSAR) which performs reliably in all-weather and day–night conditions has rec",search_rescue,false,Important,Abstract-only extraction. QA capped accordingly.,,false,1,2,1,0,4,Q-medium,A+2: real-world experiments; B+1: quantitative error metric reported; B+1: trajectory scale reported; C+1: established baseline compared; CAP: abstract-only -1 rigor (cannot verify from abstract alone)
REC_1008,Visual Odometry in GPS-Denied Zones for Fixed-Wing Unmanned Aerial Vehicle with Reduced Accumulative Error Based on Satellite Imagery,Mateos-Ramirez P.; Gomez-Avila J.; Villaseñor C.; Arana-Daniel N.,2024,,10.3390/app14167420,Scopus,UAV,outdoor,camera|GPS_denied_confirmed|wheel_encoder,other,other,RMSE,3000.0,m,custom,real_world,"In this paper, we present a method for estimating GPS coordinates from visual information captured by a monocular camera mounted on a fixed-wing tactical Unmanned Aerial Vehicle at high altitudes (up ",navigation,false,Important,Abstract-only extraction. QA capped accordingly.,,false,1,3,0,0,4,Q-medium,A+2: real-world experiments; B+1: quantitative error metric reported; B+1: trajectory scale reported; B+1: ablation/failure analysis; CAP: abstract-only -1 rigor (cannot verify from abstract alone)
REC_1011,Real-time unmanned aerial system (UAS) based interference localization in a GNSS denied environment,Perkins A.; Chen Y.-H.; Lo S.; Lee C.; David Powell J.,2019,,10.33012/2019.16992,Scopus,UGV,mixed,camera|GPS_denied_confirmed,other,other,drift_pct,13.0,m,custom,real_world,An unmanned aerial system (UAS) based system has been developed to be able to rapidly localize the source of GNSS interference to minimize the impact interference would have on critical infrastructure,navigation,false,Peripheral,Abstract-only extraction. QA capped accordingly.,,false,1,1,0,0,2,Q-low,A+2: real-world experiments; B+1: quantitative error metric reported; CAP: abstract-only -1 rigor (cannot verify from abstract alone)
REC_1012,Multi-Sensor Based Adaptive Fusion Scheme for Position Estimation of Multirotor UAV Systems in GPS-Denied Environments,Busse L.; Street L.; Kumar M.,2025,,10.2514/6.2025-99640,Scopus,UAV,mixed,lidar|camera|IMU|GPS_denied_confirmed,LiDAR_SLAM,loosely_coupled,RMSE,,,custom,simulation,"In contrast, indoor environments present a challenge for UAV localization, as GPS signals are unavailable, making reliable positioning a primary concern in such areas",inspection,false,Peripheral,Abstract-only extraction. QA capped accordingly.,,false,0,2,0,0,2,Q-low,A+1: ground-truth comparison; B+1: trajectory scale reported; B+1: ablation/failure analysis; CAP: simulation-only -> max Q-medium; CAP: abstract-only -1 rigor (cannot verify from abstract alone)
REC_1014,Cooperative UAV Swarm Communication Networks for Rapid Disaster Assessment in GPS-Denied Environments,Wang P.; Li J.; Wei J.; Shi L.; Hou B.; Xie F.,2026,,10.3390/drones10050355,Scopus,UAV,simulation,GPS_denied_confirmed,EKF,other,RMSE,0.9,m,custom,real_world,"We present a Cooperative Swarm-Mesh Network (CSMN), a hybrid structure that can alternate between an implicit Silent Mode and an explicit Leader–Follower mode based on distributed Extended Kalman Filt",navigation,false,Peripheral,Abstract-only extraction. QA capped accordingly.,,false,1,1,1,0,3,Q-low,A+2: real-world experiments; B+1: quantitative error metric reported; C+1: established baseline compared; CAP: abstract-only -1 rigor (cannot verify from abstract alone)
REC_1015,Autonomous Navigation Method for UAV Based on the Fusion of Laser SLAM and AprilTag,Zhou J.; Mao K.; Wang R.; He T.; Huang L.,2025,,10.1088/1742-6596/3012/1/012002,Scopus,UAV,indoor,lidar|camera|GPS_denied_confirmed,VIO_SLAM,loosely_coupled,RMSE,,,custom,simulation,"To improve the accuracy and efficiency of autonomous navigation for indoor UAV's (Unmanned Aerial Vehicle) in complex substation environments, this paper proposes a multi-sensor fusion-based autonomou",mapping,false,Peripheral,Abstract-only extraction. QA capped accordingly.,,false,0,0,0,0,0,Q-low,CAP: simulation-only -> max Q-medium
REC_1017,A Real-Time Simulator for Navigation in GNSS-Denied Environments of UAV Swarms,Zhang H.; Miao C.; Zhang L.; Zhang Y.; Li Y.; Fang K.,2023,,10.3390/app132011278,Scopus,UAV,simulation,camera|IMU|GPS_denied_confirmed|UWB,other,other,RMSE,,,custom,real_world,Featured Application: The findings presented herein can be directly applied for the development of navigation algorithms in gnss-denied environments,navigation,false,Peripheral,Abstract-only extraction. QA capped accordingly.,,false,1,0,0,0,1,Q-low,A+2: real-world experiments; CAP: abstract-only -1 rigor (cannot verify from abstract alone)
REC_1018,OPsCV: A Robust Framework for Aerial Navigation under Global Positioning System Denied Conditions,Xavier N.A.Z.; Shiguemori E.H.; Maximo M.R.O.D.A.,2026,,10.1590/jatm.v18.1413,Scopus,UAV,simulation,IMU|GPS_denied_confirmed|wheel_encoder,EKF,other,RMSE,,,custom,simulation,"This study presents the optimized pose prediction and cross-view (OPsCV), a robust and adaptable navigation framework that integrates deep inertial odometry with a simulated cross-view geolocalization",navigation,false,Peripheral,Abstract-only extraction. QA capped accordingly.,,false,0,0,1,0,1,Q-low,C+1: established baseline compared; CAP: simulation-only -> max Q-medium
REC_1019,Multi-Sensor Fusion SLAM for Interceptor UAVs in GNSS-Denied Environments: A Review,Liu B.; Shi J.; Gong Y.; Li C.; Li H.,2026,,10.1109/JSEN.2026.3720978,Scopus,UAV,simulation,GPS_denied_confirmed,SLAM,loosely_coupled,RMSE,,,custom,real_world,"With the rapid development of interceptor unmanned aerial vehicles (UAVs), they have become core equipment for counter-UAV missions",mapping,false,Peripheral,Abstract-only extraction. QA capped accordingly.,,false,1,1,0,0,2,Q-low,A+2: real-world experiments; B+1: ablation/failure analysis; CAP: abstract-only -1 rigor (cannot verify from abstract alone)
REC_1020,R-LVIO: Resilient LiDAR-Visual-Inertial Odometry for UAVs in GNSS-denied Environment,Zhang B.; Shao X.; Wang Y.; Sun G.; Yao W.,2024,,10.3390/drones8090487,Scopus,UAV,outdoor,lidar|camera|IMU|GPS_denied_confirmed|wheel_encoder,VIO,loosely_coupled,RMSE,12.6,%,custom,real_world,"This article presents a resilient multi-sensor fusion localization system that integrates light detection and ranging (LiDAR), cameras, and inertial measurement units (IMUs) to achieve state estimatio",navigation,false,Peripheral,Abstract-only extraction. QA capped accordingly.,,false,1,0,0,0,1,Q-low,A+2: real-world experiments; CAP: abstract-only -1 rigor (cannot verify from abstract alone)
REC_1021,GPS-denied UAV localization using pre-existing satellite imagery,Goforth H.; Lucey S.,2019,,10.1109/ICRA.2019.8793558,Scopus,UAV,outdoor,camera|GPS_denied_confirmed,DNN,deep_learning,RMSE,8.0,m,custom,real_world,We present a method for localization of Unmanned Aerial Vehicles (UAVs) which is meant to replace an onboard GPS system in the event of a noisy or unreliable GPS signal,navigation,false,Peripheral,Abstract-only extraction. QA capped accordingly.,,false,1,1,0,1,3,Q-low,A+2: real-world experiments; B+1: trajectory scale reported; D+1: code/data released; CAP: abstract-only -1 rigor (cannot verify from abstract alone)
REC_1022,UAV Autonomous Navigation System Based on Air–Ground Collaboration in GPS-Denied Environments,Yue P.; Xin J.; Huang Y.; Zhao J.; Zhang C.; Chen W.; Shan M.,2025,,10.3390/drones9060442,Scopus,UAV,outdoor,camera|GPS_denied_confirmed|UWB,other,other,RMSE,,,custom,real_world,This paper explores breakthroughs from the perspective of UAV navigation architectures and proposes a UAV autonomous navigation method based on aerial–ground cooperative perception to address the chal,navigation,false,Peripheral,Abstract-only extraction. QA capped accordingly.,,false,1,0,0,0,1,Q-low,A+2: real-world experiments; CAP: abstract-only -1 rigor (cannot verify from abstract alone)
REC_1023,A Hybrid Drone SINS/GNSS Information Fusion Method Based on Attention-Augmented TCN in GNSS-Denied Environments,Xu C.; Chen S.; Zhao D.; Hou Z.; Jiang C.,2026,,10.3390/rs18091379,Scopus,UAV,outdoor,IMU|GPS_denied_confirmed,EKF,loosely_coupled,RMSE,,,custom,real_world,"To enhance the positioning performance in this situation, this paper proposes a hybrid information fusion method based on attention-augmented temporal convolutional network (TCN) for drone SINS/GNSS n",navigation,false,Peripheral,Abstract-only extraction. QA capped accordingly.,,false,1,1,0,0,2,Q-low,A+2: real-world experiments; B+1: ablation/failure analysis; CAP: abstract-only -1 rigor (cannot verify from abstract alone)
REC_1025,A Survey on Radio Frequency based Precise Localisation Technology for UAV in GPS-denied Environment,Yang B.; Yang E.,2021,,10.1007/s10846-021-01500-4,Scopus,UAV,outdoor,GPS_denied_confirmed|UWB|WiFi,other,other,RMSE,,,custom,simulation,"With the rapid development of Radio Frequency (RF) based localisation technologies, leveraging small wireless sensor nodes for low-cost, low latency, low energy consumption and accurate localisation o",inspection,false,Peripheral,Abstract-only extraction. QA capped accordingly.,,false,0,0,0,0,0,Q-low,A+1: ground-truth comparison; CAP: simulation-only -> max Q-medium; CAP: abstract-only -1 rigor (cannot verify from abstract alone)
REC_1026,Indoor UAV Localization via Multi-Anchor One-Shot Calibration and Factor Graph Fusion,Zhao J.; Deng Z.; Su W.; Lou B.; Liu Y.,2026,,10.3390/rs18091407,Scopus,UAV,indoor,camera|IMU|GPS_denied_confirmed|UWB|wheel_encoder,VIO,tightly_coupled,RMSE,38.8,%,custom,real_world,This paper proposes a multi-sensor fusion localization framework that integrates multi-anchor one-shot calibration with factor graph optimization (FGO),navigation,false,Peripheral,Abstract-only extraction. QA capped accordingly.,,false,1,0,1,0,2,Q-low,A+2: real-world experiments; C+1: established baseline compared; CAP: abstract-only -1 rigor (cannot verify from abstract alone)
REC_1027,I am not afraid of the jammer: Navigating with signals of opportunity in GPS-denied environments,Kassas Z.M.; Khalife J.; Abdallah A.; Lee C.,2020,,10.33012/2020.17737,Scopus,UGV,indoor,lidar|IMU|GPS_denied_confirmed,LiDAR_SLAM,other,RMSE,238.0,m,custom,simulation,This paper presents a radio simultaneous localization and mapping (radio SLAM) approach that enables the exploitation of SOPs for resilient and accurate navigation,mapping,false,Peripheral,Abstract-only extraction. QA capped accordingly.,,false,0,2,0,0,2,Q-low,A+1: ground-truth comparison; B+1: quantitative error metric reported; B+1: trajectory scale reported; CAP: simulation-only -> max Q-medium; CAP: abstract-only -1 rigor (cannot verify from abstract alone)
REC_1028,Integrated navigation for autonomous drone in GPS and GPS-denied environments,Suzuki S.,2018,,10.20965/jrm.2018.p0373,Scopus,UAV,mixed,lidar|GPS_denied_confirmed,EKF,loosely_coupled,RMSE,,,custom,simulation,"In this study, a novel robust navigation system for a drone in global positioning system (GPS) and GPS-denied environments is proposed",navigation,false,Peripheral,Abstract-only extraction. QA capped accordingly.,,false,0,0,0,0,0,Q-low,CAP: simulation-only -> max Q-medium
REC_1029,A Localization Strategy for Low-cost UAVs Sewers Inspection,Maisto P.; Scognamiglio V.; Selvaggio M.; Lippiello V.,2026,,10.1109/SII64115.2026.11404663,Scopus,UAV,simulation,camera|IMU|GPS_denied_confirmed|wheel_encoder,VIO,other,drift_pct,,,custom,real_world,Inspecting sewers represents a significant challenge as these environments pose considerable safety risks to human operators,inspection,false,Peripheral,Abstract-only extraction. QA capped accordingly.,,false,1,1,0,0,2,Q-low,A+2: real-world experiments; B+1: trajectory scale reported; CAP: abstract-only -1 rigor (cannot verify from abstract alone)
REC_1032,Synchronized Multi-Directional FMCW mmWave Radar–Inertial Odometry: Robust Positioning and Autonomous Navigation Experiments for UAVs in Low-Light Indoor Environments,Jing Y.; Sipahi R.; Martinez-Lorenzo J.,2026,,10.3390/drones10020120,Scopus,UAV,indoor,IMU|GPS_denied_confirmed|barometer|radar|wheel_encoder,other,loosely_coupled,RMSE,,,custom,real_world,"Highlights: What are the main findings? An engineering-ready Hybrid-RIO indoor localization and navigation system is developed, leveraging an ESKF-based fusion of four-directional FMCW mmWave radars a",inspection,false,Peripheral,Abstract-only extraction. QA capped accordingly.,,false,1,1,0,0,2,Q-low,A+2: real-world experiments; B+1: ablation/failure analysis; CAP: abstract-only -1 rigor (cannot verify from abstract alone)
REC_1033,VG-Fusion: A Novel Visual Geo-Localization Fused with IMU and LiDAR-Inertial Odometry for UAVs in GNSS-Denied Environments,Xu Z.; Zhong X.; Wang N.; Hu H.; Liu Q.,2025,,10.1142/S2301385026500561,Scopus,UAV,outdoor,lidar|camera|IMU|GPS_denied_confirmed|wheel_encoder,graph_SLAM,loosely_coupled,RMSE,10.0,m,custom,real_world,"In this paper, we present a novel visual geo-localization (VG) method for UAV localization in GNSS-denied field environments utilizing remote sensing-UAV image registration to achieve absolute localiz",navigation,false,Peripheral,Abstract-only extraction. QA capped accordingly.,,false,1,1,0,0,2,Q-low,A+2: real-world experiments; B+1: quantitative error metric reported; CAP: abstract-only -1 rigor (cannot verify from abstract alone)
REC_1034,Uavs enhanced navigation in outdoor gnss denied environment using UWB and monocular camera systems,Zahran S.; Masiero A.; Mostafa M.M.; Moussa A.M.; Vettore A.; El-Sheimy N.,2019,,10.5194/isprs-archives-XLII-2-W13-665-2019,Scopus,UAV,outdoor,camera|IMU|GPS_denied_confirmed|UWB,EKF,other,RMSE,,,custom,simulation,"This paper proposes an enhanced UAV navigation system based on integration between monocular camera, Ultra-Wideband (UWB) system, and INS",navigation,false,Peripheral,Abstract-only extraction. QA capped accordingly.,,false,0,1,1,0,2,Q-low,B+1: ablation/failure analysis; C+1: established baseline compared; CAP: simulation-only -> max Q-medium
REC_1035,An improved selective correction adaptive particle filter-based cooperative navigation algorithm for UAV swarms in GNSS-denied areas,Li C.; Li W.; Wang D.; Wang D.; Han Y.; Yang L.,2026,,10.1088/1361-6501/ae65bc,Scopus,UAV,simulation,GPS_denied_confirmed,particle_filter,other,RMSE,10.0,%,custom,simulation,A particle filter-based cooperative localization algorithm is proposed to improve UAV positioning accuracy,navigation,false,Peripheral,Abstract-only extraction. QA capped accordingly.,,false,0,0,1,0,1,Q-low,C+1: established baseline compared; CAP: simulation-only -> max Q-medium
REC_1039,"Aerial Localization and Navigation for Surveillance of Large, Featureless, GNSS-Denied Maritime Environments",Peti M.; Marković L.; Lončar I.; Barišić Kulaš A.; Petric F.; Milas A.; Goričanec J.; Car M.; Orsag M.; Ferreira B.A.; Bogdan S.,2025,,10.1002/rob.22610,Scopus,UAV,outdoor,camera|GPS_denied_confirmed,EKF,other,RMSE,,,custom,simulation,"Finally, we present the results of the complete task",navigation,false,Peripheral,Abstract-only extraction. QA capped accordingly.,,false,0,1,0,0,1,Q-low,B+1: ablation/failure analysis; CAP: simulation-only -> max Q-medium
REC_1040,Remote Autonomy for Multiple Small Lowcost UAVs in GNSS-denied Search and Rescue Operations,Schleich D.; Quenzel J.; Behnke S.,2025,,10.1109/SSRR68451.2025.11391295,Scopus,UAV,outdoor,GPS_denied_confirmed,other,other,RMSE,,,custom,simulation,We present a system for autonomous flight using lightweight consumer-grade DJI drones,search_rescue,false,Peripheral,Abstract-only extraction. QA capped accordingly.,,false,0,0,0,0,0,Q-low,CAP: simulation-only -> max Q-medium
REC_1043,Consistent-Innovation-Aided Distributed Cooperative Localization for Multi-UAV Navigation in GNSS-Denied Environments,Hou Z.; Xue C.; Chen S.; Xu C.; Jiang C.; Niu J.,2026,,10.3390/rs18142286,Scopus,UAV,simulation,IMU|GPS_denied_confirmed|UWB,other,loosely_coupled,RMSE,27.14,%,custom,simulation,"To address this problem, this paper proposes a consistent-innovation-aided distributed cooperative localization method for multi-glider UAV swarms",navigation,false,Peripheral,Abstract-only extraction. QA capped accordingly.,,false,0,1,1,0,2,Q-low,A+1: repeatability/multiple runs; B+1: ablation/failure analysis; C+1: established baseline compared; CAP: simulation-only -> max Q-medium; CAP: abstract-only -1 rigor (cannot verify from abstract alone)
REC_1044,Magnetometer-based enhanced visual-inertial odometry for reliable long-range navigation in GNSS-denied high-altitude environment,Abdollahi M.R.; Pourtakdoust S.H.,2026,,10.1016/j.ast.2026.112673,Scopus,UAV,outdoor,camera|IMU|GPS_denied_confirmed|magnetometer|VINS|wheel_encoder,VIO,loosely_coupled,ATE,800.0,m,custom,real_world,"A new visual-inertial odometry (VIO) algorithm for fixed-wing unmanned aerial vehicles (UAVs) operating in GNSS-denied, low to high altitude (50–800 m) environments is proposed",navigation,false,Important,Abstract-only extraction. QA capped accordingly.,,false,1,2,1,0,4,Q-medium,A+2: real-world experiments; B+1: quantitative error metric reported; B+1: trajectory scale reported; C+1: established baseline compared; CAP: abstract-only -1 rigor (cannot verify from abstract alone)
REC_1045,Optical and mass flow sensors for aiding vehicle navigation in gnss denied environment,Moussa M.; Zahran S.; Mostafa M.; Moussa A.; El-Sheimy N.; Elhabiby M.,2020,,10.3390/s20226567,Scopus,UAV,indoor,camera|IMU|GPS_denied_confirmed|wheel_encoder,EKF,loosely_coupled,drift_pct,,,custom,simulation,"This paper proposes an integrated aiding navigation system for vehicles in an indoor environment (e.g., underground parking)",navigation,false,Peripheral,Abstract-only extraction. QA capped accordingly.,,false,0,1,2,0,3,Q-low,B+1: ablation/failure analysis; C+1: established baseline compared; C+1: matched conditions; CAP: simulation-only -> max Q-medium
REC_1046,A UAV scene matching method based on triplet relationship and sliding mode control for GPS-denied environments,Chen Z.; Zhou J.; Gao D.; Lin J.; Huang G.; Deng Z.,2026,,10.1016/j.measurement.2026.120581,Scopus,UAV,outdoor,GPS_denied_confirmed,other,other,RMSE,4.51,%,custom,real_world,"To address these issues, this paper introduces a scene matching method that integrates triplet relationships with a control-theoretic optimization strategy",navigation,false,Peripheral,Abstract-only extraction. QA capped accordingly.,,false,1,0,1,0,2,Q-low,A+2: real-world experiments; C+1: established baseline compared; CAP: abstract-only -1 rigor (cannot verify from abstract alone)
REC_1048,Airspeed-Aided State Estimation Algorithm of Small Fixed-Wing UAVs in GNSS-Denied Environments,Ye X.; Zeng Y.; Zeng Q.; Zou Y.,2022,,10.3390/s22093156,Scopus,UAV,simulation,IMU|GPS_denied_confirmed|barometer,EKF,other,RMSE,600.0,m,custom,real_world,"Aimed at improving the navigation accuracy of the fixed-wing UAVs in GNSS-denied environments, this paper proposes an algorithm of nongravitational acceleration estimation based on air-speed and IMU s",mapping,false,Peripheral,Abstract-only extraction. QA capped accordingly.,,false,1,1,1,0,3,Q-low,A+2: real-world experiments; B+1: quantitative error metric reported; C+1: established baseline compared; CAP: abstract-only -1 rigor (cannot verify from abstract alone)
REC_1049,"UAV tracking of mobile target in occluded, cluttered and GPS-denied environments",Vanegas F.; Roberts J.; Gonzalez F.,2018,,10.1109/AERO.2018.8396449,Scopus,UAV,mixed,camera|GPS_denied_confirmed,other,other,RMSE,,,custom,simulation,This paper presents a novel approach for mobile target tracking using a UAV flying in a cluttered and GPS-denied environment that occludes the target partially and momentarily,navigation,false,Peripheral,Abstract-only extraction. QA capped accordingly.,,false,0,1,0,0,1,Q-low,B+1: trajectory scale reported; CAP: simulation-only -> max Q-medium
REC_1050,Master-Slave Cross-Domain Unmanned System Cooperative Localization in GNSS Denied Environment,Han J.; Xiang N.; Zou D.,2024,,10.1007/978-981-97-1091-1_27,Scopus,UAV,outdoor,IMU|GPS_denied_confirmed|UWB|WiFi,EKF,loosely_coupled,RMSE,,,custom,simulation,We present a cooperative localization strategy for ground-air cross-domain unmanned system formation based on master-slave architecture,navigation,false,Peripheral,Abstract-only extraction. QA capped accordingly.,,false,0,0,1,0,1,Q-low,C+1: established baseline compared; CAP: simulation-only -> max Q-medium
REC_1051,Autonomous vision-based UAV localization and optimization-based path planning in GPS-denied environments: a review,Hu Z.; Butt M.Z.; Nasir N.; Salleh M.B.,2026,,10.1088/2631-8695/ae305b,Scopus,UAV,mixed,camera|GPS_denied_confirmed,VIO_SLAM,other,RMSE,,,custom,real_world,"Based on a critical analysis of existing research, this review identifies key gaps and proposes future directions, including improving UAVs’ robustness to visual degradation, enhancing localization un",mapping,false,Peripheral,Abstract-only extraction. QA capped accordingly.,,false,1,1,0,0,2,Q-low,A+2: real-world experiments; B+1: ablation/failure analysis; CAP: abstract-only -1 rigor (cannot verify from abstract alone)
REC_1055,An Autonomously Navigation System for Forestry Quadrotor within GPS-denied Below-canopy Environment,Xia Y.; Song M.; Zhang J.; Hu C.,2018,,10.1109/GNCC42960.2018.9019136,Scopus,UAV,outdoor,camera|GPS_denied_confirmed|radar,VIO_SLAM,loosely_coupled,RMSE,,,custom,simulation,This paper presents a navigation system that enables quadrotor to navigate autonomously within GPS-denied below-canopy environment without GPS,mapping,false,Peripheral,Abstract-only extraction. QA capped accordingly.,,false,0,1,0,0,1,Q-low,B+1: ablation/failure analysis; CAP: simulation-only -> max Q-medium
REC_1056,VecMapLocNet: Vision-based UAV localization using vector maps in GNSS-denied environments,Wang Z.; Shi D.; Qiu C.; Jin S.; Li T.; Qiao Z.; Chen Y.,2025,,10.1016/j.isprsjprs.2025.04.009,Scopus,UAV,indoor,camera|GPS_denied_confirmed,other,other,RMSE,84.45,%,custom,real_world,"Inspired by human navigation strategies, we propose VecMapLocNet, which uses vector maps to determine UAV 3-DoF poses (latitude, longitude, and yaw) through cross-modal matching",navigation,false,Peripheral,Abstract-only extraction. QA capped accordingly.,,false,1,1,1,0,3,Q-low,A+2: real-world experiments; B+1: quantitative error metric reported; C+1: established baseline compared; CAP: abstract-only -1 rigor (cannot verify from abstract alone)
REC_1057,Autonomous flight using a smartphone as on-board processing unit in GPS-denied environments,Leichtfried M.; Kaltenriner C.; Mossel A.; Kaufmann H.,2013,,10.1145/2536853.2536898,Scopus,UAV,indoor,IMU|GPS_denied_confirmed,other,other,RMSE,,,custom,real_world,"In this paper, we present a low-weight and low-cost Unmanned Aerial Vehicle (UAV) for autonomous flight and navigation in GPS-denied environments using an off-the-shelf smartphone as its core on-board",mapping,false,Peripheral,Abstract-only extraction. QA capped accordingly.,,false,1,0,0,0,1,Q-low,A+2: real-world experiments; CAP: abstract-only -1 rigor (cannot verify from abstract alone)
REC_1059,Enhanced drone navigation in GNSS denied environment using VDM and Hall effect sensor,Zahran S.; Moussa A.; El-Sheimy N.,2019,,10.3390/ijgi8040169,Scopus,UAV,outdoor,IMU|GPS_denied_confirmed,EKF,loosely_coupled,drift_pct,,,custom,simulation,"This paper presents a novel unconventional method, to enhance the navigation of autonomous drones in GNSS denied environment, through a new utilization of hall effect sensor to act as flying odometer ",military,false,Peripheral,Abstract-only extraction. QA capped accordingly.,,false,0,1,1,0,2,Q-low,B+1: ablation/failure analysis; C+1: established baseline compared; CAP: simulation-only -> max Q-medium
REC_1062,Real-time geospatial positioning for uavs in gps-denied environments using lidar data,Kim H.; Kim D.; Kim S.,2020,,10.2514/6.2020-2194,Scopus,UAV,outdoor,lidar|IMU|GPS_denied_confirmed,VIO_SLAM,loosely_coupled,RMSE,250.0,m,custom,simulation,"This article proposes a robust and efficient simultaneous localization and mapping (SLAM) solution, with applications for speedy UAVs integrated with Light Detection and Ranging (LiDAR) and Inertial M",mapping,false,Peripheral,Abstract-only extraction. QA capped accordingly.,,false,0,1,0,0,1,Q-low,B+1: quantitative error metric reported; CAP: simulation-only -> max Q-medium
REC_1063,Visual Inertial Navigation for a Small UAV Using Sparse and Dense Optical Flow,Fanin F.; Hong J.-H.,2019,,10.1109/REDUAS47371.2019.8999672,Scopus,UAV,mixed,camera|IMU|GPS_denied_confirmed|VINS,EKF,other,RMSE,,,custom,simulation,The two objectives of this work were to develop an Optical Flow (OF) based method for navigation and a high-fidelity simulation for testing and verification,navigation,false,Peripheral,Abstract-only extraction. QA capped accordingly.,,false,0,0,1,0,1,Q-low,C+1: established baseline compared; CAP: simulation-only -> max Q-medium
REC_1064,Autonomous Navigation for Micro Aerial Vehicles in Complex GNSS-denied Environments,Nieuwenhuisen M.; Droeschel D.; Beul M.; Behnke S.,2016,,10.1007/s10846-015-0274-3,Scopus,UAV,indoor,lidar|GPS_denied_confirmed,other,other,RMSE,,,custom,simulation,"In this article, we propose a complete navigation system with a multimodal sensor setup for omnidirectional environment perception",inspection,false,Peripheral,Abstract-only extraction. QA capped accordingly.,,false,0,0,0,0,0,Q-low,CAP: simulation-only -> max Q-medium
REC_1065,Fast localization method for UAV images in GNSS-Denied environments utilizing image sequence relationships,Gao H.; Yu Y.; Zhang W.; Wang Y.; Li L.; Li L.; Song L.; Zhang L.,2025,,10.1117/12.3055751,Scopus,UAV,outdoor,camera|GPS_denied_confirmed,other,other,RMSE,0.5,m,custom,real_world,This study proposes a fast localization method for UAV images in GNSS-denied environments based on image sequence relationships,navigation,false,Peripheral,Abstract-only extraction. QA capped accordingly.,,false,1,1,0,0,2,Q-low,A+2: real-world experiments; B+1: quantitative error metric reported; CAP: abstract-only -1 rigor (cannot verify from abstract alone)
REC_1067,GPS-denied navigation using location estimation and texel image correction,Jensen N.I.; Budge S.E.,2023,,10.1117/12.2664119,Scopus,UAV,outdoor,lidar|camera|GPS_denied_confirmed,EKF,loosely_coupled,RMSE,3.2,m,custom,simulation,"This paper presents a localization system for Unmanned Aerial Vehicles (UAVs), specifically designed for small UAVs to be used in a GPS-denied local area by using estimation algorithms incorporating c",navigation,false,Peripheral,Abstract-only extraction. QA capped accordingly.,,false,0,2,1,0,3,Q-low,B+1: quantitative error metric reported; B+1: ablation/failure analysis; C+1: established baseline compared; CAP: simulation-only -> max Q-medium
REC_1068,High-Accuracy Robust SLAM and Real-Time Autonomous Navigation of UAV in GNSS-denied Environments,Li Z.; Zhao C.; Wang J.; Hou X.; Hu J.; Pan Q.; Jia C.,2022,,10.1007/978-981-15-8155-7_92,Scopus,UAV,outdoor,GPS_denied_confirmed,SLAM,loosely_coupled,RMSE,,,custom,simulation,"In this paper, we present a feasible design and development of a UAV system that is capable of autonomous navigation and rapid reconstruction in GNSS-denied environments",navigation,false,Peripheral,Abstract-only extraction. QA capped accordingly.,,false,0,1,0,0,1,Q-low,B+1: ablation/failure analysis; CAP: simulation-only -> max Q-medium
REC_1069,UAV–UGV Collaborative Localization in GNSS-Denied Large-Scale Environments: An Anchor-Free VIO–UWB Fusion with Adaptive Weighting and Outlier Suppression,Xu H.; Zhao G.; Bo Y.,2026,,10.3390/drones10030175,Scopus,UAV,outdoor,camera|IMU|GPS_denied_confirmed|UWB|wheel_encoder,VIO,loosely_coupled,RMSE,24.6,%,custom,real_world,"Highlights: What are the main findings? An anchor-free collaborative localization framework is proposed, effectively suppressing visual–inertial odometry (VIO) drift over long trajectories (up to kilo",inspection,false,Important,Abstract-only extraction. QA capped accordingly.,,false,2,1,1,0,4,Q-medium,A+2: real-world experiments; A+1: repeatability/multiple runs; B+1: trajectory scale reported; C+1: established baseline compared; CAP: abstract-only -1 rigor (cannot verify from abstract alone)
REC_1070,Hybrid Machine Learning VDM for UAVs in GNSS-denied Environment,Zahran S.; Moussa A.; El-Sheimy N.; Sesay A.B.,2018,,10.1002/navi.249,Scopus,UAV,simulation,IMU|GPS_denied_confirmed,other,other,drift_pct,,,custom,simulation,"This paper presents a novel approach to enhance unmanned aerial vehicle (UAV) autonomous navigation, without adding extra load to the vehicle",navigation,false,Peripheral,Abstract-only extraction. QA capped accordingly.,,false,0,1,1,0,2,Q-low,B+1: ablation/failure analysis; C+1: established baseline compared; CAP: simulation-only -> max Q-medium
REC_1072,Aerial and ground robot collaboration for autonomous mapping in search and rescue missions,Chatziparaschis D.; Lagoudakis M.G.; Partsinevelos P.,2020,,10.3390/DRONES4040079,Scopus,UAV,outdoor,camera|GPS_denied_confirmed|wheel_encoder,DNN,deep_learning,RMSE,,,custom,simulation,"In this study, we present a synchronous ground-aerial robot collaboration approach, under which an Unmanned Aerial Vehicle (UAV) and a humanoid robot solve a Search and Rescue scenario locally, withou",search_rescue,false,Peripheral,Abstract-only extraction. QA capped accordingly.,,false,0,1,0,0,1,Q-low,B+1: ablation/failure analysis; CAP: simulation-only -> max Q-medium
REC_1075,Prototype development of cross-shaped microphone array system for drone localization based on delay-and-sum beamforming in gnss-denied areas,Madokoro H.; Yamamoto S.; Watanabe K.; Nishiguchi M.; Nix S.; Woo H.; Sato K.,2021,,10.3390/drones5040123,Scopus,UAV,mixed,GPS_denied_confirmed|sonar,other,other,RMSE,,,custom,real_world,This paper presents a drone localization method based on acoustic information using a microphone array in GNSS-denied areas,navigation,false,Peripheral,Abstract-only extraction. QA capped accordingly.,,false,1,0,0,0,1,Q-low,A+2: real-world experiments; CAP: abstract-only -1 rigor (cannot verify from abstract alone)
REC_1077,A Comprehensive Survey on Short-Distance Localization of UAVs,Kramarić L.; Jelušić N.; Radišić T.; Muštra M.,2025,,10.3390/drones9030188,Scopus,UAV,indoor,camera|IMU|UWB|wheel_encoder,other,loosely_coupled,RMSE,,,custom,simulation,"This paper presents a comprehensive overview of short-distance localization methods for UAVs, exploring their strengths, limitations, and practical applications",navigation,false,Peripheral,Abstract-only extraction. QA capped accordingly.,,false,0,2,0,0,2,Q-low,A+1: ground-truth comparison; B+1: trajectory scale reported; B+1: ablation/failure analysis; CAP: simulation-only -> max Q-medium; CAP: abstract-only -1 rigor (cannot verify from abstract alone)
REC_1079,AN INTEGRATED UWB-VISION FRAMEWORK FOR AUTONOMOUS APPROACH AND LANDING OF UAVS IN GPS-DENIED ENVIRONMENTS,Liu J.; Yan C.,2025,,10.3934/mfc.2024022,Scopus,UAV,outdoor,IMU|GPS_denied_confirmed|UWB,other,loosely_coupled,RMSE,,,custom,simulation,We present a newly integrated UWB-Vision framework for autonomous approach and landing of UAVs in GPS-Denied environments,navigation,false,Peripheral,Abstract-only extraction. QA capped accordingly.,,false,0,1,0,0,1,Q-low,B+1: trajectory scale reported; CAP: simulation-only -> max Q-medium
REC_1080,Adaptive neural pose regression enabled by updatable graphics-based digital twin for robust UAV localization in GPS-denied civil infrastructure,"Matiki T.; Narazaki Y.; Chowdhary G.; Spencer B.F., Jr.",2026,,10.1016/j.robot.2026.105570,Scopus,UAV,outdoor,camera|IMU|GPS_denied_confirmed|WiFi|wheel_encoder,VIO_SLAM,deep_learning,drift_pct,,,custom,real_world,"To address this limitation, this study presents an updatable Graphics-Based Digital Twin (GBDT) that provides a globally referenced structural prior and generates synthetic image-pose datasets for tra",inspection,false,Important,Abstract-only extraction. QA capped accordingly.,,false,2,1,1,1,5,Q-medium,A+2: real-world experiments; A+1: ground-truth comparison; B+1: ablation/failure analysis; C+1: established baseline compared; D+1: code/data released; CAP: abstract-only -1 rigor (cannot verify from abstract alone)
REC_1083,GNSS-Denied UAV Terrain Matching Navigation Based on the Autoencoder Network with Contrastive Learning,Jiang Y.; Miao Q.; Wu D.; He J.; Zhao C.,2026,,10.3390/drones10050339,Scopus,UAV,outdoor,IMU|GPS_denied_confirmed,DNN,loosely_coupled,RMSE,,,custom,real_world,"To address these issues, this paper proposes a GNSS-denied UAV terrain matching navigation method based on an autoencoder network with contrastive learning",navigation,false,Peripheral,Abstract-only extraction. QA capped accordingly.,,false,1,0,0,0,1,Q-low,A+2: real-world experiments; CAP: abstract-only -1 rigor (cannot verify from abstract alone)
REC_1084,CLAK:CNN-LSTM-Attention and Kolmogorov-Arnold Networks for non-visual UAV localization in GNSS-denied environments,Jarraya I.; Alahmed F.; Abdelkader M.; Gabr K.; Kadri M.B.; Boulila W.,2026,,10.1186/s43020-026-00192-1,Scopus,UAV,simulation,lidar|camera|IMU|GPS_denied_confirmed|barometer,DNN,deep_learning,RMSE,78.35,%,custom,simulation,"This work introduces CLAK (CNN-LSTM-Attention-KAN), a deep learning framework that estimates global UAV positions (latitude, longitude, and elevation) using non-visual sensors such as LiDAR, barometri",navigation,false,Peripheral,Abstract-only extraction. QA capped accordingly.,,false,0,0,1,0,1,Q-low,A+1: ground-truth comparison; C+1: established baseline compared; CAP: simulation-only -> max Q-medium; CAP: abstract-only -1 rigor (cannot verify from abstract alone)
REC_1085,GNSS-Denied Semi-Direct Visual Navigation for Autonomous UAVs Aided by PI-Inspired Inertial Priors,Gallo E.; Barrientos A.,2023,,10.3390/aerospace10030220,Scopus,UAV,simulation,camera|IMU|GPS_denied_confirmed,particle_filter,other,drift_pct,,,custom,simulation,This article proposes a method to diminish the horizontal position drift in the absence of GNSS (Global Navigation Satellite System) signals experienced by the VNS (Visual Navigation System) installed,navigation,false,Peripheral,Abstract-only extraction. QA capped accordingly.,,false,0,0,0,1,1,Q-low,D+1: code/data released; CAP: simulation-only -> max Q-medium
REC_1086,Vision-based Relative Navigation and Drone Swarming Control for Inspection in GPS-denied Environment,Candan F.; Sanci M.E.; Li L.,2024,,10.13031/aim.202401277,Scopus,UAV,outdoor,GPS_denied_confirmed,other,other,RMSE,,,custom,simulation,"Leader-follower drone system presents a formidable obstacle, necessitating innovative solutions for formation control to address such localization challenges",inspection,false,Peripheral,Abstract-only extraction. QA capped accordingly.,,false,0,1,0,0,1,Q-low,B+1: trajectory scale reported; CAP: simulation-only -> max Q-medium
REC_1088,Analysis of optical flow methods for estimating UAV velocity in Low-features environment,Swamidoss I.N.; Al Mansoori A.; Shajahan S.; Bouamer T.; Al Remeithi H.; Al Marzooqi A.; Sayadi S.,2024,,10.1117/12.3023033,Scopus,UAV,outdoor,GPS_denied_confirmed,other,other,RMSE,,,custom,simulation,This paper proposed a novel method for UAV velocity estimation for a vision-based navigation system in GPS-denied low-features environments,mapping,false,Peripheral,Abstract-only extraction. QA capped accordingly.,,false,0,1,1,0,2,Q-low,B+1: ablation/failure analysis; C+1: established baseline compared; CAP: simulation-only -> max Q-medium
REC_1089,Monocular-SLAM-based navigation for autonomous micro helicopters in GPS-denied environments,Weiss S.; Scaramuzza D.; Siegwart R.,2011,,10.1002/rob.20412,Scopus,UAV,outdoor,camera|IMU|GPS_denied_confirmed,VIO_SLAM,other,drift_pct,,,custom,simulation,We present a novel solution for the task of autonomous navigation of a micro helicopter through a completely unknown environment by using solely a single camera and inertial sensors onboard,search_rescue,false,Peripheral,Abstract-only extraction. QA capped accordingly.,,false,0,1,0,0,1,Q-low,B+1: ablation/failure analysis; CAP: simulation-only -> max Q-medium
REC_1090,UAV navigation in GPS-denied environment using particle filtered RVL,Couturier A.; Akhloufi M.A.,2019,,10.1117/12.2518516,Scopus,UAV,outdoor,camera|IMU|GPS_denied_confirmed,particle_filter,other,RMSE,,,custom,simulation,"In this paper, we propose a new algorithm to perform localization in GNSS-denied environments by using a relative visual localization technique",inspection,false,Peripheral,Abstract-only extraction. QA capped accordingly.,,false,0,1,0,0,1,Q-low,B+1: ablation/failure analysis; CAP: simulation-only -> max Q-medium
REC_1092,Efficient SLAM Algorithm Based on Quaternions for Real-Time Navigation of Unmanned Aerial Vehicles,Wang X.; Wang M.; Liu X.,2026,,10.1002/ett.70386,Scopus,UAV,outdoor,camera|IMU|GPS_denied_confirmed|wheel_encoder,VIO_SLAM,loosely_coupled,drift_pct,1261.98,m,custom,real_world,Efficient quaternion-based Simultaneous Localization and Mapping framework designed for real-time navigation of Unmanned Aerial Vehicles in GPS-denied environments is presented here,mapping,false,Peripheral,Abstract-only extraction. QA capped accordingly.,,false,2,1,0,0,3,Q-low,A+2: real-world experiments; A+1: repeatability/multiple runs; B+1: quantitative error metric reported; CAP: abstract-only -1 rigor (cannot verify from abstract alone)
REC_1094,Dynamic Artificial Neural Network-Assisted GPS-Less Navigation for IoT-Enabled Drones,Simsek M.; Boukerche A.; Kantarci B.; Bitirgen R.; Hancer M.; Bayezit I.,2024,,10.1109/IOTM.001.2200276,Scopus,UAV,outdoor,IMU|GPS_denied_confirmed,DNN,deep_learning,RMSE,3.0,m,custom,simulation,"In this article, an alternative approach to the state-of-the-art, Dynamic Artificial Neural Network (D-ANN)-based solution is proposed to assist UAV navigation without GPS positions during a mission",navigation,false,Peripheral,Abstract-only extraction. QA capped accordingly.,,false,0,2,1,0,3,Q-low,B+1: quantitative error metric reported; B+1: ablation/failure analysis; C+1: established baseline compared; CAP: simulation-only -> max Q-medium
REC_1095,A multi-sensorial simultaneous localization and mapping (SLAM) system for low-cost micro aerial vehicles in GPS-denied environments,López E.; García S.; Barea R.; Bergasa L.M.; Molinos E.J.; Arroyo R.; Romera E.; Pardo S.,2017,,10.3390/s17040802,Scopus,UAV,indoor,camera|IMU|GPS_denied_confirmed|barometer,VIO_SLAM,other,RMSE,,,custom,simulation,"This paper presents a Simultaneous Localization and Mapping (SLAM) system that remotely calculates the pose and environment map of different low-cost commercial aerial platforms, whose onboard computi",mapping,false,Peripheral,Abstract-only extraction. QA capped accordingly.,,false,0,0,1,0,1,Q-low,C+1: established baseline compared; CAP: simulation-only -> max Q-medium
REC_1096,DTVIRM-Swarm: A Distributed and Tightly Integrated Visual-Inertial-UWB-Magnetic System for Anchor Free Swarm Cooperative Localization,Luo X.; Du X.; Yue S.; Lv Y.; Zhang L.; He X.; Wu W.; Mao J.,2026,,10.3390/drones10010049,Scopus,UAV,simulation,camera|IMU|GPS_denied_confirmed|UWB,VIO_SLAM,tightly_coupled,RMSE,,,custom,real_world,"Highlights: This study proposes DTVIRM-Swarm, a distributed, anchor-free cooperative localizationsystem for UAV swarms that operates without GNSS or pre-deployed anchors",mapping,false,Important,Abstract-only extraction. QA capped accordingly.,,false,2,1,1,0,4,Q-medium,A+2: real-world experiments; A+1: repeatability/multiple runs; B+1: ablation/failure analysis; C+1: established baseline compared; CAP: abstract-only -1 rigor (cannot verify from abstract alone)
REC_1097,Indoor fixed-point hovering control for UAVs based on visual inertial SLAM,Li Z.; Li H.; Liu Y.; Jin L.; Wang C.,2024,,10.1108/RIA-06-2023-0081,Scopus,UAV,indoor,camera|IMU|GPS_denied_confirmed,VIO_SLAM,loosely_coupled,RMSE,,,custom,simulation,Design/methodology/approach: The fundamental of the proposed method is using visual inertial SLAM to estimate the position information of the UAV and position-speed double-loop controller to control t,mapping,false,Peripheral,Abstract-only extraction. QA capped accordingly.,,false,0,0,0,0,0,Q-low,CAP: simulation-only -> max Q-medium
REC_1098,Long-Duration Inspection of GNSS-Denied Environments with a Tethered UAV-UGV Marsupial System †,Martínez-Rozas S.; Alejo D.; Carpio J.J.; Caballero F.; Merino L.,2025,,10.3390/drones9110765,Scopus,UAV,outdoor,lidar|GPS_denied_confirmed,other,loosely_coupled,RMSE,,,custom,real_world,What is the implication of the main finding? The proposed system can be used for long-endurance inspection tasks of over two hours,inspection,false,Important,Abstract-only extraction. QA capped accordingly.,,false,1,2,0,1,4,Q-medium,A+2: real-world experiments; B+1: trajectory scale reported; B+1: ablation/failure analysis; D+1: code/data released; CAP: abstract-only -1 rigor (cannot verify from abstract alone)
REC_1099,Machine Learning-Based UAV Localization for Under-Structure Sensor Deployment in GPS-Denied Environments,Khan M.A.; Satme J.N.; Zheng M.; Tadamatla S.; Phillips E.; Adebajo K.; Shute N.; Yount R.; Downey A.R.J.,2026,,10.1117/12.3089966,Scopus,UAV,outdoor,camera|GPS_denied_confirmed,DNN,other,RMSE,,,custom,real_world,This study presents a machine learning (ML)-based vision localization framework tailored for UAV operation in GPS-denied under-structure environments,navigation,false,Important,Abstract-only extraction. QA capped accordingly.,,false,2,0,1,1,4,Q-medium,A+2: real-world experiments; A+1: ground-truth comparison; C+1: matched conditions; D+1: code/data released; CAP: abstract-only -1 rigor (cannot verify from abstract alone)
REC_1100,An Aerial Transport System in Marine GNSS-Denied Environment,Sun J.; Niu Z.; Dong Y.; Zhang F.; Din M.U.; Seneviratne L.; Lin D.; Hussain I.; He S.,2025,,10.1002/rob.22520,Scopus,UAV,outdoor,GPS_denied_confirmed,other,other,RMSE,,,custom,simulation,"This paper presents an autonomous aerial system specifically engineered for operation in challenging marine GNSS-denied environments, aimed at transporting small cargo from a target vessel",navigation,false,Peripheral,Abstract-only extraction. QA capped accordingly.,,false,0,1,0,0,1,Q-low,B+1: ablation/failure analysis; CAP: simulation-only -> max Q-medium
REC_1103,Integrated navigation of aerial robot for GPS and GPS-denied environment,Suzuki S.; Min H.; Wada T.; Nonami K.,2016,,10.1088/1742-6596/744/1/012219,Scopus,UAV,mixed,GPS_denied_confirmed,EKF,loosely_coupled,RMSE,,,custom,simulation,"In this study, novel robust navigation system for aerial robot in GPS and GPS- denied environments is proposed",navigation,false,Peripheral,Abstract-only extraction. QA capped accordingly.,,false,0,0,0,0,0,Q-low,CAP: simulation-only -> max Q-medium
REC_1104,Convolutional Neural Networks for Autonomous UAV Navigation in GPS-Denied Environments,Santos R.S.; Matos-Carvalho J.P.; Tomic S.; Beko M.; Calafate C.T.,2024,,10.1007/978-3-031-63851-0_7,Scopus,UAV,outdoor,GPS_denied_confirmed,DNN,deep_learning,RMSE,,,custom,real_world,The proposed method exploits datasets acquired from existing frameworks like the Generalized Trust Region Sub-problem (GTRS) and the Weighted Least Squares (WLS),navigation,false,Peripheral,Abstract-only extraction. QA capped accordingly.,,false,1,0,1,0,2,Q-low,A+2: real-world experiments; C+1: established baseline compared; CAP: abstract-only -1 rigor (cannot verify from abstract alone)
REC_1105,3D SCENE RECONSTRUCTION AND PATH PLANNING METHOD FOR UAV IN GNSS-DENIED ENVIRONMENT,Jin Q.; Zhao P.; Hu Q.; Duan X.; Ai M.,2022,,10.5194/isprs-annals-X-3-W1-2022-69-2022,Scopus,UAV,outdoor,GPS_denied_confirmed,LiDAR_SLAM,other,RMSE,,,custom,simulation,"The experiments prove that the reconstructed scene map provides a feasible means for UAV autonomous navigation in GNSS-denied environment, and the proposed path planning method has a significant impro",navigation,false,Peripheral,Abstract-only extraction. QA capped accordingly.,,false,0,0,0,0,0,Q-low,CAP: simulation-only -> max Q-medium
REC_1106,Adaptive Particle Filter-Neural Network Fusion for Cooperative Localization of Multi-UAV Systems in GNSS-Denied Indoor Environments,Wang Z.; Wang H.; Liu S.,2026,,10.3390/computers15030172,Scopus,UAV,mixed,camera|GPS_denied_confirmed|UWB,DNN,deep_learning,RMSE,0.437,m,custom,simulation,"Here, we introduce an adaptive particle filter-neural network (PF-NN) fusion framework that achieves high-fidelity cooperative localization for multi-UAV systems",search_rescue,false,Peripheral,Abstract-only extraction. QA capped accordingly.,,false,0,1,0,0,1,Q-low,B+1: quantitative error metric reported; CAP: simulation-only -> max Q-medium
REC_1107,Multi-UAV Cooperative Localization in Pseudolite-Augmented GNSS-Denied Regions: An Anomaly-Resilient Adaptive Kalman Filter with Group Covariance Compensation,Ji C.; Guo X.; Tang Y.; Han X.; Song Y.,2026,,10.3390/drones10060460,Scopus,UAV,outdoor,GPS_denied_confirmed,EKF,loosely_coupled,RMSE,75.0,%,custom,real_world,"To address these issues, this paper proposes a Distributed Group Covariance Compensation Adaptive Kalman Filter (DGCC-AKF) for collaborative enhancement of UAV regional localization",navigation,false,Important,Abstract-only extraction. QA capped accordingly.,,false,2,1,1,0,4,Q-medium,A+2: real-world experiments; A+1: repeatability/multiple runs; B+1: trajectory scale reported; C+1: established baseline compared; CAP: abstract-only -1 rigor (cannot verify from abstract alone)
REC_1108,A collaborative navigation algorithm for UAV Ad Hoc network based on improved sequence quadratic programming and unscented Kalman filtering in GNSS denied area,Tang X.; Yang L.; Wang D.; Li W.; Xin D.; Jia H.,2025,,10.1016/j.measurement.2024.115977,Scopus,UAV,simulation,GPS_denied_confirmed,UKF,loosely_coupled,RMSE,25.0,%,custom,simulation,An algorithm of UAVs collaborative positioning based on improved sequential quadratic programming (SQP) and unscented kalman filter (UKF) is proposed,navigation,false,Peripheral,Abstract-only extraction. QA capped accordingly.,,false,0,0,1,0,1,Q-low,C+1: established baseline compared; CAP: simulation-only -> max Q-medium
REC_1110,Cross-Session 3D LiDAR and Camera Fusion for Robust Localization of Unmanned Aerial Vehicles in GPS-Denied Environments,Quach C.H.; Vo C.T.; Tran D.L.T.; Nguyen T.S.; Phung M.D.; Tran T.H.,2026,,10.1155/joro/9948104,Scopus,UAV,indoor,lidar|camera|IMU|GPS_denied_confirmed|wheel_encoder,other,loosely_coupled,drift_pct,,,custom,simulation,"To address this challenge, we propose cross-fusion, a novel method for real-time UAV localization that integrates data from a 3D light detection and ranging (LiDAR) and a monocular camera",navigation,false,Peripheral,Abstract-only extraction. QA capped accordingly.,,false,0,0,0,0,0,Q-low,CAP: simulation-only -> max Q-medium
REC_1112,A coarse-to-fine visual geo-localization method for GNSS-denied UAV with oblique-view imagery,Ye Q.; Luo J.; Lin Y.,2024,,10.1016/j.isprsjprs.2024.05.006,Scopus,UAV,indoor,camera|GPS_denied_confirmed,other,other,RMSE,0.1,m,custom,real_world,"In this study, we proposed a coarse-to-fine visual geo-localization method to address these challenges for UAV position determination using oblique-view imagery, assisted by orthographic references",navigation,false,Peripheral,Abstract-only extraction. QA capped accordingly.,,false,1,2,0,0,3,Q-low,A+2: real-world experiments; B+1: quantitative error metric reported; B+1: trajectory scale reported; CAP: abstract-only -1 rigor (cannot verify from abstract alone)
REC_1113,Towards UAV Localization in GNSS-Denied Environments: The SatLoc Dataset and a Hierarchical Adaptive Fusion Framework,Zhou X.; Zhang X.; Yang X.; Zhao J.; Liu Z.; Shuang F.,2025,,10.3390/rs17173048,Scopus,UAV,outdoor,camera|GPS_denied_confirmed|wheel_encoder,other,loosely_coupled,RMSE,15.0,m,custom,real_world,"To address these gaps, we introduce two contributions: (1) the SatLoc dataset, a new benchmark featuring synchronized, multi-source data from varied real-world scenarios tailored for UAV-to-satellite ",navigation,false,Peripheral,Abstract-only extraction. QA capped accordingly.,,false,1,1,0,0,2,Q-low,A+2: real-world experiments; B+1: quantitative error metric reported; CAP: abstract-only -1 rigor (cannot verify from abstract alone)
REC_1114,I-NAV: Inverse Navigation for questionnaire-based geolocation in GPS-denied environments,Qazi S.; Alejandro J.; Murshed R.U.; Evans T.S.; Lippert J.; Saquib M.,2026,,10.1016/j.array.2026.100978,Scopus,UAV,indoor,GPS_denied_confirmed,other,other,RMSE,,,custom,simulation,"To overcome this, we introduce Inverse Navigation (I-NAV), a geolocation framework explicitly designed for decision-making in GPS-denied environments",search_rescue,false,Peripheral,Abstract-only extraction. QA capped accordingly.,,false,0,0,0,0,0,Q-low,CAP: simulation-only -> max Q-medium
REC_1115,SWA-PF: Semantic-weighted adaptive particle filter for memory-efficient 4-DoF UAV localization in GNSS-denied environments,Yuan J.; Dai M.; Zheng E.; Su C.; Chen N.; Hu Q.; Zhu S.; Cao Y.,2026,,10.1016/j.patcog.2026.114522,Scopus,UAV,outdoor,GPS_denied_confirmed,particle_filter,deep_learning,RMSE,10.0,m,custom,real_world,"To overcome these limitations, we present a large-scale Multi-Altitude Flight Segments dataset (MAFS) for variable altitude scenarios and propose a novel Semantic-Weighted Adaptive Particle Filter (SW",navigation,false,Peripheral,Abstract-only extraction. QA capped accordingly.,,false,1,1,0,1,3,Q-low,A+2: real-world experiments; B+1: ablation/failure analysis; D+1: code/data released; CAP: abstract-only -1 rigor (cannot verify from abstract alone)
REC_1116,Development of a Visual SLAM-Based Autonomous UAV System for Greenhouse Plant Monitoring,Lin J.-H.; Lin T.-T.,2026,,10.3390/drones10030205,Scopus,UAV,indoor,camera|GPS_denied_confirmed|UWB,VIO_SLAM,deep_learning,RMSE,8.0,cm,custom,real_world,"This study developed and validated an autonomous UAV system for reliable, low-cost operation in such conditions",mapping,false,Peripheral,Abstract-only extraction. QA capped accordingly.,,false,1,2,0,0,3,Q-low,A+2: real-world experiments; B+1: quantitative error metric reported; B+1: trajectory scale reported; CAP: abstract-only -1 rigor (cannot verify from abstract alone)
REC_1117,Enhancing Visual–Inertial Odometry Robustness and Accuracy in Challenging Environments,Minervini A.; Carrio A.; Guglieri G.,2025,,10.3390/robotics14060071,Scopus,UAV,outdoor,camera|IMU|GPS_denied_confirmed|wheel_encoder,VIO,other,RMSE,,,custom,simulation,"Finally, to reduce the computational complexity, we introduce an adaptive feature selection strategy that dynamically adjusts the detection thresholds according to the number of detected features",navigation,false,Peripheral,Abstract-only extraction. QA capped accordingly.,,false,0,0,0,1,1,Q-low,D+1: code/data released; CAP: simulation-only -> max Q-medium
REC_1118,GNSS-denied UAV indoor navigation with UWB incorporated visual inertial odometry,Lin H.-Y.; Zhan J.-R.,2023,,10.1016/j.measurement.2022.112256,Scopus,UAV,indoor,camera|IMU|GPS_denied_confirmed|UWB|wheel_encoder,VIO,loosely_coupled,RMSE,,,custom,real_world,This paper presents a technique to improve the accuracy of visual inertial odometry (VIO) by combining the ultra-wideband (UWB) positioning technology,navigation,false,Peripheral,Abstract-only extraction. QA capped accordingly.,,false,1,0,0,0,1,Q-low,A+2: real-world experiments; CAP: abstract-only -1 rigor (cannot verify from abstract alone)
REC_1119,A Low-Cost Experimental Quadcopter Drone Design for Autonomous Search-and-Rescue Missions in GNSS-Denied Environments,Allan S.; Barczyk M.,2025,,10.3390/drones9080523,Scopus,UAV,indoor,lidar|GPS_denied_confirmed,other,other,RMSE,,,custom,real_world,"To address this issue, we have developed a custom four-rotor aerial drone platform specifically built around low-cost low-weight sensors in order to minimize costs and maximize flight time for search-",search_rescue,false,Peripheral,Abstract-only extraction. QA capped accordingly.,,false,1,1,0,0,2,Q-low,A+2: real-world experiments; B+1: ablation/failure analysis; CAP: abstract-only -1 rigor (cannot verify from abstract alone)
REC_1120,GNSS-denied geolocalization of UAVs using terrain-weighted constraint optimization,Yao F.; Lan C.; Wang L.; Wan H.; Gao T.; Wei Z.,2024,,10.1016/j.jag.2024.104277,Scopus,UAV,outdoor,camera|GPS_denied_confirmed|wheel_encoder,other,other,drift_pct,7.0,m,custom,simulation,"In this paper, we developed a novel UAV visual localization system for GNSS-denied situations, both day and night, that integrates image matching, visual odometry (VO), and terrain-weighted constraint",navigation,false,Peripheral,Abstract-only extraction. QA capped accordingly.,,false,0,1,0,1,2,Q-low,B+1: quantitative error metric reported; D+1: code/data released; CAP: simulation-only -> max Q-medium
REC_1121,HCCNet: Hybrid Coupled Cooperative Network for Robust Indoor Localization,Zhang L.; Zhou X.; Li D.; Yang Z.,2024,,10.1145/3665645,Scopus,UAV,mixed,camera|IMU|GPS_denied_confirmed|UWB|WiFi|wheel_encoder,VIO,other,RMSE,,,custom,real_world,"This article describes a novel approach to multi-sensor hybrid coupled cooperative localization network (HCCNet) system that combines multiple types of sensors including camera, ultra-wideband (UWB), ",navigation,false,Peripheral,Abstract-only extraction. QA capped accordingly.,,false,1,0,0,0,1,Q-low,A+2: real-world experiments; CAP: abstract-only -1 rigor (cannot verify from abstract alone)
REC_1123,A Novel Scene-Matching Positioning Approach for Low-Altitude UAVs Considering Elevation Differences in Satellite Images,Zhang X.; Li T.; Wang Z.; Kuang Y.,2026,,10.1109/JIOT.2026.3664077,Scopus,UAV,outdoor,camera|GPS_denied_confirmed,graph_SLAM,other,RMSE,,,custom,real_world,"To address these limitations, this paper presents a novel visual scene matching-based UAV localization framework",navigation,false,Peripheral,Abstract-only extraction. QA capped accordingly.,,false,1,1,0,0,2,Q-low,A+2: real-world experiments; B+1: ablation/failure analysis; CAP: abstract-only -1 rigor (cannot verify from abstract alone)
REC_1124,Real-Time Elevation and Orientation-Aware Visual Localization for GNSS-Denied Drone Navigation,Fares H.; Mohanna A.; Kaddouh B.,2026,,10.3390/drones10060445,Scopus,UAV,indoor,camera|GPS_denied_confirmed,DNN,loosely_coupled,success_rate,,,custom,real_world,"We present Real-Time Elevation and Orientation-Aware Localization Architecture (REOLA), a visual localization system that combines similarity-driven autonomous window sizing, element-wise correlation-",navigation,false,Peripheral,Abstract-only extraction. QA capped accordingly.,,false,1,0,0,0,1,Q-low,A+2: real-world experiments; CAP: abstract-only -1 rigor (cannot verify from abstract alone)
REC_1126,Centralised cooperative UAV navigation in GPS-denied environments,Gökçay M.A.; Hajiyev C.,2025,,10.1504/IJSA.2025.150666,Scopus,UAV,simulation,GPS_denied_confirmed,EKF,loosely_coupled,RMSE,,,custom,real_world,"While centralised ES-EKF offers superior performance in capturing inter-agent correlations, it also presents challenges related to computational load, scalability, and communication reliability in lar",military,false,Peripheral,Abstract-only extraction. QA capped accordingly.,,false,1,0,1,0,2,Q-low,A+2: real-world experiments; C+1: established baseline compared; CAP: abstract-only -1 rigor (cannot verify from abstract alone)
REC_1127,Swarm UAVs for Area Mapping in GPS-Denied Locations,Golan D.; Kennedy P.; Gonzalez B.; Taylor R.; Perry J.; Thomas E.; Ebrahimi R.; Fox K.; Drakunov S.,2024,,10.1117/12.3013898,Scopus,UAV,outdoor,lidar|camera|IMU|GPS_denied_confirmed,VIO_SLAM,other,RMSE,,,custom,simulation,"Each drone is outfitted with a Lidar and an Intel Realsense Camera, which will be used to develop a high-fidelity infrared 3D map of an area without the need for GPS",mapping,false,Peripheral,Abstract-only extraction. QA capped accordingly.,,false,0,1,0,0,1,Q-low,B+1: ablation/failure analysis; CAP: simulation-only -> max Q-medium
REC_1128,Self-calibrated Navigation System Based on Fusion of Distance Measurement and Visual Odometry,Li Y.; Hu J.; Xu Z.; Lv M.; Zhang J.,2024,,10.1007/978-981-97-1107-9_35,Scopus,UAV,outdoor,camera|GPS_denied_confirmed|wheel_encoder,other,loosely_coupled,RMSE,,,custom,real_world,"In this paper, a self-calibrated navigation system based on fusion of distance measurement and visual odometry (VO) is developed",navigation,false,Peripheral,Abstract-only extraction. QA capped accordingly.,,false,1,1,0,0,2,Q-low,A+2: real-world experiments; B+1: trajectory scale reported; CAP: abstract-only -1 rigor (cannot verify from abstract alone)
REC_1130,Robust GNSS-denied localization for UAV using particle filter and visual odometry,Jurevičius R.; Marcinkevičius V.; Šeibokas J.,2019,,10.1007/s00138-019-01046-4,Scopus,UAV,simulation,camera|GPS_denied_confirmed|wheel_encoder,VIO_SLAM,other,RMSE,30.0,%,custom,real_world,"Monocular simultaneous localization and mapping (SLAM) algorithms have been developed over the last few years and achieved state-of-the-art accuracy (e.g., visual SLAM algorithms achieve centimeter-le",mapping,false,Peripheral,Abstract-only extraction. QA capped accordingly.,,false,1,0,1,0,2,Q-low,A+2: real-world experiments; C+1: established baseline compared; CAP: abstract-only -1 rigor (cannot verify from abstract alone)
REC_1131,Enhancing UAV Autonomy and Path Optimization Through SBAS and Visual-Inertial Odometry; [Mejora de la autonomía de UAV y optimización de trayectorias mediante odometría visual–inercial integrada con SBAS],Arumugam V.; Alagumalai V.,2026,,10.15446/ing.investig.119122,Scopus,UAV,mixed,camera|IMU|GPS_denied_confirmed|wheel_encoder,VIO,other,drift_pct,,,custom,simulation,"The proposed methodology fuses visual and inertial sensor data, incorporating state constraints and prior knowledge to improve localization accuracy, reduce drift, and manage uncertainty",agriculture,false,Peripheral,Abstract-only extraction. QA capped accordingly.,,false,0,0,0,0,0,Q-low,CAP: simulation-only -> max Q-medium
REC_1132,Minimalistic approach for monocular SLAM system applied to micro aerial vehicles in GPS-denied environments,Urzua S.; Munguía R.; Nuño E.; Grau A.,2018,,10.1177/0142331217747343,Scopus,UAV,simulation,camera|GPS_denied_confirmed|barometer,VIO_SLAM,other,RMSE,,,custom,simulation,"In this work, a novel monocular simultaneous localization and mapping (SLAM) system with application to micro aerial vehicles is proposed",mapping,false,Peripheral,Abstract-only extraction. QA capped accordingly.,,false,0,0,0,0,0,Q-low,CAP: simulation-only -> max Q-medium
REC_1133,UAV circumnavigating an unknown target under a GPS-denied environment with range-only measurements,Cao Y.,2015,,10.1016/j.automatica.2015.03.007,Scopus,UAV,outdoor,GPS_denied_confirmed,other,other,RMSE,,,custom,simulation,"One typical application of unmanned aerial vehicles (UAVs) is the intelligence, surveillance, and reconnaissance mission, where the objective is to improve situation awareness through information acqu",navigation,false,Peripheral,Abstract-only extraction. QA capped accordingly.,,false,0,1,0,0,1,Q-low,B+1: trajectory scale reported; CAP: simulation-only -> max Q-medium
REC_1134,A Decision-Making Framework for Autonomous Aerial Vehicles in Responding to GPS Loss,Prell R.; Rubio R.; Joseph S.; Negash N.; Sun L.,2026,,10.2514/6.2026-1992,Scopus,UAV,outdoor,camera|IMU|GPS_denied_confirmed|wheel_encoder,VIO,other,RMSE,,,custom,real_world,"This paper proposes a unified, modular framework that couples resilient multimodal localization, such as visual–inertial odometry and simultaneous localization and mapping, with an energy-aware trajec",mapping,false,Peripheral,Abstract-only extraction. QA capped accordingly.,,false,1,0,0,0,1,Q-low,A+2: real-world experiments; CAP: abstract-only -1 rigor (cannot verify from abstract alone)
REC_1135,UAV Localization in Low-Altitude GNSS-Denied Environments Based on POI and Store Signage Text Matching in UAV Images,Liu Y.; Bai J.; Wang G.; Wu X.; Sun F.; Guo Z.; Geng H.,2023,,10.3390/drones7070451,Scopus,UAV,indoor,camera|IMU|GPS_denied_confirmed,other,loosely_coupled,RMSE,13.0,m,custom,real_world,"To avoid this situation, this paper proposes an autonomous UAV localization method for low-altitude urban scenarios based on POI and store signage text matching (LPS) in UAV images",navigation,false,Important,Abstract-only extraction. QA capped accordingly.,,false,1,3,1,0,5,Q-medium,A+2: real-world experiments; B+1: quantitative error metric reported; B+1: trajectory scale reported; B+1: ablation/failure analysis; C+1: established baseline compared; CAP: abstract-only -1 rigor (cannot verify from abstract alone)
REC_1137,"Integrated guidance, navigation, and control system for a UAV in a GPS denied environment",Hong J.-H.; Ryoo C.-K.; Shin H.-S.; Tsourdos A.,2018,,10.5220/0006908204400447,Scopus,UAV,simulation,camera|GPS_denied_confirmed,other,loosely_coupled,RMSE,,,custom,simulation,"This paper proposes an integrated guidance, navigation, and control system for operations of a UAV in GPS denied environments",navigation,false,Peripheral,Abstract-only extraction. QA capped accordingly.,,false,0,0,0,0,0,Q-low,CAP: simulation-only -> max Q-medium
REC_1139,Vision-controlled micro flying robots: From system design to autonomous navigation and mapping in GPS-denied environments,Scaramuzza D.; Achtelik M.C.; Doitsidis L.; Friedrich F.; Kosmatopoulos E.; Martinelli A.; Achtelik M.W.; Chli M.; Chatzichristofis S.; Kneip L.; Gurdan D.; Heng L.; Lee G.H.; Lynen S.; Pollefeys M.; Renzaglia A.; Siegwart R.; Stumpf J.C.; Tanskanen P.; Troiani C.; Weiss S.; Meier L.,2014,,10.1109/MRA.2014.2322295,Scopus,UAV,mixed,camera|IMU|GPS_denied_confirmed,other,loosely_coupled,RMSE,,,custom,real_world,"If they are further realized in small scale, they can also be used in narrow outdoor and indoor environments and represent only a limited risk for people",search_rescue,false,Peripheral,Abstract-only extraction. QA capped accordingly.,,false,1,0,0,0,1,Q-low,A+2: real-world experiments; CAP: abstract-only -1 rigor (cannot verify from abstract alone)
REC_1140,UAV navigation in large-scale GPS-denied bridge environments using fiducial marker-corrected stereo visual-inertial localisation,Wang F.; Zou Y.; Zhang C.; Buzzatto J.; Liarokapis M.; del Rey Castillo E.; Lim J.B.P.,2023,,10.1016/j.autcon.2023.105139,Scopus,UAV,outdoor,camera|IMU|GPS_denied_confirmed|wheel_encoder,VIO_SLAM,other,RMSE,0.416,m,custom,simulation,"The use of Unmanned Aerial Vehicles (UAVs) for bridge inspection has gained popularity recently; however, accurately localising the UAV in GPS-denied areas is still challenging, which hinders the deve",inspection,false,Peripheral,Abstract-only extraction. QA capped accordingly.,,false,0,1,0,0,1,Q-low,B+1: quantitative error metric reported; CAP: simulation-only -> max Q-medium
REC_1142,Dual Quaternion-Based Unscented Kalman Filter with Visual Inertial Odometry for navigation in GPS-denied environments,Khalifa M.; Hashim H.A.,2026,,10.1016/j.measurement.2026.121964,Scopus,UAV,simulation,camera|IMU|GPS_denied_confirmed|wheel_encoder,VIO,other,RMSE,0.2584,m,EuRoC,real_world,This paper presents a Dual Quaternion-Based Unscented Kalman Filter (DQUKF) equipped with a Visual Inertial Odometry (VIO) algorithm for accurate state estimation enabling navigation in GPS denied loc,navigation,false,Important,Abstract-only extraction. QA capped accordingly.,,false,2,1,1,0,4,Q-medium,A+2: real-world experiments; A+1: repeatability/multiple runs; B+1: quantitative error metric reported; C+1: established baseline compared; CAP: abstract-only -1 rigor (cannot verify from abstract alone)
REC_1143,Multi-Robot Cooperative 3D Frontier Exploration Using Stereo Camera Based Mapping in GPS-Denied Environments,Yadav R.; Subbarao K.,2026,,10.2514/6.2026-0859,Scopus,UAV,outdoor,camera|IMU|GPS_denied_confirmed|wheel_encoder,VIO_SLAM,loosely_coupled,RMSE,,,custom,simulation,This paper proposes a decentralized multi unmanned aerial vehicle (UAV) exploration framework that integrates Real-Time Appearance-Based Visual SLAM (RTAB-Map) with an entropy-filtered frontier detect,mapping,false,Peripheral,Abstract-only extraction. QA capped accordingly.,,false,0,1,0,0,1,Q-low,B+1: ablation/failure analysis; CAP: simulation-only -> max Q-medium
REC_1145,Enhancing Integrated Navigation with a Self-Attention LSTM Hybrid Network for UAVs in GNSS-Denied Environments,Wang Z.; Shen X.; Li J.; Li J.; Wu X.; Yang Y.,2025,,10.3390/drones9040279,Scopus,UAV,outdoor,GPS_denied_confirmed,DNN,deep_learning,RMSE,50.0,%,custom,real_world,This study proposes a hybrid neural network that integrates self-attention mechanisms with long short-term memory (SALSTM) to enhance GNSS-denied navigation performance,navigation,false,Important,Abstract-only extraction. QA capped accordingly.,,false,1,2,1,0,4,Q-medium,A+2: real-world experiments; B+1: trajectory scale reported; B+1: ablation/failure analysis; C+1: established baseline compared; CAP: abstract-only -1 rigor (cannot verify from abstract alone)
REC_1146,Micro-radar and UWB aided UAV navigation in GNSS denied environment,Zahran S.; Mostafa M.M.; Masiero A.; Moussa A.M.; Vettore A.; El-Sheimy N.,2018,,10.5194/isprs-archives-XLII-1-469-2018,Scopus,UAV,outdoor,IMU|GPS_denied_confirmed|UWB|radar,other,loosely_coupled,RMSE,,,custom,simulation,"To be more specific, this paper proposes the combined use of a novel Frequency Modulated Continuous Wave (FMCW) Radar, a set of Ultra-Wideband (UWB) devices, and Inertial Measurement Unit (IMU) measur",navigation,false,Peripheral,Abstract-only extraction. QA capped accordingly.,,false,0,0,0,0,0,Q-low,CAP: simulation-only -> max Q-medium
REC_1147,LiDAR-Based High-Precision Mapping and GNSS-Denied Localiztion for UAV,Tu Z.; Fu H.; Sun Z.,2023,,10.1007/978-981-99-0479-2_275,Scopus,UAV,outdoor,lidar|GPS_denied_confirmed,other,loosely_coupled,RMSE,,,custom,simulation,"The offline mapping is developed by DJI M300 RTK equipped with a lidar, which is the first work of this paper",mapping,false,Peripheral,Abstract-only extraction. QA capped accordingly.,,false,0,0,0,0,0,Q-low,A+1: ground-truth comparison; CAP: simulation-only -> max Q-medium; CAP: abstract-only -1 rigor (cannot verify from abstract alone)
REC_1148,UAV-Based Structural Health Monitoring Using a Two-Stage CNN Model with Lighthouse Localization in GNSS-Denied Environments,Chu T.S.C.; Sorilla J.; Chua A.Y.,2025,,10.28991/HIJ-2025-06-02-03,Scopus,UAV,indoor,GPS_denied_confirmed,DNN,other,RMSE,1.5,m,custom,real_world,This study presents a UAV-based Structural Health Monitoring (SHM) system that combines Lighthouse localization with a two-stage CNN architecture—AlexNet for crack classification and YOLOv4 for segmen,inspection,false,Peripheral,Abstract-only extraction. QA capped accordingly.,,false,1,0,0,0,1,Q-low,A+2: real-world experiments; CAP: abstract-only -1 rigor (cannot verify from abstract alone)
REC_1149,Simultaneous Localization and Mapping using Sensor Fusion for UAV Navigation in GPS-Denied Environments,Ramirez R.; Lin T.; Kryzia D.; Luo Z.; Faraj N.; Espana D.; Thakkar T.; Bhandari S.; Raheja A.; Chowdhury M.,2026,,10.2514/6.2026-0855,Scopus,UAV,mixed,camera|IMU|GPS_denied_confirmed,VIO_SLAM,loosely_coupled,RMSE,,,custom,real_world,This paper presents the development and system integration of a UAV framework designed for indoor navigation and other GPS-denied environments,search_rescue,false,Peripheral,Abstract-only extraction. QA capped accordingly.,,false,1,0,0,0,1,Q-low,A+2: real-world experiments; CAP: abstract-only -1 rigor (cannot verify from abstract alone)
REC_1150,NaviLoc: Trajectory-Level Visual Localization for GNSS-Denied UAV Navigation,Shpagin P.; Panchenko T.,2026,,10.3390/drones10020097,Scopus,UAV,outdoor,camera|IMU|GPS_denied_confirmed|wheel_encoder,VIO,deep_learning,drift_pct,150.0,m,custom,real_world,"We introduce NaviLoc, a training-free three-stage trajectory-level estimator that treats VPR as a noisy measurement source and exploits Visual-Inertial Odometry (VIO) as a relative-motion prior",navigation,false,Peripheral,Abstract-only extraction. QA capped accordingly.,,false,1,1,1,0,3,Q-low,A+2: real-world experiments; B+1: quantitative error metric reported; C+1: established baseline compared; CAP: abstract-only -1 rigor (cannot verify from abstract alone)
REC_1151,A Heterogeneous Multirobot System for Autonomous Object Retrieval in Challenging GNSS-Denied Maritime Environment,Chen Q.; Irfan M.; Yu Q.; Sun J.; Din M.U.; Lin D.; Dong Y.; He S.; Hussain I.,2025,,10.1002/rob.70011,Scopus,UAV,outdoor,GPS_denied_confirmed,other,other,RMSE,,,custom,real_world,"To address these challenges, this article proposes an autonomous heterogeneous multirobot system comprising two commercial Unmanned Aerial Vehicles (UAVs) and a six-degrees-of-freedom robot arm mounte",navigation,false,Peripheral,Abstract-only extraction. QA capped accordingly.,,false,1,1,0,0,2,Q-low,A+2: real-world experiments; B+1: ablation/failure analysis; CAP: abstract-only -1 rigor (cannot verify from abstract alone)
REC_1153,UAV Sensor Data Fusion for Localization Using Adaptive Multiscale Feature Matching Mechanisms Under GPS-Deprived Environment,Wang Y.-S.; Chang C.-H.,2025,,10.3390/aerospace12121048,Scopus,UAV,mixed,camera|IMU|GPS_denied_confirmed|wheel_encoder,VIO,loosely_coupled,drift_pct,,,custom,simulation,"In addition, countries are actively developing GPS jamming and deception technologies for military applications, making precise positioning and navigation of unmanned vehicles in GPS-denied or constra",military,false,Peripheral,Abstract-only extraction. QA capped accordingly.,,false,0,2,1,0,3,Q-low,B+1: trajectory scale reported; B+1: ablation/failure analysis; C+1: established baseline compared; CAP: simulation-only -> max Q-medium
REC_1155,Relative Navigation of UAV Swarm in a GPS Denied Environment1,Belfadel D.; Haessig D.; Chibane C.,2023,,10.1117/12.2664917,Scopus,UAV,simulation,IMU|GPS_denied_confirmed,EKF,other,RMSE,,,custom,simulation,"To achieve this goal, this paper proposes a relative navigation system using an Extended Kalman Filter (EKF) fusing observations from the on-board Inertial Measurement Unit (IMU) with ranging measurem",navigation,false,Peripheral,Abstract-only extraction. QA capped accordingly.,,false,0,0,1,0,1,Q-low,C+1: established baseline compared; CAP: simulation-only -> max Q-medium
REC_1156,Georeferenced UAV Localization in Mountainous Terrain Under GNSS-Denied Conditions,Lee I.; Sung C.-K.; Lee H.; Nam S.; Oh J.; Lee K.; Park C.,2025,,10.3390/drones9100709,Scopus,UAV,outdoor,camera|IMU|GPS_denied_confirmed|barometer,EKF,loosely_coupled,RMSE,,,custom,real_world,This paper proposes a georeferenced localization framework that integrates orthorectified aerial imagery with Scene Matching (SM) to achieve robust positioning,navigation,false,Peripheral,Abstract-only extraction. QA capped accordingly.,,false,1,1,1,0,3,Q-low,A+2: real-world experiments; B+1: trajectory scale reported; C+1: established baseline compared; CAP: abstract-only -1 rigor (cannot verify from abstract alone)
REC_1157,Vision-based heading estimation for navigation of a micro-aerial vehicle in GNSS-denied staircase environment using vanishing point,Anbarasu B.,2024,,10.1007/s42401-024-00282-5,Scopus,UAV,indoor,camera|GPS_denied_confirmed,other,loosely_coupled,RMSE,,,custom,simulation,Micro-aerial vehicles (MAVs) find it extremely difficult to navigate in GNSS-denied indoor staircase environments with obstructed Global navigation satellite system (GNSS) signals. To avoid hitting bo,navigation,false,Peripheral,Abstract-only extraction. QA capped accordingly.,,false,0,1,1,0,2,Q-low,B+1: trajectory scale reported; C+1: established baseline compared; CAP: simulation-only -> max Q-medium
REC_1159,GPS-Denied Navigation Aided by Synthetic Aperture Radar Using the Range-Doppler Algorithm,Lindstrom C.; Christensen R.; Gunther J.; Jenkins S.,2022,,10.33012/navi.533,Scopus,UAV,simulation,camera|IMU|GPS_denied_confirmed|radar,other,other,RMSE,,,custom,simulation,The research presented here develops a GPS-denied navigation scheme for light aircraft employing images formed from a synthetic aperture radar system,navigation,false,Peripheral,Abstract-only extraction. QA capped accordingly.,,false,0,0,0,0,0,Q-low,CAP: simulation-only -> max Q-medium
REC_1160,Towards Large-Scale Relative Localization in Multi-Robot Systems with Dynamic UWB Role Allocation,Moron P.T.; Queralta J.P.; Westerlund T.,2022,,10.1109/ICRAE56463.2022.10054614,Scopus,UAV,outdoor,GPS_denied_confirmed|UWB,other,other,RMSE,,,custom,simulation,This paper proposes a novel approach to relative localization in multi-robot systems where the roles of the UWB nodes are dynamically allocated between active nodes (using time-of-flight for ranging e,navigation,false,Peripheral,Abstract-only extraction. QA capped accordingly.,,false,0,0,0,0,0,Q-low,CAP: simulation-only -> max Q-medium
REC_1163,A comparative study of TERCOM-EKF and ViSensorRF for UAV localization in GNSS-denied environments,Jarraya I.; Gabr K.; Abdelkader M.; Alahmed F.; Bilal Kadri M.; Boulila W.,2026,,10.1016/j.rineng.2025.108279,Scopus,UAV,simulation,lidar|camera|IMU|GPS_denied_confirmed|barometer,DNN,loosely_coupled,RMSE,5.0,m,custom,simulation,"Various localization strategies have been developed using visual and/or non-visual sensors such as LiDAR, barometers, Inertial Measurement Units (IMU), and cameras, with recent advances in machine lea",search_rescue,false,Peripheral,Abstract-only extraction. QA capped accordingly.,,false,0,1,1,0,2,Q-low,B+1: quantitative error metric reported; C+1: established baseline compared; CAP: simulation-only -> max Q-medium
REC_1164,Lightweight and accurate infrared rangefinder-fused LiDAR-inertial localization for UAV-based bridge inspection in GPS-denied environments,Kong A.; Wang Y.; Zhao J.,2026,,10.1016/j.measurement.2025.118983,Scopus,UAV,outdoor,lidar|IMU|GPS_denied_confirmed|wheel_encoder,LiDAR_SLAM,loosely_coupled,drift_pct,0.17,m,custom,real_world,"To address this challenge, this paper presents a lightweight and accurate infrared rangefinder-fused LiDAR-inertial localization (IRF-LIL) system designed for GPS-denied environments",inspection,false,Peripheral,Abstract-only extraction. QA capped accordingly.,,false,1,1,0,0,2,Q-low,A+2: real-world experiments; B+1: quantitative error metric reported; CAP: abstract-only -1 rigor (cannot verify from abstract alone)
REC_1165,UAV Localization in GPS-Denied Environments: A Review,Wu Y.; Liu D.; Ma J.; He X.,2026,,10.1109/TSMC.2026.3708505,Scopus,UAV,indoor,GPS_denied_confirmed,other,other,RMSE,,,custom,real_world,"With the increasingly wide application of unmanned aerial vehicles (UAVs) in various scenarios, accurate UAV localization in indoor and urban environments has been a critical issue to address. However",navigation,false,Peripheral,Abstract-only extraction. QA capped accordingly.,,false,1,1,0,0,2,Q-low,A+2: real-world experiments; B+1: ablation/failure analysis; CAP: abstract-only -1 rigor (cannot verify from abstract alone)
REC_1167,APF-Driven Lightweight UAV Swarm Trajectory Optimization in GNSS-Denied Air–Terrestrial Navigation,Guo R.; Yuan H.; Chen X.; Li W.,2026,,10.3390/electronics15061207,Scopus,UAV,simulation,GPS_denied_confirmed,other,deep_learning,RMSE,76.1,%,custom,simulation,"To enable autonomous route planning for UAV swarms in dynamic air–terrestrial cooperative navigation scenarios within GNSS-denied environments, this paper proposes a lightweight framework based on the",navigation,false,Peripheral,Abstract-only extraction. QA capped accordingly.,,false,0,0,1,0,1,Q-low,C+1: established baseline compared; CAP: simulation-only -> max Q-medium
REC_1168,Self-localization of tethered drones without a cable force sensor in GPS-denied environments,Al-Radaideh A.; Sun L.,2021,,10.3390/drones5040135,Scopus,UAV,mixed,IMU|GPS_denied_confirmed|barometer,EKF,other,RMSE,,,custom,simulation,"The proposed approach uses the data reported by the onboard electric motors (i.e., the pulse width modulation (PWM) signals), accelerometers, gyroscopes, and altimeter, embedded in the commercial-of-t",navigation,false,Peripheral,Abstract-only extraction. QA capped accordingly.,,false,0,1,1,0,2,Q-low,B+1: ablation/failure analysis; C+1: established baseline compared; CAP: simulation-only -> max Q-medium
REC_1171,"LiDAR-Based Multi-Modal UAV Navigation Dataset for Robust Benchmarking in Complex-Structured, GNSS-Denied Industrial Environments",Qiu Z.; Lin D.; Liu B.; Han H.; Guo W.; Liang J.; Chen Z.; Yan Z.; Wang H.; Yang X.; Liu Z.; Zhao L.,2026,,10.3390/drones10080611,Scopus,UAV,outdoor,lidar|camera|IMU|GPS_denied_confirmed|wheel_encoder,other,loosely_coupled,RMSE,,,custom,real_world,"To address the problem of lacking effective evaluation benchmarks for UAV navigation algorithms in complex-structured, GNSS-denied industrial environments (e.g., fully enclosed stockyards), this paper",navigation,false,Peripheral,Abstract-only extraction. QA capped accordingly.,,false,2,0,0,1,3,Q-low,A+2: real-world experiments; A+1: ground-truth comparison; D+1: code/data released; CAP: abstract-only -1 rigor (cannot verify from abstract alone)
REC_1172,LiDAR Inertial Mapping of Non-Manhattan Topologies for UAV-Based Aircraft Inspection in GNSS-Denied Environments,Pugliese R.; Abel D.,2022,,10.1016/j.ifacol.2023.01.132,Scopus,UAV,outdoor,lidar|camera|IMU|GPS_denied_confirmed|wheel_encoder,DNN,deep_learning,RMSE,,,custom,real_world,In this paper we propose and evaluate a high resolution intensity yielding adaption of a 3D mapping approach for airplane inspection by autonomous unmanned aerial vehicles,inspection,false,Peripheral,Abstract-only extraction. QA capped accordingly.,,false,1,1,0,0,2,Q-low,A+2: real-world experiments; B+1: ablation/failure analysis; CAP: abstract-only -1 rigor (cannot verify from abstract alone)
REC_1174,TerraSLAM: Towards GPS-Denied Localization,Xu J.; Bala M.; Eiszler T.; Chen X.; Dong Q.; Chanana A.; Pillai P.; Satyanarayanan M.,2025,,10.1145/3711875.3729144,Scopus,UAV,outdoor,camera|GPS_denied_confirmed,VIO_SLAM,loosely_coupled,RMSE,0.21,m,custom,simulation,"A long-standing concern with GPS-based location sensing is its vulnerability to satellite signal loss. This may arise from adversarial attacks or natural causes such as urban canyons. Today, there are",navigation,false,Peripheral,Abstract-only extraction. QA capped accordingly.,,false,0,1,1,1,3,Q-low,A+1: ground-truth comparison; B+1: quantitative error metric reported; C+1: established baseline compared; D+1: code/data released; CAP: simulation-only -> max Q-medium; CAP: abstract-only -1 rigor (cannot verify from abstract alone)
REC_1175,Deep Learning for Autonomous UAV Navigation: Multi-Modal Visual-Inertial Pose Estimation in GPS-Denied Environments,Izadbakhsh S.; Khademi M.,2026,,10.5194/isprs-annals-X-4-W8-2025-389-2026,Scopus,UAV,indoor,camera|IMU|GPS_denied_confirmed,DNN,deep_learning,RMSE,0.089,m,TUM,real_world,"This paper presents DeepVIONet, a novel deep learning framework for autonomous UAV navigation in GPS-denied environments using multi-modal visual-inertial pose estimation",navigation,false,Peripheral,Abstract-only extraction. QA capped accordingly.,,false,1,1,1,0,3,Q-low,A+2: real-world experiments; B+1: quantitative error metric reported; C+1: established baseline compared; CAP: abstract-only -1 rigor (cannot verify from abstract alone)
REC_1178,Aerial-Ground Robots Collaborative 3D Mapping in GNSS-Denied Environments,Yue Y.; Zhao C.; Wang Y.; Yang Y.; Wang D.,2022,,10.1109/ICRA46639.2022.9812319,Scopus,UAV,outdoor,GPS_denied_confirmed,other,loosely_coupled,RMSE,,,custom,simulation,"In this paper, a novel collaborative UAV-UGV mapping framework is proposed in GNSS-denied and unknown environments",search_rescue,false,Peripheral,Abstract-only extraction. QA capped accordingly.,,false,0,0,0,0,0,Q-low,CAP: simulation-only -> max Q-medium
REC_1181,Positioning System for UAV Precision Tasks Near Walls in GPS Denied and Metallic Environments,Orjales F.; Losada-Pita J.; Paz-Lopez A.; Deibe A.,2020,,10.1007/978-3-030-36150-1_26,Scopus,UAV,outdoor,GPS_denied_confirmed|UWB,LiDAR_SLAM,other,RMSE,,,custom,simulation,A positioning system based on the combination of various measurements is being developed in order to allow precise UAV navigation on GPS denied environments,navigation,false,Peripheral,Abstract-only extraction. QA capped accordingly.,,false,0,0,0,0,0,Q-low,CAP: simulation-only -> max Q-medium
REC_1183,Co-Operatively Increasing Smoothing and Mapping Based on Switching Function,Wang R.; Deng Z.,2024,,10.3390/app14041543,Scopus,UAV,simulation,camera|GPS_denied_confirmed,other,other,drift_pct,,,custom,simulation,"In this paper, we proposed a method that utilizes a distributed scheme based on an incremental smoothing and mapping (iSAM) algorithm for state estimation",mapping,false,Peripheral,Abstract-only extraction. QA capped accordingly.,,false,0,0,0,0,0,Q-low,CAP: simulation-only -> max Q-medium
REC_1184,GNSS-denied UAV localization with satellite and aerial image matching,Lin H.-Y.; Chen L.-Y.,2025,,10.1016/j.rineng.2025.108132,Scopus,UAV,outdoor,camera|GPS_denied_confirmed,other,deep_learning,RMSE,100.0,m,custom,real_world,Current developments are mostly based on GNSS/GPS signals for outdoor navigation,navigation,false,Important,Abstract-only extraction. QA capped accordingly.,,false,1,2,0,1,4,Q-medium,A+2: real-world experiments; B+1: quantitative error metric reported; B+1: trajectory scale reported; D+1: code/data released; CAP: abstract-only -1 rigor (cannot verify from abstract alone)
REC_1185,UAV swarm distributed cooperative localization in GNSS-denied environments: an ICMC and ACPM Fusion approach,Yue W.; Wang Y.; Zhang X.; Wang L.; Liu Z.; Li L.; Zhu L.,2026,,10.1016/j.adhoc.2026.104363,Scopus,UAV,simulation,GPS_denied_confirmed,other,loosely_coupled,RMSE,,,custom,simulation,"With the widespread use of Unmanned Aerial Vehicles (UAVs) in urban environments, achieving high-precision localization, particularly in Global Navigation Satellite System (GNSS)-denied environments, ",navigation,false,Peripheral,Abstract-only extraction. QA capped accordingly.,,false,0,0,1,0,1,Q-low,C+1: established baseline compared; CAP: simulation-only -> max Q-medium
REC_1186,Landmarks based path planning for UAVs in GPS-denied areas,Singh S.; Sujit P.B.,2016,,10.1016/j.ifacol.2016.03.086,Scopus,UAV,indoor,GPS_denied_confirmed,other,other,RMSE,,,custom,simulation,"In this paper, we propose a UAV path planner travelling from a given source to goal location in GPS-denied areas",navigation,false,Peripheral,Abstract-only extraction. QA capped accordingly.,,false,0,0,0,0,0,Q-low,A+1: repeatability/multiple runs; CAP: simulation-only -> max Q-medium; CAP: abstract-only -1 rigor (cannot verify from abstract alone)
REC_1187,Group coordination and path replan tactics in GPS denied environments,Suresh M.; Ghose D.,2016,,10.1109/ICUAS.2016.7502646,Scopus,UAV,simulation,IMU|GPS_denied_confirmed|WiFi,other,other,RMSE,,,custom,simulation,"Though present day UAVs are equipped with GPS, the UAVs have to rely only on navigation information obtained from inertial navigation system while operating in GPS denied environments",navigation,false,Peripheral,Abstract-only extraction. QA capped accordingly.,,false,0,0,0,0,0,Q-low,CAP: simulation-only -> max Q-medium
REC_1188,GPS-Denied State Estimation for Blue/NDAA Unmanned Multi-Rotor Vehicles,Phillips G.; Bradley J.; Ganesh P.,2023,,10.2514/6.2023-2666,Scopus,UAV,outdoor,GPS_denied_confirmed,other,other,RMSE,,,custom,real_world,The Autonomous Vehicle Laboratory’s (AVL) REEF Estimator was designed to expedite the development of a group’s GPS-denied flight capabilities through its simple and modular design,navigation,false,Peripheral,Abstract-only extraction. QA capped accordingly.,,false,1,0,0,0,1,Q-low,A+2: real-world experiments; CAP: abstract-only -1 rigor (cannot verify from abstract alone)
REC_1189,"Leonardo Drone Contest Autonomous Drone Competition: Overview, Results, and Lessons Learned from Politecnico di Milano Team",Roggi G.; Meraglia S.; Lovera M.,2023,,10.1007/s10846-023-01855-w,Scopus,UAV,mixed,IMU,other,other,RMSE,,,custom,simulation,"In this paper, the Politecnico di Milano solutions proposed for the Leonardo Drone Contest (LDC) are presented",navigation,false,Peripheral,Abstract-only extraction. QA capped accordingly.,,false,0,0,0,0,0,Q-low,CAP: simulation-only -> max Q-medium
REC_1190,Reduction of GNSS-Denied inertial navigation errors for fixed wing autonomous unmanned air vehicles,Gallo E.; Barrientos A.,2022,,10.1016/j.ast.2021.107237,Scopus,UAV,simulation,camera|IMU|GPS_denied_confirmed|magnetometer|wheel_encoder,particle_filter,loosely_coupled,drift_pct,,,custom,simulation,This article proposes an inertial navigation algorithm intended to lower the negative consequences of the absence of GNSS (Global Navigation Satellite System) signals on the navigation of autonomous f,navigation,false,Peripheral,Abstract-only extraction. QA capped accordingly.,,false,0,0,0,1,1,Q-low,D+1: code/data released; CAP: simulation-only -> max Q-medium
REC_1191,Computationally Light Spectrally Normalized Memory Neuron Network based Estimator for GPS-denied operation of Micro-UAV,Rao N.; Sundaram S.; Raghavendra V.,2023,,10.1109/CoDIT58514.2023.10284327,Scopus,UAV,outdoor,IMU|GPS_denied_confirmed|barometer|magnetometer|wheel_encoder,DNN,deep_learning,RMSE,,,custom,simulation,A learning-based approach is proposed that takes in the rotor RPMs and past state as input and predicts the one-step-ahead position of the UAV using a novel spectral-normalized memory neural network (,navigation,false,Peripheral,Abstract-only extraction. QA capped accordingly.,,false,0,0,1,0,1,Q-low,A+1: ground-truth comparison; C+1: established baseline compared; CAP: simulation-only -> max Q-medium; CAP: abstract-only -1 rigor (cannot verify from abstract alone)
REC_1192,Indoor UAV Localization Using a Tether,Xiao X.; Fan Y.; Dufek J.; Murphy R.,2018,,10.1109/SSRR.2018.8468627,Scopus,UAV,indoor,camera|IMU|GPS_denied_confirmed|wheel_encoder,VIO_SLAM,loosely_coupled,RMSE,31.12,%,custom,real_world,This paper presents an approach to localize a UAV in indoor environments using only a quasi-taut tether,search_rescue,false,Peripheral,Abstract-only extraction. QA capped accordingly.,,false,1,0,0,0,1,Q-low,A+2: real-world experiments; CAP: abstract-only -1 rigor (cannot verify from abstract alone)
REC_1194,A Unmanned Aerial Vehicle (UAV)/Unmanned Ground Vehicle (UGV) Dynamic Autonomous Docking Scheme in GPS-Denied Environments,Cheng C.; Li X.; Xie L.; Li L.,2023,,10.3390/drones7100613,Scopus,UAV,outdoor,camera|GPS_denied_confirmed|UWB,EKF,loosely_coupled,RMSE,,,custom,simulation,"In the approaching phase, an effective multi-innovation forgetting gradient (MIFG) algorithm is proposed to estimate the position of the UAV relative to the target using historical data (estimated dis",navigation,false,Peripheral,Abstract-only extraction. QA capped accordingly.,,false,0,1,1,0,2,Q-low,B+1: trajectory scale reported; C+1: established baseline compared; CAP: simulation-only -> max Q-medium
REC_1196,Precision Landing of a Quadcopter Drone by Smartphone Video Guidance Sensor in a GPS-Denied Environment,Bautista N.; Gutierrez H.; Inness J.; Rakoczy J.,2023,,10.3390/s23041934,Scopus,UAV,indoor,camera|IMU|GPS_denied_confirmed|wheel_encoder,VIO,other,RMSE,,,custom,simulation,"This paper describes the deployment, integration, and demonstration of a Smartphone Video Guidance Sensor (SVGS) as a novel technology for autonomous 6-DOF proximity maneuvers and precision landing of",navigation,false,Peripheral,Abstract-only extraction. QA capped accordingly.,,false,0,0,1,0,1,Q-low,C+1: established baseline compared; CAP: simulation-only -> max Q-medium
REC_1197,Autonomous Systems: Indoor Drone Navigation,Ashwin I.; Rajagopal M.; Naren M.; Narayan V.S.; Murugan B.,2024,,10.1063/5.0226678,Scopus,UAV,mixed,GPS_denied_confirmed,VIO_SLAM,other,RMSE,,,custom,simulation,"In this research work, we present an advanced autonomous indoor navigation system for drones, leveraging the Nav2 navigation system framework and SLAM Toolbox in ROS (Robot Operating System) within th",inspection,false,Peripheral,Abstract-only extraction. QA capped accordingly.,,false,0,0,0,0,0,Q-low,CAP: simulation-only -> max Q-medium
REC_1198,A general purpose configurable controller for indoors and outdoors GPS-denied navigation for multirotor Unmanned Aerial Vehicles,Pestana J.; Mellado-Bataller I.; Sanchez-Lopez J.L.; Fu C.; Mondragón I.F.; Campoy P.,2014,,10.1007/s10846-013-9953-0,Scopus,UAV,outdoor,camera|GPS_denied_confirmed|wheel_encoder,other,other,RMSE,9.0,m,custom,simulation,"More precisely, we present a controller architecture that allows to specify a speed specified flight envelope where the quality of the odometry measurements is guaranteed",navigation,false,Peripheral,Abstract-only extraction. QA capped accordingly.,,false,0,1,0,1,2,Q-low,B+1: quantitative error metric reported; D+1: code/data released; CAP: simulation-only -> max Q-medium
REC_1200,RF-Drone: Multi-tag system for RF-ID enables drone tracking in GPS-denied environments,Lu X.; Chen Z.; Wang L.; Li R.; Zhai C.,2019,,10.1587/transcom.2018DRP0005,Scopus,UAV,outdoor,IMU|GPS_denied_confirmed,other,loosely_coupled,drift_pct,,,custom,simulation,"In order to provide good localization and tracking performance for drones in GPS-denied scenarios, this paper proposes a multi-tag radio frequency identification (RFID) system that is easy to equip an",navigation,false,Peripheral,Abstract-only extraction. QA capped accordingly.,,false,0,0,1,0,1,Q-low,C+1: established baseline compared; CAP: simulation-only -> max Q-medium
REC_1201,A Vision-Based Technique for Unmanned Aerial Vehicles Localization,Chen L.-Y.; Lin H.-Y.; Munir S.,2025,,10.1109/ISPACS68724.2025.11382908,Scopus,UAV,outdoor,camera|GPS_denied_confirmed,other,deep_learning,RMSE,100.0,m,custom,real_world,This paper proposes a novel UAV localization framework based on aerial-satellite image matching to enable navigation without GNSS signals,navigation,false,Important,Abstract-only extraction. QA capped accordingly.,,false,1,3,0,0,4,Q-medium,A+2: real-world experiments; B+1: quantitative error metric reported; B+1: trajectory scale reported; B+1: ablation/failure analysis; CAP: abstract-only -1 rigor (cannot verify from abstract alone)
REC_1204,Derivative-Enhanced Fusion Approach of Camera-IMU-UWB for GNSS-Denied UAV Navigation,Jiang H.; Gu F.; He Y.; Bao Y.,2025,,10.1007/978-981-96-3552-8_36,Scopus,UAV,simulation,camera|IMU|GPS_denied_confirmed|UWB|wheel_encoder,VIO,tightly_coupled,drift_pct,14.7,%,EuRoC,real_world,"However, drift due to sensor noise and cumulative errors presents a significant challenge, especially in environments with sparse features or long trajectories",navigation,false,Peripheral,Abstract-only extraction. QA capped accordingly.,,false,1,1,1,0,3,Q-low,A+2: real-world experiments; B+1: trajectory scale reported; C+1: established baseline compared; CAP: abstract-only -1 rigor (cannot verify from abstract alone)
REC_1207,GPS-denied indoor and outdoor monocular vision aided navigation and control of unmanned aircraft,Chowdhary G.; Johnson E.N.; Magree D.; Wu A.; Shein A.,2013,,10.1002/rob.21454,Scopus,UAV,mixed,camera|IMU|GPS_denied_confirmed,other,other,drift_pct,,,custom,real_world,Most proposed Vision aided Inertial Navigation Systems (V-INSs) have been too computationally intensive or do not have sufficient integrity for closed-loop flight,navigation,false,Peripheral,Abstract-only extraction. QA capped accordingly.,,false,1,1,0,0,2,Q-low,A+2: real-world experiments; B+1: ablation/failure analysis; CAP: abstract-only -1 rigor (cannot verify from abstract alone)
REC_1208,Energy-Aware Adaptive Communication Topology with Edge-AI Navigation for UAV Swarms in GNSS-Denied Environments,Tulembayev A.; Dolya A.; Kuttybayeva A.; Jussupbekov T.; Tazhen K.,2026,,10.3390/drones10040273,Scopus,UAV,mixed,GPS_denied_confirmed,DNN,tightly_coupled,RMSE,22.7,%,custom,real_world,This study proposes an energy-aware adaptive communication-topology framework integrated with lightweight edge artificial intelligence (AI)-assisted navigation for decentralized UAV swarms operating w,navigation,false,Peripheral,Abstract-only extraction. QA capped accordingly.,,false,1,1,1,0,3,Q-low,A+2: real-world experiments; B+1: ablation/failure analysis; C+1: established baseline compared; CAP: abstract-only -1 rigor (cannot verify from abstract alone)
REC_1209,Immunity-based framework for autonomous flight in GNSS-denied environment,Alnuaimi M.; Perhinschi M.G.; Al-Sinbol G.,2019,,10.15866/irease.v12i6.16215,Scopus,UAV,simulation,GPS_denied_confirmed,other,other,RMSE,,,custom,simulation,A framework based on the artificial immune system (AIS) paradigm is proposed in this paper for correcting position and velocity estimations for autonomous flight vehicles in environments where global ,navigation,false,Peripheral,Abstract-only extraction. QA capped accordingly.,,false,0,0,0,0,0,Q-low,CAP: simulation-only -> max Q-medium
REC_1210,"Experiments in Fast, Autonomous, GPS-Denied Quadrotor Flight",Mohta K.; Sun K.; Liu S.; Watterson M.; Pfrommer B.; Svacha J.; Mulgaonkar Y.; Taylor C.J.; Kumar V.,2018,,10.1109/ICRA.2018.8463214,Scopus,UAV,mixed,GPS_denied_confirmed,other,other,RMSE,18.0,m,custom,simulation,High speed navigation through unknown environments is a challenging problem in robotics. It requires fast computation and tight integration of all the subsystems on the robot such that the latency in,navigation,false,Peripheral,Abstract-only extraction. QA capped accordingly.,,false,0,2,0,0,2,Q-low,B+1: quantitative error metric reported; B+1: ablation/failure analysis; CAP: simulation-only -> max Q-medium
REC_1211,Onboard Modular Control and Planning for Autonomous Indoor UAV Navigation on Resource-Constrained CPUs,Junaedy A.; Masuta H.; Fuse Y.; Sawai K.; Koyanagi K.; Almassri A.; Li F.,2025,,10.20965/jrm.2025.p1519,Scopus,UAV,indoor,GPS_denied_confirmed,other,other,RMSE,,,custom,simulation,"This paper presents a fully onboard control and planning system for indoor quadrotor navigation, leveraging modular control and lightweight motion planning",inspection,false,Peripheral,Abstract-only extraction. QA capped accordingly.,,false,0,1,0,0,1,Q-low,B+1: ablation/failure analysis; CAP: simulation-only -> max Q-medium
REC_1212,Autonomous drone hunter operating by deep learning and all-onboard computations in GPS-denied environments,Wyder P.M.; Chen Y.-S.; Lasrado A.J.; Pelles R.J.; Kwiatkowski R.; Comas E.O.A.; Kennedy R.; Mangla A.; Huang Z.; Hu X.; Xiong Z.; Aharoni T.; Chuang T.-C.; Lipson H.,2019,,10.1371/journal.pone.0225092,Scopus,UAV,outdoor,camera|GPS_denied_confirmed,DNN,deep_learning,RMSE,1.5,m,custom,real_world,"This paper proposes a UAV platform that autonomously detects, hunts, and takes down other small UAVs in GPS-denied environments",navigation,false,Peripheral,Abstract-only extraction. QA capped accordingly.,,false,1,1,0,0,2,Q-low,A+2: real-world experiments; B+1: quantitative error metric reported; CAP: abstract-only -1 rigor (cannot verify from abstract alone)
REC_1213,Laser-aided navigation with loop closure capabilities for Micro Aerial Vehicles in indoor and urban environments,Crocoll P.; Caselitz T.; Hettich B.; Langer M.; Trommer G.F.,2014,,10.1109/PLANS.2014.6851395,Scopus,UAV,mixed,GPS_denied_confirmed,EKF,other,RMSE,,,custom,real_world,This paper presents a laser-aided navigation system for Micro Aerial Vehicles,navigation,false,Peripheral,Abstract-only extraction. QA capped accordingly.,,false,2,0,0,0,2,Q-low,A+2: real-world experiments; A+1: repeatability/multiple runs; CAP: abstract-only -1 rigor (cannot verify from abstract alone)
REC_1214,Vectorizing earth elevation for image-based UAV localization in GNSS-denied environments,Ahmedelbadawi H.; Żugaj M.; González-Moreno M.T.; Moreno Cuenca L.,2025,,10.1117/12.3069590,Scopus,UAV,outdoor,camera|GPS_denied_confirmed,DNN,deep_learning,drift_pct,30.0,%,custom,real_world,"This paper presents a vision-based framework for unmanned aerial vehicle (UAV) localization in GNSS-denied environments, integrating multi-modal terrain data with stereo vision to achieve robust and a",navigation,false,Peripheral,Abstract-only extraction. QA capped accordingly.,,false,1,1,1,0,3,Q-low,A+2: real-world experiments; B+1: ablation/failure analysis; C+1: established baseline compared; CAP: abstract-only -1 rigor (cannot verify from abstract alone)
REC_1216,A Two-Stage Residual Extended Kalman Filter using Extreme Gradient Boosting and Kolmogorov–Arnold Networks for terrain-aided Unmanned Aerial Vehicle Localization in Global Navigation Satellite System-denied environments,Abdelkader M.; Jarraya I.; Gabr K.; Al-Batati A.S.; AlMusalami A.; Alahmed F.; Boulila W.,2026,,10.1016/j.engappai.2026.114430,Scopus,UAV,simulation,camera|IMU,EKF,loosely_coupled,RMSE,57.4,%,custom,simulation,"We propose the Two-Stage Residual Extended Kalman Filter (TSR-EKF), a hybrid framework that incorporates Machine Learning (ML)-based residual corrections into a probabilistic state estimator",navigation,false,Peripheral,Abstract-only extraction. QA capped accordingly.,,false,0,2,1,0,3,Q-low,B+1: quantitative error metric reported; B+1: ablation/failure analysis; C+1: established baseline compared; CAP: simulation-only -> max Q-medium
REC_1217,Vision based UAS navigation for RFI localization,Perkins A.; Chen Y.-H.; Lo S.; Enge P.,2018,,10.33012/2018.16060,Scopus,UAV,simulation,camera|GPS_denied_confirmed,VIO_SLAM,other,drift_pct,0.7,m,custom,real_world,"An unmanned aerial system (UAS) built on a multirotor platform, known as JAGER, is being developed to solve these two challenges [1]",mapping,false,Important,Abstract-only extraction. QA capped accordingly.,,false,1,2,1,0,4,Q-medium,A+2: real-world experiments; B+1: quantitative error metric reported; B+1: trajectory scale reported; C+1: established baseline compared; CAP: abstract-only -1 rigor (cannot verify from abstract alone)
REC_1218,"A Simultaneous Control, Localization, and Mapping System for UAVs in GPS-Denied Environments",Munguia R.; Grau A.; Bolea Y.; Obregón-Pulido G.,2025,,10.3390/drones9010069,Scopus,UAV,outdoor,camera|GPS_denied_confirmed,VIO_SLAM,other,RMSE,,,custom,real_world,"This paper presents a novel visual-based Simultaneous Control, Localization, and Mapping (SCLAM) system tailored for UAVs operating in GPS-denied environments",search_rescue,false,Peripheral,Abstract-only extraction. QA capped accordingly.,,false,1,0,0,0,1,Q-low,A+2: real-world experiments; CAP: abstract-only -1 rigor (cannot verify from abstract alone)
REC_1219,Depth-Based Safe Landing for Unmanned Aerial Vehicles in GPS-Denied Environment,Cerda M.A.; Flores J.; Salazar S.; González-Hernández I.; Lozano R.,2025,,10.3390/drones9110764,Scopus,UAV,outdoor,camera|GPS_denied_confirmed,other,loosely_coupled,RMSE,,,custom,real_world,This paper presents a safe landing methodology for Unmanned Aerial Vehicles (UAVs) when the GPS-based navigation system fails or is denied or unavailable,navigation,false,Peripheral,Abstract-only extraction. QA capped accordingly.,,false,1,1,0,0,2,Q-low,A+2: real-world experiments; B+1: ablation/failure analysis; CAP: abstract-only -1 rigor (cannot verify from abstract alone)
REC_1220,Absolute velocity estimation of UAVs based on phase correlation and monocular vision in unknown GNSS-denied environments,Deng H.; Li D.; Shen B.; Zhao Z.; Arif U.,2024,,10.1049/ipr2.13167,Scopus,UAV,simulation,camera|IMU|GPS_denied_confirmed|sonar,EKF,other,RMSE,,,custom,real_world,This paper proposes a novel approach for absolute velocity estimation of unmanned aerial vehicles in unknown and unmapped GNSS-denied environments,navigation,false,Peripheral,Abstract-only extraction. QA capped accordingly.,,false,1,0,0,0,1,Q-low,A+2: real-world experiments; CAP: abstract-only -1 rigor (cannot verify from abstract alone)
REC_1222,Autonomous UAV navigation in GPS denied environments using Lidar Point Clouds,Briggs M.M.; Castano L.M.; Morgan E.,2023,,10.2514/6.2023-3626,Scopus,UAV,outdoor,lidar|GPS_denied_confirmed,other,other,RMSE,,,custom,simulation,This work describes an algorithm for GPS denied navigation which uses AI-based pattern matching with Feature-Augmented Terrain Referenced Navigation. sUAS-borne radial-scan LiDAR can be used to genera,navigation,false,Peripheral,Abstract-only extraction. QA capped accordingly.,,false,0,0,0,0,0,Q-low,CAP: simulation-only -> max Q-medium
REC_1223,"uVGS-2: The Micro Video Guidance Sensor: A 6-DoF Robust Pose Estimator for Autonomous Proximity Maneuvers in Drones, Spacecraft and Mobile Robot Navigation",Gutierrez H.; Cornejo J.; Bertaska I.,2026,,10.3390/drones10070535,Scopus,UAV,outdoor,camera|GPS_denied_confirmed,graph_SLAM,loosely_coupled,RMSE,,,custom,simulation,"This paper presents the Micro Video Guidance Sensor Version 2 (uVGS-2), a ROS-based vision navigation framework for real-time six-degrees-of-freedom pose estimation in drones, spacecraft, and autonomo",navigation,false,Peripheral,Abstract-only extraction. QA capped accordingly.,,false,0,0,0,0,0,Q-low,CAP: simulation-only -> max Q-medium
REC_1224,LOFF: LiDAR and Optical Flow Fusion Odometry,Zhang J.; Huang Z.; Zhu X.; Guo F.; Sun C.; Zhan Q.; Shen R.,2024,,10.3390/drones8080411,Scopus,UAV,indoor,lidar|camera|GPS_denied_confirmed|wheel_encoder,VIO_SLAM,loosely_coupled,RMSE,,,custom,real_world,"To this end, this paper presents LiDAR and optical flow fusion odometry (LOFF), which uses a direction-separated data fusion method to fuse optical flow odometry into the degenerate direction of the L",mapping,false,Important,Abstract-only extraction. QA capped accordingly.,,false,1,2,1,0,4,Q-medium,A+2: real-world experiments; B+1: trajectory scale reported; B+1: ablation/failure analysis; C+1: established baseline compared; CAP: abstract-only -1 rigor (cannot verify from abstract alone)
REC_1225,Autonomous Navigation for Drone Swarms in GPS-Denied Environments Using Structured Learning,Power W.; Pavlovski M.; Saranovic D.; Stojkovic I.; Obradovic Z.,2020,,10.1007/978-3-030-49186-4_19,Scopus,UAV,simulation,GPS_denied_confirmed,other,other,RMSE,,,custom,simulation,"This study proposes two novel concepts; a structural model of environmental deviance to aid in autonomous navigation, and a method to use the output of said model to implement a collision avoidance sy",military,false,Peripheral,Abstract-only extraction. QA capped accordingly.,,false,0,1,0,0,1,Q-low,B+1: ablation/failure analysis; CAP: simulation-only -> max Q-medium
REC_1227,A hybrid localization approach for UAV in GPS denied areas,Rady S.; Kandil A.A.; Badreddin E.,2011,,10.1109/SII.2011.6147631,Scopus,UAV,outdoor,camera|GPS_denied_confirmed,other,other,RMSE,,,custom,simulation,A vision-based solution approach is proposed consisting of two phases,navigation,false,Peripheral,Abstract-only extraction. QA capped accordingly.,,false,0,1,0,0,1,Q-low,B+1: ablation/failure analysis; CAP: simulation-only -> max Q-medium
REC_1228,An auto-landing strategy based on pan-tilt based visual servoing for unmanned aerial vehicle in GNSS-denied environments,Chen C.; Chen S.; Hu G.; Chen B.; Chen P.; Su K.,2021,,10.1016/j.ast.2021.106891,Scopus,UAV,simulation,camera|GPS_denied_confirmed,other,other,RMSE,,,custom,simulation,This paper proposes an unmanned aerial vehicle (UAV) rapid autonomous landing strategy in GNSS-denied environments using pan-tilt based visual servoing (PTBVS) system,navigation,false,Peripheral,Abstract-only extraction. QA capped accordingly.,,false,0,1,0,0,1,Q-low,B+1: trajectory scale reported; CAP: simulation-only -> max Q-medium
REC_1229,A Visual Navigation Algorithm for UAV Based on Visual-Geography Optimization,Xu W.; Yang D.; Liu J.; Li Y.; Zhou M.,2024,,10.3390/drones8070313,Scopus,UAV,simulation,camera|GPS_denied_confirmed|wheel_encoder,other,tightly_coupled,RMSE,13.0,m,custom,real_world,"In this paper, we propose a UAV visual navigation algorithm based on visual-geography Bundle Adjustment (BA) to address the challenge of missing geolocation information in monocular visual navigation",navigation,false,Peripheral,Abstract-only extraction. QA capped accordingly.,,false,1,1,0,0,2,Q-low,A+2: real-world experiments; B+1: quantitative error metric reported; CAP: abstract-only -1 rigor (cannot verify from abstract alone)
REC_1230,ALM-LED: autonomous LiDAR mapping in underground space with Luojia explorer anti-collision drone,Sun S.; Chen C.; Yang B.; Xu Y.; Zhao L.; He Y.; Jin A.; Li L.,2025,,10.1016/j.isprsjprs.2025.09.016,Scopus,UAV,mixed,lidar|IMU|GPS_denied_confirmed|barometer|magnetometer,other,other,RMSE,0.034,m,custom,real_world,"With the development of urbanization, underground spaces have become an important part of human life",mapping,false,Peripheral,Abstract-only extraction. QA capped accordingly.,,false,1,1,0,1,3,Q-low,A+2: real-world experiments; B+1: quantitative error metric reported; D+1: code/data released; CAP: abstract-only -1 rigor (cannot verify from abstract alone)
REC_1232,Range–Visual–Inertial Odometry with Coarse-to-Fine Image Registration Fusion for UAV Localization,Hao Y.; He M.; Liu Y.; Liu J.; Meng Z.,2023,,10.3390/drones7080540,Scopus,UAV,indoor,camera|IMU|GPS_denied_confirmed|wheel_encoder,VIO,deep_learning,drift_pct,,,custom,real_world,"In this paper, we propose a systematic method for UAV geo-localization",navigation,false,Peripheral,Abstract-only extraction. QA capped accordingly.,,false,1,1,0,0,2,Q-low,A+2: real-world experiments; B+1: ablation/failure analysis; CAP: abstract-only -1 rigor (cannot verify from abstract alone)
REC_1233,Tightly-Coupled Air-Ground Collaborative System for Autonomous UGV Navigation in GPS-Denied Environments,Deng J.; Liu J.; Hu J.,2025,,10.3390/drones9090614,Scopus,UAV,outdoor,GPS_denied_confirmed,other,tightly_coupled,RMSE,,,custom,real_world,"To overcome these limitations, this paper presents a tightly integrated air-ground collaborative system comprising three key components: (1) an aerial perception module employing a YOLOv8-based vision",inspection,false,Peripheral,Abstract-only extraction. QA capped accordingly.,,false,1,1,0,0,2,Q-low,A+2: real-world experiments; B+1: ablation/failure analysis; CAP: abstract-only -1 rigor (cannot verify from abstract alone)
REC_1234,Non-visual Terrain Navigation for UAVs: A Comparative Study in GPS-Denied Environments,Jarraya I.; Abdelkader M.; Gabr K.; Almusalami A.; Kadri M.B.; Koubaa A.,2025,,10.1007/978-3-031-91235-1_30,Scopus,UAV,outdoor,camera|GPS_denied_confirmed,UKF,loosely_coupled,RMSE,84.6,%,custom,simulation,"Additionally, we propose a methodology that integrates the UKF with a k-dimensional (KD) Tree for optimized search space reduction, thereby enhancing localization accuracy and computational efficiency",search_rescue,false,Peripheral,Abstract-only extraction. QA capped accordingly.,,false,0,1,1,0,2,Q-low,B+1: ablation/failure analysis; C+1: established baseline compared; CAP: simulation-only -> max Q-medium
REC_1235,Autonomous Positioning System for UAV Scene Matching Under GNSS-Denied Environments,Du S.; Ma C.; Wu P.; Yu A.; Li D.; Dong Z.,2026,,10.3233/ATDE260245,Scopus,UAV,indoor,camera|IMU|GPS_denied_confirmed,other,loosely_coupled,RMSE,16.4,m,custom,real_world,"To address the significant decline in UAV navigation and positioning accuracy caused by severe error accumulation of inertial measurement units (IMUs) in GNSS-denied environments, which severely restr",navigation,false,Peripheral,Abstract-only extraction. QA capped accordingly.,,false,1,0,0,0,1,Q-low,A+2: real-world experiments; CAP: abstract-only -1 rigor (cannot verify from abstract alone)
REC_1236,Multi-sensor fusion for aerial robots in industrial GNSS-denied environments,Carrasco P.; Cuesta F.; Caballero R.; Perez-Grau F.J.; Viguria A.,2021,,10.3390/app11093921,Scopus,UAV,outdoor,lidar|GPS_denied_confirmed|wheel_encoder,hybrid,loosely_coupled,RMSE,,,custom,simulation,This article presents a solution for the 3D localization of aerial robots in such environments,navigation,false,Peripheral,Abstract-only extraction. QA capped accordingly.,,false,0,0,0,0,0,Q-low,CAP: simulation-only -> max Q-medium
REC_1242,Towards autonomous control of quadrotor unmanned aerial vehicles in a GPS-denied urban area via laser ranger finder,Song Y.; Xian B.; Zhang Y.; Jiang X.; Zhang X.,2015,,10.1016/j.ijleo.2015.07.058,Scopus,UAV,indoor,GPS_denied_confirmed,other,other,RMSE,,,custom,real_world,A new localization methodology based on the PLICP (iterative closest/corresponding point based on point to linemetric) algorithm is proposed to provide accurate position estimation of the vehicle,navigation,false,Peripheral,Abstract-only extraction. QA capped accordingly.,,false,1,0,1,0,2,Q-low,A+2: real-world experiments; C+1: matched conditions; CAP: abstract-only -1 rigor (cannot verify from abstract alone)
REC_1243,Adaptive Formation Control of UAVs near Structures for Robust Localization and Efficient Task Execution,Haneda M.; Funabora Y.; Doki S.; Doki K.,2026,,10.20965/jrm.2026.p0907,Scopus,UAV,simulation,GPS_denied_confirmed,hybrid,loosely_coupled,RMSE,83.7,%,custom,real_world,This paper proposes an adaptive formation control method that enables support-UAVs to escape from multipath-affected spaces,inspection,false,Peripheral,Abstract-only extraction. QA capped accordingly.,,false,1,0,0,0,1,Q-low,A+2: real-world experiments; CAP: abstract-only -1 rigor (cannot verify from abstract alone)
REC_1244,Investigation of Alternative Parameters for Immunity-based UAV Navigation in GNSS-denied Environment,Alnuaimi M.; Perhinschi M.G.,2021,,10.1142/S2301385021500059,Scopus,UAV,simulation,GPS_denied_confirmed,other,other,RMSE,,,custom,simulation,This paper is focused on analyzing effects of several significant parameters on the performance of an immunity-inspired methodology for autonomous navigation of unmanned air vehicles when measurements,navigation,false,Peripheral,Abstract-only extraction. QA capped accordingly.,,false,0,0,0,0,0,Q-low,CAP: simulation-only -> max Q-medium
REC_1245,Fusion of Optical Flow and Dead Reckoning Algorithms for UAV Navigation Without GPS,Walczak J.; Szykuła B.; Targowski P.; Pałys T.,2025,,10.12716/1001.19.04.02,Scopus,UAV,mixed,camera|IMU|GPS_denied_confirmed,other,loosely_coupled,RMSE,,,custom,real_world,The article presents an innovative navigation system for unmanned aerial vehicles (UAVs) operating in environments with limited or unavailable GPS signal,navigation,false,Peripheral,Abstract-only extraction. QA capped accordingly.,,false,1,1,0,0,2,Q-low,A+2: real-world experiments; B+1: ablation/failure analysis; CAP: abstract-only -1 rigor (cannot verify from abstract alone)
REC_1248,Gradient perception approach: Mapless INS/geomagnetic combined navigation in GPS-denied environments,Yang S.; Tang H.; Zhang X.; Bai W.; Xin J.; Huang Y.,2026,,10.1016/j.measurement.2026.122761,Scopus,UAV,simulation,IMU|GPS_denied_confirmed,particle_filter,loosely_coupled,drift_pct,78.19,%,custom,real_world,"This paper introduces the gradient perception approach (GPA), a mapless framework that fuses geomagnetic vector gradient perception with inertial data",navigation,false,Peripheral,Abstract-only extraction. QA capped accordingly.,,false,1,1,0,0,2,Q-low,A+2: real-world experiments; B+1: ablation/failure analysis; CAP: abstract-only -1 rigor (cannot verify from abstract alone)
REC_1249,UAV Swarm Cooperative Navigation Technology in Partial GNSS-Denied Environment,Lin S.; Yu F.; Zhou Z.; Li C.,2025,,10.1007/978-981-96-2268-9_9,Scopus,UAV,simulation,GPS_denied_confirmed,other,other,RMSE,5.89,m,custom,simulation,A distributed cooperative navigation method based on absolute modelling is proposed for the navigation problem of low-cost UAV swarms in GNSS signal interference areas,navigation,false,Peripheral,Abstract-only extraction. QA capped accordingly.,,false,0,2,0,0,2,Q-low,B+1: quantitative error metric reported; B+1: trajectory scale reported; CAP: simulation-only -> max Q-medium
REC_1250,Long-Distance GNSS-Denied Visual Inertial Navigation for Autonomous Fixed-Wing Unmanned Air Vehicles: SO(3) Manifold Filter Based on Virtual Vision Sensor,Gallo E.; Barrientos A.,2023,,10.3390/aerospace10080708,Scopus,UAV,simulation,camera|IMU|GPS_denied_confirmed|magnetometer|wheel_encoder,other,other,drift_pct,,,custom,simulation,This article proposes a visual inertial navigation algorithm intended to diminish the horizontal position drift experienced by autonomous fixed-wing UAVs (unmanned air vehicles) in the absence of GNSS,navigation,false,Peripheral,Abstract-only extraction. QA capped accordingly.,,false,0,1,0,1,2,Q-low,B+1: trajectory scale reported; D+1: code/data released; CAP: simulation-only -> max Q-medium
REC_1251,Reinforcement learning based UAV formation control in GPS-denied environment,MA B.; LIU Z.; JIANG F.; ZHAO W.; DANG Q.; WANG X.; ZHANG J.; WANG L.,2023,,10.1016/j.cja.2023.07.006,Scopus,UAV,outdoor,lidar|GPS_denied_confirmed,DNN,other,RMSE,,,custom,simulation,"In this paper, on the one hand, we develop an innovative UAV formation localization method to address the formation localization issues in GPS-denied environments; on the other hand, we design a novel",navigation,false,Peripheral,Abstract-only extraction. QA capped accordingly.,,false,0,1,0,0,1,Q-low,B+1: trajectory scale reported; CAP: simulation-only -> max Q-medium
REC_1252,Artificial Intelligence-Based Decision Support System for UAV Control in a Simulated Environment,Sujecki P.; Frąszczak D.,2026,,10.3390/s26082436,Scopus,UAV,simulation,GPS_denied_confirmed,DNN,other,RMSE,,,custom,simulation,"The proposed system is designed for mission execution under uncertainty, limited external guidance, and partial observability",navigation,false,Peripheral,Abstract-only extraction. QA capped accordingly.,,false,0,0,1,0,1,Q-low,C+1: matched conditions; CAP: simulation-only -> max Q-medium
REC_1253,Real-Time Autonomous UAV Navigation with SLAM-Based Mapping and Direction-Oriented Exploration in Forest-like GNSS-Denied Scenarios,Wu Y.-T.; Huang Y.-C.,2026,,10.3390/drones10060399,Scopus,UAV,mixed,camera|GPS_denied_confirmed,VIO_SLAM,other,RMSE,0.195,m,custom,real_world,"This study proposes a lightweight navigation framework using a single Intel RealSense D435i depth camera, integrating RTAB-Map SLAM, DWA-based local planning, and a direction-oriented frontier explora",mapping,false,Peripheral,Abstract-only extraction. QA capped accordingly.,,false,1,1,0,0,2,Q-low,A+2: real-world experiments; B+1: quantitative error metric reported; CAP: abstract-only -1 rigor (cannot verify from abstract alone)
REC_1254,Sensor Selection Tradeoff for Robust C-SLAM in UAV Swarm Systems for Indoor Navigation,Schweitzer T.; McHarek M.; Khenfri F.; Hammadi M.,2025,,10.1016/j.ifacol.2025.10.248,Scopus,UAV,indoor,camera|IMU|GPS_denied_confirmed|UWB,VIO_SLAM,other,RMSE,,,custom,real_world,"However, effective swarm navigation in GNSS-denied indoor environments relies on robust and precise localization, which presents significant challenges due to harsh conditions",mapping,false,Peripheral,Abstract-only extraction. QA capped accordingly.,,false,1,0,0,0,1,Q-low,A+2: real-world experiments; CAP: abstract-only -1 rigor (cannot verify from abstract alone)
REC_1255,A Hierarchical Absolute Visual Localization System for Low-Altitude Drones in GNSS-Denied Environments,Zhou Q.; Tang H.; Zhang Z.; Xu Y.; Xiao F.; Jia Y.,2025,,10.3390/rs17203470,Scopus,UAV,outdoor,camera|IMU|GPS_denied_confirmed,other,loosely_coupled,drift_pct,95.02,%,custom,real_world,"Highlights: What are the main findings? A hierarchical visual localization framework is proposed that integrates coarse-to-fine positioning through image retrieval, image registration, IMU-based corre",agriculture,false,Peripheral,Abstract-only extraction. QA capped accordingly.,,false,1,1,1,0,3,Q-low,A+2: real-world experiments; B+1: ablation/failure analysis; C+1: established baseline compared; CAP: abstract-only -1 rigor (cannot verify from abstract alone)
REC_1256,Multi-Agent Distributed Cooperative Localization Based on Ultra-Wideband,Lv M.; Wang Y.; Dong Y.; Hu J.; Xu Z.,2025,,10.1109/ICCA65672.2025.11129789,Scopus,UAV,outdoor,IMU|GPS_denied_confirmed|UWB,EKF,other,RMSE,,,custom,real_world,"First, a distributed Kalman filtering-based multi-UAV cooperative localization algorithm is proposed, achieving high-precision localization under partial GNSS-denied conditions",navigation,false,Peripheral,Abstract-only extraction. QA capped accordingly.,,false,1,0,0,0,1,Q-low,A+2: real-world experiments; CAP: abstract-only -1 rigor (cannot verify from abstract alone)
REC_1258,Image Matching-Based Visual-Inertial Integrated Navigation for UAV in GNSS-Denied Environments,Huang T.; Zhou Y.; Zhang B.,2024,,10.1088/1742-6596/2784/1/012014,Scopus,UAV,simulation,camera|IMU|GPS_denied_confirmed,DNN,deep_learning,RMSE,,,custom,real_world,"For unmanned aerial vehicle (UAV) navigation in global satellite navigation system (GNSS)-denied environments, an image matching-based visual-inertial integrated navigation system is proposed",navigation,false,Peripheral,Abstract-only extraction. QA capped accordingly.,,false,1,0,0,1,2,Q-low,A+2: real-world experiments; D+1: code/data released; CAP: abstract-only -1 rigor (cannot verify from abstract alone)
REC_1261,Fiducial Marker–Based Localization of Autonomous UAV for Structural Health Monitoring,Waqas A.; Cha Y.-J.,2024,,10.1007/978-3-031-34938-6_18,Scopus,UAV,mixed,GPS_denied_confirmed|magnetometer,other,other,RMSE,,,custom,simulation,This chapter presents an autonomous navigation system based on computer vision for unmanned aerial vehicles (UAVs),navigation,false,Peripheral,Abstract-only extraction. QA capped accordingly.,,false,0,0,0,0,0,Q-low,CAP: simulation-only -> max Q-medium
REC_1264,"Gnss-denied unmanned aerial vehicle navigation: analyzing computational complexity, sensor fusion, and localization methodologies",Jarraya I.; Al-Batati A.; Kadri M.B.; Abdelkader M.; Ammar A.; Boulila W.; Koubaa A.,2025,,10.1186/s43020-025-00162-z,Scopus,UAV,outdoor,GPS_denied_confirmed,hybrid,loosely_coupled,RMSE,,,custom,simulation,"Navigation without Global Navigation Satellite Systems (GNSS) poses a significant challenge in aerospace engineering, particularly in the environments where satellite signals are obstructed or unavail",navigation,false,Peripheral,Abstract-only extraction. QA capped accordingly.,,false,0,1,0,0,1,Q-low,B+1: ablation/failure analysis; CAP: simulation-only -> max Q-medium
REC_1266,Bearing-only visual SLAM for small unmanned aerial vehicles in GPS-denied environments,Wang C.-L.; Wang T.-M.; Liang J.-H.; Zhang Y.-C.; Zhou Y.,2013,,10.1007/s11633-013-0735-8,Scopus,UAV,simulation,camera|IMU|GPS_denied_confirmed,VIO_SLAM,other,RMSE,,,custom,simulation,This paper presents a hierarchical simultaneous localization and mapping (SLAM) system for a small unmanned aerial vehicle (UAV) using the output of an inertial measurement unit (IMU) and the bearing-,mapping,false,Peripheral,Abstract-only extraction. QA capped accordingly.,,false,0,1,1,0,2,Q-low,B+1: ablation/failure analysis; C+1: established baseline compared; CAP: simulation-only -> max Q-medium
REC_1267,Field-testing of a UAV-UGV team for GNSS-denied navigation in subterranean environments,Gross J.; De Petrillo M.; Beard J.; Nichols H.; Swiger T.; Watson R.; Kirk C.; Kilic C.; Hikes J.; Upton E.; Ross D.; Russell M.; Gu Y.; Griffin C.,2019,,10.33012/2019.16912,Scopus,UAV,indoor,lidar|camera|IMU|GPS_denied_confirmed|UWB|WiFi|barometer,other,other,RMSE,,,custom,real_world,"We present the system design, navigation algorithm formulation, and field-testing results for a cooperative unmanned ground vehicle (UGV) and unmanned aerial vehicle (UAV) team designed for operation ",mapping,false,Peripheral,Abstract-only extraction. QA capped accordingly.,,false,2,1,0,0,3,Q-low,A+2: real-world experiments; A+1: ground-truth comparison; B+1: trajectory scale reported; CAP: abstract-only -1 rigor (cannot verify from abstract alone)
REC_1268,SOFT-SLAM: Computationally efficient stereo visual simultaneous localization and mapping for autonomous unmanned aerial vehicles,Cvišić I.; Ćesić J.; Marković I.; Petrović I.,2018,,10.1002/rob.21762,Scopus,UAV,outdoor,camera|GPS_denied_confirmed|wheel_encoder,VIO_SLAM,other,RMSE,,,"KITTI, EuRoC",real_world,"In this paper, we propose a stereo vision SLAM yielding very accurate localization and a dense map of the environment developed with the aim to compete in the European Robotics Challenges (EuRoC) targ",inspection,false,Peripheral,Abstract-only extraction. QA capped accordingly.,,false,1,0,1,0,2,Q-low,A+2: real-world experiments; C+1: established baseline compared; CAP: abstract-only -1 rigor (cannot verify from abstract alone)
REC_1270,Navigation of UAV in GNSS denied area,Pintér M.; Marcoň P.,2024,,10.13164/eeict.2024.96,Scopus,UAV,indoor,camera|GPS_denied_confirmed|wheel_encoder,other,other,RMSE,,,custom,simulation,For the development and future application we utilize widely used Robotic Operating System (ROS),navigation,false,Peripheral,Abstract-only extraction. QA capped accordingly.,,false,0,1,0,0,1,Q-low,B+1: ablation/failure analysis; CAP: simulation-only -> max Q-medium
REC_1272,An Efficient Framework for Autonomous UAV Missions in Partially-Unknown GNSS-Denied Environments,Mugnai M.; Teppati Losé M.; Herrera-Alarcón E.P.; Baris G.; Satler M.; Avizzano C.A.,2023,,10.3390/drones7070471,Scopus,UAV,simulation,GPS_denied_confirmed,other,other,RMSE,,,custom,real_world,This paper presents a framework for autonomous missions with low-cost Unmanned Aerial Vehicles (UAVs) in Global Navigation Satellite System-denied (GNSS-denied) environments,navigation,false,Peripheral,Abstract-only extraction. QA capped accordingly.,,false,1,1,0,0,2,Q-low,A+2: real-world experiments; B+1: ablation/failure analysis; CAP: abstract-only -1 rigor (cannot verify from abstract alone)
REC_1273,UAV navigation using opto-electronic and inertial means in GNSS-denied environment,Savkin A.; Antonov D.; Kolganov L.; Ryabinkin M.; Chekhov E.,2021,,10.1088/1742-6596/1925/1/012051,Scopus,UAV,simulation,IMU|GPS_denied_confirmed,SLAM,other,RMSE,,,custom,simulation,The article presents an approach to improving navigation solution of unmanned aerial vehicle in GNSS-denied environment by means of optoelectronic and inertial measurements,navigation,false,Peripheral,Abstract-only extraction. QA capped accordingly.,,false,0,0,1,0,1,Q-low,C+1: established baseline compared; CAP: simulation-only -> max Q-medium
REC_1274,Integrated Air–Ground Robotic System for Autonomous Post-Blast Operations in GNSS-Denied Tunnels,Arias-Ferreiro G.; Montes-Grova M.A.; Pérez-Grau F.J.; Noriega-del-Rivero S.; Herguedas R.; Lázaro M.T.; Castelruiz-Aguirre A.; Fernandez J.C.J.; Karahan M.; Alonso-Cepeda A.,2026,,10.3390/rs18081133,Scopus,UAV,indoor,GPS_denied_confirmed,other,loosely_coupled,RMSE,50.0,%,custom,real_world,Post-blast operations in tunnel construction represent a critical bottleneck due to mandatory downtime and hazardous environmental conditions,navigation,false,Peripheral,Abstract-only extraction. QA capped accordingly.,,false,1,0,0,0,1,Q-low,A+2: real-world experiments; CAP: abstract-only -1 rigor (cannot verify from abstract alone)
REC_1275,A DNN-Based Optical Aided Autonomous Navigation System for UAV Under GNSS-denied Environment,Zhang Q.; Zhang H.; Lan Z.; Chen W.; Zhang Z.,2023,,10.1007/978-981-99-0479-2_326,Scopus,UAV,simulation,IMU|GPS_denied_confirmed,other,loosely_coupled,drift_pct,,,custom,real_world,"In this paper, a novel UAV autonomous navigation system is proposed, which uses DNN to extract scene features for position matching and optical flow estimation",navigation,false,Peripheral,Abstract-only extraction. QA capped accordingly.,,false,1,0,1,0,2,Q-low,A+2: real-world experiments; C+1: established baseline compared; CAP: abstract-only -1 rigor (cannot verify from abstract alone)
REC_1276,A UAV location method based on aerial-satellite image matching and factor graph optimization in GNSS denied aera,Di Y.; Jiang C.; Li C.; Wang X.; Su Z.; Chen S.; Liu Z.; Wu X.; Chen Y.,2025,,10.1088/1361-6501/ae1249,Scopus,UAV,outdoor,camera|IMU|GPS_denied_confirmed|wheel_encoder,DNN,deep_learning,RMSE,,,custom,real_world,"However, GNSS is fragile and easily attacked, it is critical to develop other absolute location methods for UAVs under GNSS-denied environments",navigation,false,Peripheral,Abstract-only extraction. QA capped accordingly.,,false,1,1,0,0,2,Q-low,A+2: real-world experiments; B+1: ablation/failure analysis; CAP: abstract-only -1 rigor (cannot verify from abstract alone)
REC_1277,A Physics-Guided Aeromagnetic Interference Compensation Method for Geomagnetic Sensing in GNSS-Denied UAV Swarm Systems,Wang S.; Ma L.; Wang Y.; Li D.; Luo J.,2026,,10.3390/drones10040252,Scopus,UAV,outdoor,GPS_denied_confirmed|magnetometer,DNN,deep_learning,RMSE,,,custom,simulation,"To address this challenge, this paper proposes PG-TLNet, a physics-guided aeromagnetic interference compensation framework based on the extended Tolles–Lawson (T–L) model",navigation,false,Peripheral,Abstract-only extraction. QA capped accordingly.,,false,0,1,0,0,1,Q-low,B+1: trajectory scale reported; CAP: simulation-only -> max Q-medium
REC_1278,Vision-based SLAM system for small UAVs in GPS-denied environments,Park J.; Im S.; Lee K.-H.; Lee J.-O.,2012,,10.1061/(ASCE)AS.1943-5525.0000160,Scopus,UAV,outdoor,camera|GPS_denied_confirmed,VIO_SLAM,other,RMSE,,,custom,simulation,Development of an image-processing system that is suitable for small UAVs is therefore needed,mapping,false,Peripheral,Abstract-only extraction. QA capped accordingly.,,false,0,0,0,0,0,Q-low,CAP: simulation-only -> max Q-medium
REC_1279,KAZE features based SLAM for autonomous UAV navigation in GPS-denied environments,Abraham C.E.; Prasad S.; Kumar D.,2025,,10.1117/12.3064546,Scopus,UAV,indoor,camera|IMU|GPS_denied_confirmed,VIO_SLAM,other,RMSE,,,custom,simulation,"Several approaches have been proposed such as Landmark, Star Tracker, Simultaneous Localization and Mapping (SLAM), and Inertial Measurement Unit (IMU) based methods to address the challenge of naviga",mapping,false,Peripheral,Abstract-only extraction. QA capped accordingly.,,false,0,0,0,0,0,Q-low,A+1: repeatability/multiple runs; CAP: simulation-only -> max Q-medium; CAP: abstract-only -1 rigor (cannot verify from abstract alone)
REC_1281,Learning to Navigate and Track: A Decentralized RL Framework for UAV Operations in GNSS-Denied Terrain,Almalis N.D.; Tsihrintzis G.A.; Mitsios M.; Tilemachos T.,2026,,10.1007/978-3-032-11402-0_23,Scopus,UAV,mixed,GPS_denied_confirmed,DNN,loosely_coupled,RMSE,,,custom,simulation,This paper presents a decentralized reinforcement learning (DRL) framework for real-time UAV person tracking and obstacle avoidance using multi-modal sensing,navigation,false,Peripheral,Abstract-only extraction. QA capped accordingly.,,false,0,1,0,0,1,Q-low,B+1: ablation/failure analysis; CAP: simulation-only -> max Q-medium
REC_1282,A Lidar-Inertial Navigation System for UAVs in GNSS-Denied Environment with Spatial Grid Structures,Qiu Z.; Lv J.; Lin D.; Yu Y.; Sun Z.; Zheng Z.,2023,,10.3390/app13010414,Scopus,UAV,outdoor,lidar|IMU|GPS_denied_confirmed,other,other,RMSE,,,custom,simulation,Featured Application: The proposed navigation system is suitable for UAV navigation in GNSS-denied environments with spatial grid structures,inspection,false,Peripheral,Abstract-only extraction. QA capped accordingly.,,false,0,0,1,0,1,Q-low,C+1: established baseline compared; CAP: simulation-only -> max Q-medium
REC_1283,Cooperative monocular-based SLAM for multi-UAV systems in GPS-denied environments,Trujillo J.-C.; Munguia R.; Guerra E.; Grau A.,2018,,10.3390/s18051351,Scopus,UAV,simulation,camera|GPS_denied_confirmed,VIO_SLAM,other,RMSE,,,custom,simulation,This work presents a cooperative monocular-based SLAM approach for multi-UAV systems that can operate in GPS-denied environments,navigation,false,Peripheral,Abstract-only extraction. QA capped accordingly.,,false,0,1,1,0,2,Q-low,B+1: trajectory scale reported; C+1: established baseline compared; CAP: simulation-only -> max Q-medium
REC_1284,RANGE-Robust autonomous navigation in GPS-denied environments,Bachrach A.; Prentice S.; He R.; Roy N.,2011,,10.1002/rob.20400,Scopus,UAV,indoor,camera|GPS_denied_confirmed,other,loosely_coupled,RMSE,,,custom,simulation,"We present experimental validation and analysis for our system that enables a quadrotor helicopter, equipped with a laser range finder sensor, to autonomously explore and map unstructured and unknown ",mapping,false,Peripheral,Abstract-only extraction. QA capped accordingly.,,false,0,1,0,0,1,Q-low,B+1: ablation/failure analysis; CAP: simulation-only -> max Q-medium
REC_1285,Unmanned autonomous aerial navigation in GPS-denied environments,Habib N.; Flores-Abad A.; Martínez-Martínez J.; Aponte-Roa D.A.; Espinoza A.A.,2020,,10.18687/LACCEI2020.1.1.349,Scopus,UAV,indoor,GPS_denied_confirmed|sonar,EKF,loosely_coupled,RMSE,,,custom,simulation,"Therefore, it has been proposed to utilize a small, unmanned quadcopter integrated with autonomous navigation by using an alternate signal in place of GPS",inspection,false,Peripheral,Abstract-only extraction. QA capped accordingly.,,false,0,1,0,0,1,Q-low,B+1: ablation/failure analysis; CAP: simulation-only -> max Q-medium
REC_1286,Hybrid camera array-based UAV auto-landing on moving UGV in GPS-denied environment,Yang T.; Ren Q.; Zhang F.; Xie B.; Ren H.; Li J.; Zhang Y.,2018,,10.3390/rs10111829,Scopus,UAV,simulation,camera|GPS_denied_confirmed,other,loosely_coupled,RMSE,,,custom,real_world,"With the rapid development of Unmanned Aerial Vehicle (UAV) systems, the autonomous landing of a UAV on a moving Unmanned Ground Vehicle (UGV) has received extensive attention as a key technology",navigation,false,Peripheral,Abstract-only extraction. QA capped accordingly.,,false,1,0,0,0,1,Q-low,A+2: real-world experiments; CAP: abstract-only -1 rigor (cannot verify from abstract alone)
REC_1289,A Global ArUco-Based Lidar Navigation System for UAV Navigation in GNSS-Denied Environments,Qiu Z.; Lin D.; Jin R.; Lv J.; Zheng Z.,2022,,10.3390/aerospace9080456,Scopus,UAV,outdoor,lidar|IMU|GPS_denied_confirmed,graph_SLAM,other,RMSE,,,custom,real_world,"Therefore, this paper proposes a Lidar navigation system based on global ArUco, which is widely used in large-scale known GNSS-denied scenarios for UAVs",navigation,false,Peripheral,Abstract-only extraction. QA capped accordingly.,,false,1,0,0,0,1,Q-low,A+2: real-world experiments; CAP: abstract-only -1 rigor (cannot verify from abstract alone)
REC_1291,Implementation of monocular visual SLAM with ARCog-NET for aerial robot swarm indoor mapping,Ramos G.S.; Pinto M.F.; Andrade F.A.A.; Haddad D.B.,2025,,10.1038/s41598-025-28618-x,Scopus,UAV,indoor,lidar|camera|GPS_denied_confirmed,VIO_SLAM,other,RMSE,,,custom,real_world,"This paper presents a real-time distributed framework for Unmanned Aerial Vehicle (UAV) swarms operating in GPS-denied indoor environments, built on the Aerial Robot Cognitive Network Architecture (AR",mapping,false,Peripheral,Abstract-only extraction. QA capped accordingly.,,false,1,0,0,0,1,Q-low,A+2: real-world experiments; CAP: abstract-only -1 rigor (cannot verify from abstract alone)
REC_1294,Localization Fusion for Aerial Vehicles in Partially GNSS Denied Environments,Bayer J.; Faigl J.,2019,,10.1007/978-3-030-14984-0_20,Scopus,UAV,outdoor,camera|GPS_denied_confirmed,EKF,loosely_coupled,RMSE,,,custom,simulation,"Therefore, we consider recent advancements in the visual localization, and we employ an onboard RGB-D camera to develop a robust and reliable solution for the MAV localization in partially GNSS denied",navigation,false,Peripheral,Abstract-only extraction. QA capped accordingly.,,false,0,0,0,0,0,Q-low,CAP: simulation-only -> max Q-medium
REC_1295,Digital Twin Approach for Drift-Free UAV Localization in GPS-Denied Environments,"Matiki T.; Narazaki Y.; Chowdhary G.; Spencer B.F., Jr",2026,,10.1061/JCCEE5.CPENG-7010,Scopus,UAV,outdoor,lidar|camera|GPS_denied_confirmed,other,other,drift_pct,,,custom,real_world,"In earlier work, the authors proposed using a graphics-based digital twin (GBDT) for drift-free localization through landmark identification, but this approach fails in landmark-sparse environments",mapping,false,Peripheral,Abstract-only extraction. QA capped accordingly.,,false,1,1,1,0,3,Q-low,A+2: real-world experiments; B+1: ablation/failure analysis; C+1: established baseline compared; CAP: abstract-only -1 rigor (cannot verify from abstract alone)
REC_1297,2-D UAV navigation solution with LIDAR sensor under GPS-denied environment,Ho J.C.; Phang S.K.; Mun H.K.,2021,,10.1088/1742-6596/2120/1/012026,Scopus,UAV,simulation,lidar|camera|GPS_denied_confirmed|wheel_encoder,VIO_SLAM,other,RMSE,45.0,%,custom,simulation,"Unmanned aerial vehicle (UAV) is widely used by many industries these days such as militaries, agriculture, and surveillance. However, one of the main challenges of UAV is navigating through an enviro",mapping,false,Peripheral,Abstract-only extraction. QA capped accordingly.,,false,0,1,1,0,2,Q-low,A+1: ground-truth comparison; B+1: ablation/failure analysis; C+1: established baseline compared; CAP: simulation-only -> max Q-medium; CAP: abstract-only -1 rigor (cannot verify from abstract alone)
REC_1298,Cooperative Localization for GNSS-Denied Subterranean Navigation: A UAV–UGV Team Approach,Akhihiero D.; Olawoye U.; Das S.; Gross J.,2024,,10.33012/navi.677,Scopus,UAV,outdoor,lidar|camera|IMU|GPS_denied_confirmed|UWB|barometer,EKF,other,RMSE,,,custom,simulation,This paper presents a cooperative navigation architecture in a global navigation satellite system (GNSS)-denied subterranean environment using an unmanned ground vehicle (UGV) and unmanned aerial vehi,mapping,false,Peripheral,Abstract-only extraction. QA capped accordingly.,,false,0,1,0,0,1,Q-low,B+1: ablation/failure analysis; CAP: simulation-only -> max Q-medium
REC_1299,Cascade-structured Visual-Inertial Navigation System for Aerial Imaginary,Nam S.; Kim T.; Oh J.; Lee S.,2024,,10.33012/2024.19636,Scopus,UAV,outdoor,camera|IMU|GPS_denied_confirmed|VINS|wheel_encoder,VIO_SLAM,other,RMSE,,,custom,simulation,"High-altitude UAVs present unique challenges, including feature tracking difficulties and limitations in low-cost inertial measurement units (IMUs)",mapping,false,Peripheral,Abstract-only extraction. QA capped accordingly.,,false,0,1,0,0,1,Q-low,B+1: ablation/failure analysis; CAP: simulation-only -> max Q-medium
REC_1301,Collision-free Autonomous Navigation of A Small UAV Using Low-cost Sensors in GPS-denied Environments,Youn W.; Ko H.; Choi H.; Choi I.; Baek J.-H.; Myung H.,2021,,10.1007/s12555-019-0797-7,Scopus,UAV,mixed,lidar|camera|IMU|GPS_denied_confirmed|barometer|wheel_encoder,VIO_SLAM,loosely_coupled,RMSE,,,custom,real_world,This paper proposes a novel complete navigation system for autonomous flight of small unmanned aerial vehicles (UAVs) in GPS-denied environments,mapping,false,Peripheral,Abstract-only extraction. QA capped accordingly.,,false,1,1,0,1,3,Q-low,A+2: real-world experiments; B+1: ablation/failure analysis; D+1: code/data released; CAP: abstract-only -1 rigor (cannot verify from abstract alone)
REC_1302,Federated Energy-Aware Deep Reinforcement Learning for GNSS-Independent Swarm UAV Autonomy †,Almalis N.; Tsihrintzis G.; Baris G.; Armenakis N.,2026,,10.3390/electronics15143064,Scopus,UAV,mixed,GPS_denied_confirmed,DNN,other,RMSE,,,custom,simulation,"This paper introduces a unified federated deep reinforcement learning architecture that enables GNSS-independent multi-UAV autonomy through the principled integration of multi-modal perception, decent",navigation,false,Peripheral,Abstract-only extraction. QA capped accordingly.,,false,0,1,0,0,1,Q-low,B+1: ablation/failure analysis; CAP: simulation-only -> max Q-medium
REC_1303,Design and implementation of a mini quadrotor control system in GPS denied environments,Liu C.; Prior S.D.,2015,,10.1109/ICUAS.2015.7152324,Scopus,UAV,outdoor,camera|GPS_denied_confirmed,VIO_SLAM,loosely_coupled,RMSE,,,custom,simulation,"This paper presents the design of quadrotor control architecture, based on crowd-sourcing electronics",mapping,false,Peripheral,Abstract-only extraction. QA capped accordingly.,,false,0,0,0,1,1,Q-low,D+1: code/data released; CAP: simulation-only -> max Q-medium
REC_1304,Formation-Constrained Cooperative Localization for UAV Swarms in GNSS-Denied Environments,Li Q.; Wang P.; Li X.; Zhang J.; Luo Y.; Yu W.; Cheng H.,2026,,10.3390/s26061984,Scopus,UAV,simulation,GPS_denied_confirmed,other,loosely_coupled,success_rate,,,custom,simulation,"Building on this scheme, we propose a formation-constrained cooperative localization method to improve accuracy by integrating known formation geometry into the localization process",navigation,false,Peripheral,Abstract-only extraction. QA capped accordingly.,,false,0,1,0,0,1,Q-low,B+1: trajectory scale reported; CAP: simulation-only -> max Q-medium
REC_1306,UAV Visual Localization in GNSS-Denied Environments,Wang T.-C.; Tsou L.-H.; Jhan J.-P.; Tang R.-S.,2026,,10.5194/isprs-archives-XLIX-B1-2026-55-2026,Scopus,UAV,outdoor,camera|GPS_denied_confirmed,DNN,deep_learning,RMSE,250.0,m,custom,real_world,This study proposes a vision-based localization framework utilizing satellite true orthophotos and Digital Surface Models (DSMs) as absolute geospatial references,navigation,false,Peripheral,Abstract-only extraction. QA capped accordingly.,,false,1,1,0,0,2,Q-low,A+2: real-world experiments; B+1: quantitative error metric reported; CAP: abstract-only -1 rigor (cannot verify from abstract alone)
REC_1307,An architecture for robust UAV navigation in GPS-denied areas,Perez-Grau F.J.; Ragel R.; Caballero F.; Viguria A.; Ollero A.,2018,,10.1002/rob.21757,Scopus,UAV,outdoor,camera|GPS_denied_confirmed|wheel_encoder,particle_filter,other,RMSE,,,custom,simulation,This article presents a software architecture for safe and reliable autonomous navigation of aerial robots in GPS-denied areas,navigation,false,Peripheral,Abstract-only extraction. QA capped accordingly.,,false,0,1,0,0,1,Q-low,B+1: ablation/failure analysis; CAP: simulation-only -> max Q-medium
REC_1308,Multi-sensor Data Fusion for Autonomous Unmanned Aerial Vehicle Navigation in GPS Denied Environments,ELMAS E.E.; ALKAN M.,2024,,10.47839/ijc.23.4.3762,Scopus,UAV,indoor,GPS_denied_confirmed,other,loosely_coupled,RMSE,,,custom,simulation,"In this paper, a system has been developed that enables an AUAV flying along a predetermined route to reliably detect both fixed and moving obstacles in challenging environments where GPS signals are ",navigation,false,Peripheral,Abstract-only extraction. QA capped accordingly.,,false,0,0,0,0,0,Q-low,CAP: simulation-only -> max Q-medium
REC_1309,Vision-Based Unmanned Aerial Vehicle Swarm Cooperation and Online Point-Cloud Registration for Global Localization in Global Navigation Satellite System-Intermittent Environments,Garcia G.; Eskandarian A.,2026,,10.3390/drones10010065,Scopus,UAV,mixed,camera,VIO_SLAM,loosely_coupled,RMSE,,,custom,simulation,"Highlights: What are the main findings? A unified, lightweight framework is introduced that fuses bio-inspired passive vision swarm coordination with real-time monocular point-cloud registration, enab",mapping,false,Peripheral,Abstract-only extraction. QA capped accordingly.,,false,0,1,1,0,2,Q-low,B+1: ablation/failure analysis; C+1: established baseline compared; CAP: simulation-only -> max Q-medium
REC_1310,Enhancing Autonomous Navigation in GNSS-Denied Environment: Obstacle Avoidance Observability-Based Path Planning for ASLAM,Elahian S.; Atashgah M.A.A.; Suwarno I.,2024,,10.18196/jrc.v5i6.23519,Scopus,UAV,mixed,camera|GPS_denied_confirmed,particle_filter,other,RMSE,,,custom,real_world,"So, the OA-OBPP method is introduced which defines the path based on terrestrial landmarks while preventing any collision with the obstacles",mapping,false,Peripheral,Abstract-only extraction. QA capped accordingly.,,false,1,1,0,0,2,Q-low,A+2: real-world experiments; B+1: ablation/failure analysis; CAP: abstract-only -1 rigor (cannot verify from abstract alone)
REC_1311,UAV Hovering Control Based on External Visual Localization for GNSS-Denied Environments,Wu J.; Wang Q.; Li Y.; Hu S.,2025,,10.1007/978-981-96-3552-8_42,Scopus,UAV,simulation,camera|GPS_denied_confirmed,other,other,RMSE,,,custom,real_world,"To cope with this problem, this work proposes a UAV hovering control method based on external visual localization information",navigation,false,Peripheral,Abstract-only extraction. QA capped accordingly.,,false,1,0,0,0,1,Q-low,A+2: real-world experiments; CAP: abstract-only -1 rigor (cannot verify from abstract alone)
REC_1313,A smart hybrid vision aided inertial navigation system approach for UAVs in a GNSS denied environment,Mostafa M.M.; Moussa A.M.; El-Sheimy N.; Sesay A.B.,2018,,10.1002/navi.270,Scopus,UAV,outdoor,camera|IMU|GPS_denied_confirmed|wheel_encoder,EKF,loosely_coupled,drift_pct,,,custom,simulation,This paper presents a smart hybrid vision-aided inertial navigation system (VAINS) for enhancing the navigation accuracy of UAVs in GNSS-denied environments,navigation,false,Peripheral,Abstract-only extraction. QA capped accordingly.,,false,0,0,1,0,1,Q-low,C+1: established baseline compared; CAP: simulation-only -> max Q-medium
REC_1315,OCC-Based Positioning Method for Autonomous UAV Navigation in GNSS-Denied Environments: An Offshore Wind Farm Simulation Study,Kim J.-H.; Jung S.-Y.,2025,,10.3390/s25247569,Scopus,UAV,simulation,camera|GPS_denied_confirmed|WiFi,other,other,RMSE,0.0,cm,custom,simulation,This study presents an optical camera communication (OCC)-based positioning method that enables real-time 3D coordinate estimation using aviation obstruction light-emitting diodes (LEDs) as optical tr,inspection,false,Peripheral,Abstract-only extraction. QA capped accordingly.,,false,0,1,0,0,1,Q-low,B+1: quantitative error metric reported; CAP: simulation-only -> max Q-medium
REC_1316,Automated Method for SLAM Evaluation in GNSS-Denied Areas,Merkle D.; Reiterer A.,2023,,10.3390/rs15215141,Scopus,UAV,mixed,lidar|IMU|GPS_denied_confirmed,LiDAR_SLAM,other,ATE,7.0,cm,custom,simulation,This work presents an approach to measuring the performance of SLAM in indoor and outdoor GNSS-denied areas using a terrestrial scanner Leica RTC360 and a tachymeter to acquire point cloud and traject,inspection,false,Peripheral,Abstract-only extraction. QA capped accordingly.,,false,0,2,1,0,3,Q-low,A+1: ground-truth comparison; B+1: quantitative error metric reported; B+1: trajectory scale reported; C+1: established baseline compared; CAP: simulation-only -> max Q-medium; CAP: abstract-only -1 rigor (cannot verify from abstract alone)
REC_1317,Cooperative visual-slam system for uav-based target tracking in gps-denied environments: A target-centric approach,Trujillo J.-C.; Munguia R.; Urzua S.; Grau A.,2020,,10.3390/electronics9050813,Scopus,UAV,simulation,camera|GPS_denied_confirmed,VIO_SLAM,other,RMSE,,,custom,simulation,This work presents a cooperative visual-based SLAM (Simultaneous Localization and Mapping) system that allows a team of aerial robots to autonomously follow a non-cooperative target moving freely in a,mapping,false,Peripheral,Abstract-only extraction. QA capped accordingly.,,false,0,0,0,0,0,Q-low,CAP: simulation-only -> max Q-medium
REC_1318,Relative Navigation of Unmanned Aerial Vehicles Based on Data Link Ranging and Partial Guidance Information,Wang Z.; Song C.; Hao M.; Liang X.,2024,,10.1007/978-981-97-3332-3_19,Scopus,UAV,outdoor,GPS_denied_confirmed,other,other,RMSE,,,custom,simulation,"However, due to the significant constraints imposed by observability conditions, a novel approach is proposed that utilizes partial guidance information from the UAV swarm towards the target as additi",navigation,false,Peripheral,Abstract-only extraction. QA capped accordingly.,,false,0,0,0,0,0,Q-low,CAP: simulation-only -> max Q-medium
REC_1320,Radar and visual odometry integrated system aided navigation for UAVS in GNSS denied environment,Mostafa M.; Zahran S.; Moussa A.; El-Sheimy N.; Sesay A.,2018,,10.3390/s18092776,Scopus,UAV,outdoor,camera|IMU|GPS_denied_confirmed|barometer|magnetometer|radar|wheel_encoder,EKF,loosely_coupled,drift_pct,,,custom,simulation,"Although different aiding sensors, such as cameras, are proposed to reduce the effect of these drift errors, the positioning accuracy by using these techniques is still affected by some challenges, su",navigation,false,Peripheral,Abstract-only extraction. QA capped accordingly.,,false,0,1,1,0,2,Q-low,B+1: ablation/failure analysis; C+1: established baseline compared; CAP: simulation-only -> max Q-medium
REC_1322,Indoor SLAM for Micro Aerial Vehicles Control Using Monocular Camera and Sensor Fusion,García S.; López M.E.; Barea R.; Bergasa L.M.; Gómez A.; Molinos E.J.,2016,,10.1109/ICARSC.2016.46,Scopus,UAV,indoor,camera|IMU|GPS_denied_confirmed,VIO_SLAM,loosely_coupled,RMSE,,,custom,simulation,This paper represents research in progress in Simultaneous Localization and Mapping (SLAM) for Micro Aerial Vehicles (MAVs) in the context of rescue and/or recognition navigation tasks in indoor envir,mapping,false,Peripheral,Abstract-only extraction. QA capped accordingly.,,false,0,0,1,0,1,Q-low,C+1: established baseline compared; CAP: simulation-only -> max Q-medium
REC_1323,Robust and accurate deterministic visual odometry,Bénet P.; Guinamard A.,2020,,10.33012/2020.17586,Scopus,UAV,outdoor,camera|IMU|GPS_denied_confirmed|wheel_encoder,VIO_SLAM,other,RMSE,,,"KITTI, EuRoC",real_world,In this paper we present a novel algorithm for fast and robust stereo odometry based on hybrid stereo and monocular algorithm,mapping,false,Peripheral,Abstract-only extraction. QA capped accordingly.,,false,1,0,1,0,2,Q-low,A+2: real-world experiments; C+1: established baseline compared; CAP: abstract-only -1 rigor (cannot verify from abstract alone)
REC_1327,Invariant observer-based state estimation for micro-aerial vehicles in GPS-denied indoor environments using an RGB-D camera and MEMS inertial sensors,Li D.; Li Q.; Tang L.; Yang S.; Cheng N.; Song J.,2015,,10.3390/mi6040487,Scopus,UAV,indoor,camera|IMU|GPS_denied_confirmed|wheel_encoder,other,loosely_coupled,RMSE,,,custom,real_world,"This paper presents a non-linear state observer-based integrated navigation scheme for estimating the attitude, position and velocity of micro aerial vehicles (MAV) operating in GPS-denied indoor envi",navigation,false,Peripheral,Abstract-only extraction. QA capped accordingly.,,false,1,1,0,0,2,Q-low,A+2: real-world experiments; B+1: ablation/failure analysis; CAP: abstract-only -1 rigor (cannot verify from abstract alone)
REC_1330,UAV VISUAL AUTOLOCALIZATON BASED on AUTOMATIC LANDMARK RECOGNITION,Filho P.S.; Shiguemori E.H.; Saotome O.,2017,,10.5194/isprs-annals-IV-2-W3-89-2017,Scopus,UAV,simulation,camera|IMU|GPS_denied_confirmed,other,other,RMSE,,,custom,real_world,"There are several approaches being developed, but the main strategies yet considered are computer vision based navigation systems",navigation,false,Peripheral,Abstract-only extraction. QA capped accordingly.,,false,1,0,0,0,1,Q-low,A+2: real-world experiments; CAP: abstract-only -1 rigor (cannot verify from abstract alone)
REC_1331,"Model-Based RL Decision-Making for UAVs Operating in GNSS-Denied, Degraded Visibility Conditions with Limited Sensor Capabilities",Boiteau S.; Vanegas F.; Galvez-Serna J.; Gonzalez F.,2025,,10.3390/drones9060410,Scopus,UAV,mixed,lidar|camera|IMU|GPS_denied_confirmed,DNN,other,RMSE,,,custom,simulation,This study proposes a model-based reinforcement learning (RL) approach to enable UAVs to navigate and make decisions autonomously in environments where the GNSS is unavailable and visibility is limite,search_rescue,false,Peripheral,Abstract-only extraction. QA capped accordingly.,,false,0,0,1,0,1,Q-low,C+1: established baseline compared; CAP: simulation-only -> max Q-medium
REC_1332,A Relative Infrastructure-less Localization Algorithm for Decentralized and Autonomous Swarm Formation,Schindler D.; Niculescu V.; Polonelli T.; Palossi D.; Benini L.; Magno M.,2023,,10.1109/IROS55552.2023.10342168,Scopus,UAV,indoor,GPS_denied_confirmed|UWB,EKF,other,RMSE,38.5,cm,custom,simulation,We tackle this problem by proposing a novel solution enhancing the classical tag-and-anchor trilateration,navigation,false,Peripheral,Abstract-only extraction. QA capped accordingly.,,false,0,1,1,0,2,Q-low,B+1: quantitative error metric reported; C+1: established baseline compared; CAP: simulation-only -> max Q-medium
REC_1334,An Autonomous Relative Navigation Algorithm Based on Interframe and Scene Matching,Wang J.; Dong J.; Yue Y.; Zhou Q.; Zhang X.; Jiang H.; Wang H.; Wang G.; Wang S.,2025,,10.1007/978-981-96-2208-5_31,Scopus,UAV,mixed,GPS_denied_confirmed,other,other,RMSE,200.0,m,custom,real_world,"To address the navi gation and positioning challenges in GNSS-denied scenarios, this paper proposes a fully vision-based autonomous relative navigation algorithm based on interframe and scene matching",military,false,Peripheral,Abstract-only extraction. QA capped accordingly.,,false,1,1,0,0,2,Q-low,A+2: real-world experiments; B+1: quantitative error metric reported; CAP: abstract-only -1 rigor (cannot verify from abstract alone)
REC_1336,Multi-sensor robust relative estimation framework for GPS-denied multirotor aircraft,Koch D.P.; McLain T.W.; Brink K.M.,2016,,10.1109/ICUAS.2016.7502619,Scopus,UAV,outdoor,GPS_denied_confirmed|wheel_encoder,EKF,other,RMSE,,,custom,simulation,An estimation framework is presented that improves the robustness of GPS-denied state estimation to changing environmental conditions by fusing updates from multiple view-based odometry algorithms,navigation,false,Peripheral,Abstract-only extraction. QA capped accordingly.,,false,0,0,0,0,0,Q-low,CAP: simulation-only -> max Q-medium
REC_1338,Multiple drone navigation and formation using selective target tracking-based computer vision,Upadhyay J.; Rawat A.; Deb D.,2021,,10.3390/electronics10172125,Scopus,UAV,outdoor,camera|GPS_denied_confirmed,other,other,RMSE,99.0,%,custom,simulation,This paper presents a unique collaborative computer vision-based approach for target tracking as per the image’s specific location of interest,navigation,false,Peripheral,Abstract-only extraction. QA capped accordingly.,,false,0,2,1,0,3,Q-low,B+1: trajectory scale reported; B+1: ablation/failure analysis; C+1: established baseline compared; CAP: simulation-only -> max Q-medium
REC_1339,Offline Navigation (Homing) of Aerial Vehicles (Quadcopters) in GPS Denied Environments,Mondal M.; Poslavskiy S.,2021,,10.1142/S2301385021500102,Scopus,UAV,outdoor,GPS_denied_confirmed,other,other,success_rate,,,custom,simulation,"A control system modification is proposed, resulting in a high success rate with the several tests using a quadcopter with a Pixhawk flight controller, equipped with PX4FLOW",navigation,false,Peripheral,Abstract-only extraction. QA capped accordingly.,,false,0,1,0,0,1,Q-low,B+1: trajectory scale reported; CAP: simulation-only -> max Q-medium
REC_1340,Geolocalization from Aerial Sensing Images Using Road Network Alignment,Li Y.; Yang D.; Wang S.; Shi L.; Meng D.,2024,,10.3390/rs16030482,Scopus,UAV,outdoor,camera|GPS_denied_confirmed,other,other,RMSE,,,custom,real_world,"In this paper, we propose a novel geographic position estimation method for UAVs after road network alignment",navigation,false,Peripheral,Abstract-only extraction. QA capped accordingly.,,false,1,0,1,0,2,Q-low,A+2: real-world experiments; C+1: established baseline compared; CAP: abstract-only -1 rigor (cannot verify from abstract alone)
REC_1341,Consensus and Quantum Particle Swarm Optimization-Based Cooperative Navigation Method,Zhang C.; Hu H.; Zhang B.; Zeng H.,2026,,10.1007/978-981-95-3025-0_38,Scopus,UAV,simulation,GPS_denied_confirmed,particle_filter,loosely_coupled,RMSE,,,custom,real_world,"To this end, this paper proposes a consensus-enhanced particle filter algorithm using error constraints and quantum particle swarm optimization (C-EC-QPF) for cooperative navigation of swarm UAVs",navigation,false,Peripheral,Abstract-only extraction. QA capped accordingly.,,false,1,0,1,0,2,Q-low,A+2: real-world experiments; C+1: established baseline compared; CAP: abstract-only -1 rigor (cannot verify from abstract alone)
REC_1344,An Efficient Real-Time Indoor Autonomous Navigation and Path Planning System for Drones Based on RGB-D Sensor,Xiao R.; Du H.; Xu C.; Wang W.,2020,,10.1007/978-981-32-9050-1_4,Scopus,UAV,mixed,lidar|camera|IMU|GPS_denied_confirmed,SLAM,other,RMSE,,,custom,simulation,An efficient real-time autonomous drone navigation and path planning system is proposed by using an RGB-D sensor in the GPS-denied indoor environment,mapping,false,Peripheral,Abstract-only extraction. QA capped accordingly.,,false,0,0,1,0,1,Q-low,C+1: established baseline compared; CAP: simulation-only -> max Q-medium
REC_1346,Tag-based visual-inertial localization of unmanned aerial vehicles in indoor construction environments using an on-manifold extended Kalman filter,Kayhani N.; Zhao W.; McCabe B.; Schoellig A.P.,2022,,10.1016/j.autcon.2021.104112,Scopus,UAV,mixed,camera|IMU|GPS_denied_confirmed,EKF,other,RMSE,5.0,cm,custom,simulation,This research proposes a tag-based visual-inertial localization method for off-the-shelf UAVs with only a camera and an inertial measurement unit (IMU),navigation,false,Peripheral,Abstract-only extraction. QA capped accordingly.,,false,0,1,1,0,2,Q-low,B+1: quantitative error metric reported; C+1: established baseline compared; CAP: simulation-only -> max Q-medium
REC_1347,A Ground Moving Target Tracking System for a Quadrotor in GPS-Denied Environments,Guo J.; Chen Z.; Wang J.; Zou P.,2022,,10.1007/978-981-15-8155-7_246,Scopus,UAV,indoor,camera|IMU|GPS_denied_confirmed|barometer,EKF,other,RMSE,,,custom,simulation,This paper presents a fully autonomous quadrotor helicopter for a ground target tracking mission,navigation,false,Peripheral,Abstract-only extraction. QA capped accordingly.,,false,0,0,1,0,1,Q-low,C+1: established baseline compared; CAP: simulation-only -> max Q-medium
REC_1348,LiDAR-odometry based UAV pose estimation in young forest environment,Ouattara I.; Korhonen V.; Visala A.,2022,,10.1016/j.ifacol.2022.11.121,Scopus,UAV,outdoor,lidar|IMU|GPS_denied_confirmed|wheel_encoder,graph_SLAM,other,RMSE,,,custom,simulation,"In this study, we propose a real-time pose estimation solution for Unmanned Aerial Vehicle in a seedling pine forest environment",navigation,false,Peripheral,Abstract-only extraction. QA capped accordingly.,,false,0,0,0,0,0,Q-low,A+1: repeatability/multiple runs; CAP: simulation-only -> max Q-medium; CAP: abstract-only -1 rigor (cannot verify from abstract alone)
REC_1352,Visual-Inertial Method for Localizing Aerial Vehicles in GNSS-Denied Environments,Tonini A.; Castelli M.; Bates J.S.; Lin N.N.N.; Painho M.,2024,,10.3390/app14209493,Scopus,UAV,indoor,lidar|camera|IMU|GPS_denied_confirmed,other,other,RMSE,,,custom,simulation,"This paper introduces a novel method for determining the absolute position of aerial vehicles using only two known coordinate points that reduce the calculation complexity and, therefore, the computat",navigation,false,Peripheral,Abstract-only extraction. QA capped accordingly.,,false,0,0,0,0,0,Q-low,CAP: simulation-only -> max Q-medium
REC_1353,Ultra-wideband and odometry-based cooperative relative localization with application to multi-UAV formation control,Guo K.; Li X.; Xie L.,2020,,10.1109/TCYB.2019.2905570,Scopus,UAV,simulation,UWB|wheel_encoder,other,loosely_coupled,RMSE,,,custom,real_world,The proposed RL estimation is then applied to formation control,navigation,false,Peripheral,Abstract-only extraction. QA capped accordingly.,,false,1,2,0,0,3,Q-low,A+2: real-world experiments; B+1: trajectory scale reported; B+1: ablation/failure analysis; CAP: abstract-only -1 rigor (cannot verify from abstract alone)
REC_1355,A distributed approach for lidar-based relative state estimation of multi-UAV in GPS-denied environments,SHEN H.; ZONG Q.; LU H.; ZHANG X.; TIAN B.; HE L.,2022,,10.1016/j.cja.2021.04.021,Scopus,UAV,outdoor,lidar|GPS_denied_confirmed,graph_SLAM,other,RMSE,5.0,m,custom,real_world,"In this paper, we present a distributed framework for the lidar-based relative state estimator which achieves highly accurate, real-time trajectory estimation of multiple Unmanned Aerial Vehicles (UAV",navigation,false,Peripheral,Abstract-only extraction. QA capped accordingly.,,false,1,2,0,0,3,Q-low,A+2: real-world experiments; B+1: quantitative error metric reported; B+1: ablation/failure analysis; CAP: abstract-only -1 rigor (cannot verify from abstract alone)
REC_1356,Autonomous quadrotor collision avoidance and destination seeking in a GPS-denied environment,Kirven T.; Hoagg J.B.,2021,,10.1007/s10514-020-09949-2,Scopus,UAV,outdoor,GPS_denied_confirmed,other,loosely_coupled,RMSE,,,custom,simulation,We present a new integrated guidance and control method for autonomous collision avoidance and navigation in an unmapped GPS-denied environment that contains unknown obstacles,navigation,false,Peripheral,Abstract-only extraction. QA capped accordingly.,,false,0,0,0,0,0,Q-low,CAP: simulation-only -> max Q-medium
REC_1358,An experimental analysis of outdoor UAV localisation through diverse estimators and crowd-sensed data fusion,Ahmed M.M.; Shawky M.A.; Zahran S.; Moussa A.; EL-Shimy N.; Elmahallawy A.A.; Ansari S.; Shah S.T.; Abdellatif A.G.,2024,,10.1016/j.phycom.2024.102475,Scopus,UAV,mixed,camera|IMU|GPS_denied_confirmed|barometer|magnetometer|radar,particle_filter,loosely_coupled,drift_pct,99.89,%,custom,real_world,"Motivated by the challenge of achieving precise 3D outdoor localisation for unmanned aerial vehicles (UAVs) in global navigation satellite system (GNSS)-denied environments, this paper introduces an i",navigation,false,Peripheral,Abstract-only extraction. QA capped accordingly.,,false,1,0,1,0,2,Q-low,A+2: real-world experiments; C+1: established baseline compared; CAP: abstract-only -1 rigor (cannot verify from abstract alone)
REC_1361,Range-based collaborative relative navigation for multiple unmanned aerial vehicles using consensus extended Kalman filter,Gong B.; Wang S.; Hao M.; Guan X.; Li S.,2021,,10.1016/j.ast.2021.106647,Scopus,UAV,simulation,IMU|GPS_denied_confirmed,particle_filter,loosely_coupled,RMSE,,,custom,real_world,"Approaches developed in previous studies include the use of one or more anchors, optical-flow measuring velocity, or multiple range sensors to solve the observability of the estimated states",navigation,false,Peripheral,Abstract-only extraction. QA capped accordingly.,,false,1,1,0,0,2,Q-low,A+2: real-world experiments; B+1: trajectory scale reported; CAP: abstract-only -1 rigor (cannot verify from abstract alone)
REC_1363,CSLAM and GPS based navigation for multi-UAV cooperative transportation system,Yu H.; Zhang F.; Huang P.,2019,,10.1007/978-3-030-27535-8_29,Scopus,UAV,outdoor,camera|GPS_denied_confirmed,VIO_SLAM,loosely_coupled,RMSE,,,custom,simulation,Multi-UAV cooperative technology is developing vigorously due to its convenience and expandability,mapping,false,Peripheral,Abstract-only extraction. QA capped accordingly.,,false,0,2,1,0,3,Q-low,B+1: trajectory scale reported; B+1: ablation/failure analysis; C+1: established baseline compared; CAP: simulation-only -> max Q-medium
REC_1365,Coordination and Planning Algorithms for a UAS Fleet in GPS-Denied Environments,Kumar N.; Ganeshan R.; Rathinam S.; Darbha S.,2026,,10.2514/6.2026-1091,Scopus,UAV,simulation,GPS_denied_confirmed|wheel_encoder,EKF,other,RMSE,,,custom,simulation,"This paper presents an Extended Kalman Filter (EKF)-based cooperative localization framework that utilizes odometry, heading, and range measurements from onboard sensors and inter-vehicle communicatio",navigation,false,Peripheral,Abstract-only extraction. QA capped accordingly.,,false,0,0,1,0,1,Q-low,C+1: established baseline compared; CAP: simulation-only -> max Q-medium
REC_1366,Cooperative Localisation of a GPS-Denied UAV in 3-Dimensional Space Using Direction of Arrival Measurements,Russell J.S.; Ye M.; Anderson B.D.O.; Hmam H.; Sarunic P.,2017,,10.1016/j.ifacol.2017.08.1226,Scopus,UAV,mixed,IMU|GPS_denied_confirmed,other,other,RMSE,,,custom,simulation,This paper presents a novel approach for localising a GPS (Global Positioning System)-denied Unmanned Aerial Vehicle (UAV) with the aid of a GPS-equipped UAV in three-dimensional space,navigation,false,Peripheral,Abstract-only extraction. QA capped accordingly.,,false,0,0,0,0,0,Q-low,CAP: simulation-only -> max Q-medium
REC_1370,Cooperative navigation for UAVs in GNSS-denied area based on optimized belief propagation,Li J.; Yang G.; Cai Q.; Niu H.; Li J.,2022,,10.1016/j.measurement.2022.110797,Scopus,UAV,simulation,GPS_denied_confirmed,other,loosely_coupled,RMSE,,,custom,simulation,"In this paper, we propose a novel cooperative navigation framework based on optimized belief propagation (BP) in the GNSS-denied area",navigation,false,Peripheral,Abstract-only extraction. QA capped accordingly.,,false,0,0,0,0,0,Q-low,CAP: simulation-only -> max Q-medium
REC_1373,Enabling UAV navigation with sensor and environmental uncertainty in cluttered and GPS-denied environments,Vanegas F.; Gonzalez F.,2016,,10.3390/s16050666,Scopus,UAV,simulation,GPS_denied_confirmed,other,other,RMSE,,,custom,real_world,This GPS waypoint navigation does however become dangerous in environments where the GPS signal is faulty or is only present in some places and when the airspace is filled with obstacles,navigation,false,Peripheral,Abstract-only extraction. QA capped accordingly.,,false,1,1,0,0,2,Q-low,A+2: real-world experiments; B+1: ablation/failure analysis; CAP: abstract-only -1 rigor (cannot verify from abstract alone)
REC_1374,Monocular visual slam based on a cooperative uav–target system,Trujillo J.-C.; Munguia R.; Urzua S.; Guerra E.; Grau A.,2020,,10.3390/s20123531,Scopus,UAV,mixed,camera|GPS_denied_confirmed|barometer,VIO_SLAM,other,RMSE,,,custom,simulation,"To this effect, GPS represents the typical solution for determining the position of a UAV operating in outdoor and open environments",mapping,false,Peripheral,Abstract-only extraction. QA capped accordingly.,,false,0,0,0,0,0,Q-low,CAP: simulation-only -> max Q-medium
REC_1375,Adaptive and Resilient Consensus for UAV-UGV Teams via Virtual Agent Mediation and Topology Switching,Guo F.; Shen R.; Zhang J.; Sun C.; Zhan Q.,2025,,10.1109/ROBIO66223.2025.11376277,Scopus,UAV,simulation,lidar|GPS_denied_confirmed,other,other,RMSE,,,custom,simulation,We propose a novel framework that introduces a gimbal-mounted LiDAR virtual agent to mediate coordination between aerial and ground vehicles,navigation,false,Peripheral,Abstract-only extraction. QA capped accordingly.,,false,0,0,0,0,0,Q-low,CAP: simulation-only -> max Q-medium
REC_1376,Efficient visual odometry and mapping for Unmanned Aerial Vehicle using ARM-based stereo vision pre-processing system,Fu C.; Carrio A.; Campoy P.,2015,,10.1109/ICUAS.2015.7152384,Scopus,UAV,outdoor,camera|GPS_denied_confirmed|wheel_encoder,other,other,RMSE,12.0,cm,EuRoC,real_world,"This work presents a new light small-scale low-cost ARM-based stereo vision pre-processing system, which not only is used as onboard sensor to continuously estimate 6-DOF UAV pose, but also as onboard",mapping,false,Peripheral,Abstract-only extraction. QA capped accordingly.,,false,1,1,0,0,2,Q-low,A+2: real-world experiments; B+1: quantitative error metric reported; CAP: abstract-only -1 rigor (cannot verify from abstract alone)
REC_1378,Optical Flow Sensor/INS/Magnetometer Integrated Navigation System for MAV in GPS-Denied Environment,Shen C.; Bai Z.; Cao H.; Xu K.; Wang C.; Zhang H.; Wang D.; Tang J.; Liu J.,2016,,10.1155/2016/6105803,Scopus,UAV,outdoor,IMU|GPS_denied_confirmed|magnetometer,EKF,loosely_coupled,drift_pct,,,custom,simulation,"To overcome the above problem, an INS/optical flow/magnetometer integrated navigation scheme is proposed for GPS-denied environment in this paper",navigation,false,Peripheral,Abstract-only extraction. QA capped accordingly.,,false,0,0,0,0,0,Q-low,CAP: simulation-only -> max Q-medium
REC_1379,VLM-Guided and Spatially Consistent Cross-View Matching and Localization of UGVs in UAV-Stitched Map,Yang Y.; Ma X.; Jiang Z.; Sun P.; Zhao X.; Xie Y.; Qian W.,2025,,10.3390/drones9120873,Scopus,UAV,outdoor,camera|GPS_denied_confirmed,other,other,RMSE,,,custom,real_world,Highlights: What are the main fundings? A novel cross-view matching and localization (CVML) framework aligns UGV images with UAV-stitched maps in GNSS-denied environments,mapping,false,Peripheral,Abstract-only extraction. QA capped accordingly.,,false,1,1,1,0,3,Q-low,A+2: real-world experiments; B+1: ablation/failure analysis; C+1: established baseline compared; CAP: abstract-only -1 rigor (cannot verify from abstract alone)
REC_1381,Perception-and-Energy-aware Motion Planning for UAV using Learning-based Model under Heteroscedastic Uncertainty,Takemura R.; Ishigami G.,2024,,10.1109/ICRA57147.2024.10610390,Scopus,UAV,simulation,lidar|GPS_denied_confirmed,DNN,other,RMSE,,,custom,real_world,"To this end, this study presents perception-and-energy-aware motion planning for UAVs in GNSS-denied environments",navigation,false,Peripheral,Abstract-only extraction. QA capped accordingly.,,false,1,0,0,1,2,Q-low,A+2: real-world experiments; D+1: code/data released; CAP: abstract-only -1 rigor (cannot verify from abstract alone)
REC_1393,ST-DCL: A Spatio-Temporally Decoupled Cooperative Localization Method for Dynamic Drone Swarms,Wu H.; Shi Z.; Wu Z.; Xu H.; Tu Z.,2026,,10.3390/drones10010069,Scopus,UAV,simulation,GPS_denied_confirmed,DNN,deep_learning,RMSE,21.0,%,custom,real_world,Highlights: What are the main findings? We establish a novel differential equation model that rigorously quantifies the joint impact of abrupt kinematic changes and network connectivity on spatio-temp,search_rescue,false,Peripheral,Abstract-only extraction. QA capped accordingly.,,false,1,1,0,0,2,Q-low,A+2: real-world experiments; B+1: quantitative error metric reported; CAP: abstract-only -1 rigor (cannot verify from abstract alone)
REC_1398,Autonomous lighting audits: Part 1 - Building navigation and mapping,Bay C.J.; Terrill T.J.; Rasmussen B.P.,2014,,10.1115/dscc2014-6125,Scopus,UAV,mixed,GPS_denied_confirmed,other,other,RMSE,40.0,%,custom,simulation,"Buildings represent a large portion, approximately 40%, of all US energy use and carbon emissions",mapping,false,Peripheral,Abstract-only extraction. QA capped accordingly.,,false,0,0,0,0,0,Q-low,CAP: simulation-only -> max Q-medium
REC_1399,Adaptive Texture-Aware Pixel Selection for Robust Direct Visual Odometry in UAV Navigation,"Gaia J.; Fagundes L., Jr.; Soria C.; Brandão A.",2026,,10.1109/ICUAS69441.2026.11598726,Scopus,UAV,mixed,camera|GPS_denied_confirmed|wheel_encoder,other,other,RMSE,,,custom,simulation,This paper proposes an adaptive pixel selection mechanism for DVO systems,navigation,false,Peripheral,Abstract-only extraction. QA capped accordingly.,,false,0,1,0,0,1,Q-low,B+1: ablation/failure analysis; CAP: simulation-only -> max Q-medium
REC_1400,Indoor SLAM for micro aerial vehicles using visual and laser sensor fusion,López E.; Barea R.; Gómez A.; Saltos Á.; Bergasa L.M.; Molinos E.J.; Nemra A.,2016,,10.1007/978-3-319-27146-0_41,Scopus,UAV,indoor,camera|IMU|GPS_denied_confirmed,VIO_SLAM,loosely_coupled,RMSE,,,custom,simulation,This paper represents research in progress in Simultaneous Localization and Mapping (SLAM) for Micro Aerial Vehicles (MAVs) in the context of rescue and/or recognition navigation tasks in indoor envir,mapping,false,Peripheral,Abstract-only extraction. QA capped accordingly.,,false,0,0,1,0,1,Q-low,C+1: established baseline compared; CAP: simulation-only -> max Q-medium
REC_1402,Oxpecker: A Tethered UAV for Inspection of Stone-Mine Pillars,"Martinez Rocamora B., Jr.; Lima R.R.; Samarakoon K.; Rathjen J.; Gross J.N.; Pereira G.A.S.",2023,,10.3390/drones7020073,Scopus,UAV,indoor,lidar,other,other,RMSE,,,custom,real_world,This paper presents a state-of-the-art tethered unmanned aerial vehicle (TUAV) for structural integrity assessment of underground stone mine pillars,inspection,false,Peripheral,Abstract-only extraction. QA capped accordingly.,,false,1,0,0,0,1,Q-low,A+2: real-world experiments; CAP: abstract-only -1 rigor (cannot verify from abstract alone)
REC_1403,Simless GSM positioning for navigation in GPS-denied environments,Soldado Serrano I.; García Doblado J.; Finazzi I.F.; Martín Prats M.Á.,2018,,10.1108/AEAT-01-2017-0029,Scopus,UAV,outdoor,GPS_denied_confirmed,other,other,RMSE,,,custom,simulation,"However, the so-called GNSS-denied environments open a new research line which pursues the development of alternative technologies which will cover this gap in positioning systems’ services",navigation,false,Peripheral,Abstract-only extraction. QA capped accordingly.,,false,0,0,0,0,0,Q-low,CAP: simulation-only -> max Q-medium
REC_1405,Angle Robustness Unmanned Aerial Vehicle Navigation in GNSS-Denied Scenarios,Wang Y.; Feng Z.; Zhang H.; Gao Y.; Lei J.; Sun L.; Song M.,2024,,10.1609/aaai.v38i9.28906,Scopus,UAV,simulation,GPS_denied_confirmed,other,other,success_rate,26.0,%,custom,real_world,"In this paper, we present a novel angle robustness navigation paradigm to deal with flight deviation in point-to-point navigation tasks",navigation,false,Peripheral,Abstract-only extraction. QA capped accordingly.,,false,1,0,0,0,1,Q-low,A+2: real-world experiments; CAP: abstract-only -1 rigor (cannot verify from abstract alone)
REC_1409,Invariant observer design of a RGB-D aided inertial system for MAV in GPS-denied environments,Li D.; Li Q.; Cheng N.; Song J.; Wu Q.; Tang L.,2013,,10.1109/SMC.2013.443,Scopus,UAV,indoor,camera|IMU|GPS_denied_confirmed|wheel_encoder,EKF,loosely_coupled,RMSE,,,custom,real_world,"This paper presents an non-linear observer framework that uses low-cost inertial measurement units (IMU) and RGB-D sensor to provide position, attitude and velocity estimates for micro aerial vehicles",navigation,false,Peripheral,Abstract-only extraction. QA capped accordingly.,,false,1,0,1,0,2,Q-low,A+2: real-world experiments; C+1: established baseline compared; CAP: abstract-only -1 rigor (cannot verify from abstract alone)
REC_1411,Detecting and Localizing Objects on an Unmanned Aerial System (UAS) Integrated with a Mobile Device,Kim J.; Lin K.; Nogar S.M.; Larkin D.; Korpela C.M.,2021,,10.1109/ICUAS51884.2021.9476850,Scopus,UAV,outdoor,camera|IMU|GPS_denied_confirmed|wheel_encoder,VIO,loosely_coupled,RMSE,,,custom,simulation,"In this paper, a system architecture is proposed that utilizes visual-inertial odometry (VIO) and object recognition and localization for a quadrotor UAS",navigation,false,Peripheral,Abstract-only extraction. QA capped accordingly.,,false,0,0,0,0,0,Q-low,CAP: simulation-only -> max Q-medium
REC_1412,Collision Avoidance for a Hexacopter Using Deep Learning and IMU in a GPS-Denied Environment,Kim J.; Lee H.; Park J.,2026,,10.1007/s12555-026-00052-3,Scopus,UAV,simulation,camera|IMU|GPS_denied_confirmed,DNN,deep_learning,drift_pct,,,custom,simulation,This paper proposes a deep neural network to improve the state estimation and collision avoidance performance of a hexacopter Unmanned Aerial Vehicle operating in GPS-denied environments,navigation,false,Peripheral,Abstract-only extraction. QA capped accordingly.,,false,0,0,1,0,1,Q-low,C+1: established baseline compared; CAP: simulation-only -> max Q-medium
REC_1416,Convergence analysis of state estimation for UAV formation under GPS-denied environments,Ding Y.; Wang Z.; Cong Y.; Wang X.,2025,,10.1002/oca.3159,Scopus,UAV,simulation,GPS_denied_confirmed,other,other,RMSE,,,custom,simulation,"In this article, we focus on the state estimation and formation control problem for a multi-UAV system, where only parts of UAVs have GPS measurements, that is, the anchors, and the other UAVs measure",navigation,false,Peripheral,Abstract-only extraction. QA capped accordingly.,,false,0,0,0,0,0,Q-low,A+1: repeatability/multiple runs; CAP: simulation-only -> max Q-medium; CAP: abstract-only -1 rigor (cannot verify from abstract alone)
REC_1417,Cellular Communication-Based Autonomous UAV Navigation with Obstacle Avoidance for Unknown Indoor Environments,Choi Y.J.; Ramatryana I.N.A.; Shin S.Y.,2021,,10.22266/ijies2021.0430.31,Scopus,UAV,mixed,lidar|GPS_denied_confirmed|WiFi,VIO_SLAM,other,RMSE,57.5,%,custom,simulation,"In this paper, a cellular communication-based autonomous UAV Navigation is proposed that enables UAVs to maneuver independently in previously unknown and GPS-denied indoor environments with LiDAR sens",mapping,false,Peripheral,Abstract-only extraction. QA capped accordingly.,,false,0,1,0,0,1,Q-low,B+1: trajectory scale reported; CAP: simulation-only -> max Q-medium
REC_1421,Efficient Three Dimensional Formation Control for Unmanned Aerial Vehicles in GPS-Denied Environments,Selje R.; Al-Radaideh A.; Sun L.,2021,,10.23919/ACC50511.2021.9483176,Scopus,UAV,simulation,GPS_denied_confirmed,other,other,RMSE,,,custom,simulation,The proposed controller is tested in a simulated environment where the follower UAV is commanded to follow a predefined 3D formation with respect to the leader UAV that tracks a circular orbit with in,navigation,false,Peripheral,Abstract-only extraction. QA capped accordingly.,,false,0,2,0,0,2,Q-low,B+1: trajectory scale reported; B+1: ablation/failure analysis; CAP: simulation-only -> max Q-medium
REC_1422,Improved UKF-SLAM with Lie Group Operation and Robust Feature Tracking for Motion Vehicles,Huang X.; Liang Z.; Zhang K.; Liu P.,2021,,10.1088/1742-6596/2095/1/012036,Scopus,UAV,outdoor,camera|IMU|GPS_denied_confirmed,VIO_SLAM,tightly_coupled,RMSE,,,custom,simulation,"This paper proposes an improved simultaneous localization and mapping (SLAM) algorithm based on tightly coupled camera images and IMU data, which provides accurate and robust localization for autonomo",mapping,false,Peripheral,Abstract-only extraction. QA capped accordingly.,,false,0,0,1,0,1,Q-low,C+1: established baseline compared; CAP: simulation-only -> max Q-medium
REC_1423,A robust real-time vision based GPS-denied navigation system of UAV,Yang L.; Xiao B.; Zhou Y.; He Y.; Zhang H.; Han J.,2016,,10.1109/CYBER.2016.7574843,Scopus,UAV,outdoor,camera|GPS_denied_confirmed,other,other,RMSE,,,custom,simulation,"In order to accomplish the cargo transport task, a method of a real-time vision-based GPS-denied multiple object tracking for UAV is developed",navigation,false,Peripheral,Abstract-only extraction. QA capped accordingly.,,false,0,1,0,0,1,Q-low,B+1: trajectory scale reported; CAP: simulation-only -> max Q-medium
REC_1429,Modelling and Simulation of Fast Autonomous Exploration and Mapping System for GPS Denied Unknown Environment Using ROS,Umakarthikeyan S.; Ram Kumar K.; Priyadharshini S.,2022,,10.1109/ICRAIE56454.2022.10054265,Scopus,UAV,mixed,camera|GPS_denied_confirmed,other,loosely_coupled,RMSE,,,custom,simulation,This paper describes a multi-robot coordinated heterogeneous vehicle which employs cooperative unmanned ground vehicles (UGVs) and unmanned aerial vehicles (UAVs) to explore and map a GPS-denied unkno,mapping,false,Peripheral,Abstract-only extraction. QA capped accordingly.,,false,0,0,0,0,0,Q-low,CAP: simulation-only -> max Q-medium
REC_1431,Advancing Autonomous UAV Target Localization in GPS-Denied Environments,Dawne A.; Nazaruddin Y.Y.; Wardana R.P.; Ikhtiarudin A.; Mardhatillah I.; Fauzan I.M.,2023,,10.1109/CoDIT58514.2023.10284425,Scopus,UAV,indoor,GPS_denied_confirmed,other,other,RMSE,,,custom,real_world,This research introduces a novel approach to enhance the robustness of autonomous UAV target localization in GPS-denied environments,navigation,false,Peripheral,Abstract-only extraction. QA capped accordingly.,,false,1,1,0,0,2,Q-low,A+2: real-world experiments; B+1: ablation/failure analysis; CAP: abstract-only -1 rigor (cannot verify from abstract alone)
REC_1432,GNSS/INS/VO fusion using Gated Recurrent Unit in GNSS denied environments,Negru S.A.; Geragersian P.; Petrunin I.; Zolotas A.; Grech R.,2023,,10.2514/6.2023-2226,Scopus,UAV,outdoor,camera|IMU|GPS_denied_confirmed|wheel_encoder,hybrid,loosely_coupled,RMSE,,,custom,real_world,The paper is analyzing a novel sensor fusion framework with the aim to obtain a stable flight in a degraded GNSS environment,delivery,false,Peripheral,Abstract-only extraction. QA capped accordingly.,,false,1,0,0,0,1,Q-low,A+2: real-world experiments; CAP: abstract-only -1 rigor (cannot verify from abstract alone)
REC_1433,UAV autonomous localization using macro-features matching with a CAD model,Haque A.; Elsaharti A.; Elderini T.; Elsaharty M.A.; Neubert J.,2020,,10.3390/s20030743,Scopus,UAV,simulation,GPS_denied_confirmed,other,other,RMSE,,,custom,real_world,"This paper presents a novel offline, portable, real-time in-door UAV localization technique that relies on macro-feature detection and matching",military,false,Peripheral,Abstract-only extraction. QA capped accordingly.,,false,1,0,0,0,1,Q-low,A+2: real-world experiments; CAP: abstract-only -1 rigor (cannot verify from abstract alone)
REC_1434,"Design, Localization, Perception, and Control for GPS-Denied Autonomous Aerial Grasping and Harvesting",Kumar A.; Behera L.,2024,,10.1109/LRA.2024.3366015,Scopus,UAV,indoor,camera|GPS_denied_confirmed,other,deep_learning,RMSE,,,custom,simulation,"In this letter, we present a comprehensive UAV system design to perform the highly complex task of off-centered aerial grasping",navigation,false,Peripheral,Abstract-only extraction. QA capped accordingly.,,false,0,0,0,0,0,Q-low,CAP: simulation-only -> max Q-medium
REC_1435,UAV-Assisted Collaborative Positioning in GNSS-Denied Environments,Masiero A.; Toth C.; Morelli L.; Trybala P.; Remondino F.,2026,,10.5194/isprs-archives-XLIX-B1-2026-41-2026,Scopus,UAV,indoor,lidar|camera|GPS_denied_confirmed|UWB|wheel_encoder,other,other,RMSE,,,custom,simulation,Accurate and reliable positioning and navigation are fundamental for the development of a wide number of applications,navigation,false,Peripheral,Abstract-only extraction. QA capped accordingly.,,false,0,0,0,0,0,Q-low,CAP: simulation-only -> max Q-medium
REC_1437,Absolute Visual Localization for Aerial Vehicles Based on Deep Learning Image Matching,Yang Y.; Xu L.; Wang B.; Han Y.; Ye D.,2025,,10.1145/3722405.3722421,Scopus,UAV,outdoor,camera|IMU|GPS_denied_confirmed,DNN,deep_learning,RMSE,500.0,m,custom,real_world,"The proposed methodology utilizes a deep learning-based image matching technique, employing the LoFTR model to match features on rectified aerial images and segmented satellite maps",mapping,false,Important,Abstract-only extraction. QA capped accordingly.,,false,1,1,2,0,4,Q-medium,A+2: real-world experiments; B+1: quantitative error metric reported; C+1: established baseline compared; C+1: matched conditions; CAP: abstract-only -1 rigor (cannot verify from abstract alone)
REC_1438,3D motion planning for UAVs in GPS-denied unknown forest environment,Liao F.; Lai S.; Hu Y.; Cui J.; Wang J.L.; Teo R.; Lin F.,2016,,10.1109/IVS.2016.7535393,Scopus,UAV,simulation,GPS_denied_confirmed,other,other,RMSE,,,custom,simulation,"In this paper, a decomposition hierarchic on-line motion planning approach consisting of path planning and trajectory generation is proposed for VTOL UAVs to fly in a GPS-denied unknown obstacle-rich ",navigation,false,Peripheral,Abstract-only extraction. QA capped accordingly.,,false,0,0,0,0,0,Q-low,CAP: simulation-only -> max Q-medium
REC_1439,3D map and mmWave radar-based self-localization for UAVs in GNSS-denied environments,Cui Y.; Zhang Y.; Bai D.; Diao Y.; Wang Y.,2026,,10.1016/j.vehcom.2025.100986,Scopus,UAV,outdoor,lidar|camera|GPS_denied_confirmed|radar,other,other,RMSE,0.4,m,custom,simulation,This paper presents a robust and cost-effective method for UAV self-localization by using vision and millimeter-wave (mmWave) radar data in GNSS-denied environments,navigation,false,Peripheral,Abstract-only extraction. QA capped accordingly.,,false,0,1,0,0,1,Q-low,B+1: quantitative error metric reported; CAP: simulation-only -> max Q-medium
REC_1440,A Review of Navigation Algorithms for Unmanned Aerial Vehicles Based on Computer Vision Systems,Ali B.; Sadekov R.N.; Tsodokova V.V.,2022,,10.1134/S2075108722040022,Scopus,UAV,outdoor,camera|GPS_denied_confirmed,DNN,deep_learning,RMSE,,,custom,simulation,The paper concludes with a discussion of the capabilities and limitations of the proposed approaches,navigation,false,Peripheral,Abstract-only extraction. QA capped accordingly.,,false,0,1,0,0,1,Q-low,B+1: ablation/failure analysis; CAP: simulation-only -> max Q-medium
REC_1442,GPS Denied Localization and Magnetometer-Free Yaw Estimation for Multi-rotor UAVs,Balaji N.; Kothari M.; Abhishek A.,2020,,10.1109/ICUAS48674.2020.9213895,Scopus,UAV,outdoor,IMU|GPS_denied_confirmed|magnetometer,other,other,RMSE,,,custom,simulation,This paper presents a range-based localization scheme for multi-rotor systems in GPS denied environments and proposes a novel methodology to estimate the yaw attitude of the UAV during flight,navigation,false,Peripheral,Abstract-only extraction. QA capped accordingly.,,false,1,1,1,0,3,Q-low,A+1: ground-truth comparison; A+1: repeatability/multiple runs; B+1: ablation/failure analysis; C+1: established baseline compared; CAP: simulation-only -> max Q-medium; CAP: abstract-only -1 rigor (cannot verify from abstract alone)
REC_1443,Study on angle-only relative navigation for unmanned aerial vehicle formation in GPS-denied environment,Zheng Z.; Wang S.; Gong B.; Su E.; Huang H.,2023,,10.1177/09544100221149235,Scopus,UAV,simulation,camera|IMU|GPS_denied_confirmed,particle_filter,other,drift_pct,10.0,m,custom,simulation,"To satisfy the autonomous relative navigation demand of unmanned aerial vehicle (UAV) formation in a GPS-denied environment, an angle-only relative navigation algorithm is proposed",navigation,false,Peripheral,Abstract-only extraction. QA capped accordingly.,,false,0,1,0,0,1,Q-low,B+1: quantitative error metric reported; CAP: simulation-only -> max Q-medium
REC_1447,AN ACOUSTIC BASED LOCAL POSITIONING SYSTEM FOR DYNAMIC UAV IN GPS-DENIED ENVIRONMENTS,Tsay L.W.J.; Tomoo S.; Huang Z.; Nakanishi H.; Suzuki T.; Shiraga K.; Ogawa Y.; Kondo N.,2023,,10.13031/aea.15397,Scopus,UAV,outdoor,GPS_denied_confirmed|sonar,other,other,RMSE,90.2,%,custom,simulation,"An alternative positioning system, the Spread Spectrum Sound-based Local Positioning System (SSSLPS), was developed to extend the usage of UAVs in GPS-denied environments, such as greenhouses",navigation,false,Peripheral,Abstract-only extraction. QA capped accordingly.,,false,0,1,0,0,1,Q-low,A+1: ground-truth comparison; B+1: quantitative error metric reported; CAP: simulation-only -> max Q-medium; CAP: abstract-only -1 rigor (cannot verify from abstract alone)
REC_1449,Real-time multiple damage mapping using autonomous UAV and deep faster region-based neural networks for GPS-denied structures,Ali R.; Kang D.; Suh G.; Cha Y.-J.,2021,,10.1016/j.autcon.2021.103831,Scopus,UAV,outdoor,GPS_denied_confirmed,DNN,deep_learning,RMSE,93.31,%,custom,simulation,An autonomous unmanned aerial vehicle (UAV) system integrated with a modified faster region-based convolutional neural network (Faster R-CNN) is proposed to identify various types of structural damage,mapping,false,Peripheral,Abstract-only extraction. QA capped accordingly.,,false,0,0,0,0,0,Q-low,CAP: simulation-only -> max Q-medium
REC_1451,Vision Model-Based Real-Time Localization of Unmanned Aerial Vehicle for Autonomous Structure Inspection under GPS-Denied Environment,Shang Z.; Shen Z.,2019,,10.1061/9780784482445.037,Scopus,UAV,mixed,camera|GPS_denied_confirmed,other,other,RMSE,,,custom,simulation,In this paper a vision-model-based real-time self-positioning method is proposed to support autonomous aerial inspection without the need of GPS support,inspection,false,Peripheral,Abstract-only extraction. QA capped accordingly.,,false,0,1,1,0,2,Q-low,B+1: ablation/failure analysis; C+1: established baseline compared; CAP: simulation-only -> max Q-medium
REC_1452,Monocular Vision-Based Navigation for UAVs in Dynamic Environments,Perumalla A.; Johnson E.,2026,,10.2514/6.2026-1960,Scopus,UAV,simulation,camera|IMU|GPS_denied_confirmed,VIO_SLAM,other,RMSE,,,custom,simulation,This work presents a monocular vision-based simultaneous localization and mapping (SLAM) framework that allows a UAV flying in a GPS-denied environment to estimate the position and velocity of a platf,mapping,false,Peripheral,Abstract-only extraction. QA capped accordingly.,,false,0,0,1,0,1,Q-low,C+1: established baseline compared; CAP: simulation-only -> max Q-medium
REC_1453,A Graph-Optimization-Based tightly coupled Multi-Source positioning method for UAVs in GNSS-Denied environments,Lu J.; Zhang Z.; Qi Y.; Song P.,2026,,10.1016/j.measurement.2026.121787,Scopus,UAV,outdoor,camera|IMU|GPS_denied_confirmed|UWB,other,tightly_coupled,RMSE,11.8,%,custom,real_world,"To address UAV positioning in GNSS-denied environments, this study proposes a tightly coupled IMU–vision–UWB localization method",navigation,false,Peripheral,Abstract-only extraction. QA capped accordingly.,,false,1,2,0,0,3,Q-low,A+2: real-world experiments; B+1: quantitative error metric reported; B+1: ablation/failure analysis; CAP: abstract-only -1 rigor (cannot verify from abstract alone)
REC_1454,Adaptive UAV Visual Localisation Based on Improved Gradient-Damping Newton Method,Zhou X.; Fang A.; Fu S.; Liu J.; Zhang X.; Liao X.; Zhang J.,2026,,10.3390/electronics15101974,Scopus,UAV,simulation,camera,particle_filter,tightly_coupled,drift_pct,27.4,%,custom,simulation,"To address the challenge of visual localisation for UAVs operating in complex terrains under Global Navigation Satellite System (GNSS)-denied environments, this paper proposes an improved adaptive gra",navigation,false,Peripheral,Abstract-only extraction. QA capped accordingly.,,false,0,0,1,0,1,Q-low,C+1: established baseline compared; CAP: simulation-only -> max Q-medium
REC_1455,Cross-Modal Images Matching Based Enhancement to MEMS INS for UAV Navigation in GNSS Denied Environments,Han S.; Zhao M.; Wang K.; Dong J.; Su A.,2023,,10.3390/app13148238,Scopus,UAV,outdoor,camera|IMU|GPS_denied_confirmed,other,deep_learning,RMSE,,,custom,real_world,A new cross-modal image matching method is proposed to solve the problem that unmanned aerial vehicles (UAVs) are difficult to navigate in GPS-free environment and night environment,navigation,false,Peripheral,Abstract-only extraction. QA capped accordingly.,,false,1,0,0,0,1,Q-low,A+2: real-world experiments; CAP: abstract-only -1 rigor (cannot verify from abstract alone)
REC_1459,Automatic UAV Inspection of Tunnel Infrastructure in GPS-Denied Underground Environment,Zhang R.; Ouyang A.; Li Z.,2023,,10.1007/978-3-031-07258-1_53,Scopus,UAV,indoor,camera|GPS_denied_confirmed,other,other,RMSE,1.9,%,custom,real_world,"In order to facilitate data acquisition, this article developed a mobile software development kit (MSDK) for drone using visual positioning and predefined controlling code, which enabled the drone to ",inspection,false,Peripheral,Abstract-only extraction. QA capped accordingly.,,false,1,1,0,0,2,Q-low,A+2: real-world experiments; B+1: ablation/failure analysis; CAP: abstract-only -1 rigor (cannot verify from abstract alone)
REC_1461,Indoor GPS-denied context based SLAM aided guidance for autonomous unmanned aerial systems,Bershadsky D.; Johnson E.,2013,,10.2514/6.2013-4989,Scopus,UAV,indoor,GPS_denied_confirmed,SLAM,other,RMSE,,,custom,real_world,"Specifically, a graph-based frontier search algorithm which is aided by an onboard Simultaneous Localization and Mapping (SLAM) system is developed and flight tested",mapping,false,Peripheral,Abstract-only extraction. QA capped accordingly.,,false,1,1,0,0,2,Q-low,A+2: real-world experiments; B+1: ablation/failure analysis; CAP: abstract-only -1 rigor (cannot verify from abstract alone)
REC_1462,CBF-Based Collision Avoidance Approach of the Mine Inspection UAV in the Narrow GNSS-Denied Environments,Yang J.; Fang J.; Cao H.; Zhi Y.; Zhou J.; Liu L.,2025,,10.1109/CCDC65474.2025.11090999,Scopus,UAV,mixed,GPS_denied_confirmed,EKF,loosely_coupled,RMSE,,,custom,simulation,A novel approach based on Control Barrier Functions (CBF) is proposed,inspection,false,Peripheral,Abstract-only extraction. QA capped accordingly.,,false,0,0,0,0,0,Q-low,CAP: simulation-only -> max Q-medium
REC_1463,Decentralised Multi-UAV Cooperative Searching Multi-Target in Cluttered and GPS-Denied Environments,Zhu X.; Vanegas F.; Gonzalez F.,2022,,10.1109/AERO53065.2022.9843665,Scopus,UAV,mixed,GPS_denied_confirmed|WiFi,other,other,RMSE,,,custom,simulation,"In order to provide a possible solution for these applications, this paper presents a multi-UAV system that can be utilised for a team of UAVs to autonomously navigate, search and detect multiple targ",search_rescue,false,Peripheral,Abstract-only extraction. QA capped accordingly.,,false,0,1,0,0,1,Q-low,B+1: ablation/failure analysis; CAP: simulation-only -> max Q-medium
REC_1465,Computer vision based general object following for GPS-denied multirotor unmanned vehicles,Pestana J.; Sanchez-Lopez J.L.; Saripalli S.; Campoy P.,2014,,10.1109/ACC.2014.6858831,Scopus,UAV,outdoor,camera|IMU|GPS_denied_confirmed|wheel_encoder,other,other,RMSE,,,custom,simulation,"At the current stage of our development, in the event of image tracking loss the system starts to hover and waits for the image tracking recovery or second detection, which requires the usage of odome",navigation,false,Peripheral,Abstract-only extraction. QA capped accordingly.,,false,0,1,0,0,1,Q-low,B+1: trajectory scale reported; CAP: simulation-only -> max Q-medium
REC_1474,Robust UAV-Satellite Imagery Alignment via Cross-Domain Descriptor Learning and Homography Optimization,Xiao Y.; Wu Y.; Yang C.; Qin Z.; Yu Z.; Zheng H.,2026,,10.1109/TGRS.2026.3689254,Scopus,UAV,outdoor,IMU,other,loosely_coupled,RMSE,,,custom,real_world,"To address these issues, we present Co-Lo, a calibrated UAV-satellite dataset",navigation,false,Peripheral,Abstract-only extraction. QA capped accordingly.,,false,2,0,1,0,3,Q-low,A+2: real-world experiments; A+1: ground-truth comparison; C+1: established baseline compared; CAP: abstract-only -1 rigor (cannot verify from abstract alone)
REC_1475,LiDAR-Aided Relative and Absolute Localization for Automated UAV-based Inspection of Aircraft Fuselages,Pugliese R.; Konrad T.; Abel D.,2021,,10.1109/MFI52462.2021.9591172,Scopus,UAV,indoor,lidar|GPS_denied_confirmed,hybrid,loosely_coupled,RMSE,,,custom,real_world,"This paper proposes a novel approach to exploit a-priori knowledge of a cylindrical shaped inspection object, such as an aircraft fuselage, in order to support and supplement the position state estima",inspection,false,Peripheral,Abstract-only extraction. QA capped accordingly.,,false,1,0,0,0,1,Q-low,A+2: real-world experiments; CAP: abstract-only -1 rigor (cannot verify from abstract alone)
REC_1477,UAVD4L: A Large-Scale Dataset for UAV 6-DoF Localization,Wu R.; Cheng X.; Zhu J.; Liu Y.; Zhang M.; Yan S.,2024,,10.1109/3DV62453.2024.00156,Scopus,UAV,outdoor,camera|GPS_denied_confirmed,other,other,RMSE,,,custom,real_world,"To address these limitations, we introduce a large-scale 6-DoF UAV dataset for localization (UAVD4L) and develop a two-stage 6-DoF localization pipeline (UAVLoc), which consists of offline synthetic d",navigation,false,Important,Abstract-only extraction. QA capped accordingly.,,false,2,1,0,1,4,Q-medium,A+2: real-world experiments; A+1: ground-truth comparison; B+1: ablation/failure analysis; D+1: code/data released; CAP: abstract-only -1 rigor (cannot verify from abstract alone)
REC_1480,Pose estimation for an autonomous vehicle using monocular vision,Kothari N.; Gupta M.; Vachhani L.; Arya H.,2017,,10.1109/INDIANCC.2017.7846512,Scopus,UGV,mixed,camera|GPS_denied_confirmed|wheel_encoder,other,other,RMSE,,,custom,simulation,"Unlike Visual Odometry which operates on a sequence of images to estimate robot's motion, the proposed method estimates the robot's pose using individual images by constantly tracking four fixed featu",navigation,false,Peripheral,Abstract-only extraction. QA capped accordingly.,,false,0,1,0,0,1,Q-low,B+1: ablation/failure analysis; CAP: simulation-only -> max Q-medium
REC_1483,Optimal motion planning in gps-denied environments using nonlinear model predictive horizon,Al Younes Y.; Barczyk M.,2021,,10.3390/s21165547,Scopus,UAV,simulation,GPS_denied_confirmed,graph_SLAM,other,RMSE,,,custom,real_world,This paper presents a methodological motion planning approach which integrates a novel local path planning approach with a graph-based planner to enable an autonomous vehicle (here a drone) to navigat,mapping,false,Peripheral,Abstract-only extraction. QA capped accordingly.,,false,1,0,0,0,1,Q-low,A+2: real-world experiments; CAP: abstract-only -1 rigor (cannot verify from abstract alone)
REC_1484,Preserving Relative Localization of FoV-Limited Drone Swarm via Active Mutual Observation,Guo L.; Gongye Z.; Xu Z.; Wang Y.; Zhou X.; Zhou J.; Gao F.,2024,,10.1109/IROS58592.2024.10801634,Scopus,UAV,mixed,camera|GPS_denied_confirmed|wheel_encoder,EKF,other,drift_pct,65.0,%,custom,real_world,"To balance the two demands for FoV-limited swarms by acquiring mutual observations with a safety guarantee, this paper proposes an active localization correction system, which plans camera orientation",navigation,false,Peripheral,Abstract-only extraction. QA capped accordingly.,,false,1,0,0,0,1,Q-low,A+2: real-world experiments; CAP: abstract-only -1 rigor (cannot verify from abstract alone)
REC_1488,Distributed Relative Pose Estimation for Multi-UAV Systems Based on Inertial Navigation and Data Link Fusion,Li K.; Bu S.; Li J.; Xia Z.; Wang J.; Li X.,2025,,10.3390/drones9060405,Scopus,UAV,simulation,IMU|GPS_denied_confirmed,graph_SLAM,loosely_coupled,drift_pct,,,custom,real_world,This paper proposes a UAV formation positioning system that integrates inertial navigation with data link-based relative measurements to improve positioning accuracy,search_rescue,false,Important,Abstract-only extraction. QA capped accordingly.,,false,1,1,2,0,4,Q-medium,A+2: real-world experiments; B+1: ablation/failure analysis; C+1: established baseline compared; C+1: matched conditions; CAP: abstract-only -1 rigor (cannot verify from abstract alone)
REC_1490,Obtaining world coordinate information of uav in gnss denied environments,Chen C.; Tian Y.; Lin L.; Chen S.; Li H.; Wang Y.; Su K.,2020,,10.3390/s20082241,Scopus,UAV,outdoor,camera|IMU|GPS_denied_confirmed|magnetometer,other,other,RMSE,15.0,m,custom,real_world,This paper presents a pan-tilt-based visual servoing (PBVS) method for obtaining world coordinate information,navigation,false,Important,Abstract-only extraction. QA capped accordingly.,,false,1,2,1,0,4,Q-medium,A+2: real-world experiments; B+1: quantitative error metric reported; B+1: trajectory scale reported; C+1: established baseline compared; CAP: abstract-only -1 rigor (cannot verify from abstract alone)
REC_1491,Deep convolutional neural network based autonomous drone navigation,Amer K.; Samy M.; Shaker M.; Elhelw M.,2020,,10.1117/12.2587105,Scopus,UAV,mixed,camera|GPS_denied_confirmed|WiFi,DNN,deep_learning,RMSE,1.4,m,custom,simulation,This paper presents a novel approach for aerial drone autonomous navigation along predetermined paths using only visual input form an onboard camera and without reliance on a Global Positioning System,delivery,false,Peripheral,Abstract-only extraction. QA capped accordingly.,,false,0,2,0,0,2,Q-low,B+1: trajectory scale reported; B+1: ablation/failure analysis; CAP: simulation-only -> max Q-medium
REC_1496,Autonomous State Estimation and Mapping in Unknown Environments with Onboard Stereo Camera for Micro Aerial Vehicles,Sun J.; Song J.; Chen H.; Huang X.; Liu Y.,2020,,10.1109/TII.2019.2958183,Scopus,UAV,outdoor,camera|GPS_denied_confirmed,EKF,other,RMSE,,,custom,simulation,This article introduces a new approach to onboard vision-based autonomous state estimation and mapping for MAVs' navigation in unknown environments,search_rescue,false,Peripheral,Abstract-only extraction. QA capped accordingly.,,false,0,0,0,0,0,Q-low,CAP: simulation-only -> max Q-medium
REC_1502,A UAV-based explore-then-exploit system for autonomous indoor facility inspection and scene reconstruction,Gao C.; Wang X.; Wang R.; Zhao Z.; Zhai Y.; Chen X.; Chen B.M.,2023,,10.1016/j.autcon.2023.104753,Scopus,UAV,indoor,GPS_denied_confirmed,SLAM,other,RMSE,3.0,cm,custom,real_world,This paper presents a UAV-based explore-then-exploit system to tackle these problems for autonomous indoor facility data collection and scene reconstruction,inspection,false,Peripheral,Abstract-only extraction. QA capped accordingly.,,false,1,1,0,0,2,Q-low,A+2: real-world experiments; B+1: quantitative error metric reported; CAP: abstract-only -1 rigor (cannot verify from abstract alone)
REC_1504,Robust UAV Path Planning Using RSS in GPS-Denied and Dense Environments Based on Deep Reinforcement Learning,Kim K.; Seon J.; Kim J.; Kim J.; Sun Y.; Lee S.; Kim S.; Hwang B.; Lee M.; Kim J.,2025,,10.3390/electronics14193844,Scopus,UAV,simulation,GPS_denied_confirmed,DNN,other,RMSE,,,custom,simulation,"In order to consider these issues for practical implementation, a deep reinforcement learning (DRL)-based method is proposed for path planning and collision avoidance in GPS-denied and dense environme",navigation,false,Peripheral,Abstract-only extraction. QA capped accordingly.,,false,0,0,1,0,1,Q-low,C+1: established baseline compared; CAP: simulation-only -> max Q-medium
REC_1512,Hierarchical Multi-Agent Navigation Through the 72-h Thermal Drift Cliff,Alrashed M.; Aldaihani H.; Alqattan M.,2026,,10.3390/drones10080561,Scopus,UAV,simulation,IMU|GPS_denied_confirmed,SLAM,loosely_coupled,drift_pct,,,custom,real_world,"This paper presents BAZ II, a simulation-validated multi-agent navigationsystem that extends the analytical BAZ (bifurcation-aware zonal navigation) framework.Its central idea is to treat communicatio",navigation,false,Peripheral,Abstract-only extraction. QA capped accordingly.,,false,1,0,0,0,1,Q-low,A+2: real-world experiments; CAP: abstract-only -1 rigor (cannot verify from abstract alone)
REC_1518,Visual target tracking and relative navigation for unmanned aerial vehicles in a GPS-denied environment,Kim Y.; Jung W.; Bang H.,2014,,10.5139/IJASS.2014.15.3.258,Scopus,UAV,outdoor,camera|IMU|GPS_denied_confirmed|barometer,EKF,other,RMSE,,,custom,real_world,We present a system for the real-time visual relative navigation of a fixed-wing unmanned aerial vehicle in a GPS-denied environment,navigation,false,Peripheral,Abstract-only extraction. QA capped accordingly.,,false,1,1,0,0,2,Q-low,A+2: real-world experiments; B+1: ablation/failure analysis; CAP: abstract-only -1 rigor (cannot verify from abstract alone)
REC_1519,Employing smartphone as on-board navigator in unmanned aerial vehicles: Implementation and experiments,Zhao B.; Hellwich O.; Hu T.; Zhou D.; Niu Y.; Shen L.,2015,,10.1108/IR-01-2015-0016,Scopus,UAV,mixed,camera|IMU|wheel_encoder,VIO,other,RMSE,,,custom,simulation,"With the development of technology, smartphones have been tentatively used in micro-UAVs due to their lightweight, inexpensiveness and flexibility",navigation,false,Peripheral,Abstract-only extraction. QA capped accordingly.,,false,0,1,0,0,1,Q-low,B+1: ablation/failure analysis; CAP: simulation-only -> max Q-medium
REC_1521,Vision-based autonomous navigation for quadrotor UAVs in unknown and constrained environments,Hu Z.; Butt M.Z.; Nasir N.; Salleh M.B.,2025,,10.1007/s41315-025-00462-2,Scopus,UAV,simulation,camera|IMU|GPS_denied_confirmed|VINS,other,loosely_coupled,success_rate,0.8,m,custom,real_world,"This study presents a real-world evaluation of vision-based UAV navigation in constrained environments, offering insights into its feasibility and limitations",navigation,false,Important,Abstract-only extraction. QA capped accordingly.,,false,1,2,1,0,4,Q-medium,A+2: real-world experiments; B+1: quantitative error metric reported; B+1: ablation/failure analysis; C+1: established baseline compared; CAP: abstract-only -1 rigor (cannot verify from abstract alone)
REC_1522,A Real-Time Monocular Vision-Aided Target Detection and Tracking for Micro UAV in GPS Denied Environment,Li Z.; Li D.; Yang J.; Li H.,2022,,10.1007/978-981-15-8155-7_255,Scopus,UAV,outdoor,camera|GPS_denied_confirmed,DNN,deep_learning,RMSE,,,custom,real_world,"In this paper, we developed an autonomous MAV with embedded onboard vision processing as a navigation system, which can achieve fast and consistent flight to pass through targets in GPS denied environ",navigation,false,Peripheral,Abstract-only extraction. QA capped accordingly.,,false,1,0,1,0,2,Q-low,A+2: real-world experiments; C+1: established baseline compared; CAP: abstract-only -1 rigor (cannot verify from abstract alone)
REC_1525,Drone carrier: An integrated unmanned surface vehicle for autonomous inspection and intervention in GNSS-denied maritime environment,Dong Y.; Din M.U.; Lagala F.; Kuang H.; Sun J.; Yang S.; Hussain I.; He S.,2026,,10.1016/j.joes.2026.02.002,Scopus,UAV,outdoor,lidar|camera|GPS_denied_confirmed|UWB,EKF,loosely_coupled,RMSE,200.0,m,custom,simulation,"These results demonstrate robust closed-loop operation under GNSS denial and delineate the present envelope (rigid deck edge; sea state ≤[jls-end-space/]3), informing deployment for port security and ",inspection,false,Important,Abstract-only extraction. QA capped accordingly.,,false,0,3,1,0,4,Q-medium,B+1: quantitative error metric reported; B+1: trajectory scale reported; B+1: ablation/failure analysis; C+1: established baseline compared; CAP: simulation-only -> max Q-medium
REC_1526,Multimodal Absolute Visual Localization for Unmanned Aerial Vehicles,Liu Z.; Li H.; Zhang Z.; Lyu Y.; Xiong J.,2024,,10.1109/TVT.2024.3426538,Scopus,UAV,outdoor,camera|GPS_denied_confirmed,other,deep_learning,RMSE,,,custom,real_world,"In this paper, an image registration network (NIVnet) is proposed to deal with near-infrared real-time and visible reference images for the multimodal visual localization system of UAVs in GPS-denied ",navigation,false,Peripheral,Abstract-only extraction. QA capped accordingly.,,false,1,0,0,0,1,Q-low,A+2: real-world experiments; CAP: abstract-only -1 rigor (cannot verify from abstract alone)
REC_1529,Machine vision based perception for vehicle-mounted UAV autonomous landing under GNSS-denied environments,Ma P.; He C.; Zhang Z.; Xv Z.; Wang H.; Cai Y.; Chen L.; Zhong C.; Zhang Y.,2025,,10.1007/s44443-025-00345-3,Scopus,UAV,simulation,camera|GPS_denied_confirmed,other,loosely_coupled,RMSE,,,custom,real_world,"This paper presents an autonomous landing perception scheme for a vehicle-mounted UAV, specifically designed for GNSS-denied environments to enhance landing capabilities",navigation,false,Peripheral,Abstract-only extraction. QA capped accordingly.,,false,1,0,0,0,1,Q-low,A+2: real-world experiments; CAP: abstract-only -1 rigor (cannot verify from abstract alone)
REC_1535,CODE: COllaborative Visual-UWB SLAM for Online Large-Scale Metric DEnse Mapping,Chen L.; Jia X.; Bu S.; Wang G.; Li K.; Xia Z.; Li X.; Han P.; Cao X.,2025,,10.1109/IROS60139.2025.11247338,Scopus,UAV,simulation,camera|GPS_denied_confirmed|UWB|wheel_encoder,VIO_SLAM,other,drift_pct,,,custom,real_world,This paper presents a novel collaborative online dense mapping system for multiple Unmanned Aerial Vehicles (UAVs),mapping,false,Peripheral,Abstract-only extraction. QA capped accordingly.,,false,1,0,0,0,1,Q-low,A+2: real-world experiments; CAP: abstract-only -1 rigor (cannot verify from abstract alone)
REC_1536,Autonomous Crack Detection for Mountainous Roads Using UAV Inspection System,Chen X.; Wang C.; Liu C.; Zhu X.; Zhang Y.; Luo T.; Zhang J.,2024,,10.3390/s24144751,Scopus,UAV,outdoor,IMU|GPS_denied_confirmed,other,loosely_coupled,drift_pct,2.75,%,custom,simulation,"To address these challenges, this study proposes a customized Unmanned Aerial Vehicle (UAV) inspection system designed for automatic crack detection",inspection,false,Peripheral,Abstract-only extraction. QA capped accordingly.,,false,0,2,1,0,3,Q-low,A+1: repeatability/multiple runs; B+1: quantitative error metric reported; B+1: trajectory scale reported; C+1: established baseline compared; CAP: simulation-only -> max Q-medium; CAP: abstract-only -1 rigor (cannot verify from abstract alone)
REC_1537,Towards precise positioning and movement of uavs for near-wall tasks in gnss-denied environments,Orjales F.; Losada-Pita J.; Paz-Lopez A.; Deibe Á.,2021,,10.3390/s21062194,Scopus,UAV,outdoor,lidar|GPS_denied_confirmed|UWB,other,other,RMSE,,,custom,real_world,This work presents a Near-Wall Positioning System (NWPS) based on the combination of an Ultra-wideband (UWB) solution and LIDAR-based range finders,navigation,false,Peripheral,Abstract-only extraction. QA capped accordingly.,,false,1,0,0,0,1,Q-low,A+2: real-world experiments; CAP: abstract-only -1 rigor (cannot verify from abstract alone)
REC_1539,3D mapping for autonomous quadrotor aircraft,Saeedi S.; Thibault C.; Trentini M.; Li H.,2017,,10.1142/S2301385017400064,Scopus,UAV,mixed,IMU,other,other,RMSE,,,custom,simulation,"To develop an autonomous robot, many challenges including two-dimensional (2D) and three-dimensional (3D) perception, path planning, exploration, and obstacle avoidance should be addressed in real-tim",mapping,false,Peripheral,Abstract-only extraction. QA capped accordingly.,,false,0,1,0,0,1,Q-low,B+1: ablation/failure analysis; CAP: simulation-only -> max Q-medium
REC_1540,Framework for Autonomous UAV Navigation and Target Detection in Global-Navigation-Satellite-System-Denied and Visually Degraded Environments,Boiteau S.; Vanegas F.; Gonzalez F.,2024,,10.3390/rs16030471,Scopus,UAV,mixed,camera|GPS_denied_confirmed,other,other,RMSE,,,custom,simulation,This paper presents a framework enabling a UAV to autonomously navigate and detect targets in GNSS-denied and visually degraded environments,search_rescue,false,Peripheral,Abstract-only extraction. QA capped accordingly.,,false,0,0,0,0,0,Q-low,A+1: ground-truth comparison; CAP: simulation-only -> max Q-medium; CAP: abstract-only -1 rigor (cannot verify from abstract alone)
REC_1541,Visual-Thermal Landmarks and Inertial Fusion for Navigation in Degraded Visual Environments,Khattak S.; Papachristos C.; Alexis K.,2019,,10.1109/AERO.2019.8741787,Scopus,UAV,indoor,lidar|camera|IMU|GPS_denied_confirmed|radar|wheel_encoder,hybrid,loosely_coupled,RMSE,,,custom,simulation,"Exploiting this fact, in this work we present a multi-sensor fusion algorithm for reliable odometry estimation in GPS-denied and degraded visual environments",search_rescue,false,Peripheral,Abstract-only extraction. QA capped accordingly.,,false,0,1,0,0,1,Q-low,B+1: ablation/failure analysis; CAP: simulation-only -> max Q-medium
REC_1547,Fisher-Information-Based Cooperative Sensor Node Pre-Selection for UWB-Aided GNSS-Denied UAV Swarm Localization Under Heterogeneous Ranging Noise,Sun Y.; Du X.; Gong P.,2026,,10.3390/s26165164,Scopus,UAV,outdoor,GPS_denied_confirmed|UWB,other,other,RMSE,0.148,m,custom,simulation,This paper proposes a Fisher-information-based cooperative sensor node pre-selection method under heterogeneous ranging noise,navigation,false,Peripheral,Abstract-only extraction. QA capped accordingly.,,false,0,3,0,0,3,Q-low,B+1: quantitative error metric reported; B+1: trajectory scale reported; B+1: ablation/failure analysis; CAP: simulation-only -> max Q-medium
REC_1548,Tethered Multicopter Guidance in GPS-Denied Environments Through Reinforcement Learning,Al-Radaideh A.; Selje R.; Coraspe D.; Dutta R.; Camci E.; Jayavelu S.; Li X.; Sun L.,2023,,10.2514/6.2023-0507,Scopus,UAV,mixed,IMU|GPS_denied_confirmed|barometer,DNN,other,RMSE,,,custom,simulation,This paper presents a novel reinforcement learning (RL) approach for a tethered drone to follow a predefined three-dimensional trajectory in a GPS-denied environment,navigation,false,Peripheral,Abstract-only extraction. QA capped accordingly.,,false,0,0,0,0,0,Q-low,CAP: simulation-only -> max Q-medium
REC_1549,A real-time monocular vision-based frontal obstacle detection and avoidance for low cost UAVs in GPS denied environment,Saha S.; Natraj A.; Waharte S.,2014,,10.1109/ICARES.2014.7024382,Scopus,UAV,outdoor,camera|GPS_denied_confirmed,other,other,RMSE,3.0,%,custom,simulation,"This paper presents a novel monocular vision-based realtime obstacle detection and avoidance for a low cost unmanned aerial vehicle (UAV) in an unstructured, GPS denied environment",navigation,false,Peripheral,Abstract-only extraction. QA capped accordingly.,,false,0,1,0,0,1,Q-low,A+1: ground-truth comparison; B+1: trajectory scale reported; CAP: simulation-only -> max Q-medium; CAP: abstract-only -1 rigor (cannot verify from abstract alone)
REC_1553,Real-Time Monocular Vision-Based UAV Obstacle Detection and Collision Avoidance in GPS-Denied Outdoor Environments Using CNN MobileNet-SSD,Levkovits-Scherer D.S.; Cruz-Vega I.; Martinez-Carranza J.,2019,,10.1007/978-3-030-33749-0_49,Scopus,UAV,outdoor,camera|GPS_denied_confirmed,DNN,deep_learning,RMSE,,,custom,real_world,"In this paper, we propose a monocular vision-based system that uses a MobileNet-SSD CNN for obstacle detection and collision avoidance in GPS-denied outdoor environments",navigation,false,Peripheral,Abstract-only extraction. QA capped accordingly.,,false,1,1,0,0,2,Q-low,A+2: real-world experiments; B+1: ablation/failure analysis; CAP: abstract-only -1 rigor (cannot verify from abstract alone)
REC_1555,Bounding visual odometry drift with radio range data for small unmanned aerial vehicles,Leishman R.C.; Gray J.; Raquet J.; Rutkowski A.; Myrick W.,2018,,10.33012/2018.15952,Scopus,UAV,outdoor,camera|GPS_denied_confirmed|wheel_encoder,other,other,drift_pct,,,custom,real_world,"The proposed method is to utilize a pair of ranging radios between a GNSS denied UAV navigating with VO and another UAV that has access to good GNSS information, giving it a known location",navigation,false,Peripheral,Abstract-only extraction. QA capped accordingly.,,false,1,1,0,0,2,Q-low,A+2: real-world experiments; B+1: ablation/failure analysis; CAP: abstract-only -1 rigor (cannot verify from abstract alone)
REC_1557,Model-Based Cooperative Navigation for a Group of Flying Robots,Faghihinia A.; Atashgah M.A.A.; Dehghan S.M.M.,2022,,10.1109/TAES.2021.3136247,Scopus,UAV,simulation,IMU|GPS_denied_confirmed,other,other,RMSE,97.0,%,custom,simulation,"In this article, a model-based cooperative navigation system for a group of quadrotors, while no absolute position data is accessible, is proposed",navigation,false,Peripheral,Abstract-only extraction. QA capped accordingly.,,false,0,0,0,0,0,Q-low,CAP: simulation-only -> max Q-medium
REC_1561,Characterization of mountain drainage patterns for GPS-denied UAS navigation augmentation,Wang T.; Celik K.; Somani A.K.,2016,,10.1007/s00138-015-0723-9,Scopus,UAV,outdoor,camera|GPS_denied_confirmed|radar,other,other,RMSE,,,custom,simulation,"We present a novel approach to use mountain drainage patterns for GPS-denied navigation of small unmanned aerial systems, such as the ScanEagle, utilizing a down-looking fixed focus monocular imager",navigation,false,Peripheral,Abstract-only extraction. QA capped accordingly.,,false,0,0,0,0,0,Q-low,CAP: simulation-only -> max Q-medium
REC_1564,Ultra-wideband based cooperative relative localization algorithm and experiments for multiple unmanned aerial vehicles in GPS denied environments,Guo K.; Qiu Z.; Meng W.; Xie L.; Teo R.,2017,,10.1177/1756829317695564,Scopus,UAV,simulation,GPS_denied_confirmed|UWB,EKF,other,RMSE,,,custom,real_world,Extensive simulations and flight experiments are presented to corroborate the effectiveness of our proposed relative localization initialization strategy and algorithm,navigation,false,Peripheral,Abstract-only extraction. QA capped accordingly.,,false,1,1,0,0,2,Q-low,A+2: real-world experiments; B+1: trajectory scale reported; CAP: abstract-only -1 rigor (cannot verify from abstract alone)
REC_1569,From Anywhere to the Destination: Visual Reinforcement Learning for GNSS-Denied Drone Navigation,Wang Y.-X.; Zhang Z.-Y.; Liu S.-Y.; Sun L.; Song M.-L.,2025,,10.1007/s11390-025-4468-2,Scopus,UAV,mixed,camera|GPS_denied_confirmed,DNN,other,RMSE,,,custom,real_world,"In this paper, we propose AceFormer, a vision-based active exploration transformer framework that enables agent navigation from any starting point to a destination without expert guidance",navigation,false,Peripheral,Abstract-only extraction. QA capped accordingly.,,false,1,1,0,0,2,Q-low,A+2: real-world experiments; B+1: ablation/failure analysis; CAP: abstract-only -1 rigor (cannot verify from abstract alone)
REC_1570,GPS-denied navigation using SAR images and neural networks,White T.; Wheeler J.; Lindstrom C.; Christensen R.; Moon K.R.,2021,,10.1109/ICASSP39728.2021.9414421,Scopus,UAV,simulation,camera|GPS_denied_confirmed|radar,DNN,deep_learning,RMSE,,,custom,simulation,This paper presents a method for determining the navigation errors present at the beginning of a GPS-denied period utilizing data from a synthetic aperture radar (SAR) system,search_rescue,false,Peripheral,Abstract-only extraction. QA capped accordingly.,,false,0,0,0,0,0,Q-low,CAP: simulation-only -> max Q-medium
REC_1573,Visual-based localization methods for unmanned aerial vehicles in landing operation on maritime vessel,Nguyen T.-T.; Hamesse C.; Dutrannois T.; Halleux T.; De Cubber G.; Haelterman R.; Janssens B.,2024,,10.21014/actaimeko.v13i4.1575,Scopus,UAV,simulation,camera|GPS_denied_confirmed|wheel_encoder,VIO_SLAM,other,RMSE,10.0,cm,custom,real_world,This paper proposes two visual-based localization methods for UAVs during two different phases of landing operating on maritime vessels,mapping,false,Peripheral,Abstract-only extraction. QA capped accordingly.,,false,1,1,1,0,3,Q-low,A+2: real-world experiments; B+1: quantitative error metric reported; C+1: established baseline compared; CAP: abstract-only -1 rigor (cannot verify from abstract alone)
REC_1576,Autonomous dynamic docking of UAV based on UWB-vision in GPS-denied environment,Cheng C.; Li X.; Xie L.; Li L.,2022,,10.1016/j.jfranklin.2022.03.005,Scopus,UAV,simulation,camera|GPS_denied_confirmed|UWB,other,loosely_coupled,RMSE,,,custom,simulation,"To solve this problem, an integrated estimation and control scheme is proposed, which is divided into three phases: hovering, approaching and landing",navigation,false,Peripheral,Abstract-only extraction. QA capped accordingly.,,false,0,1,0,0,1,Q-low,B+1: trajectory scale reported; CAP: simulation-only -> max Q-medium
REC_1581,Accelerometer Bias Estimation for Unmanned Aerial Vehicles Using Extended Kalman Filter-Based Vision-Aided Navigation,Belfadel D.; Haessig D.,2025,,10.3390/electronics14061074,Scopus,UAV,mixed,IMU|GPS_denied_confirmed|barometer,EKF,other,RMSE,,,custom,simulation,This paper examines the effects of accelerometer bias on UAV navigation accuracy and introduces a vision-aided navigation system,navigation,false,Peripheral,Abstract-only extraction. QA capped accordingly.,,false,0,0,1,0,1,Q-low,C+1: established baseline compared; CAP: simulation-only -> max Q-medium
REC_1582,Overview of Mutual Localization Techniques Between Unmanned Aerial Vehicles in Swarm,Czaja B.; Maślanka K.; Skokowski P.; Kelner J.,2025,,10.12716/1001.19.01.37,Scopus,UAV,outdoor,UWB|sonar,DNN,deep_learning,RMSE,,,custom,simulation,"The market for unmanned aerial vehicles (UAVs), along with their associated applications and services, has been developing at a rapid pace in recent years",search_rescue,false,Peripheral,Abstract-only extraction. QA capped accordingly.,,false,0,2,0,0,2,Q-low,B+1: trajectory scale reported; B+1: ablation/failure analysis; CAP: simulation-only -> max Q-medium
REC_1587,Landmark-Based Scale Estimation and Correction of Visual Inertial Odometry for VTOL UAVs in a GPS-Denied Environment,Lee J.-C.; Chen C.-C.; Shen C.-T.; Lai Y.-C.,2022,,10.3390/s22249654,Scopus,UAV,indoor,camera|IMU|GPS_denied_confirmed|wheel_encoder,VIO,other,drift_pct,,,custom,real_world,"With the rapid development of technology, unmanned aerial vehicles (UAVs) have become more popular and are applied in many areas",navigation,false,Important,Abstract-only extraction. QA capped accordingly.,,false,2,1,1,0,4,Q-medium,A+2: real-world experiments; A+1: ground-truth comparison; B+1: ablation/failure analysis; C+1: established baseline compared; CAP: abstract-only -1 rigor (cannot verify from abstract alone)
REC_1589,Vision-based Guidance and Navigation for Autonomous MAV in Indoor Environment,Irfan M.; Dalai S.; Kishore K.; Singh S.; Akbar S.A.,2020,,10.1109/ICCCNT49239.2020.9225398,Scopus,UAV,mixed,lidar|camera|GPS_denied_confirmed,other,other,RMSE,,,custom,simulation,The paper presents an autonomous vision-based guidance and mapping algorithm for navigation of drones in a GPS-denied environment,mapping,false,Peripheral,Abstract-only extraction. QA capped accordingly.,,false,0,1,0,0,1,Q-low,B+1: ablation/failure analysis; CAP: simulation-only -> max Q-medium
REC_1593,Indoor/outdoor scan-matching based mapping technique with a helicopter MAV in GPS-denied environment,Friedman C.; Chopra I.; Rand O.,2015,,10.1260/1756-8293.7.1.55,Scopus,UAV,mixed,GPS_denied_confirmed,VIO_SLAM,other,RMSE,0.1,%,custom,real_world,This work presents a refined algorithm for performing Simultaneous Localization and Mapping (SLAM) which does not rely on revisiting previously mapped areas,mapping,false,Peripheral,Abstract-only extraction. QA capped accordingly.,,false,1,0,0,0,1,Q-low,A+2: real-world experiments; CAP: abstract-only -1 rigor (cannot verify from abstract alone)
REC_1594,UVL: UAV Visual Localization Method with Enhanced Feature Associations via Visual Attention Mechanism,Li X.; Wang S.; Mao Z.; Shi Y.; Zhang G.; Hu B.,2025,,10.1109/IJCNN64981.2025.11228231,Scopus,UAV,outdoor,camera|GPS_denied_confirmed,DNN,deep_learning,RMSE,,,custom,real_world,"This paper proposes an absolute visual localization method based on reference maps, named UAV Visual Localization Network (UVL)",navigation,false,Peripheral,Abstract-only extraction. QA capped accordingly.,,false,1,0,1,0,2,Q-low,A+2: real-world experiments; C+1: established baseline compared; CAP: abstract-only -1 rigor (cannot verify from abstract alone)
REC_1598,Streamlined Indoor UAVs Localization Using a Dense and Size-Heterogeneous Tags Map,Bertoni M.; Montecchio S.; Michieletto G.; Oboe R.; Cenedese A.,2024,,10.1109/ICUAS60882.2024.10557055,Scopus,UAV,indoor,camera|IMU|GPS_denied_confirmed,other,other,RMSE,,,custom,simulation,"The proposed indoor UAVs localization rests on i) hierarchical tag selection, ii) outlier removal, and iii) multi-tag estimation averaging, to facilitate visual-inertial reconciliation",inspection,false,Peripheral,Abstract-only extraction. QA capped accordingly.,,false,0,0,1,0,1,Q-low,C+1: established baseline compared; CAP: simulation-only -> max Q-medium
REC_1601,Cooperative Navigation Framework for UAV Formations Using LSTM and Dynamic Model Fusion,Song F.; Zeng Q.; Zhu X.; Zhang R.; Ye X.; Zhou H.,2026,,10.3390/drones10010028,Scopus,UAV,outdoor,IMU|GPS_denied_confirmed|UWB|barometer,DNN,loosely_coupled,drift_pct,,,custom,simulation,Highlights: What are the main findings? The proposed cooperative navigation framework based on LSTM and dynamic model information fusion integrates airflow-angle prediction with the (Formula presented,navigation,false,Peripheral,Abstract-only extraction. QA capped accordingly.,,false,0,0,0,0,0,Q-low,CAP: simulation-only -> max Q-medium
REC_1602,Cooperative localisation of UAV swarm based on adaptive SA-PSO algorithm,Ma W.; Fang Y.; Fu W.; Liu S.; Guo E.,2023,,10.1017/aer.2022.54,Scopus,UAV,simulation,GPS_denied_confirmed,other,other,RMSE,,,custom,simulation,"In this paper, to address the cooperative localisation of a heterogeneous UAV swarm in the GNSS-denied environment, an adaptive simulated annealing-particle swarm optimisation (SA-PSO) cooperative loc",navigation,false,Peripheral,Abstract-only extraction. QA capped accordingly.,,false,0,0,0,0,0,Q-low,CAP: simulation-only -> max Q-medium
REC_1603,Vision-aided inertial navigation for small unmanned aerial vehicles in GPS-denied environments,Wang T.; Wang C.; Liang J.; Chen Y.; Zhang Y.,2013,,10.5772/56660,Scopus,UAV,simulation,camera|IMU|GPS_denied_confirmed,EKF,loosely_coupled,RMSE,20.0,%,custom,simulation,This paper presents a vision-aided inertial navigation system for small unmanned aerial vehicles (UAVs) in GPS-denied environments,navigation,false,Peripheral,Abstract-only extraction. QA capped accordingly.,,false,0,1,1,0,2,Q-low,B+1: ablation/failure analysis; C+1: established baseline compared; CAP: simulation-only -> max Q-medium
REC_1604,Target-Tracking-Based Multi-UAV Visual SLAM in GNSS-Denied Environments,Fu X.; Zhu Z.; Xu Z.; Li Q.,2025,,10.52202/083083-0073,Scopus,UAV,simulation,camera|GPS_denied_confirmed,VIO_SLAM,deep_learning,RMSE,,,custom,simulation,"Nevertheless, the mobility of UAVs presents potential collision risks among multiple vehicles, which currently remains a challenging research issue",inspection,false,Peripheral,Abstract-only extraction. QA capped accordingly.,,false,0,1,0,0,1,Q-low,B+1: trajectory scale reported; CAP: simulation-only -> max Q-medium
REC_1606,Wide-Beam Optical Beacon-Based UAV Self-Positioning,Jabbari M.R.; Elamassie M.; Edemen C.; Uysal M.,2026,,10.1109/SIU71813.2026.11636447,Scopus,UAV,mixed,GPS_denied_confirmed,other,other,RMSE,,,custom,real_world,We propose an optical beacon-based 3D self-positioning method for uncrewed aerial vehicles (UAVs) operating in GPS-denied environments,navigation,false,Peripheral,Abstract-only extraction. QA capped accordingly.,,false,1,0,0,0,1,Q-low,A+2: real-world experiments; CAP: abstract-only -1 rigor (cannot verify from abstract alone)
REC_1608,Long-term aerial robot localization based on visual odometry and radio-based ranging,Perez-Grau F.J.; Fabresse F.R.; Caballero F.; Viguria A.; Ollero A.,2016,,10.1109/ICUAS.2016.7502653,Scopus,UAV,indoor,camera|GPS_denied_confirmed|wheel_encoder,other,other,drift_pct,,,custom,simulation,This paper presents an approach that complements stereo visual odometry with distance measurements from several radio beacons located in an indoor scenario,navigation,false,Peripheral,Abstract-only extraction. QA capped accordingly.,,false,0,1,0,0,1,Q-low,B+1: trajectory scale reported; CAP: simulation-only -> max Q-medium
REC_1609,GPS Denied UAV Routing with Communication Constraints,Manyam S.G.; Rathinam S.; Darbha S.; Casbeer D.; Cao Y.; Chandler P.,2016,,10.1007/s10846-016-0343-2,Scopus,UAV,outdoor,GPS_denied_confirmed,other,other,RMSE,,,custom,simulation,"A novel GPS denied routing problem for UAVs is described, where the UAVs cooperatively navigate through a restricted zone deployed with noncommunicating Unattended Ground Sensors (UGS)",navigation,false,Peripheral,Abstract-only extraction. QA capped accordingly.,,false,0,0,0,0,0,Q-low,CAP: simulation-only -> max Q-medium
REC_1610,Adaptive sliding window factor graph optimization with multi-tag UWB/INS fusion for multirotor UAVs,Kim H.; Lee J.D.; Chang B.; Bang H.,2026,,10.1016/j.ast.2026.112683,Scopus,UAV,mixed,IMU|GPS_denied_confirmed|UWB,EKF,loosely_coupled,RMSE,0.15,m,custom,real_world,This paper presents an adaptive sliding window factor graph optimization (ASW-FGO) framework for robust 6-degree-of-freedom (6-DoF) UAV localization using multi-tag ultra-wide-band (UWB) ranging and i,navigation,false,Peripheral,Abstract-only extraction. QA capped accordingly.,,false,1,1,1,0,3,Q-low,A+2: real-world experiments; B+1: quantitative error metric reported; C+1: established baseline compared; CAP: abstract-only -1 rigor (cannot verify from abstract alone)
REC_1612,Visual GPS-denied multi-agent localization & terrain classification,Chiel B.S.; Baillieul J.,2018,,10.1109/AERO.2018.8396392,Scopus,UAV,mixed,camera|GPS_denied_confirmed,other,loosely_coupled,RMSE,,,custom,simulation,This paper furthers the state of the art of visual localization by harnessing recently developed scene recognition and understanding machine learning (ML) algorithms to rethink how vision can be used ,navigation,false,Peripheral,Abstract-only extraction. QA capped accordingly.,,false,0,0,0,0,0,Q-low,CAP: simulation-only -> max Q-medium
REC_1615,An Optimization-Based Method for Relative Pose Estimation for Collaborating UAVs Using Observed Predefined Trajectories,Cetinkaya G.; Genc Y.,2026,,10.3390/drones10020135,Scopus,UAV,simulation,camera|GPS_denied_confirmed,other,other,RMSE,,,custom,real_world,"Highlights: What are the main findings? A geometric and optimization-based framework is proposed for monocular relative pose estimation between UAVs, recovering relative rotation and translation by al",navigation,false,Peripheral,Abstract-only extraction. QA capped accordingly.,,false,1,1,0,0,2,Q-low,A+2: real-world experiments; B+1: ablation/failure analysis; CAP: abstract-only -1 rigor (cannot verify from abstract alone)
REC_1617,Relative multiplicative extended Kalman filter for observable GPS-denied navigation,Koch D.P.; Wheeler D.O.; Beard R.W.; McLain T.W.; Brink K.M.,2020,,10.1177/0278364920903094,Scopus,UAV,outdoor,camera|IMU|GPS_denied_confirmed|barometer|wheel_encoder,EKF,other,RMSE,,,custom,real_world,This work presents a multiplicative extended Kalman filter (MEKF) for estimating the relative state of a multirotor vehicle operating in a GPS-denied environment,navigation,false,Peripheral,Abstract-only extraction. QA capped accordingly.,,false,1,0,1,0,2,Q-low,A+2: real-world experiments; C+1: established baseline compared; CAP: abstract-only -1 rigor (cannot verify from abstract alone)
REC_1619,Robust Autonomous Flight in Constrained and Visually Degraded Shipboard Environments,Fang Z.; Yang S.; Jain S.; Dubey G.; Roth S.; Maeta S.; Nuske S.; Zhang Y.; Scherer S.,2017,,10.1002/rob.21670,Scopus,UAV,outdoor,lidar|camera|GPS_denied_confirmed|wheel_encoder,particle_filter,loosely_coupled,RMSE,,,custom,real_world,"To realize autonomous navigation in such challenging environments, we first propose a robust state estimation method that fuses estimates from a real-time odometry estimation algorithm and a particle ",inspection,false,Peripheral,Abstract-only extraction. QA capped accordingly.,,false,1,0,0,0,1,Q-low,A+2: real-world experiments; CAP: abstract-only -1 rigor (cannot verify from abstract alone)
REC_1620,Research and Design of Precision-Landing Drone in an Underground GPS-Denied Environment,Racette J.; Dunaway C.; Escarcega M.; Montoya J.; Dinelli C.; Androulakis V.; Khaniani H.,2023,,10.2514/6.2023-3625,Scopus,UAV,indoor,camera|GPS_denied_confirmed,other,other,RMSE,,,custom,simulation,Autonomous precision landing techniques allow unmanned aerial vehicles (UAVs) to land on their own in a specific location and orientation using more precise techniques than conventional GPS navigation,navigation,false,Peripheral,Abstract-only extraction. QA capped accordingly.,,false,0,0,0,0,0,Q-low,CAP: simulation-only -> max Q-medium
REC_1625,Detecting GNSS spoofing and Re-localization on UAV based on imagery matching,Liu R.; Liu H.; Meng X.; Li T.; Hancock C.M.,2025,,10.1088/1361-6501/ad8be9,Scopus,UAV,outdoor,camera|GPS_denied_confirmed,DNN,deep_learning,success_rate,88.4,%,custom,simulation,"Recently, GNSS spoofing attacks have emerged as a significant obstacle hindering the long-term development of UAVs",navigation,false,Peripheral,Abstract-only extraction. QA capped accordingly.,,false,0,1,0,0,1,Q-low,B+1: quantitative error metric reported; CAP: simulation-only -> max Q-medium
REC_1626,AprilTag-Guided Autonomous Precision Landing System for UAV-Quadcopter Using HuskyLens AI Camera,Wiyagi R.O.; Tryatmojo B.S.; Basith S.A.; Handoko H.T.G.; Hasani M.R.A.; Mustar M.Y.,2025,,10.1109/ICE3IS66769.2025.11281319,Scopus,UAV,outdoor,camera|GPS_denied_confirmed,other,other,RMSE,250.0,cm,custom,simulation,"The development of Unmanned Aerial Vehicle (UAV) technology has driven various innovations, especially in navigation systems and precision landings",navigation,false,Peripheral,Abstract-only extraction. QA capped accordingly.,,false,0,3,0,0,3,Q-low,B+1: quantitative error metric reported; B+1: trajectory scale reported; B+1: ablation/failure analysis; CAP: simulation-only -> max Q-medium
REC_1627,Disturbance-observer-based Finite-time Following Control With Wind Resistance Capability for Multiple GPS-denied UAVs,Hwang C.-L.; Li C.-Y.; Wu C.-W.,2025,,10.1007/s12555-025-0243-y,Scopus,UAV,mixed,GPS_denied_confirmed,other,other,RMSE,,,custom,simulation,"Finally, the simulations and experiments as compared with the nonlinear finite-time following control or the inner-loop PID control with/without extra wind condition for a representative forward, 180 ",navigation,false,Peripheral,Abstract-only extraction. QA capped accordingly.,,false,0,1,1,0,2,Q-low,B+1: ablation/failure analysis; C+1: established baseline compared; CAP: simulation-only -> max Q-medium
REC_1628,Optical Flow-Based Visual Estimation of Translational Displacement Using a Raspberry Pi® Embedded Computer,Mota López B.J.; Delgado Reyes G.; Hernández Pérez M.A.; Carpio Santamaria F.A.; Marquez Dominguez S.,2025,,10.1109/ENC68268.2025.11311932,Scopus,UAV,indoor,camera|IMU|GPS_denied_confirmed,other,other,RMSE,,,custom,simulation,"This study presents the implementation of an optical flow-based algorithm for estimating translational displacement in an Unmanned Aerial Vehicle (UAV), using both a personal computer (PC) and a Raspb",navigation,false,Peripheral,Abstract-only extraction. QA capped accordingly.,,false,0,0,1,0,1,Q-low,C+1: established baseline compared; CAP: simulation-only -> max Q-medium
REC_1632,A GPS-Free Air Vehicle On-Board Positioning Mechanism Applying Feature Matching Technique,Hsieh C.-Y.; Wang Y.-S.,2024,,10.1109/DASC62030.2024.10748867,Scopus,UAV,simulation,camera|GPS_denied_confirmed,other,other,RMSE,,,custom,simulation,"In this work, the authors propose replacing GPS with visual localization using image-based techniques such as offline map, image feature extraction, and image stitching to calculate location",military,false,Peripheral,Abstract-only extraction. QA capped accordingly.,,false,0,0,1,0,1,Q-low,C+1: established baseline compared; CAP: simulation-only -> max Q-medium
REC_1636,Comparative analysis of ros-based centralized methods for conducting collaborative monocular visual slam using a pair of uavs,Abbyasov B.; Lavrenov R.; Zakiev A.; Tsoy T.; Magid E.; Svinin M.; Martínez-García E.A.,2020,,10.13180/clawar.2020.24-26.08.12,Scopus,UAV,simulation,lidar|camera|GPS_denied_confirmed,VIO_SLAM,other,RMSE,,,custom,real_world,"This paper presents a comparison of two most applicable vision-based collaborative monocular SLAM methods in Robot operating system, CORB-SLAM and CCM-SLAM, that run on a pair of UAVs",search_rescue,false,Peripheral,Abstract-only extraction. QA capped accordingly.,,false,1,1,0,0,2,Q-low,A+2: real-world experiments; B+1: ablation/failure analysis; CAP: abstract-only -1 rigor (cannot verify from abstract alone)
REC_1637,Virtual testbed for monocular visual navigation of small unmanned aircraft systems,Kim K.; Leishman R.C.; Nykl S.L.,2022,,10.1177/1548512920954545,Scopus,UAV,mixed,camera|GPS_denied_confirmed|wheel_encoder,other,other,RMSE,,,custom,real_world,This work presents a virtual testbed for conducting simulated flight tests over real-world terrain and analyzing the real-time performance of visual navigation algorithms at 31 Hz,military,false,Important,Abstract-only extraction. QA capped accordingly.,,false,1,1,1,1,4,Q-medium,A+2: real-world experiments; B+1: ablation/failure analysis; C+1: established baseline compared; D+1: code/data released; CAP: abstract-only -1 rigor (cannot verify from abstract alone)
REC_1640,Automatic landing of a low-cost quadrotor using monocular vision and Kalman filter in GPS-denied environments,Sani M.F.; Shoaran M.; Karimian G.,2019,,10.3906/elk-1809-204,Scopus,UAV,outdoor,camera|IMU|GPS_denied_confirmed|WiFi|sonar,EKF,loosely_coupled,RMSE,,,custom,simulation,"Therefore, the necessity for developing fully automatic methods for safe, accurate, and independent landing of drones increases over time",navigation,false,Peripheral,Abstract-only extraction. QA capped accordingly.,,false,0,0,0,0,0,Q-low,CAP: simulation-only -> max Q-medium
REC_1642,UAV based target finding and tracking in GPS-denied and cluttered environments,Vanegas F.; Campbell D.; Eich M.; Gonzalez F.,2016,,10.1109/IROS.2016.7759360,Scopus,UAV,outdoor,GPS_denied_confirmed,other,other,RMSE,,,custom,real_world,"In this paper we describe and flight test a novel system architecture for low cost muti-rotor unmanned aerial vehicles (UAVs) for searching, tracking and following a ground target",navigation,false,Peripheral,Abstract-only extraction. QA capped accordingly.,,false,1,0,0,0,1,Q-low,A+2: real-world experiments; CAP: abstract-only -1 rigor (cannot verify from abstract alone)
REC_1643,Visual Odometry Using Pixel Processor Arrays for Unmanned Aerial Systems in GPS Denied Environments,McConville A.; Bose L.; Clarke R.; Mayol-Cuevas W.; Chen J.; Greatwood C.; Carey S.; Dudek P.; Richardson T.,2020,,10.3389/frobt.2020.00126,Scopus,UAV,mixed,camera|GPS_denied_confirmed|wheel_encoder,other,loosely_coupled,RMSE,,,custom,real_world,"Environments in which Global Positioning Systems (GPS), or more generally Global Navigation Satellite System (GNSS), signals are denied or degraded pose problems for the guidance, navigation, and cont",navigation,false,Peripheral,Abstract-only extraction. QA capped accordingly.,,false,1,0,0,0,1,Q-low,A+2: real-world experiments; CAP: abstract-only -1 rigor (cannot verify from abstract alone)
REC_1646,Adaptive Visual-Inertial Navigation for Fixed-Wing Aircraft Landing in GPS-Denied Condition,Lei Z.; Xiaogang S.; Guanfeng Y.; Yanhong L.; Zhengjun Z.,2022,,10.1007/978-981-15-8155-7_222,Scopus,UAV,outdoor,camera|IMU|GPS_denied_confirmed|wheel_encoder,other,other,RMSE,,,custom,real_world,The work presented in the paper focuses on a visual-inertial optimization-based motion estimation method that integrates inertial data and vision cues extracted from FLIR video,navigation,false,Peripheral,Abstract-only extraction. QA capped accordingly.,,false,1,0,0,0,1,Q-low,A+2: real-world experiments; CAP: abstract-only -1 rigor (cannot verify from abstract alone)
REC_1647,UAV Positioning Using GNSS: A Review of the Current Status,Jiang C.; Zhou X.; Chen H.; Liu T.,2026,,10.3390/drones10020091,Scopus,UAV,outdoor,lidar|camera|IMU|GPS_denied_confirmed,hybrid,loosely_coupled,RMSE,,,custom,simulation,This paper presents a system-level review of GNSS-based UAV positioning,inspection,false,Peripheral,Abstract-only extraction. QA capped accordingly.,,false,0,2,0,0,2,Q-low,A+1: ground-truth comparison; B+1: trajectory scale reported; B+1: ablation/failure analysis; CAP: simulation-only -> max Q-medium; CAP: abstract-only -1 rigor (cannot verify from abstract alone)
REC_1653,A Novel Scene Matching Algorithm via Deep Learning for Vision-based UAV Absolute Localization,Ren Y.; Wang Z.,2022,,10.1109/MLCCIM55934.2022.00043,Scopus,UAV,outdoor,camera|GPS_denied_confirmed,DNN,deep_learning,RMSE,,,custom,simulation,"Due to the rapid development of computer vision technology and vision sensor, visual navigation and localization technology have gradually revealed their advantages to solve this kind of problem",military,false,Peripheral,Abstract-only extraction. QA capped accordingly.,,false,0,0,0,0,0,Q-low,CAP: simulation-only -> max Q-medium
REC_1654,Relative navigation of fixed-wing aircraft in GPS-denied environments,Ellingson G.; Brink K.; McLain T.,2020,,10.1002/navi.364,Scopus,UAV,simulation,camera|IMU|GPS_denied_confirmed|wheel_encoder,EKF,other,RMSE,,,custom,real_world,"The development of an odometry-like, front-end, EKF-based estimator that utilizes only a monocular camera and an inertial measurement unit (IMU) is presented",navigation,false,Peripheral,Abstract-only extraction. QA capped accordingly.,,false,2,0,1,0,3,Q-low,A+2: real-world experiments; A+1: repeatability/multiple runs; C+1: established baseline compared; CAP: abstract-only -1 rigor (cannot verify from abstract alone)
REC_1655,Centralized UAV Swarm Formation Estimation with Relative Bearing Measurements and Unreliable GPS,Akagi J.; Christensen R.S.; Harris M.W.,2020,,10.1109/PLANS46316.2020.9110194,Scopus,UAV,outdoor,lidar|camera|GPS_denied_confirmed,EKF,other,RMSE,,,custom,simulation,This paper presents a centralized Extended Kalman filter where the states of a UAV swarm are estimated using line of sight measurements from a camera,inspection,false,Peripheral,Abstract-only extraction. QA capped accordingly.,,false,0,0,0,0,0,Q-low,CAP: simulation-only -> max Q-medium
REC_1656,Deep Learning-Based Navigation System for Automatic Landing Approach of Fixed-Wing UAVs in GNSS-Denied Environments,Lin Y.-X.; Lai Y.-C.,2025,,10.3390/aerospace12040324,Scopus,UAV,simulation,camera|GPS_denied_confirmed,DNN,deep_learning,RMSE,10.0,m,custom,real_world,"In this study, a deep learning-based navigation system for the automatic landing of fixed-wing UAVs in GNSS-denied environments is proposed to serve as an alternative navigation system",navigation,false,Peripheral,Abstract-only extraction. QA capped accordingly.,,false,1,1,0,0,2,Q-low,A+2: real-world experiments; B+1: quantitative error metric reported; CAP: abstract-only -1 rigor (cannot verify from abstract alone)
REC_1659,Drone-in-a-Box: A Precise Indoor Autonomous Docking System,Godio S.; Fernandes R.C.; Montecchiari L.; Al-Ali A.; Ashour R.; Oliveira F.; Tortorici C.,2026,,10.1109/ICUAS69441.2026.11598696,Scopus,UAV,indoor,lidar|camera|IMU|GPS_denied_confirmed|UWB,EKF,other,RMSE,,,custom,real_world,"To address this problem, we present a global localization system for indoor Unmanned Aerial Vehicles (UAVs) that enables takeoff and landing operations from a portable docking station ('drone-in-a-box",inspection,false,Important,Abstract-only extraction. QA capped accordingly.,,false,2,1,1,0,4,Q-medium,A+2: real-world experiments; A+1: repeatability/multiple runs; B+1: ablation/failure analysis; C+1: established baseline compared; CAP: abstract-only -1 rigor (cannot verify from abstract alone)
REC_1660,A Novel Ranging and IMU-Based Method for Relative Positioning of Two-MAV Formation in GNSS-Denied Environments,Cheng J.; Ren P.; Deng T.,2023,,10.3390/s23094366,Scopus,UAV,outdoor,IMU|GPS_denied_confirmed,EKF,other,RMSE,0.55,m,custom,simulation,"In this paper, we propose a novel cooperative relative positioning method for MAVs in GNSS-denied scenarios",navigation,false,Peripheral,Abstract-only extraction. QA capped accordingly.,,false,0,2,1,0,3,Q-low,B+1: quantitative error metric reported; B+1: ablation/failure analysis; C+1: established baseline compared; CAP: simulation-only -> max Q-medium
REC_1662,NLOS-Aware LiDAR–UWB Fusion Localization for UAV Inspection in Converter Valve Halls,Liu X.; Yin Y.; Zhang Y.; Wu K.; Zheng J.; Mei F.,2026,,10.3390/technologies14070414,Scopus,UAV,mixed,lidar|GPS_denied_confirmed|UWB|wheel_encoder,particle_filter,loosely_coupled,RMSE,0.3,m,custom,real_world,"To address unavailable global navigation satellite system (GNSS) signals, dense metallic equipment, valve-tower occlusion, and the insufficient robustness of single-sensor localization in unmanned aer",inspection,false,Important,Abstract-only extraction. QA capped accordingly.,,false,2,2,1,0,5,Q-medium,A+2: real-world experiments; A+1: repeatability/multiple runs; B+1: quantitative error metric reported; B+1: trajectory scale reported; C+1: established baseline compared; CAP: abstract-only -1 rigor (cannot verify from abstract alone)
REC_1663,Deep learning enabled localization for UAV autolanding,LI M.; HU T.,2021,,10.1016/j.cja.2020.11.011,Scopus,UAV,outdoor,camera,DNN,deep_learning,RMSE,,,custom,simulation,"Cascaded deep learning models are developed and employed into image detection and its accuracy promoting for UAV autolanding, respectively",inspection,false,Peripheral,Abstract-only extraction. QA capped accordingly.,,false,0,0,0,0,0,Q-low,CAP: simulation-only -> max Q-medium
REC_1667,Autonomous Mapping and Navigation Unit for Aerial Robots,Baiao J.; Prado D.; Soares L.; Soares G.; Vangasse A.; Cruz G.; Lima R.; Pimenta L.; Goncalves V.; Freitas G.,2025,,10.1109/ICAR65334.2025.11338655,Scopus,UAV,mixed,lidar|camera|IMU|GPS_denied_confirmed,VIO_SLAM,other,RMSE,,,custom,real_world,This paper presents an Autonomous Mapping and Navigation Unit (AM&NU) for multirotor platforms operating without GNSS,mapping,false,Peripheral,Abstract-only extraction. QA capped accordingly.,,false,1,1,0,0,2,Q-low,A+2: real-world experiments; B+1: ablation/failure analysis; CAP: abstract-only -1 rigor (cannot verify from abstract alone)
REC_1669,Toward autonomous uav localization via aerial image registration,Wang X.; Kealy A.; Li W.; Jelfs B.; Gilliam C.; May S.L.; Moran B.,2021,,10.3390/electronics10040435,Scopus,UAV,simulation,camera,other,other,RMSE,,,custom,simulation,"In this paper, we present a landmark-based approach where a UAV is automatically locked into the landmark scene shown in a georeferenced image via a feedback control loop, which is driven by the outpu",navigation,false,Peripheral,Abstract-only extraction. QA capped accordingly.,,false,0,0,0,0,0,Q-low,CAP: simulation-only -> max Q-medium
REC_1671,Real-Time Cross-View Image Matching and Camera Pose Determination for Unmanned Aerial Vehicles,Chen L.; Wu B.; Duan R.; Chen Z.,2024,,10.14358/PERS.23-00073R2,Scopus,UAV,outdoor,camera|GPS_denied_confirmed|wheel_encoder,other,other,drift_pct,4.7,m,custom,real_world,"This article presents novel approaches, including feature-based cross-view image matching and the integration of visual odometry and photogrammetric space resection for camera pose determination in re",navigation,false,Peripheral,Abstract-only extraction. QA capped accordingly.,,false,1,1,0,0,2,Q-low,A+2: real-world experiments; B+1: quantitative error metric reported; CAP: abstract-only -1 rigor (cannot verify from abstract alone)
REC_1672,Radar-Aided Navigation System for Small Drones in GPS-Denied Environments,Klein K.T.J.; Uysal F.; Cuenca M.C.; Otten M.P.G.; De Wit J.J.M.,2021,,10.1109/RadarConf2147009.2021.9455317,Scopus,UAV,simulation,IMU|GPS_denied_confirmed|radar,other,other,drift_pct,,,custom,simulation,This paper proposes a radar-aided navigation method for small drones which is able to estimate the horizontal velocity and height of the platform independently from GPS,navigation,false,Peripheral,Abstract-only extraction. QA capped accordingly.,,false,0,0,0,0,0,Q-low,CAP: simulation-only -> max Q-medium
REC_1673,A 3 points vision based approach for MAV localization in GPS denied environments,Troiani C.; Zanati S.A.; Martinelli A.,2013,,10.1109/ECMR.2013.6698811,Scopus,UAV,indoor,camera|IMU|GPS_denied_confirmed,other,other,RMSE,,,custom,simulation,This paper introduces a new method to localize a micro aerial vehicle (MAV) in GPS denied environments and without the usage of any known pattern,navigation,false,Peripheral,Abstract-only extraction. QA capped accordingly.,,false,0,1,0,0,1,Q-low,B+1: ablation/failure analysis; CAP: simulation-only -> max Q-medium
REC_1674,A Low-Cost Doppler-Based Spectrum Monitoring and Interference Localization System for Public Safety in GPS-Denied Environments,Huang C.H.,2026,,10.6125/JoAAA.202604_58(4).01,Scopus,UAV,outdoor,GPS_denied_confirmed,other,loosely_coupled,RMSE,,,custom,simulation,This study proposes a low-cost Doppler-effect-based spectrum monitoring and interference localization system for operation in GPS-denied environments,military,false,Peripheral,Abstract-only extraction. QA capped accordingly.,,false,0,0,0,0,0,Q-low,CAP: simulation-only -> max Q-medium
REC_1675,Research on Initial Relative Position Determination Method for Unmanned Aerial Vehicles with Range-Only Measurements in GNSS-Denied Environments,Cui X.; Ou L.; Zhuang Z.; Sun X.; Gong B.,2025,,10.1016/j.ifacol.2025.11.320,Scopus,UAV,simulation,IMU|GPS_denied_confirmed|UWB|barometer,other,other,RMSE,,,custom,simulation,"A method for solving the initial relative position based on the combination of an Inertial Measurement Unit (IMU), barometric altimeter, and Ultra-Wideband (UWB) ranging is proposed",navigation,false,Peripheral,Abstract-only extraction. QA capped accordingly.,,false,0,1,1,0,2,Q-low,B+1: trajectory scale reported; C+1: established baseline compared; CAP: simulation-only -> max Q-medium
REC_1676,More Robust Features for Adaptive Visual Navigation of UAVs in Mixed Environments: A Novel Localisation Framework,Volkova A.; Gibbens P.W.,2018,,10.1007/s10846-017-0650-2,Scopus,UAV,indoor,camera|GPS_denied_confirmed,other,other,RMSE,,,custom,real_world,"In this paper, we present an autonomous visual navigation system that determines the location of the unmanned aerial vehicle (UAV) in GPS-denied environment by detecting semantic features (roads centr",navigation,false,Peripheral,Abstract-only extraction. QA capped accordingly.,,false,1,0,0,0,1,Q-low,A+2: real-world experiments; CAP: abstract-only -1 rigor (cannot verify from abstract alone)
REC_1678,Position and Orientation from Asynchronous Lidar in GNSS Denied Environments,Glennie C.; Haces-Garcia F.,2026,,10.5194/isprs-annals-XI-1-2026-151-2026,Scopus,UAV,simulation,lidar|GPS_denied_confirmed,other,other,RMSE,,,custom,simulation,"The paper presents the results of simulation experiments, first examining single epoch solutions and then considers estimates of position and orientation along simulated flight trajectories",navigation,false,Peripheral,Abstract-only extraction. QA capped accordingly.,,false,0,0,0,0,0,Q-low,CAP: simulation-only -> max Q-medium
REC_1679,Self-localization of unmanned aerial vehicles based on optical flow in onboard camera images,Walter V.; Novák T.; Saska M.,2018,,10.1007/978-3-319-76072-8_8,Scopus,UAV,mixed,camera|GPS_denied_confirmed,VIO_SLAM,other,RMSE,,,custom,real_world,This paper proposes and evaluates the implementation of a self-localization system intended for use in Unmanned Aerial Vehicles (UAVs),mapping,false,Peripheral,Abstract-only extraction. QA capped accordingly.,,false,2,1,0,0,3,Q-low,A+2: real-world experiments; A+1: ground-truth comparison; B+1: ablation/failure analysis; CAP: abstract-only -1 rigor (cannot verify from abstract alone)
REC_1688,Pose estimation based on laser range finder for a quadrotor unmanned aerial vehicle in GPS-denied environment,X. Gu; B. Xian; F. Guo; Y. Zhang; X. Zhang,2013,,,IEEE_Xplore,UAV,outdoor,GPS_denied_confirmed,other,other,RMSE,,,custom,simulation,And a new pose estimation algorithm is developed to provide accurate estimation for the UAV's position and attitude which can be utilized for the flight controller in the GPS-denied environments.,navigation,false,Peripheral,Abstract-only extraction. QA capped accordingly.,,false,0,0,0,0,0,Q-low,CAP: simulation-only -> max Q-medium
REC_1694,Deep reinforcement learning based intelligent agent for smart autonomous system of drone in GPS-denied environments,Doukhi O.; Fayjie A.R.; Hossain S.; Deok J.L.,2012,,,Scopus,UAV,simulation,GPS_denied_confirmed,DNN,deep_learning,RMSE,,,custom,simulation,We don't assume a map of the environment a priori but rather rely on our sensor represented by laser scan is mounted on board the UAV,navigation,false,Peripheral,Abstract-only extraction. QA capped accordingly.,,false,0,0,0,0,0,Q-low,CAP: simulation-only -> max Q-medium
REC_1695,Application of vision-based particle filter and visual odometry for UAV localization,Jurevičius R.; Marcinkevičius V.,2017,,,Scopus,UAV,outdoor,camera|GPS_denied_confirmed|wheel_encoder,particle_filter,other,RMSE,,,custom,simulation,In this paper a vision-based particle filter application is proposed to solve GPS-denied UAV localization,navigation,false,Peripheral,Abstract-only extraction. QA capped accordingly.,,false,0,2,1,0,3,Q-low,B+1: trajectory scale reported; B+1: ablation/failure analysis; C+1: established baseline compared; CAP: simulation-only -> max Q-medium
REC_1696,Enabling Autonomous Navigation with Radar-Only Perception in GPS-Denied Environments,Kumar S.S.S.; Chhaya H.; Ramos H.; Longmire M.; Paquet J.; Brink K.,2026,,,Scopus,UAV,outdoor,lidar|camera|GPS_denied_confirmed|radar|wheel_encoder,other,other,RMSE,,,custom,real_world,This work proposes a novel radar-only inference framework that reconstructs dense LiDAR-like point clouds by leveraging a stereo millimeter wave radar (IWR6843AoP) data with hallucinated Time-of-Fligh,navigation,false,Peripheral,Abstract-only extraction. QA capped accordingly.,,false,1,0,0,0,1,Q-low,A+2: real-world experiments; CAP: abstract-only -1 rigor (cannot verify from abstract alone)
REC_1697,Automation of UAV Navigation Support Based on SIFT-like Methods,Prystavkа P.; Cholyshkinа O.; Kovtun O.; Pryshchepa D.,2025,,,Scopus,UAV,simulation,camera|GPS_denied_confirmed,DNN,deep_learning,RMSE,,,custom,real_world,This paper presents an approach to supporting the navigation of an unmanned aerial vehicle (UAV) via an optical channel in cases where satellite navigation signals are unavailable,navigation,false,Peripheral,Abstract-only extraction. QA capped accordingly.,,false,1,0,0,0,1,Q-low,A+2: real-world experiments; CAP: abstract-only -1 rigor (cannot verify from abstract alone)
REC_1700,Autonomous navigation of UAV through GPS-denied indoor environment with obstacles,Nemati A.; Sarim M.; Hashemi M.; Schnipke E.; Reidling S.; Jeffers W.; Meiring J.; Sampathkumar P.; Kumar M.,2015,,,Scopus,UAV,mixed,camera|IMU|GPS_denied_confirmed|sonar,other,other,RMSE,,,custom,simulation,The performance of the UAV platform along- with the software algorithms developed for navigation and control is tested with the help of a realistic simulation environment designed in Matlab,mapping,false,Peripheral,Abstract-only extraction. QA capped accordingly.,,false,0,1,0,0,1,Q-low,B+1: ablation/failure analysis; CAP: simulation-only -> max Q-medium
REC_1701,Development of an Indoor VIO-Based Navigation System for Unmanned Vehicles,Chen C.-H.; Lin J.-J.; Chen L.-H.; Song C.-C.,2026,,,Scopus,UAV,indoor,camera|IMU|GPS_denied_confirmed|wheel_encoder,VIO,loosely_coupled,RMSE,,,custom,simulation,"To address this issue, this paper presents the design and implementation of an indoor navigation system for UAVs based on Vision-Inertial Odometry (VIO) and depth sensing",inspection,false,Peripheral,Abstract-only extraction. QA capped accordingly.,,false,0,0,0,0,0,Q-low,CAP: simulation-only -> max Q-medium
REC_1702,An integrated MEMS IMU/camera system for pedestrian navigation in GPS-denied environment,Huang B.; Du S.; Gao Y.,2011,,,Scopus,UAV,indoor,camera|IMU|GPS_denied_confirmed,other,loosely_coupled,RMSE,3.0,m,custom,real_world,Field test results demonstrate that the proposed vision-aided system can reduce the position error from more than several kilometres in INS-only solutions to less than 3 m.,navigation,false,Peripheral,Abstract-only extraction. QA capped accordingly.,,false,1,1,0,0,2,Q-low,A+2: real-world experiments; B+1: quantitative error metric reported; CAP: abstract-only -1 rigor (cannot verify from abstract alone)
REC_1703,VISION-BASED LOCALISATION FOR AUTONOMOUS AERIAL NAVIGATION IN GNSS-DENIED SITUATIONS,Sabel D.; Maki A.; Westin T.; Åsvärn D.,2022,,,Scopus,UAV,outdoor,camera|GPS_denied_confirmed,DNN,deep_learning,RMSE,,,custom,simulation,This paper present results from the project's ongoing research on vision-based approaches with deep learning as well as a novel approach to localisation which exploits the three-dimensional structure ,mapping,false,Peripheral,Abstract-only extraction. QA capped accordingly.,,false,0,0,0,0,0,Q-low,CAP: simulation-only -> max Q-medium
REC_1704,Cooperative Tracking and Navigation of Multi Aerial Vehicles in GPS-Denied Regions,Ovec N.T.; Leblebicioglu M.K.,2024,,,Scopus,UAV,simulation,camera|IMU|GPS_denied_confirmed,other,loosely_coupled,RMSE,,,custom,real_world,"In this study, a combined method for collaborative tracking and formation control in GPS denied regions is proposed",navigation,false,Peripheral,Abstract-only extraction. QA capped accordingly.,,false,1,1,0,0,2,Q-low,A+2: real-world experiments; B+1: trajectory scale reported; CAP: abstract-only -1 rigor (cannot verify from abstract alone)
REC_1705,Autocalibration of a mobile UWB localization system for Ad-Hoc multi-robot deployments in GNSS-denied environments,Almansa C.M.; Shule W.; Queralta J.P.; Westerlund T.,2020,,,Scopus,UAV,simulation,GPS_denied_confirmed|UWB|WiFi,other,other,RMSE,,,custom,simulation,"We introduce a collaborative algorithm for online autocalibration of anchor positions, enabling not only ad-hoc deployments but also movable anchors, based on Decawave's DWM1001 UWB module",navigation,false,Peripheral,Abstract-only extraction. QA capped accordingly.,,false,0,1,1,0,2,Q-low,B+1: trajectory scale reported; C+1: established baseline compared; CAP: simulation-only -> max Q-medium
REC_1706,GPS DENIED - THE NEXT LEVEL IN AUTONOMOUS NAVIGATION TOWARDS FLYING WITHOUT GPS,Puhlfürst G.; Hess J.; Milz S.,2024,,,Scopus,UAV,outdoor,camera|GPS_denied_confirmed|wheel_encoder,other,other,RMSE,,,custom,simulation,"For scenarios involving GPS disruption mid-flight, the study proposes the employment of visual odometry, utilizing both traditional and deep-learning approaches, to sustain navigation accuracy",navigation,false,Peripheral,Abstract-only extraction. QA capped accordingly.,,false,0,1,0,0,1,Q-low,B+1: ablation/failure analysis; CAP: simulation-only -> max Q-medium
REC_1709,UAV circumnavigation under a GPS-denied environment: Algorithms and experiments,Cao Y.; Kingston D.; Rasmussen S.,2015,,,Scopus,UAV,simulation,GPS_denied_confirmed,other,other,RMSE,,,custom,real_world,We first introduce the two circumnavigation algorithms and their motivations,navigation,false,Peripheral,Abstract-only extraction. QA capped accordingly.,,false,1,1,0,0,2,Q-low,A+2: real-world experiments; B+1: trajectory scale reported; CAP: abstract-only -1 rigor (cannot verify from abstract alone)
REC_1711,A recovery system for SUAV operations in GPS-denied environments using timing advance measurements,Layh T.; Larson J.; Jackson J.; Taylor B.; Gebre-Egziabher D.,2015,,,Scopus,UAV,mixed,GPS_denied_confirmed,particle_filter,other,RMSE,5275.0,m,custom,real_world,"The prototype SUAV system presented in this paper made use of a federated filtering approach to calculate position, velocity, and attitude in GPS-denied environments",navigation,false,Peripheral,Abstract-only extraction. QA capped accordingly.,,false,1,1,0,0,2,Q-low,A+2: real-world experiments; B+1: quantitative error metric reported; CAP: abstract-only -1 rigor (cannot verify from abstract alone)
REC_1714,Performance analysis and flight data results of innovative vision-based navigation in GPS-denied environment,Polle B.,2012,,,Scopus,UAV,outdoor,camera|IMU|GPS_denied_confirmed|barometer|radar,VIO_SLAM,loosely_coupled,RMSE,,,custom,real_world,Astrium Satellites is developing Vision Based Navigation solutions for safe and accurate autonomous landing on planetary bodies,navigation,false,Peripheral,Abstract-only extraction. QA capped accordingly.,,false,1,1,0,0,2,Q-low,A+2: real-world experiments; B+1: ablation/failure analysis; CAP: abstract-only -1 rigor (cannot verify from abstract alone)
REC_1715,"Autonomous targeted flight of a rotary-wing micro aerial vehicle in indoor, GPS-denied environments",Potyagaylo S.; Rand O.,2014,,,Scopus,UAV,mixed,GPS_denied_confirmed,other,other,RMSE,,,custom,simulation,This pa- per presents a modular system that comprises re- quired components for these tasks,navigation,false,Peripheral,Abstract-only extraction. QA capped accordingly.,,false,0,1,0,0,1,Q-low,B+1: ablation/failure analysis; CAP: simulation-only -> max Q-medium
REC_1716,Vision-based autonomous guidance approach for a nano unmanned aerial vehicle rotorcraft towards indoor flight environment,Wang G.; Li D.; Xu P.; Luo B.; Wang X.; Xu B.,2020,,,Scopus,UAV,indoor,camera|GPS_denied_confirmed,other,other,RMSE,,,custom,real_world,This research presented a light-weight vision-based navigation system which is suitable for NUAV rotorcrafts with restrictively limited payload capacity and computing resources,navigation,false,Peripheral,Abstract-only extraction. QA capped accordingly.,,false,1,0,0,0,1,Q-low,A+2: real-world experiments; CAP: abstract-only -1 rigor (cannot verify from abstract alone)
REC_1717,Inertial-aided vision-based localization and mapping in a riverine environment with reflection measurements,Yang J.; Dani A.; Chung S.-J.; Hutchinson S.,2013,,,Scopus,UAV,outdoor,camera|IMU|GPS_denied_confirmed|barometer|magnetometer,other,other,RMSE,,,custom,simulation,This paper presents an inertial-adided vision-based localization and mapping algorithm for an unmanned aerial vehicle (UAV) that can operate in a GPS-denied riverine environment,mapping,false,Peripheral,Abstract-only extraction. QA capped accordingly.,,false,0,0,0,0,0,Q-low,CAP: simulation-only -> max Q-medium
REC_1718,On the consistency analyzing of A-SLAM for UAV navigating in GNSS denied environment,Oguz A.E.; Temeltas H.,2013,,,Scopus,UAV,simulation,GPS_denied_confirmed,SLAM,other,RMSE,,,custom,simulation,"In this paper, EKF Based A-SLAM concept is discussed in detail by presenting the formulas and MATLAB Simulink model, along with results",navigation,false,Peripheral,Abstract-only extraction. QA capped accordingly.,,false,0,0,1,0,1,Q-low,A+1: repeatability/multiple runs; C+1: established baseline compared; CAP: simulation-only -> max Q-medium; CAP: abstract-only -1 rigor (cannot verify from abstract alone)
