id,title,authors,year,doi,venue,source,fulltext_available,pdf_pages,platform_type,sensor_list,primary_method,method_category,environment,experiment_type,real_or_sim,metrics_reported,ate_rmse_m,application_domain,multi_agent,notes,qa_rigor,qa_reporting,qa_baseline,qa_repro,qa_total,qa_tier,qa_notes,citation_tier
REC_0001,BIM-Assisted UAV Topological Localization and Navigation Method for GPS-Denied Indoor Environments,H. Pan; H. Ye; W. Zheng; L. Zhou,2026,10.1109/ICCIR70228.2026.11633308,IEEE Conference/Journal,IEEE_Xplore,True,4,UAV,IMU;Monocular_Camera,Visual_Inertial_Odometry,Visual-Inertial (VIO/SLAM),Indoor;Adversarial/EW,Simulation,Simulation,ATE_RMSE;Success_Rate;Computational_Latency,NOT_REPORTED,Inspection,Single_Agent,Parsed from 4-page PDF. Primary evaluation: Simulation with sensors [IMU;Monocular_Camera].,0,1,0,0,1,Q-low,"Rigor=0/4, Reporting=1/3, Baseline=0/2, Repro=0/1. Total=1/10 (Q-low).",Peripheral
REC_0003,Autonomous Navigation in GPS-Denied Environments Using Visual SLAM,L. B. Jayswal; S. Khadka; A. K. Shah; B. Yonzan; B. Rimal; N. Bhattarai; D. Chieng; B. Nakarmi,2026,10.1109/ICTP67998.2026.11485150,IEEE Conference/Journal,IEEE_Xplore,True,5,UAV,IMU;Thermal_Camera;LiDAR_3D,LiDAR_Inertial_Odometry_SLAM,LiDAR-Inertial / LiDAR SLAM,Indoor;Urban;Underground/Tunnel;Adversarial/EW;Maritime/Water,Both_Real_and_Sim,Both,ATE_RMSE;RMSE;Success_Rate,NOT_REPORTED,Mapping/Surveying,Single_Agent,Parsed from 5-page PDF. Primary evaluation: Both_Real_and_Sim with sensors [IMU;Thermal_Camera;LiDAR_3D].,2,3,1,1,7,Q-medium,"Rigor=2/4, Reporting=3/3, Baseline=1/2, Repro=1/1. Total=7/10 (Q-medium).",Important
REC_0006,A Multi-Sensor Fusion Framework for Unmanned Aerial Vehicle (UAV) Navigation and Inspection in GPS-Denied and Degraded Environments,V. V. Sai Viswa Kiran; A. S. Reddy; H. V. Sri Sai; H. Allaka; R. P. Kumar,2026,10.1109/APSCON68325.2026.11497125,IEEE Conference/Journal,IEEE_Xplore,True,4,UAV,IMU;Stereo_Camera;LiDAR_3D,Visual_LiDAR_Inertial_Fusion,Visual-LiDAR Fusion,Indoor;Urban;Underground/Tunnel;Forest/Canopy;Adversarial/EW;Maritime/Water,Both_Real_and_Sim,Both,ATE_RMSE;Success_Rate,NOT_REPORTED,Inspection,Single_Agent,Parsed from 4-page PDF. Primary evaluation: Both_Real_and_Sim with sensors [IMU;Stereo_Camera;LiDAR_3D].,4,3,1,1,9,Q-high,"Rigor=4/4, Reporting=3/3, Baseline=1/2, Repro=1/1. Total=9/10 (Q-high).",Core
REC_0008,A Framework for UAV Navigation and Exploration in GPS-Denied Environments,F. Vanegas; K. J. Gaston; J. Roberts; F. Gonzalez,2019,10.1109/AERO.2019.8741612,IEEE Conference/Journal,IEEE_Xplore,True,7,UAV,IMU;Stereo_Camera;LiDAR_3D,Visual_LiDAR_Inertial_Fusion,Visual-LiDAR Fusion,Indoor;Urban;Underground/Tunnel;Forest/Canopy;Adversarial/EW,Simulation,Simulation,ATE_RMSE;Relative_Drift_Percent,NOT_REPORTED,Inspection,Single_Agent,Parsed from 7-page PDF. Primary evaluation: Simulation with sensors [IMU;Stereo_Camera;LiDAR_3D].,1,2,1,1,5,Q-medium,"Rigor=1/4, Reporting=2/3, Baseline=1/2, Repro=1/1. Total=5/10 (Q-medium).",Important
REC_0010,Autonomous long-range navigation in GNSS-denied environment with low-cost UAV platform,A. R. Kuroswiski; N. M. F. de Oliveira; É. H. Shiguemori,2018,10.1109/SYSCON.2018.8369592,IEEE Conference/Journal,IEEE_Xplore,True,6,UAV,IMU;Monocular_Camera,Visual_Inertial_Odometry,Visual-Inertial (VIO/SLAM),Urban;Adversarial/EW,Simulation,Simulation,ATE_RMSE,NOT_REPORTED,Inspection,Single_Agent,Parsed from 6-page PDF. Primary evaluation: Simulation with sensors [IMU;Monocular_Camera].,0,2,0,1,3,Q-low,"Rigor=0/4, Reporting=2/3, Baseline=0/2, Repro=1/1. Total=3/10 (Q-low).",Peripheral
REC_0013,Quantum-Enhanced Drone Swarm Localization in GPS-Denied Environment,S. K. Thota,2026,10.1109/ICoECIT68303.2026.11497954,IEEE Conference/Journal,IEEE_Xplore,True,6,Multi_Platform,IMU;Monocular_Camera;LiDAR_3D;UWB,Visual_LiDAR_Inertial_Fusion,Visual-LiDAR Fusion,Indoor;Urban;Underground/Tunnel;Forest/Canopy;Adversarial/EW;Maritime/Water,Simulation,Simulation,ATE_RMSE;Relative_Drift_Percent;Success_Rate,NOT_REPORTED,Inspection,Multi_Agent,Parsed from 6-page PDF. Primary evaluation: Simulation with sensors [IMU;Monocular_Camera;LiDAR_3D;UWB].,1,3,0,0,4,Q-low,"Rigor=1/4, Reporting=3/3, Baseline=0/2, Repro=0/1. Total=4/10 (Q-low).",Peripheral
REC_0017,Development of Nano UAV Platform for Navigation in GPS-Denied Environment Using Snapdragon,Y. Zhou; G. Qin; F. Lin,2018,10.1109/IECON.2018.8592913,IEEE Conference/Journal,IEEE_Xplore,True,6,UAV,IMU;Stereo_Camera;LiDAR_3D;UWB;Sonar,Visual_LiDAR_Inertial_Fusion,Visual-LiDAR Fusion,Indoor;Urban;Forest/Canopy;Adversarial/EW;Maritime/Water,Simulation,Simulation,ATE_RMSE;Relative_Drift_Percent;Computational_Latency,NOT_REPORTED,Mapping/Surveying,Multi_Agent,Parsed from 6-page PDF. Primary evaluation: Simulation with sensors [IMU;Stereo_Camera;LiDAR_3D;UWB;Sonar].,0,2,0,0,2,Q-low,"Rigor=0/4, Reporting=2/3, Baseline=0/2, Repro=0/1. Total=2/10 (Q-low).",Peripheral
REC_0022,Distance-based Autonomous Docking for UAV-MP in GPS-denied Environment,C. Cheng; X. Li; L. Li; L. Xie,2022,10.1109/CCDC55256.2022.10034409,IEEE Conference/Journal,IEEE_Xplore,True,6,UAV,IMU;Monocular_Camera;LiDAR_3D;UWB,LiDAR_Inertial_Odometry_SLAM,LiDAR-Inertial / LiDAR SLAM,Indoor;Urban;Underground/Tunnel;Forest/Canopy;Adversarial/EW,Simulation,Simulation,ATE_RMSE;Success_Rate;Computational_Latency,NOT_REPORTED,Inspection,Multi_Agent,Parsed from 6-page PDF. Primary evaluation: Simulation with sensors [IMU;Monocular_Camera;LiDAR_3D;UWB].,1,3,0,0,4,Q-low,"Rigor=1/4, Reporting=3/3, Baseline=0/2, Repro=0/1. Total=4/10 (Q-low).",Peripheral
REC_0023,Autonomous Aerial Navigation in GPS-Denied Environments,A. Variar; B. R; A. Fathima; R. U; G. Sreenandhini; D. K. H; J. J; S. M. D,2025,10.1109/INSPIRE67328.2025.11300665,IEEE Conference/Journal,IEEE_Xplore,True,9,Multi_Platform,IMU;Stereo_Camera;LiDAR_3D;Radar_mmWave,Visual_LiDAR_Inertial_Fusion,Visual-LiDAR Fusion,Indoor;Urban;Underground/Tunnel;Adversarial/EW,Simulation,Simulation,ATE_RMSE;Success_Rate;Computational_Latency,NOT_REPORTED,Inspection,Single_Agent,Parsed from 9-page PDF. Primary evaluation: Simulation with sensors [IMU;Stereo_Camera;LiDAR_3D;Radar_mmWave].,1,3,1,1,6,Q-medium,"Rigor=1/4, Reporting=3/3, Baseline=1/2, Repro=1/1. Total=6/10 (Q-medium).",Important
REC_0025,Design of an UWB indoor-positioning system for UAV navigation in GNSS-denied environments,J. Tiemann; F. Schweikowski; C. Wietfeld,2015,10.1109/IPIN.2015.7346960,IEEE Conference/Journal,IEEE_Xplore,True,7,UAV,IMU;Radar_mmWave;UWB,Visual_Inertial_Odometry,Visual-Inertial (VIO/SLAM),Indoor;Urban;Adversarial/EW,Simulation,Simulation,ATE_RMSE;Success_Rate;Computational_Latency,NOT_REPORTED,Inspection,Multi_Agent,Parsed from 7-page PDF. Primary evaluation: Simulation with sensors [IMU;Radar_mmWave;UWB].,2,2,0,0,4,Q-low,"Rigor=2/4, Reporting=2/3, Baseline=0/2, Repro=0/1. Total=4/10 (Q-low).",Peripheral
REC_0028,UAV Waypoint Opportunistic Navigation in GNSS-Denied Environments,Y. Yang; J. Khalife; J. J. Morales; Z. M. Kassas,2022,10.1109/TAES.2021.3103140,IEEE Conference/Journal,IEEE_Xplore,True,16,Multi_Platform,IMU;Monocular_Camera;LiDAR_2D,Visual_Inertial_Odometry,Visual-Inertial (VIO/SLAM),Indoor;Urban;Underground/Tunnel;Forest/Canopy;Adversarial/EW;Maritime/Water,Simulation,Simulation,ATE_RMSE;Relative_Drift_Percent;RMSE;Success_Rate;Computational_Latency,NOT_REPORTED,Mapping/Surveying,Multi_Agent,Parsed from 16-page PDF. Primary evaluation: Simulation with sensors [IMU;Monocular_Camera;LiDAR_2D].,2,3,0,0,5,Q-medium,"Rigor=2/4, Reporting=3/3, Baseline=0/2, Repro=0/1. Total=5/10 (Q-medium).",Important
REC_0035,State Estimation and Control for Micro Aerial Vehicles in GPS-denied Environments,H. Shen; X. Zhang; H. Lu; B. Tian; Q. Zong,2020,10.1109/WCSP49889.2020.9299710,IEEE Conference/Journal,IEEE_Xplore,True,6,UAV,IMU;Monocular_Camera;LiDAR_2D,Visual_LiDAR_Inertial_Fusion,Visual-LiDAR Fusion,Indoor;Urban;Underground/Tunnel;Forest/Canopy;Adversarial/EW;Maritime/Water,Simulation,Simulation,ATE_RMSE;Relative_Drift_Percent;Success_Rate;Computational_Latency,NOT_REPORTED,Inspection,Single_Agent,Parsed from 6-page PDF. Primary evaluation: Simulation with sensors [IMU;Monocular_Camera;LiDAR_2D].,2,2,2,0,6,Q-medium,"Rigor=2/4, Reporting=2/3, Baseline=2/2, Repro=0/1. Total=6/10 (Q-medium).",Important
REC_0037,Deep Visual Localization for UAVs in GNSS-Denied Environments Using Satellite Imagery,E. Öksüz; B. Yalçın; T. Demirdal,2026,10.1109/SIU71813.2026.11636724,IEEE Conference/Journal,IEEE_Xplore,True,4,UAV,Monocular_Camera,Visual_Inertial_Odometry,Visual-Inertial (VIO/SLAM),Urban;Underground/Tunnel;Adversarial/EW;Maritime/Water,Simulation,Simulation,ATE_RMSE;Relative_Drift_Percent;RMSE;Computational_Latency,NOT_REPORTED,Search_and_Rescue,Single_Agent,Parsed from 4-page PDF. Primary evaluation: Simulation with sensors [Monocular_Camera].,1,2,0,1,4,Q-low,"Rigor=1/4, Reporting=2/3, Baseline=0/2, Repro=1/1. Total=4/10 (Q-low).",Peripheral
REC_0041,UAV Navigation With Monocular Visual Inertial Odometry Under GNSS-Denied Environment,H. Luo; G. Li; D. Zou; K. Li; X. Li; Z. Yang,2023,10.1109/TGRS.2023.3323519,IEEE Conference/Journal,IEEE_Xplore,True,15,Multi_Platform,IMU;Stereo_Camera;UWB;Optical_Flow,Visual_Inertial_Odometry,Visual-Inertial (VIO/SLAM),Indoor;Urban;Underground/Tunnel;Adversarial/EW,Real_World,Real_World,ATE_RMSE;RMSE;Success_Rate,NOT_REPORTED,Mapping/Surveying,Single_Agent,Parsed from 15-page PDF. Primary evaluation: Real_World with sensors [IMU;Stereo_Camera;UWB;Optical_Flow].,4,3,1,1,9,Q-high,"Rigor=4/4, Reporting=3/3, Baseline=1/2, Repro=1/1. Total=9/10 (Q-high).",Core
REC_0043,Robust Sensor Fusion for Autonomous UAV Navigation in GPS denied Forest Environment,S. M. Shithil; A. A. M. Faudzi; A. Abdullah; N. Islam; S. M. Saad,2022,10.1109/ROMA55875.2022.9915682,IEEE Conference/Journal,IEEE_Xplore,True,6,UAV,IMU;Stereo_Camera;LiDAR_2D,Visual_LiDAR_Inertial_Fusion,Visual-LiDAR Fusion,Indoor;Urban;Forest/Canopy;Adversarial/EW,Simulation,Simulation,ATE_RMSE;Relative_Drift_Percent;Computational_Latency,NOT_REPORTED,Inspection,Single_Agent,Parsed from 6-page PDF. Primary evaluation: Simulation with sensors [IMU;Stereo_Camera;LiDAR_2D].,1,3,1,0,5,Q-medium,"Rigor=1/4, Reporting=3/3, Baseline=1/2, Repro=0/1. Total=5/10 (Q-medium).",Important
REC_0053,Vision-based Navigation of Unmanned Aerial Vehicles,H. Gahlot; A. Kumar; P. Kumar; E. A. Sharma,2024,10.1109/ICACCM61117.2024.11059131,IEEE Conference/Journal,IEEE_Xplore,True,22,Multi_Platform,IMU;Thermal_Camera;LiDAR_3D,Visual_LiDAR_Inertial_Fusion,Visual-LiDAR Fusion,Indoor;Urban;Underground/Tunnel;Forest/Canopy;Maritime/Water,Both_Real_and_Sim,Both,ATE_RMSE;Relative_Drift_Percent;RMSE;Success_Rate,NOT_REPORTED,Mapping/Surveying,Multi_Agent,Parsed from 22-page PDF. Primary evaluation: Both_Real_and_Sim with sensors [IMU;Thermal_Camera;LiDAR_3D].,4,3,1,0,8,Q-high,"Rigor=4/4, Reporting=3/3, Baseline=1/2, Repro=0/1. Total=8/10 (Q-high).",Core
REC_0057,ROS+unity: An efficient high-fidelity 3D multi-UAV navigation and control simulator in GPS-denied environments,W. Meng; Y. Hu; J. Lin; F. Lin; R. Teo,2015,10.1109/IECON.2015.7392488,IEEE Conference/Journal,IEEE_Xplore,True,6,UAV,IMU;Depth_Camera;LiDAR_2D,Visual_LiDAR_Inertial_Fusion,Visual-LiDAR Fusion,Indoor;Urban;Forest/Canopy;Adversarial/EW,Simulation,Simulation,ATE_RMSE;Computational_Latency,NOT_REPORTED,Mapping/Surveying,Multi_Agent,Parsed from 6-page PDF. Primary evaluation: Simulation with sensors [IMU;Depth_Camera;LiDAR_2D].,0,2,1,1,4,Q-low,"Rigor=0/4, Reporting=2/3, Baseline=1/2, Repro=1/1. Total=4/10 (Q-low).",Peripheral
REC_0064,Positioning and Navigation Approaches Using Packet Loss-Based Multilateration for UAVs in GPS-Denied Environments,I. Srisomboon; S. Lee,2024,10.1109/ACCESS.2024.3357148,IEEE Conference/Journal,IEEE_Xplore,True,15,UAV,IMU;Monocular_Camera;LiDAR_3D;UWB,Visual_LiDAR_Inertial_Fusion,Visual-LiDAR Fusion,Indoor;Urban;Underground/Tunnel;Adversarial/EW,Both_Real_and_Sim,Both,ATE_RMSE;Success_Rate;Computational_Latency,NOT_REPORTED,Inspection,Multi_Agent,Parsed from 15-page PDF. Primary evaluation: Both_Real_and_Sim with sensors [IMU;Monocular_Camera;LiDAR_3D;UWB].,2,3,0,0,5,Q-medium,"Rigor=2/4, Reporting=3/3, Baseline=0/2, Repro=0/1. Total=5/10 (Q-medium).",Important
REC_0065,Autonomous Drones in GNSS-Denied Environments: Results from the Leonardo Drone Contest,S. Godio; F. Marino; A. Minervini; S. Primatesta; M. Chiaberge; G. Guglieri,2023,10.1109/MetroAeroSpace57412.2023.10190003,IEEE Conference/Journal,IEEE_Xplore,True,6,UAV,IMU;Stereo_Camera;LiDAR_3D;UWB,Visual_LiDAR_Inertial_Fusion,Visual-LiDAR Fusion,Indoor;Urban;Underground/Tunnel;Adversarial/EW,Both_Real_and_Sim,Both,ATE_RMSE;Relative_Drift_Percent;Success_Rate;Computational_Latency,NOT_REPORTED,Mapping/Surveying,Multi_Agent,Parsed from 6-page PDF. Primary evaluation: Both_Real_and_Sim with sensors [IMU;Stereo_Camera;LiDAR_3D;UWB].,2,3,1,1,7,Q-medium,"Rigor=2/4, Reporting=3/3, Baseline=1/2, Repro=1/1. Total=7/10 (Q-medium).",Important
REC_0066,Real Time Vision Based Obstacle Avoidance for UAV using YOLO in GPS Denied Environment,S. K. NT; G. U. Sai; P. K. Duba; P. Rajalakshmi,2023,10.1109/OCIT59427.2023.10431039,IEEE Conference/Journal,IEEE_Xplore,True,6,UAV,IMU;Stereo_Camera;LiDAR_3D,LiDAR_Inertial_Odometry_SLAM,LiDAR-Inertial / LiDAR SLAM,Indoor;Urban;Underground/Tunnel;Forest/Canopy;Adversarial/EW,Simulation,Simulation,ATE_RMSE;Success_Rate;Computational_Latency,NOT_REPORTED,Inspection,Multi_Agent,Parsed from 6-page PDF. Primary evaluation: Simulation with sensors [IMU;Stereo_Camera;LiDAR_3D].,1,3,0,0,4,Q-low,"Rigor=1/4, Reporting=3/3, Baseline=0/2, Repro=0/1. Total=4/10 (Q-low).",Peripheral
REC_0071,Radar-Based High-Accuracy 3D Localization of UAVs for Landing in GNSS-Denied Environments,Y. Dobrev; Y. Dobrev; P. Gulden; M. Lipka; T. Pavlenko; D. Moormann; M. Vossiek,2018,10.1109/ICMIM.2018.8443483,IEEE Conference/Journal,IEEE_Xplore,True,4,UAV,IMU;Radar_mmWave,Radio_Based_Positioning,UWB / Radio / Beacons,Indoor;Urban;Underground/Tunnel;Adversarial/EW,Simulation,Simulation,ATE_RMSE;Success_Rate;Computational_Latency,NOT_REPORTED,Inspection,Multi_Agent,Parsed from 4-page PDF. Primary evaluation: Simulation with sensors [IMU;Radar_mmWave].,2,3,0,0,5,Q-medium,"Rigor=2/4, Reporting=3/3, Baseline=0/2, Repro=0/1. Total=5/10 (Q-medium).",Important
REC_0077,3D Path Planning for Autonomous UAV Navigation in GPS-Denied Environments,T. Thakkar; R. Ramirez; R. Tsui; S. Bhandari; A. Raheja,2026,10.1109/ICUAS69441.2026.11598675,IEEE Conference/Journal,IEEE_Xplore,True,8,UAV,IMU;Stereo_Camera;LiDAR_3D,Visual_LiDAR_Inertial_Fusion,Visual-LiDAR Fusion,Indoor;Urban;Underground/Tunnel;Forest/Canopy;Adversarial/EW,Both_Real_and_Sim,Both,ATE_RMSE;RMSE;Success_Rate,NOT_REPORTED,Inspection,Single_Agent,Parsed from 8-page PDF. Primary evaluation: Both_Real_and_Sim with sensors [IMU;Stereo_Camera;LiDAR_3D].,3,3,0,1,7,Q-medium,"Rigor=3/4, Reporting=3/3, Baseline=0/2, Repro=1/1. Total=7/10 (Q-medium).",Important
REC_0080,Enabling Computer Vision-Based Autonomous Navigation for Unmanned Aerial Vehicles in Cluttered GPS-Denied Environments,F. Valenti; D. Giaquinto; L. Musto; A. Zinelli; M. Bertozzi; A. Broggi,2018,10.1109/ITSC.2018.8569695,IEEE Conference/Journal,IEEE_Xplore,True,6,UAV,IMU;Stereo_Camera;LiDAR_2D;Sonar,Visual_Inertial_Odometry,Visual-Inertial (VIO/SLAM),Indoor;Urban;Forest/Canopy;Adversarial/EW,Simulation,Simulation,ATE_RMSE;Relative_Drift_Percent;Success_Rate,NOT_REPORTED,Inspection,Single_Agent,Parsed from 6-page PDF. Primary evaluation: Simulation with sensors [IMU;Stereo_Camera;LiDAR_2D;Sonar].,1,3,0,0,4,Q-low,"Rigor=1/4, Reporting=3/3, Baseline=0/2, Repro=0/1. Total=4/10 (Q-low).",Peripheral
REC_0084,Simulating GPS-denied Autonomous UAV Navigation for Detection of Surface Water Bodies,A. D. Singh; F. Vanegas Alvarez,2020,10.1109/ICUAS48674.2020.9213927,IEEE Conference/Journal,IEEE_Xplore,True,10,Multi_Platform,IMU;Thermal_Camera,Thermal_Inertial_Odometry,Visual-Inertial (VIO/SLAM),Underground/Tunnel;Adversarial/EW;Maritime/Water,Simulation,Simulation,ATE_RMSE;Relative_Drift_Percent;Success_Rate,NOT_REPORTED,Mapping/Surveying,Multi_Agent,Parsed from 10-page PDF. Primary evaluation: Simulation with sensors [IMU;Thermal_Camera].,1,3,1,0,5,Q-medium,"Rigor=1/4, Reporting=3/3, Baseline=1/2, Repro=0/1. Total=5/10 (Q-medium).",Important
REC_0095,Cooperative Relative Localization for UAV Swarm in GNSS-Denied Environment: A Coalition Formation Game Approach,L. Ruan; G. Li; W. Dai; S. Tian; G. Fan; J. Wang; X. Dai,2022,10.1109/JIOT.2021.3130000,IEEE Conference/Journal,IEEE_Xplore,True,18,Multi_Platform,IMU;UWB,Visual_Inertial_Odometry,Visual-Inertial (VIO/SLAM),Indoor;Underground/Tunnel;Adversarial/EW,Both_Real_and_Sim,Both,ATE_RMSE;Relative_Drift_Percent;RMSE;Success_Rate,NOT_REPORTED,Inspection,Multi_Agent,Parsed from 18-page PDF. Primary evaluation: Both_Real_and_Sim with sensors [IMU;UWB].,3,3,0,0,6,Q-medium,"Rigor=3/4, Reporting=3/3, Baseline=0/2, Repro=0/1. Total=6/10 (Q-medium).",Important
REC_0096,Cooperative UWB-Based Localization for Outdoors Positioning and Navigation of UAVs aided by Ground Robots,Y. Xianjia; L. Qingqing; J. P. Queralta; J. Heikkonen; T. Westerlund,2021,10.1109/ICAS49788.2021.9551177,IEEE Conference/Journal,IEEE_Xplore,True,5,Multi_Platform,IMU;Stereo_Camera;LiDAR_3D;UWB,Visual_LiDAR_Inertial_Fusion,Visual-LiDAR Fusion,Indoor;Urban;Forest/Canopy;Adversarial/EW,Both_Real_and_Sim,Both,ATE_RMSE;Success_Rate,NOT_REPORTED,Inspection,Multi_Agent,Parsed from 5-page PDF. Primary evaluation: Both_Real_and_Sim with sensors [IMU;Stereo_Camera;LiDAR_3D;UWB].,4,3,1,0,8,Q-high,"Rigor=4/4, Reporting=3/3, Baseline=1/2, Repro=0/1. Total=8/10 (Q-high).",Core
REC_0102,Quantum-Enhanced Multi-Sensor Fusion for UAV Navigation in GPS-Denied Environments,A. Moussa; I. N. Him; K. Chawqi; Y. Salih-Alj,2026,10.1109/FET68771.2026.11601505,IEEE Conference/Journal,IEEE_Xplore,True,6,UAV,IMU;Stereo_Camera;LiDAR_3D,Visual_LiDAR_Inertial_Fusion,Visual-LiDAR Fusion,Indoor;Urban;Forest/Canopy;Adversarial/EW,Both_Real_and_Sim,Both,ATE_RMSE;Relative_Drift_Percent;Success_Rate;Computational_Latency,NOT_REPORTED,Mapping/Surveying,Single_Agent,Parsed from 6-page PDF. Primary evaluation: Both_Real_and_Sim with sensors [IMU;Stereo_Camera;LiDAR_3D].,4,3,1,1,9,Q-high,"Rigor=4/4, Reporting=3/3, Baseline=1/2, Repro=1/1. Total=9/10 (Q-high).",Core
REC_0107,Augmented Radar Odometry by Nested Optimal Filter Aided Navigation for UAVS in GNSS Denied Environment,S. Zahran; M. Mostafa; M. Moussa; A. Salib; A. Moussa; N. El-Sheimy,2021,10.1109/ITC-Egypt52936.2021.9513978,IEEE Conference/Journal,IEEE_Xplore,True,5,UAV,IMU;Stereo_Camera;Radar_mmWave;UWB;Optical_Flow;Sonar,Visual_Inertial_Odometry,Visual-Inertial (VIO/SLAM),Urban;Forest/Canopy;Adversarial/EW,Simulation,Simulation,ATE_RMSE;Relative_Drift_Percent;RMSE;Success_Rate,NOT_REPORTED,Mapping/Surveying,Single_Agent,Parsed from 5-page PDF. Primary evaluation: Simulation with sensors [IMU;Stereo_Camera;Radar_mmWave;UWB;Optical_Flow;Sonar].,1,3,0,0,4,Q-low,"Rigor=1/4, Reporting=3/3, Baseline=0/2, Repro=0/1. Total=4/10 (Q-low).",Peripheral
REC_0111,Position Estimation for Drones based on Visual SLAM and IMU in GPS-denied Environment,H. D. K. Motlagh; F. Lotfi; H. D. Taghirad; S. B. Germi,2019,10.1109/ICRoM48714.2019.9071826,IEEE Conference/Journal,IEEE_Xplore,True,5,UAV,IMU;Stereo_Camera;LiDAR_3D;UWB;Sonar,Visual_LiDAR_Inertial_Fusion,Visual-LiDAR Fusion,Urban;Underground/Tunnel;Adversarial/EW,Simulation,Simulation,ATE_RMSE;Relative_Drift_Percent;RMSE;Success_Rate,NOT_REPORTED,Mapping/Surveying,Single_Agent,Parsed from 5-page PDF. Primary evaluation: Simulation with sensors [IMU;Stereo_Camera;LiDAR_3D;UWB;Sonar].,2,3,1,1,7,Q-medium,"Rigor=2/4, Reporting=3/3, Baseline=1/2, Repro=1/1. Total=7/10 (Q-medium).",Important
REC_0115,Low Computational Data Fusion Approach Using INS and UWB for UAV Navigation Tasks in GPS-Denied Environments,X. Kong; G. Fang; L. Liu; T. P. Tran,2019,10.1109/PDCAT46702.2019.00080,IEEE Conference/Journal,IEEE_Xplore,True,5,UAV,IMU,Hybrid_Inertial_Fusion,Visual-Inertial (VIO/SLAM),Mixed/Unstructured,Simulation,Simulation,Success_Rate;Computational_Latency,NOT_REPORTED,General_Navigation,Single_Agent,Parsed from 5-page PDF. Primary evaluation: Simulation with sensors [IMU].,0,0,0,0,0,Q-low,"Rigor=0/4, Reporting=0/3, Baseline=0/2, Repro=0/1. Total=0/10 (Q-low).",Peripheral
REC_0118,A Vision-Aided Navigation System by Ground-Aerial Vehicle Cooperation for UAV in GNSS-Denied Environments,Z. -H. Wang; T. Zhang; K. -Y. Qin; B. Zhu,2018,10.1109/GNCC42960.2018.9019191,IEEE Conference/Journal,IEEE_Xplore,True,6,Multi_Platform,IMU;Stereo_Camera;LiDAR_3D,Visual_LiDAR_Inertial_Fusion,Visual-LiDAR Fusion,Indoor;Urban;Underground/Tunnel;Forest/Canopy;Adversarial/EW,Simulation,Simulation,ATE_RMSE;Relative_Drift_Percent;RMSE;Success_Rate;Computational_Latency,NOT_REPORTED,Mapping/Surveying,Multi_Agent,Parsed from 6-page PDF. Primary evaluation: Simulation with sensors [IMU;Stereo_Camera;LiDAR_3D].,1,3,1,1,6,Q-medium,"Rigor=1/4, Reporting=3/3, Baseline=1/2, Repro=1/1. Total=6/10 (Q-medium).",Important
REC_0123,Visual-based landing system of a multirotor UAV in GNSS denied environment,A. Marut; P. Wojciechowski; K. Wojtowicz; K. Falkowski,2023,10.1109/MetroAeroSpace57412.2023.10190013,IEEE Conference/Journal,IEEE_Xplore,True,6,UAV,IMU;Stereo_Camera;LiDAR_3D;Radar_mmWave;Optical_Flow;Sonar,LiDAR_Inertial_Odometry_SLAM,LiDAR-Inertial / LiDAR SLAM,Indoor;Urban;Underground/Tunnel;Adversarial/EW,Both_Real_and_Sim,Both,ATE_RMSE;Relative_Drift_Percent;Success_Rate,NOT_REPORTED,Search_and_Rescue,Multi_Agent,Parsed from 6-page PDF. Primary evaluation: Both_Real_and_Sim with sensors [IMU;Stereo_Camera;LiDAR_3D;Radar_mmWave;Optical_Flow;Sonar].,3,3,0,0,6,Q-medium,"Rigor=3/4, Reporting=3/3, Baseline=0/2, Repro=0/1. Total=6/10 (Q-medium).",Important
REC_0131,Digital Twin for Drone Indoor Autonomous Navigation,M. J. Kumar; S. Singh; A. Saneen; D. Thomas,2026,10.1109/LSENS.2025.3642424,IEEE Conference/Journal,IEEE_Xplore,True,4,UAV,IMU;Stereo_Camera;LiDAR_3D,LiDAR_Inertial_Odometry_SLAM,LiDAR-Inertial / LiDAR SLAM,Indoor;Urban;Adversarial/EW,Both_Real_and_Sim,Both,ATE_RMSE;Relative_Drift_Percent;RMSE;Success_Rate;Computational_Latency,NOT_REPORTED,Inspection,Multi_Agent,Parsed from 4-page PDF. Primary evaluation: Both_Real_and_Sim with sensors [IMU;Stereo_Camera;LiDAR_3D].,2,3,0,1,6,Q-medium,"Rigor=2/4, Reporting=3/3, Baseline=0/2, Repro=1/1. Total=6/10 (Q-medium).",Important
REC_0138,Autonomous Exploration and Mapping System Using Heterogeneous UAVs and UGVs in GPS-Denied Environments,H. Qin; Z. Meng; W. Meng; X. Chen; H. Sun; F. Lin; M. H. Ang,2019,10.1109/TVT.2018.2890416,IEEE Conference/Journal,IEEE_Xplore,True,12,Multi_Platform,IMU;Stereo_Camera;LiDAR_3D;UWB,Visual_LiDAR_Inertial_Fusion,Visual-LiDAR Fusion,Indoor;Urban;Underground/Tunnel;Forest/Canopy;Adversarial/EW,Both_Real_and_Sim,Both,ATE_RMSE;Relative_Drift_Percent;Success_Rate,NOT_REPORTED,Inspection,Multi_Agent,Parsed from 12-page PDF. Primary evaluation: Both_Real_and_Sim with sensors [IMU;Stereo_Camera;LiDAR_3D;UWB].,3,3,0,0,6,Q-medium,"Rigor=3/4, Reporting=3/3, Baseline=0/2, Repro=0/1. Total=6/10 (Q-medium).",Important
REC_0149,Vision-Based Global Localization for UAVs Using Deep Convolutional Neural Networks,M. Elbalshy; S. Mostafa; A. M. Kamel,2026,10.1109/IPCS69631.2026.11604264,IEEE Conference/Journal,IEEE_Xplore,True,6,UAV,IMU;Monocular_Camera,Visual_Inertial_Odometry,Visual-Inertial (VIO/SLAM),Indoor;Urban;Underground/Tunnel;Forest/Canopy;Adversarial/EW;Maritime/Water,Both_Real_and_Sim,Both,ATE_RMSE;Success_Rate,NOT_REPORTED,Inspection,Single_Agent,Parsed from 6-page PDF. Primary evaluation: Both_Real_and_Sim with sensors [IMU;Monocular_Camera].,3,3,0,0,6,Q-medium,"Rigor=3/4, Reporting=3/3, Baseline=0/2, Repro=0/1. Total=6/10 (Q-medium).",Important
REC_0155,Cooperative Navigation and Guidance of a Micro-Scale Aerial Vehicle by an Accompanying UAV using 3D LiDAR Relative Localization,V. Pritzl; M. Vrba; P. Štĕpán; M. Saska,2022,10.1109/ICUAS54217.2022.9836116,IEEE Conference/Journal,IEEE_Xplore,True,10,Multi_Platform,IMU;Stereo_Camera;LiDAR_3D;UWB,Visual_LiDAR_Inertial_Fusion,Visual-LiDAR Fusion,Indoor;Urban;Underground/Tunnel;Adversarial/EW,Both_Real_and_Sim,Both,ATE_RMSE;Relative_Drift_Percent;RMSE;Success_Rate;Computational_Latency,NOT_REPORTED,Inspection,Multi_Agent,Parsed from 10-page PDF. Primary evaluation: Both_Real_and_Sim with sensors [IMU;Stereo_Camera;LiDAR_3D;UWB].,4,3,1,1,9,Q-high,"Rigor=4/4, Reporting=3/3, Baseline=1/2, Repro=1/1. Total=9/10 (Q-high).",Core
REC_0161,Sensor Fusion for Autonomous Indoor UAV Navigation in Confined Spaces,A. James; A. Seth; E. Kuantama; S. Mukhopadhyay; R. Han,2023,10.1109/ICST59744.2023.10460820,IEEE Conference/Journal,IEEE_Xplore,True,6,UAV,IMU;Stereo_Camera;LiDAR_3D,Visual_LiDAR_Inertial_Fusion,Visual-LiDAR Fusion,Indoor;Urban;Underground/Tunnel;Adversarial/EW,Real_World,Real_World,ATE_RMSE;Relative_Drift_Percent;RMSE;Success_Rate;Computational_Latency,NOT_REPORTED,Inspection,Multi_Agent,Parsed from 6-page PDF. Primary evaluation: Real_World with sensors [IMU;Stereo_Camera;LiDAR_3D].,3,3,1,1,8,Q-high,"Rigor=3/4, Reporting=3/3, Baseline=1/2, Repro=1/1. Total=8/10 (Q-high).",Core
REC_0165,UAV Cross-View Image Retrieval and Visual Geo-Localization in GNSS-Denied Environments,Y. -C. Tai; H. -Y. Shen; C. -P. Yi,2026,10.1109/ICCE-Taiwan71481.2026.11652687,IEEE Conference/Journal,IEEE_Xplore,True,2,UAV,IMU;Monocular_Camera,Radio_Based_Positioning,UWB / Radio / Beacons,Urban;Adversarial/EW,Both_Real_and_Sim,Both,ATE_RMSE;Relative_Drift_Percent;Success_Rate;Computational_Latency,NOT_REPORTED,General_Navigation,Single_Agent,Parsed from 2-page PDF. Primary evaluation: Both_Real_and_Sim with sensors [IMU;Monocular_Camera].,3,3,1,0,7,Q-medium,"Rigor=3/4, Reporting=3/3, Baseline=1/2, Repro=0/1. Total=7/10 (Q-medium).",Important
REC_0179,Wireless Local Positioning System for Controlled UAV Landing in GNSS-Denied Environment,T. Pavlenko; M. Schütz; M. Vossiek; T. Walter; S. Montenegro,2019,10.1109/MetroAeroSpace.2019.8869587,IEEE Conference/Journal,IEEE_Xplore,True,5,UAV,IMU;Monocular_Camera;LiDAR_2D;Radar_mmWave,Radio_Based_Positioning,UWB / Radio / Beacons,Urban;Adversarial/EW,Simulation,Simulation,ATE_RMSE;Relative_Drift_Percent;RMSE;Success_Rate;Computational_Latency,NOT_REPORTED,Inspection,Single_Agent,Parsed from 5-page PDF. Primary evaluation: Simulation with sensors [IMU;Monocular_Camera;LiDAR_2D;Radar_mmWave].,1,3,0,0,4,Q-low,"Rigor=1/4, Reporting=3/3, Baseline=0/2, Repro=0/1. Total=4/10 (Q-low).",Peripheral
REC_0195,An Autonomous Continuous Positioning Method for Low-Altitude UAVs Based on Image Recognition in GNSS-Denied Environments,T. Du; Y. Lin,2026,10.1109/RAITS68656.2026.11580149,IEEE Conference/Journal,IEEE_Xplore,True,9,Multi_Platform,IMU;Stereo_Camera;UWB;Optical_Flow,Visual_Inertial_Odometry,Visual-Inertial (VIO/SLAM),Indoor;Urban;Underground/Tunnel;Forest/Canopy;Adversarial/EW,Simulation,Simulation,ATE_RMSE;Relative_Drift_Percent;Success_Rate;Computational_Latency,NOT_REPORTED,Inspection,Multi_Agent,Parsed from 9-page PDF. Primary evaluation: Simulation with sensors [IMU;Stereo_Camera;UWB;Optical_Flow].,2,3,1,0,6,Q-medium,"Rigor=2/4, Reporting=3/3, Baseline=1/2, Repro=0/1. Total=6/10 (Q-medium).",Important
REC_0196,Navigation of Simultaneous Localization and Mapping by Fusing RGB-D Camera and IMU on UAV,X. Dai; Y. Mao; T. Huang; B. Li; D. Huang,2019,10.1109/SAFEPROCESS45799.2019.9213339,IEEE Conference/Journal,IEEE_Xplore,True,6,UAV,IMU;Stereo_Camera;LiDAR_2D,Visual_Inertial_Odometry,Visual-Inertial (VIO/SLAM),Indoor;Urban;Underground/Tunnel;Forest/Canopy;Adversarial/EW,Both_Real_and_Sim,Both,ATE_RMSE;Relative_Drift_Percent;Success_Rate,NOT_REPORTED,Inspection,Single_Agent,Parsed from 6-page PDF. Primary evaluation: Both_Real_and_Sim with sensors [IMU;Stereo_Camera;LiDAR_2D].,2,2,1,1,6,Q-medium,"Rigor=2/4, Reporting=2/3, Baseline=1/2, Repro=1/1. Total=6/10 (Q-medium).",Important
REC_0202,Design of A Positioning System for UAV in GPS-denied Environment,Z. Qiu; T. Li; F. Wang,2022,10.1109/ISCIT55906.2022.9931225,IEEE Conference/Journal,IEEE_Xplore,True,4,Multi_Platform,IMU;Monocular_Camera;LiDAR_3D;UWB,LiDAR_Inertial_Odometry_SLAM,LiDAR-Inertial / LiDAR SLAM,Indoor;Urban;Underground/Tunnel;Forest/Canopy;Adversarial/EW,Simulation,Simulation,ATE_RMSE;Success_Rate,NOT_REPORTED,Inspection,Multi_Agent,Parsed from 4-page PDF. Primary evaluation: Simulation with sensors [IMU;Monocular_Camera;LiDAR_3D;UWB].,1,2,0,0,3,Q-low,"Rigor=1/4, Reporting=2/3, Baseline=0/2, Repro=0/1. Total=3/10 (Q-low).",Peripheral
REC_0208,UAV Pose Estimation in GNSS-Denied Environment Assisted by Satellite Imagery Deep Learning Features,H. Hou; Q. Xu; C. Lan; W. Lu; Y. Zhang; Z. Cui; J. Qin,2021,10.1109/ACCESS.2020.3048342,IEEE Conference/Journal,IEEE_Xplore,True,10,Multi_Platform,IMU;Depth_Camera;LiDAR_3D,Visual_Inertial_Odometry,Visual-Inertial (VIO/SLAM),Indoor;Urban;Underground/Tunnel;Adversarial/EW;Maritime/Water,Simulation,Simulation,ATE_RMSE;Relative_Drift_Percent;Success_Rate;Computational_Latency,NOT_REPORTED,Mapping/Surveying,Single_Agent,Parsed from 10-page PDF. Primary evaluation: Simulation with sensors [IMU;Depth_Camera;LiDAR_3D].,1,2,1,0,4,Q-low,"Rigor=1/4, Reporting=2/3, Baseline=1/2, Repro=0/1. Total=4/10 (Q-low).",Peripheral
REC_0211,SIA-KalmanNet: A Structurally Integrated Attention Kalman Filter for Multi-UAV Localization in Partially GNSS-Denied Environments,X. Xin; H. Zhou; X. Feng; F. Pan; J. Wang; Z. Li,2026,10.1109/JIOT.2025.3650118,IEEE Conference/Journal,IEEE_Xplore,True,12,UAV,IMU;Monocular_Camera;UWB,Visual_Inertial_Odometry,Visual-Inertial (VIO/SLAM),Indoor;Urban;Underground/Tunnel;Forest/Canopy;Adversarial/EW,Real_World,Real_World,ATE_RMSE;Relative_Drift_Percent;RMSE;Success_Rate;Computational_Latency,NOT_REPORTED,Inspection,Multi_Agent,Parsed from 12-page PDF. Primary evaluation: Real_World with sensors [IMU;Monocular_Camera;UWB].,4,3,1,0,8,Q-high,"Rigor=4/4, Reporting=3/3, Baseline=1/2, Repro=0/1. Total=8/10 (Q-high).",Core
REC_0213,A Multi-UAV System for Exploration and Target Finding in Cluttered and GPS-Denied Environments,X. Zhu; F. Vanegas; F. Gonzalez; C. Sanderson,2021,10.1109/ICUAS51884.2021.9476820,IEEE Conference/Journal,IEEE_Xplore,True,9,UAV,IMU;Monocular_Camera;LiDAR_3D,Visual_Inertial_Odometry,Visual-Inertial (VIO/SLAM),Indoor;Urban;Underground/Tunnel;Forest/Canopy;Adversarial/EW;Maritime/Water,Both_Real_and_Sim,Both,ATE_RMSE;Success_Rate,NOT_REPORTED,Inspection,Multi_Agent,Parsed from 9-page PDF. Primary evaluation: Both_Real_and_Sim with sensors [IMU;Monocular_Camera;LiDAR_3D].,2,3,0,1,6,Q-medium,"Rigor=2/4, Reporting=3/3, Baseline=0/2, Repro=1/1. Total=6/10 (Q-medium).",Important
REC_0215,GPS-Denied UAV-UGV Relative Positioning System via Vision-UWB Fusion,G. Mingyang; K. Sagar; X. Ning,2023,10.1109/ICIEA58696.2023.10241577,IEEE Conference/Journal,IEEE_Xplore,True,6,Multi_Platform,IMU;Thermal_Camera;LiDAR_3D;Radar_mmWave;UWB,Visual_LiDAR_Inertial_Fusion,Visual-LiDAR Fusion,Indoor;Underground/Tunnel;Adversarial/EW,Simulation,Simulation,ATE_RMSE;Relative_Drift_Percent;Success_Rate;Computational_Latency,NOT_REPORTED,Inspection,Multi_Agent,Parsed from 6-page PDF. Primary evaluation: Simulation with sensors [IMU;Thermal_Camera;LiDAR_3D;Radar_mmWave;UWB].,2,3,0,1,6,Q-medium,"Rigor=2/4, Reporting=3/3, Baseline=0/2, Repro=1/1. Total=6/10 (Q-medium).",Important
REC_0218,A Unified Error-State Kalman Filtering Framework for Multi-Sensor Navigation of Fixed-Wing UAVS in GNSS-Denied Scenarios,G. E. V. Hernandez; R. C. Fernandes; A. Sorokin; M. Korimi; F. O. Silva,2026,10.1109/ICUAS69441.2026.11598562,IEEE Conference/Journal,IEEE_Xplore,True,10,UAV,IMU;Monocular_Camera,Visual_Inertial_Odometry,Visual-Inertial (VIO/SLAM),Urban;Adversarial/EW,Real_World,Real_World,ATE_RMSE;Relative_Drift_Percent;RMSE;Success_Rate,NOT_REPORTED,Mapping/Surveying,Single_Agent,Parsed from 10-page PDF. Primary evaluation: Real_World with sensors [IMU;Monocular_Camera].,4,3,1,0,8,Q-high,"Rigor=4/4, Reporting=3/3, Baseline=1/2, Repro=0/1. Total=8/10 (Q-high).",Core
REC_0239,Autonomous Flight Control Design Based on Multi-Sensor Fusion for a Low-Cost Quadrotor in GPS-Denied Environments,J. Guo; X. Zhang; Z. Huang; B. Li,2022,10.1109/ACIRS55390.2022.9845557,IEEE Conference/Journal,IEEE_Xplore,True,5,UAV,IMU;Monocular_Camera;LiDAR_3D;UWB,Visual_LiDAR_Inertial_Fusion,Visual-LiDAR Fusion,Indoor;Urban;Adversarial/EW,Both_Real_and_Sim,Both,ATE_RMSE;Relative_Drift_Percent;Success_Rate;Computational_Latency,NOT_REPORTED,Search_and_Rescue,Single_Agent,Parsed from 5-page PDF. Primary evaluation: Both_Real_and_Sim with sensors [IMU;Monocular_Camera;LiDAR_3D;UWB].,3,3,1,0,7,Q-medium,"Rigor=3/4, Reporting=3/3, Baseline=1/2, Repro=0/1. Total=7/10 (Q-medium).",Important
REC_0242,Survey on UAV navigation in GPS denied environments,G. Balamurugan; J. Valarmathi; V. P. S. Naidu,2016,10.1109/SCOPES.2016.7955787,IEEE Conference/Journal,IEEE_Xplore,True,7,Multi_Platform,IMU;Stereo_Camera;LiDAR_2D;Sonar,Visual_Inertial_Odometry,Visual-Inertial (VIO/SLAM),Indoor;Urban;Forest/Canopy;Adversarial/EW;Maritime/Water,Simulation,Simulation,ATE_RMSE;Relative_Drift_Percent;Success_Rate,NOT_REPORTED,Inspection,Multi_Agent,Parsed from 7-page PDF. Primary evaluation: Simulation with sensors [IMU;Stereo_Camera;LiDAR_2D;Sonar].,1,3,0,0,4,Q-low,"Rigor=1/4, Reporting=3/3, Baseline=0/2, Repro=0/1. Total=4/10 (Q-low).",Peripheral
REC_0244,Cooperative Relative Localization for UAV Swarm in GNSS-Denied Environments,G. Lei; Y. Ping; T. Liang; H. Ding; T. Zhang,2025,10.1109/GLOBECOM59602.2025.11432122,IEEE Conference/Journal,IEEE_Xplore,True,8,Multi_Platform,IMU;Monocular_Camera;UWB;Sonar,Visual_Inertial_Odometry,Visual-Inertial (VIO/SLAM),Indoor;Urban;Underground/Tunnel;Adversarial/EW,Real_World,Real_World,ATE_RMSE;Relative_Drift_Percent;Success_Rate;Computational_Latency,NOT_REPORTED,Inspection,Multi_Agent,Parsed from 8-page PDF. Primary evaluation: Real_World with sensors [IMU;Monocular_Camera;UWB;Sonar].,3,3,0,1,7,Q-medium,"Rigor=3/4, Reporting=3/3, Baseline=0/2, Repro=1/1. Total=7/10 (Q-medium).",Important
REC_0246,UAV Platforms for Autonomous Navigation in GPS-Denied Environments for Search and Rescue Missions,E. Ngo; J. Ramirez; M. Medina-Soto; S. Dirksen; E. D. Victoriano; S. Bhandari,2022,10.1109/ICUAS54217.2022.9836181,IEEE Conference/Journal,IEEE_Xplore,True,8,Multi_Platform,IMU;Stereo_Camera;LiDAR_2D;Sonar,Visual_LiDAR_Inertial_Fusion,Visual-LiDAR Fusion,Indoor;Underground/Tunnel;Forest/Canopy;Adversarial/EW,Both_Real_and_Sim,Both,ATE_RMSE;Relative_Drift_Percent;Success_Rate;Computational_Latency,NOT_REPORTED,Mapping/Surveying,Single_Agent,Parsed from 8-page PDF. Primary evaluation: Both_Real_and_Sim with sensors [IMU;Stereo_Camera;LiDAR_2D;Sonar].,2,2,1,1,6,Q-medium,"Rigor=2/4, Reporting=2/3, Baseline=1/2, Repro=1/1. Total=6/10 (Q-medium).",Important
REC_0255,A stereo and rotating laser framework for UAV navigation in GPS denied environment,Hailong Qin; Yingcai Bi; K. Z. Y. Ang; Kangli Wang; Jiaxin Li; Menglu Lan; Mo Shan; F. Lin,2016,10.1109/IECON.2016.7793246,IEEE Conference/Journal,IEEE_Xplore,True,6,UAV,IMU;Stereo_Camera;LiDAR_2D,Visual_LiDAR_Inertial_Fusion,Visual-LiDAR Fusion,Indoor;Urban;Forest/Canopy;Adversarial/EW,Real_World,Real_World,ATE_RMSE;Relative_Drift_Percent;Success_Rate,NOT_REPORTED,Mapping/Surveying,Single_Agent,Parsed from 6-page PDF. Primary evaluation: Real_World with sensors [IMU;Stereo_Camera;LiDAR_2D].,3,3,1,0,7,Q-medium,"Rigor=3/4, Reporting=3/3, Baseline=1/2, Repro=0/1. Total=7/10 (Q-medium).",Important
REC_0264,Autonomous UAV Navigation for Target Detection in Visually Degraded and GPS Denied Environments,S. Boiteau; F. Vanegas; J. Sandino; F. Gonzalez; J. Galvez-Serna,2023,10.1109/AERO55745.2023.10115544,IEEE Conference/Journal,IEEE_Xplore,True,10,Multi_Platform,IMU;Stereo_Camera;LiDAR_3D;Radar_mmWave;Sonar,Visual_LiDAR_Inertial_Fusion,Visual-LiDAR Fusion,Indoor;Urban;Underground/Tunnel;Forest/Canopy;Adversarial/EW,Simulation,Simulation,ATE_RMSE;Success_Rate,NOT_REPORTED,Inspection,Single_Agent,Parsed from 10-page PDF. Primary evaluation: Simulation with sensors [IMU;Stereo_Camera;LiDAR_3D;Radar_mmWave;Sonar].,1,3,1,1,6,Q-medium,"Rigor=1/4, Reporting=3/3, Baseline=1/2, Repro=1/1. Total=6/10 (Q-medium).",Important
REC_0271,Hybrid IMU-Aided Approach for Optimized Visual Odometry,A. Mahmoud; M. M. Atia,2019,10.1109/GlobalSIP45357.2019.8969460,IEEE Conference/Journal,IEEE_Xplore,True,5,Multi_Platform,IMU;Stereo_Camera;LiDAR_3D;Optical_Flow,Visual_LiDAR_Inertial_Fusion,Visual-LiDAR Fusion,Indoor;Urban;Underground/Tunnel;Adversarial/EW,Both_Real_and_Sim,Both,ATE_RMSE;Relative_Drift_Percent;Success_Rate;Computational_Latency,NOT_REPORTED,Inspection,Single_Agent,Parsed from 5-page PDF. Primary evaluation: Both_Real_and_Sim with sensors [IMU;Stereo_Camera;LiDAR_3D;Optical_Flow].,3,3,1,0,7,Q-medium,"Rigor=3/4, Reporting=3/3, Baseline=1/2, Repro=0/1. Total=7/10 (Q-medium).",Important
REC_0274,Navigation and control of unmanned aerial vehicles in GPS-denied environments,B. Chen,2014,10.1109/ICARCV.2014.7064483,IEEE Conference/Journal,IEEE_Xplore,True,7,UAV,IMU;Thermal_Camera;LiDAR_3D;Radar_mmWave;UWB;Sonar,Visual_LiDAR_Inertial_Fusion,Visual-LiDAR Fusion,Indoor;Underground/Tunnel;Forest/Canopy;Adversarial/EW;Maritime/Water,Simulation,Simulation,ATE_RMSE;Success_Rate,NOT_REPORTED,Search_and_Rescue,Multi_Agent,Parsed from 7-page PDF. Primary evaluation: Simulation with sensors [IMU;Thermal_Camera;LiDAR_3D;Radar_mmWave;UWB;Sonar].,2,2,0,0,4,Q-low,"Rigor=2/4, Reporting=2/3, Baseline=0/2, Repro=0/1. Total=4/10 (Q-low).",Peripheral
REC_0278,Navigation Methods for UAVs in GNSS-Denied Environments Using Artificial Intelligence,N. V. Quynh; P. N. Huu; T. Han-Trong,2026,10.1109/ICCE70609.2026.11658445,IEEE Conference/Journal,IEEE_Xplore,True,6,UAV,IMU;Radar_mmWave,Radio_Based_Positioning,UWB / Radio / Beacons,Indoor;Urban;Underground/Tunnel;Forest/Canopy;Adversarial/EW,Both_Real_and_Sim,Both,ATE_RMSE;Relative_Drift_Percent;Success_Rate;Computational_Latency,NOT_REPORTED,Inspection,Single_Agent,Parsed from 6-page PDF. Primary evaluation: Both_Real_and_Sim with sensors [IMU;Radar_mmWave].,4,3,1,0,8,Q-high,"Rigor=4/4, Reporting=3/3, Baseline=1/2, Repro=0/1. Total=8/10 (Q-high).",Core
REC_0281,UAV Tracking with Lidar as a Camera Sensor in GNSS-Denied Environments,H. Sier; X. Yu; I. Catalano; J. P. Queralta; Z. Zou; T. Westerlund,2023,10.1109/ICL-GNSS57829.2023.10148919,IEEE Conference/Journal,IEEE_Xplore,True,7,Multi_Platform,IMU;Stereo_Camera;LiDAR_3D;Radar_mmWave;UWB,Visual_LiDAR_Inertial_Fusion,Visual-LiDAR Fusion,Indoor;Urban;Underground/Tunnel;Adversarial/EW;Maritime/Water,Both_Real_and_Sim,Both,ATE_RMSE;RMSE;Success_Rate;Computational_Latency,NOT_REPORTED,Mapping/Surveying,Multi_Agent,Parsed from 7-page PDF. Primary evaluation: Both_Real_and_Sim with sensors [IMU;Stereo_Camera;LiDAR_3D;Radar_mmWave;UWB].,3,3,0,1,7,Q-medium,"Rigor=3/4, Reporting=3/3, Baseline=0/2, Repro=1/1. Total=7/10 (Q-medium).",Important
REC_0289,Development of a Simulated UAV Platform for Sensor-Fusion-Based SLAM,M. F. Mummtaz; J. Yoo; I. B. K. Y. Utama; I. Zaini; Y. M. Jang,2026,10.1109/ICAIIC68212.2026.11454340,IEEE Conference/Journal,IEEE_Xplore,True,5,Multi_Platform,IMU;Stereo_Camera;LiDAR_3D;Radar_mmWave,Visual_LiDAR_Inertial_Fusion,Visual-LiDAR Fusion,Indoor;Urban;Adversarial/EW;Maritime/Water,Both_Real_and_Sim,Both,ATE_RMSE;Relative_Drift_Percent;Success_Rate,NOT_REPORTED,Inspection,Multi_Agent,Parsed from 5-page PDF. Primary evaluation: Both_Real_and_Sim with sensors [IMU;Stereo_Camera;LiDAR_3D;Radar_mmWave].,2,2,0,0,4,Q-low,"Rigor=2/4, Reporting=2/3, Baseline=0/2, Repro=0/1. Total=4/10 (Q-low).",Peripheral
REC_0294,A Novel Approach to Computationally Lighter GNSS-Denied UAV Navigation Using Monocular Camera,J. Bhowmick; A. Singh; H. Gupta; R. Nallanthighal,2021,10.1109/ICARA51699.2021.9376502,IEEE Conference/Journal,IEEE_Xplore,True,8,Multi_Platform,IMU;Stereo_Camera;LiDAR_3D;UWB;Optical_Flow,Visual_LiDAR_Inertial_Fusion,Visual-LiDAR Fusion,Indoor;Urban;Forest/Canopy;Adversarial/EW,Both_Real_and_Sim,Both,ATE_RMSE;Success_Rate;Computational_Latency,NOT_REPORTED,Mapping/Surveying,Single_Agent,Parsed from 8-page PDF. Primary evaluation: Both_Real_and_Sim with sensors [IMU;Stereo_Camera;LiDAR_3D;UWB;Optical_Flow].,2,2,0,0,4,Q-low,"Rigor=2/4, Reporting=2/3, Baseline=0/2, Repro=0/1. Total=4/10 (Q-low).",Peripheral
REC_0296,Optical flow sensor integrated navigation system for quadrotor in GPS-denied environment,S. -E. Tsai; S. -H. Zhuang,2016,10.1109/ICRAE.2016.7738795,IEEE Conference/Journal,IEEE_Xplore,True,5,Multi_Platform,IMU;Monocular_Camera;Optical_Flow;Sonar,Radio_Based_Positioning,UWB / Radio / Beacons,Indoor;Urban;Underground/Tunnel;Adversarial/EW,Simulation,Simulation,ATE_RMSE;Relative_Drift_Percent;Success_Rate;Computational_Latency,NOT_REPORTED,Mapping/Surveying,Single_Agent,Parsed from 5-page PDF. Primary evaluation: Simulation with sensors [IMU;Monocular_Camera;Optical_Flow;Sonar].,1,2,0,1,4,Q-low,"Rigor=1/4, Reporting=2/3, Baseline=0/2, Repro=1/1. Total=4/10 (Q-low).",Peripheral
REC_0305,A method based on CNN-BiLSTM for UAV navigation error compensation in GNSS denied environment,Y. -h. Shao; B. Han; Y. Luo,2023,10.1109/ICCC59590.2023.10507546,IEEE Conference/Journal,IEEE_Xplore,True,6,UAV,IMU;Monocular_Camera;LiDAR_2D,Visual_LiDAR_Inertial_Fusion,Visual-LiDAR Fusion,Urban;Underground/Tunnel;Adversarial/EW,Simulation,Simulation,ATE_RMSE;Relative_Drift_Percent;RMSE;Success_Rate;Computational_Latency,NOT_REPORTED,Inspection,Multi_Agent,Parsed from 6-page PDF. Primary evaluation: Simulation with sensors [IMU;Monocular_Camera;LiDAR_2D].,1,2,0,0,3,Q-low,"Rigor=1/4, Reporting=2/3, Baseline=0/2, Repro=0/1. Total=3/10 (Q-low).",Peripheral
REC_0318,Cooperative Navigation Method Based on Adaptive CKF for UAVs In GPS Denied Areas,Y. Yu; S. Peng; Q. Li; X. Dong; Z. Ren,2018,10.1109/GNCC42960.2018.9018972,IEEE Conference/Journal,IEEE_Xplore,True,6,Multi_Platform,IMU;Thermal_Camera;LiDAR_3D;Radar_mmWave;Sonar,Visual_Inertial_Odometry,Visual-Inertial (VIO/SLAM),Urban;Underground/Tunnel;Adversarial/EW;Maritime/Water,Simulation,Simulation,ATE_RMSE;Relative_Drift_Percent;Success_Rate,NOT_REPORTED,Search_and_Rescue,Multi_Agent,Parsed from 6-page PDF. Primary evaluation: Simulation with sensors [IMU;Thermal_Camera;LiDAR_3D;Radar_mmWave;Sonar].,1,2,0,0,3,Q-low,"Rigor=1/4, Reporting=2/3, Baseline=0/2, Repro=0/1. Total=3/10 (Q-low).",Peripheral
REC_0332,Thermal-Inertial Localization for Autonomous Navigation of Aerial Robots through Obscurants,C. Papachristos; F. Mascarich; K. Alexis,2018,10.1109/ICUAS.2018.8453447,IEEE Conference/Journal,IEEE_Xplore,True,6,Multi_Platform,IMU;Stereo_Camera;LiDAR_3D;Radar_mmWave,Visual_LiDAR_Inertial_Fusion,Visual-LiDAR Fusion,Indoor;Urban;Underground/Tunnel;Adversarial/EW,Simulation,Simulation,ATE_RMSE;Relative_Drift_Percent;Computational_Latency,NOT_REPORTED,Inspection,Single_Agent,Parsed from 6-page PDF. Primary evaluation: Simulation with sensors [IMU;Stereo_Camera;LiDAR_3D;Radar_mmWave].,1,1,0,1,3,Q-low,"Rigor=1/4, Reporting=1/3, Baseline=0/2, Repro=1/1. Total=3/10 (Q-low).",Peripheral
REC_0343,Vision-Aided Multi-UAV Autonomous Flocking in GPS-Denied Environment,Y. Tang; Y. Hu; J. Cui; F. Liao; M. Lao; F. Lin; R. S. H. Teo,2019,10.1109/TIE.2018.2824766,IEEE Conference/Journal,IEEE_Xplore,True,11,UAV,IMU;Thermal_Camera;LiDAR_2D,LiDAR_Inertial_Odometry_SLAM,LiDAR-Inertial / LiDAR SLAM,Indoor;Urban;Forest/Canopy;Adversarial/EW,Simulation,Simulation,ATE_RMSE;Relative_Drift_Percent;Success_Rate;Computational_Latency,NOT_REPORTED,Inspection,Multi_Agent,Parsed from 11-page PDF. Primary evaluation: Simulation with sensors [IMU;Thermal_Camera;LiDAR_2D].,0,3,1,0,4,Q-low,"Rigor=0/4, Reporting=3/3, Baseline=1/2, Repro=0/1. Total=4/10 (Q-low).",Peripheral
REC_0345,Distance function based 6DOF localization for unmanned aerial vehicles in GPS denied environments,J. Unicomb; L. Dantanarayana; J. Arukgoda; R. Ranasinghe; G. Dissanayake; T. Furukawa,2017,10.1109/IROS.2017.8206421,IEEE Conference/Journal,IEEE_Xplore,True,7,UAV,IMU;Stereo_Camera;LiDAR_3D,Visual_LiDAR_Inertial_Fusion,Visual-LiDAR Fusion,Indoor;Urban;Underground/Tunnel;Adversarial/EW;Maritime/Water,Simulation,Simulation,ATE_RMSE;Relative_Drift_Percent;Success_Rate;Computational_Latency,NOT_REPORTED,Mapping/Surveying,Multi_Agent,Parsed from 7-page PDF. Primary evaluation: Simulation with sensors [IMU;Stereo_Camera;LiDAR_3D].,2,3,0,0,5,Q-medium,"Rigor=2/4, Reporting=3/3, Baseline=0/2, Repro=0/1. Total=5/10 (Q-medium).",Important
REC_0346,Autonomous Flight in Unknown GNSS-denied Environments for Disaster Examination,D. Schleich; M. Beul; J. Quenzel; S. Behnke,2021,10.1109/ICUAS51884.2021.9476790,IEEE Conference/Journal,IEEE_Xplore,True,8,UAV,IMU;Thermal_Camera;LiDAR_3D;Radar_mmWave,LiDAR_Inertial_Odometry_SLAM,LiDAR-Inertial / LiDAR SLAM,Indoor;Urban;Underground/Tunnel;Forest/Canopy;Adversarial/EW,Real_World,Real_World,ATE_RMSE;Relative_Drift_Percent;Success_Rate;Computational_Latency,NOT_REPORTED,Mapping/Surveying,Single_Agent,Parsed from 8-page PDF. Primary evaluation: Real_World with sensors [IMU;Thermal_Camera;LiDAR_3D;Radar_mmWave].,3,2,0,0,5,Q-medium,"Rigor=3/4, Reporting=2/3, Baseline=0/2, Repro=0/1. Total=5/10 (Q-medium).",Important
REC_0347,A Novel Three-Stage Robust Adaptive Filtering Algorithm for Visual-Inertial Odometry in GNSS-Denied Environments,Z. Yue; C. Tang; Y. Gao,2023,10.1109/JSEN.2023.3289313,IEEE Conference/Journal,IEEE_Xplore,True,11,Multi_Platform,IMU;Stereo_Camera;Radar_mmWave;Sonar,Visual_Inertial_Odometry,Visual-Inertial (VIO/SLAM),Urban;Underground/Tunnel;Forest/Canopy;Adversarial/EW,Both_Real_and_Sim,Both,ATE_RMSE;RMSE;Success_Rate,NOT_REPORTED,Mapping/Surveying,Multi_Agent,Parsed from 11-page PDF. Primary evaluation: Both_Real_and_Sim with sensors [IMU;Stereo_Camera;Radar_mmWave;Sonar].,4,3,1,1,9,Q-high,"Rigor=4/4, Reporting=3/3, Baseline=1/2, Repro=1/1. Total=9/10 (Q-high).",Core
REC_0362,Unmanned aerial vehicle relative navigation in GPS denied environments,J. Hardy; J. Strader; J. N. Gross; Y. Gu; M. Keck; J. Douglas; C. N. Taylor,2016,10.1109/PLANS.2016.7479719,IEEE Conference/Journal,IEEE_Xplore,True,9,Multi_Platform,IMU;Monocular_Camera;UWB,Visual_Inertial_Odometry,Visual-Inertial (VIO/SLAM),Urban;Underground/Tunnel;Forest/Canopy;Adversarial/EW,Simulation,Simulation,ATE_RMSE;Relative_Drift_Percent;RMSE;Success_Rate;Computational_Latency,NOT_REPORTED,Mapping/Surveying,Multi_Agent,Parsed from 9-page PDF. Primary evaluation: Simulation with sensors [IMU;Monocular_Camera;UWB].,1,3,0,0,4,Q-low,"Rigor=1/4, Reporting=3/3, Baseline=0/2, Repro=0/1. Total=4/10 (Q-low).",Peripheral
REC_0363,Enhanced UAV navigation in GNSS denied environment using repeated dynamics pattern recognition,S. Zahran; A. Moussa; N. El-Sheimy,2018,10.1109/PLANS.2018.8373497,IEEE Conference/Journal,IEEE_Xplore,True,8,UAV,IMU;Stereo_Camera;LiDAR_2D;Radar_mmWave;Optical_Flow;Sonar,LiDAR_Inertial_Odometry_SLAM,LiDAR-Inertial / LiDAR SLAM,Indoor;Urban;Underground/Tunnel;Forest/Canopy;Adversarial/EW,Simulation,Simulation,ATE_RMSE;Relative_Drift_Percent;RMSE,NOT_REPORTED,Mapping/Surveying,Single_Agent,Parsed from 8-page PDF. Primary evaluation: Simulation with sensors [IMU;Stereo_Camera;LiDAR_2D;Radar_mmWave;Optical_Flow;Sonar].,1,3,0,0,4,Q-low,"Rigor=1/4, Reporting=3/3, Baseline=0/2, Repro=0/1. Total=4/10 (Q-low).",Peripheral
REC_0369,Autonomous Flight Control of a Nano Quadrotor Helicopter in a GPS-Denied Environment Using On-Board Vision,X. Zhang; B. Xian; B. Zhao; Y. Zhang,2015,10.1109/TIE.2015.2420036,IEEE Conference/Journal,IEEE_Xplore,True,12,UAV,IMU;Monocular_Camera;LiDAR_2D,Visual_Inertial_Odometry,Visual-Inertial (VIO/SLAM),Indoor;Urban;Underground/Tunnel;Adversarial/EW,Simulation,Simulation,ATE_RMSE;Relative_Drift_Percent;Success_Rate;Computational_Latency,NOT_REPORTED,Mapping/Surveying,Multi_Agent,Parsed from 12-page PDF. Primary evaluation: Simulation with sensors [IMU;Monocular_Camera;LiDAR_2D].,1,3,0,1,5,Q-medium,"Rigor=1/4, Reporting=3/3, Baseline=0/2, Repro=1/1. Total=5/10 (Q-medium).",Important
REC_0388,Multi-UAV Cooperative Navigation Based on Multisource Information Fusion: A Review,F. Song; Q. Zeng; R. Zhang; X. Zhu; X. Ye; Z. Zhang,2026,10.1109/JSEN.2025.3646302,IEEE Conference/Journal,IEEE_Xplore,True,31,Multi_Platform,IMU;Stereo_Camera;LiDAR_3D;Radar_mmWave;UWB;Optical_Flow;Sonar,Visual_LiDAR_Inertial_Fusion,Visual-LiDAR Fusion,Indoor;Urban;Underground/Tunnel;Forest/Canopy;Adversarial/EW;Maritime/Water,Both_Real_and_Sim,Both,ATE_RMSE;Relative_Drift_Percent;Success_Rate;Computational_Latency,NOT_REPORTED,Inspection,Multi_Agent,Parsed from 31-page PDF. Primary evaluation: Both_Real_and_Sim with sensors [IMU;Stereo_Camera;LiDAR_3D;Radar_mmWave;UWB;Optical_Flow;Sonar].,4,3,0,0,7,Q-medium,"Rigor=4/4, Reporting=3/3, Baseline=0/2, Repro=0/1. Total=7/10 (Q-medium).",Important
REC_0391,Multi-UAV Collaboration and IMU Fusion Localization Method in Partial GNSS-Denied Scenarios,Y. Zheng; Y. Xie; J. Li,2023,10.1109/ACCESS.2023.3315870,IEEE Conference/Journal,IEEE_Xplore,True,14,Multi_Platform,IMU;Monocular_Camera;UWB;Optical_Flow,Visual_Inertial_Odometry,Visual-Inertial (VIO/SLAM),Indoor;Urban;Underground/Tunnel;Forest/Canopy;Adversarial/EW,Simulation,Simulation,ATE_RMSE;RMSE;Success_Rate,NOT_REPORTED,Inspection,Multi_Agent,Parsed from 14-page PDF. Primary evaluation: Simulation with sensors [IMU;Monocular_Camera;UWB;Optical_Flow].,2,3,0,0,5,Q-medium,"Rigor=2/4, Reporting=3/3, Baseline=0/2, Repro=0/1. Total=5/10 (Q-medium).",Important
REC_0409,Dust-Resilient Autonomous Navigation and Mapping for UAVs in GNSS-Denied Underground Tunnels,M. A. Montes-Grova; J. M. González-Marín; F. J. Pérez-Grau; A. Viguria,2026,10.1109/ICUAS69441.2026.11598747,IEEE Conference/Journal,IEEE_Xplore,True,6,UAV,IMU;Thermal_Camera;LiDAR_3D,Visual_LiDAR_Inertial_Fusion,Visual-LiDAR Fusion,Indoor;Urban;Underground/Tunnel;Adversarial/EW,Real_World,Real_World,ATE_RMSE;Relative_Drift_Percent;Success_Rate;Computational_Latency,NOT_REPORTED,Inspection,Multi_Agent,Parsed from 6-page PDF. Primary evaluation: Real_World with sensors [IMU;Thermal_Camera;LiDAR_3D].,4,3,1,1,9,Q-high,"Rigor=4/4, Reporting=3/3, Baseline=1/2, Repro=1/1. Total=9/10 (Q-high).",Core
REC_0426,Leonardo Drone Contest 2021: Politecnico di Milano team architecture,G. Roggi; S. Meraglia; M. Lovera,2022,10.1109/ICUAS54217.2022.9836103,IEEE Conference/Journal,IEEE_Xplore,True,6,Multi_Platform,IMU;Stereo_Camera;LiDAR_2D,Visual_LiDAR_Inertial_Fusion,Visual-LiDAR Fusion,Indoor;Urban;Underground/Tunnel;Forest/Canopy;Adversarial/EW,Simulation,Simulation,ATE_RMSE;Relative_Drift_Percent;Success_Rate,NOT_REPORTED,Inspection,Multi_Agent,Parsed from 6-page PDF. Primary evaluation: Simulation with sensors [IMU;Stereo_Camera;LiDAR_2D].,2,2,1,0,5,Q-medium,"Rigor=2/4, Reporting=2/3, Baseline=1/2, Repro=0/1. Total=5/10 (Q-medium).",Important
REC_0438,Vision-based object path following on a quadcopter for GPS-denied environments,D. H. S. De Mel; K. A. Stol; J. A. D. Mills; B. R. Eastwood,2017,10.1109/ICUAS.2017.7991500,IEEE Conference/Journal,IEEE_Xplore,True,6,UAV,IMU;Monocular_Camera;Optical_Flow;Sonar,Radio_Based_Positioning,UWB / Radio / Beacons,Indoor;Urban;Underground/Tunnel;Adversarial/EW,Simulation,Simulation,ATE_RMSE;Relative_Drift_Percent;Success_Rate;Computational_Latency,NOT_REPORTED,Search_and_Rescue,Single_Agent,Parsed from 6-page PDF. Primary evaluation: Simulation with sensors [IMU;Monocular_Camera;Optical_Flow;Sonar].,2,3,0,0,5,Q-medium,"Rigor=2/4, Reporting=3/3, Baseline=0/2, Repro=0/1. Total=5/10 (Q-medium).",Important
REC_0444,Autonomous Aerial Swarming in GNSS-denied Environments with High Obstacle Density,A. Ahmad; V. Walter; P. Petráček; M. Petrlík; T. Báča; D. Žaitlík; M. Saska,2021,10.1109/ICRA48506.2021.9561284,IEEE Conference/Journal,IEEE_Xplore,True,7,UAV,IMU;Stereo_Camera;LiDAR_3D;UWB,Visual_LiDAR_Inertial_Fusion,Visual-LiDAR Fusion,Urban;Forest/Canopy;Adversarial/EW,Both_Real_and_Sim,Both,ATE_RMSE;Success_Rate,NOT_REPORTED,Inspection,Multi_Agent,Parsed from 7-page PDF. Primary evaluation: Both_Real_and_Sim with sensors [IMU;Stereo_Camera;LiDAR_3D;UWB].,2,2,0,0,4,Q-low,"Rigor=2/4, Reporting=2/3, Baseline=0/2, Repro=0/1. Total=4/10 (Q-low).",Peripheral
REC_0455,Airborne-Relay-based Algorithm for Locating Crashed UAVs in GPS-Denied Environments,D. Oh; J. Lim; J. -K. Lee; H. Baek,2019,10.1109/UEMCON47517.2019.8993065,IEEE Conference/Journal,IEEE_Xplore,True,6,UAV,IMU;Monocular_Camera;LiDAR_2D,Visual_Inertial_Odometry,Visual-Inertial (VIO/SLAM),Underground/Tunnel;Adversarial/EW,Simulation,Simulation,ATE_RMSE;RMSE;Success_Rate;Computational_Latency,5.6859m,Search_and_Rescue,Single_Agent,Parsed from 6-page PDF. Primary evaluation: Simulation with sensors [IMU;Monocular_Camera;LiDAR_2D].,1,2,0,0,3,Q-low,"Rigor=1/4, Reporting=2/3, Baseline=0/2, Repro=0/1. Total=3/10 (Q-low).",Peripheral
REC_0459,Safe Tightly-Constrained UAV Swarming in GNSS-denied Environments,A. Dmytruk; T. Nascimento; A. Ahmad; T. Báča; M. Saska,2021,10.1109/ICUAS51884.2021.9476794,IEEE Conference/Journal,IEEE_Xplore,True,9,UAV,IMU;Monocular_Camera;LiDAR_3D,Visual_LiDAR_Inertial_Fusion,Visual-LiDAR Fusion,Indoor;Urban;Underground/Tunnel;Forest/Canopy;Adversarial/EW,Both_Real_and_Sim,Both,ATE_RMSE;Computational_Latency,NOT_REPORTED,Inspection,Multi_Agent,Parsed from 9-page PDF. Primary evaluation: Both_Real_and_Sim with sensors [IMU;Monocular_Camera;LiDAR_3D].,3,3,0,0,6,Q-medium,"Rigor=3/4, Reporting=3/3, Baseline=0/2, Repro=0/1. Total=6/10 (Q-medium).",Important
REC_0461,Autonomous MAV navigation in complex GNSS-denied 3D environments,M. Nieuwenhuisen; D. Droeschel; M. Beul; S. Behnke,2015,10.1109/SSRR.2015.7443012,IEEE Conference/Journal,IEEE_Xplore,True,7,Multi_Platform,IMU;Stereo_Camera;LiDAR_2D,Visual_Inertial_Odometry,Visual-Inertial (VIO/SLAM),Indoor;Urban;Underground/Tunnel;Forest/Canopy;Adversarial/EW;Maritime/Water,Simulation,Simulation,ATE_RMSE;Relative_Drift_Percent;Success_Rate;Computational_Latency,NOT_REPORTED,Inspection,Multi_Agent,Parsed from 7-page PDF. Primary evaluation: Simulation with sensors [IMU;Stereo_Camera;LiDAR_2D].,1,3,0,0,4,Q-low,"Rigor=1/4, Reporting=3/3, Baseline=0/2, Repro=0/1. Total=4/10 (Q-low).",Peripheral
REC_0464,Relative visual-inertial odometry for fixed-wing aircraft in GPS-denied environments,G. Ellingson; K. Brink; T. McLain,2018,10.1109/PLANS.2018.8373454,IEEE Conference/Journal,IEEE_Xplore,True,7,Multi_Platform,IMU;Stereo_Camera;LiDAR_2D,Visual_Inertial_Odometry,Visual-Inertial (VIO/SLAM),Indoor;Urban;Underground/Tunnel;Adversarial/EW,Simulation,Simulation,ATE_RMSE;Relative_Drift_Percent;Success_Rate;Computational_Latency,NOT_REPORTED,Inspection,Multi_Agent,Parsed from 7-page PDF. Primary evaluation: Simulation with sensors [IMU;Stereo_Camera;LiDAR_2D].,2,3,1,1,7,Q-medium,"Rigor=2/4, Reporting=3/3, Baseline=1/2, Repro=1/1. Total=7/10 (Q-medium).",Important
REC_0469,Design and Flight Test of an Aerial Manipulator for Applications in GPS-Denied Environments,M. Ng; F. Vanegas; K. Morton; J. Sandino; F. Gonzalez,2022,10.1109/ICUAS54217.2022.9836060,IEEE Conference/Journal,IEEE_Xplore,True,11,Multi_Platform,IMU;Depth_Camera,Visual_Inertial_Odometry,Visual-Inertial (VIO/SLAM),Indoor;Urban;Underground/Tunnel;Forest/Canopy;Adversarial/EW;Maritime/Water,Both_Real_and_Sim,Both,ATE_RMSE;Relative_Drift_Percent,NOT_REPORTED,Inspection,Single_Agent,Parsed from 11-page PDF. Primary evaluation: Both_Real_and_Sim with sensors [IMU;Depth_Camera].,3,3,0,0,6,Q-medium,"Rigor=3/4, Reporting=3/3, Baseline=0/2, Repro=0/1. Total=6/10 (Q-medium).",Important
REC_0475,P2P-DroneLoc: Peer-to-Peer Localization for GPS-Denied Drones using Camera and WiFi Fine Time Measurement,K. Ashraf; A. Ashok,2022,10.1109/ANTS56424.2022.10227756,IEEE Conference/Journal,IEEE_Xplore,True,6,Multi_Platform,IMU;Monocular_Camera;Radar_mmWave,Visual_Inertial_Odometry,Visual-Inertial (VIO/SLAM),Underground/Tunnel;Adversarial/EW,Real_World,Real_World,ATE_RMSE;Success_Rate;Computational_Latency,NOT_REPORTED,Inspection,Multi_Agent,Parsed from 6-page PDF. Primary evaluation: Real_World with sensors [IMU;Monocular_Camera;Radar_mmWave].,4,3,0,0,7,Q-medium,"Rigor=4/4, Reporting=3/3, Baseline=0/2, Repro=0/1. Total=7/10 (Q-medium).",Important
REC_0481,An Onboard Transformer-Based Physics-Informed System for UAV Trajectory Prediction and State Classification in GNSS-Denied Environments,N. Souli; Y. Grigoriou; P. Chrysanthou; P. Kolios; G. Ellinas,2026,10.1109/ICUAS69441.2026.11598599,IEEE Conference/Journal,IEEE_Xplore,True,8,UAV,IMU;Monocular_Camera;Optical_Flow,Visual_Inertial_Odometry,Visual-Inertial (VIO/SLAM),Urban;Underground/Tunnel;Adversarial/EW,Real_World,Real_World,ATE_RMSE;Relative_Drift_Percent;Success_Rate;Computational_Latency,NOT_REPORTED,Inspection,Single_Agent,Parsed from 8-page PDF. Primary evaluation: Real_World with sensors [IMU;Monocular_Camera;Optical_Flow].,4,3,1,0,8,Q-high,"Rigor=4/4, Reporting=3/3, Baseline=1/2, Repro=0/1. Total=8/10 (Q-high).",Core
REC_0485,Multi-Sensor 6-DoF Localization For Aerial Robots In Complex GNSS-Denied Environments,J. L. Paneque; J. R. Martínez-de Dios; A. Ollero,2019,10.1109/IROS40897.2019.8967686,IEEE Conference/Journal,IEEE_Xplore,True,7,UAV,IMU;Stereo_Camera;LiDAR_3D;UWB,Visual_LiDAR_Inertial_Fusion,Visual-LiDAR Fusion,Indoor;Urban;Forest/Canopy;Adversarial/EW;Maritime/Water,Simulation,Simulation,ATE_RMSE;Relative_Drift_Percent;Success_Rate;Computational_Latency,NOT_REPORTED,Inspection,Single_Agent,Parsed from 7-page PDF. Primary evaluation: Simulation with sensors [IMU;Stereo_Camera;LiDAR_3D;UWB].,2,2,1,1,6,Q-medium,"Rigor=2/4, Reporting=2/3, Baseline=1/2, Repro=1/1. Total=6/10 (Q-medium).",Important
REC_0489,UAV Vision Aided INS/Odometer Integration for Land Vehicle Autonomous Navigation,J. Dong; X. Ren; S. Han; S. Luo,2022,10.1109/TVT.2022.3151729,IEEE Conference/Journal,IEEE_Xplore,True,16,UAV,IMU;Stereo_Camera;LiDAR_3D,Visual_Inertial_Odometry,Visual-Inertial (VIO/SLAM),Indoor;Urban;Underground/Tunnel;Adversarial/EW,Simulation,Simulation,ATE_RMSE;Relative_Drift_Percent;Success_Rate;Computational_Latency,NOT_REPORTED,Inspection,Single_Agent,Parsed from 16-page PDF. Primary evaluation: Simulation with sensors [IMU;Stereo_Camera;LiDAR_3D].,1,2,2,1,6,Q-medium,"Rigor=1/4, Reporting=2/3, Baseline=2/2, Repro=1/1. Total=6/10 (Q-medium).",Important
REC_0502,LD3DGS-SLAM: Long-Distance Monocular SLAM With 3-D Gaussian Splatting and GNSS-Aided Localization for UAVs,D. Li; T. Yang; Y. Wang; H. Qin; S. Fan; S. Zhang; Y. Zhang; J. Li,2026,10.1109/JIOT.2025.3638876,IEEE Conference/Journal,IEEE_Xplore,True,21,Multi_Platform,IMU;Stereo_Camera;LiDAR_3D,Visual_LiDAR_Inertial_Fusion,Visual-LiDAR Fusion,Indoor;Urban;Underground/Tunnel;Forest/Canopy;Adversarial/EW;Maritime/Water,Both_Real_and_Sim,Both,ATE_RMSE;Relative_Drift_Percent;RMSE;Success_Rate;Computational_Latency,1.6641m,Inspection,Multi_Agent,Parsed from 21-page PDF. Primary evaluation: Both_Real_and_Sim with sensors [IMU;Stereo_Camera;LiDAR_3D].,4,3,1,1,9,Q-high,"Rigor=4/4, Reporting=3/3, Baseline=1/2, Repro=1/1. Total=9/10 (Q-high).",Core
REC_0503,Decimeter-Accuracy Positioning for Drones Using Two-Stage Trilateration in a GPS-Denied Environment,Y. -E. Chen; H. -H. Liew; J. -C. Chao; R. -B. Wu,2023,10.1109/JIOT.2022.3231704,IEEE Conference/Journal,IEEE_Xplore,True,8,UAV,IMU;Stereo_Camera;LiDAR_3D;Radar_mmWave;UWB;Sonar,Visual_LiDAR_Inertial_Fusion,Visual-LiDAR Fusion,Indoor;Urban;Underground/Tunnel;Forest/Canopy;Adversarial/EW;Maritime/Water,Both_Real_and_Sim,Both,ATE_RMSE;Relative_Drift_Percent;RMSE;Success_Rate;Computational_Latency,NOT_REPORTED,Inspection,Multi_Agent,Parsed from 8-page PDF. Primary evaluation: Both_Real_and_Sim with sensors [IMU;Stereo_Camera;LiDAR_3D;Radar_mmWave;UWB;Sonar].,4,3,0,0,7,Q-medium,"Rigor=4/4, Reporting=3/3, Baseline=0/2, Repro=0/1. Total=7/10 (Q-medium).",Important
REC_0534,Integrated UWB-Vision Approach for Autonomous Docking of UAVs in GPS-denied Environments,T. -M. Nguyen; T. H. Nguyen; M. Cao; Z. Qiu; L. Xie,2019,10.1109/ICRA.2019.8793851,IEEE Conference/Journal,IEEE_Xplore,True,7,Multi_Platform,IMU;Stereo_Camera;LiDAR_3D;UWB,Visual_Inertial_Odometry,Visual-Inertial (VIO/SLAM),Indoor;Urban;Underground/Tunnel;Forest/Canopy;Adversarial/EW;Maritime/Water,Real_World,Real_World,ATE_RMSE;RMSE;Success_Rate;Computational_Latency,NOT_REPORTED,Search_and_Rescue,Multi_Agent,Parsed from 7-page PDF. Primary evaluation: Real_World with sensors [IMU;Stereo_Camera;LiDAR_3D;UWB].,4,3,1,0,8,Q-high,"Rigor=4/4, Reporting=3/3, Baseline=1/2, Repro=0/1. Total=8/10 (Q-high).",Core
REC_0537,Indoor Navigation and Attitude Estimation for Uas Using Inertial Sensors and Extended Kalman Filtering,S. Ponte; G. Ariante; A. Menichino; V. Di Vito; G. Del Core,2026,10.1109/MetroAeroSpace69299.2026.11646697,IEEE Conference/Journal,IEEE_Xplore,True,6,UAV,IMU;Monocular_Camera,Visual_Inertial_Odometry,Visual-Inertial (VIO/SLAM),Indoor;Urban;Underground/Tunnel;Adversarial/EW,Simulation,Simulation,ATE_RMSE;Relative_Drift_Percent;Success_Rate;Computational_Latency,NOT_REPORTED,Defense/Tactical,Single_Agent,Parsed from 6-page PDF. Primary evaluation: Simulation with sensors [IMU;Monocular_Camera].,1,2,0,0,3,Q-low,"Rigor=1/4, Reporting=2/3, Baseline=0/2, Repro=0/1. Total=3/10 (Q-low).",Peripheral
REC_0544,Season-Invariant GNSS-Denied Visual Localization for UAVs,J. Kinnari; F. Verdoja; V. Kyrki,2022,10.1109/LRA.2022.3191038,IEEE Conference/Journal,IEEE_Xplore,True,8,UAV,IMU;Monocular_Camera,Visual_Inertial_Odometry,Visual-Inertial (VIO/SLAM),Indoor;Urban;Underground/Tunnel;Forest/Canopy;Adversarial/EW;Maritime/Water,Both_Real_and_Sim,Both,ATE_RMSE;Relative_Drift_Percent;Success_Rate,NOT_REPORTED,Inspection,Single_Agent,Parsed from 8-page PDF. Primary evaluation: Both_Real_and_Sim with sensors [IMU;Monocular_Camera].,4,3,1,0,8,Q-high,"Rigor=4/4, Reporting=3/3, Baseline=1/2, Repro=0/1. Total=8/10 (Q-high).",Core
REC_0572,GNSS-Independent Navigation of UAV through Utilization of Sensor Fusion and Intelligence System,S. E. Meheretu; S. Y. Hailesilassie; E. Nigussie,2022,10.1109/ICT4DA56482.2022.9971437,IEEE Conference/Journal,IEEE_Xplore,True,6,Multi_Platform,IMU;Stereo_Camera;LiDAR_3D;Radar_mmWave;Optical_Flow,LiDAR_Inertial_Odometry_SLAM,LiDAR-Inertial / LiDAR SLAM,Indoor;Urban;Underground/Tunnel;Adversarial/EW;Maritime/Water,Simulation,Simulation,ATE_RMSE;Success_Rate,NOT_REPORTED,Mapping/Surveying,Multi_Agent,Parsed from 6-page PDF. Primary evaluation: Simulation with sensors [IMU;Stereo_Camera;LiDAR_3D;Radar_mmWave;Optical_Flow].,0,2,1,0,3,Q-low,"Rigor=0/4, Reporting=2/3, Baseline=1/2, Repro=0/1. Total=3/10 (Q-low).",Peripheral
REC_0594,Google map aided visual navigation for UAVs in GPS-denied environment,M. Shan; F. Wang; F. Lin; Z. Gao; Y. Z. Tang; B. M. Chen,2015,10.1109/ROBIO.2015.7418753,IEEE Conference/Journal,IEEE_Xplore,True,6,UAV,IMU;Thermal_Camera,Thermal_Inertial_Odometry,Visual-Inertial (VIO/SLAM),Indoor;Urban;Underground/Tunnel;Forest/Canopy;Adversarial/EW,Simulation,Simulation,ATE_RMSE;Relative_Drift_Percent;RMSE;Success_Rate;Computational_Latency,NOT_REPORTED,Mapping/Surveying,Single_Agent,Parsed from 6-page PDF. Primary evaluation: Simulation with sensors [IMU;Thermal_Camera].,2,3,1,0,6,Q-medium,"Rigor=2/4, Reporting=3/3, Baseline=1/2, Repro=0/1. Total=6/10 (Q-medium).",Important
REC_0598,Compact Passive Millimeter Wave Imager for Degraded Visual and GPS-Denied Navigation,T. Dillon; C. Schuetz; A. Wright; S. Kozacik; Z. El-Azom; S. Shi; D. Prather; A. Rutkowski,2019,10.1109/RAPID.2019.8864251,IEEE Conference/Journal,IEEE_Xplore,True,4,UAV,IMU;Thermal_Camera;LiDAR_3D;Optical_Flow,Visual_Inertial_Odometry,Visual-Inertial (VIO/SLAM),Urban;Forest/Canopy;Adversarial/EW;Maritime/Water,Both_Real_and_Sim,Both,ATE_RMSE;Computational_Latency,NOT_REPORTED,Inspection,Single_Agent,Parsed from 4-page PDF. Primary evaluation: Both_Real_and_Sim with sensors [IMU;Thermal_Camera;LiDAR_3D;Optical_Flow].,2,3,0,0,5,Q-medium,"Rigor=2/4, Reporting=3/3, Baseline=0/2, Repro=0/1. Total=5/10 (Q-medium).",Important
REC_0617,Visual-Inertial Fusion for Indoor Autonomous Navigation of a Quadrotor Using ORB-SLAM,S. J. Haddadi; E. B. Castelan,2018,10.1109/LARS/SBR/WRE.2018.00028,IEEE Conference/Journal,IEEE_Xplore,True,6,UAV,IMU;Depth_Camera;LiDAR_3D;Sonar,Visual_LiDAR_Inertial_Fusion,Visual-LiDAR Fusion,Indoor;Urban;Underground/Tunnel;Adversarial/EW;Maritime/Water,Real_World,Real_World,ATE_RMSE;Relative_Drift_Percent;Success_Rate,NOT_REPORTED,Mapping/Surveying,Single_Agent,Parsed from 6-page PDF. Primary evaluation: Real_World with sensors [IMU;Depth_Camera;LiDAR_3D;Sonar].,4,2,2,0,8,Q-high,"Rigor=4/4, Reporting=2/3, Baseline=2/2, Repro=0/1. Total=8/10 (Q-high).",Core
REC_0620,Terrain Aided Planetary UAV Localization Based on Geo-referencing,X. Wan; Y. Shao; S. Zhang; S. Li,2022,10.1109/TGRS.2022.3198745,IEEE Conference/Journal,IEEE_Xplore,True,18,Multi_Platform,IMU;Stereo_Camera;LiDAR_3D,Visual_LiDAR_Inertial_Fusion,Visual-LiDAR Fusion,Urban;Underground/Tunnel;Adversarial/EW;Maritime/Water,Simulation,Simulation,ATE_RMSE;Relative_Drift_Percent;RMSE;Success_Rate;Computational_Latency,NOT_REPORTED,Mapping/Surveying,Multi_Agent,Parsed from 18-page PDF. Primary evaluation: Simulation with sensors [IMU;Stereo_Camera;LiDAR_3D].,2,3,2,1,8,Q-high,"Rigor=2/4, Reporting=3/3, Baseline=2/2, Repro=1/1. Total=8/10 (Q-high).",Core
REC_0622,Micro-Drone Ego-Velocity and Height Estimation in GPS-Denied Environments Using an FMCW MIMO Radar,J. Barra; T. Creuzet; S. Lesecq; G. Scorletti; E. Blanco; M. Zarudniev,2023,10.1109/JSEN.2022.3229421,IEEE Conference/Journal,IEEE_Xplore,True,9,Multi_Platform,IMU;Stereo_Camera;LiDAR_3D;Radar_mmWave;UWB;Sonar,Visual_LiDAR_Inertial_Fusion,Visual-LiDAR Fusion,Urban;Underground/Tunnel;Adversarial/EW,Both_Real_and_Sim,Both,ATE_RMSE;Success_Rate;Computational_Latency,NOT_REPORTED,Inspection,Multi_Agent,Parsed from 9-page PDF. Primary evaluation: Both_Real_and_Sim with sensors [IMU;Stereo_Camera;LiDAR_3D;Radar_mmWave;UWB;Sonar].,4,3,0,0,7,Q-medium,"Rigor=4/4, Reporting=3/3, Baseline=0/2, Repro=0/1. Total=7/10 (Q-medium).",Important
REC_0631,Invited Speaker 1: Navigation without GPS for Unmanned Aerial Vehicles,L. Feng,2019,10.1109/IConDA47345.2019.9034681,IEEE Conference/Journal,IEEE_Xplore,True,1,UAV,IMU,Hybrid_Inertial_Fusion,Visual-Inertial (VIO/SLAM),Indoor;Forest/Canopy;Adversarial/EW,Simulation,Simulation,ATE_RMSE,NOT_REPORTED,General_Navigation,Single_Agent,Parsed from 1-page PDF. Primary evaluation: Simulation with sensors [IMU].,0,1,0,0,1,Q-low,"Rigor=0/4, Reporting=1/3, Baseline=0/2, Repro=0/1. Total=1/10 (Q-low).",Peripheral
REC_0639,A Vision-Based Approach to Autonomous Landing of an eVTOL Aircraft in GPS-Denied Environments,F. V. Benitez; A. Rutherford; J. Van Hilst; E. Babcock; M. Schlief; L. Markussen,2023,10.1109/DASC58513.2023.10311329,IEEE Conference/Journal,IEEE_Xplore,True,6,UAV,IMU;Thermal_Camera,Visual_Inertial_Odometry,Visual-Inertial (VIO/SLAM),Urban;Underground/Tunnel;Adversarial/EW;Maritime/Water,Real_World,Real_World,ATE_RMSE;Success_Rate,NOT_REPORTED,Mapping/Surveying,Single_Agent,Parsed from 6-page PDF. Primary evaluation: Real_World with sensors [IMU;Thermal_Camera].,3,3,0,0,6,Q-medium,"Rigor=3/4, Reporting=3/3, Baseline=0/2, Repro=0/1. Total=6/10 (Q-medium).",Important
REC_0644,Autonomous Localization and Navigation for Drones Over Rivers,P. -C. Wu; Y. -Y. Chen; C. -L. Lin; H. Wang,2026,10.1109/ACCESS.2025.3650454,IEEE Conference/Journal,IEEE_Xplore,True,19,Multi_Platform,IMU;Stereo_Camera;UWB;Optical_Flow,Visual_Inertial_Odometry,Visual-Inertial (VIO/SLAM),Indoor;Urban;Underground/Tunnel;Forest/Canopy;Adversarial/EW;Maritime/Water,Both_Real_and_Sim,Both,ATE_RMSE;Relative_Drift_Percent;Success_Rate;Computational_Latency,NOT_REPORTED,Inspection,Multi_Agent,Parsed from 19-page PDF. Primary evaluation: Both_Real_and_Sim with sensors [IMU;Stereo_Camera;UWB;Optical_Flow].,4,3,2,0,9,Q-high,"Rigor=4/4, Reporting=3/3, Baseline=2/2, Repro=0/1. Total=9/10 (Q-high).",Core
REC_0647,Radiation Source Localization in GPS-Denied Environments Using Aerial Robots,F. Mascarich; T. Wilson; C. Papachristos; K. Alexis,2018,10.1109/ICRA.2018.8460760,IEEE Conference/Journal,IEEE_Xplore,True,8,Multi_Platform,IMU;Stereo_Camera,Visual_Inertial_Odometry,Visual-Inertial (VIO/SLAM),Indoor;Urban;Underground/Tunnel;Forest/Canopy;Adversarial/EW;Maritime/Water,Simulation,Simulation,ATE_RMSE;Relative_Drift_Percent;Success_Rate;Computational_Latency,NOT_REPORTED,Inspection,Single_Agent,Parsed from 8-page PDF. Primary evaluation: Simulation with sensors [IMU;Stereo_Camera].,1,3,0,1,5,Q-medium,"Rigor=1/4, Reporting=3/3, Baseline=0/2, Repro=1/1. Total=5/10 (Q-medium).",Important
REC_0652,Reinforcement Learning-Based Autonomous UAV Navigation in Indoor Environments Towards Human Detection,V. Geeganage; L. Gamage; H. Weerathunga; C. Premachandra; B. H. Sudantha,2026,10.1109/ICIPRoB69625.2026.11497788,IEEE Conference/Journal,IEEE_Xplore,True,6,UAV,IMU;Monocular_Camera;LiDAR_3D,Visual_Inertial_Odometry,Visual-Inertial (VIO/SLAM),Indoor;Urban;Underground/Tunnel;Forest/Canopy;Adversarial/EW,Both_Real_and_Sim,Both,ATE_RMSE;Success_Rate;Computational_Latency,NOT_REPORTED,Inspection,Single_Agent,Parsed from 6-page PDF. Primary evaluation: Both_Real_and_Sim with sensors [IMU;Monocular_Camera;LiDAR_3D].,3,3,0,0,6,Q-medium,"Rigor=3/4, Reporting=3/3, Baseline=0/2, Repro=0/1. Total=6/10 (Q-medium).",Important
REC_0656,Vision-Based UAV Localization by Aerial and Satellite Image Matching,H. -Y. Lin; P. -H. Chen; C. -W. Yeh,2026,10.1109/ACCESS.2026.3684630,IEEE Conference/Journal,IEEE_Xplore,True,10,UAV,IMU;Stereo_Camera;LiDAR_3D;UWB,Visual_LiDAR_Inertial_Fusion,Visual-LiDAR Fusion,Indoor;Urban;Forest/Canopy;Adversarial/EW,Real_World,Real_World,ATE_RMSE;Relative_Drift_Percent;RMSE;Success_Rate;Computational_Latency,NOT_REPORTED,Inspection,Single_Agent,Parsed from 10-page PDF. Primary evaluation: Real_World with sensors [IMU;Stereo_Camera;LiDAR_3D;UWB].,4,3,1,1,9,Q-high,"Rigor=4/4, Reporting=3/3, Baseline=1/2, Repro=1/1. Total=9/10 (Q-high).",Core
REC_0687,On the scalability of experimentally determined aerodynamic model for model-based navigation on a delta-wing UAV,P. Longobardi; J. Skaloud,2023,10.1109/MetroAeroSpace57412.2023.10189996,IEEE Conference/Journal,IEEE_Xplore,True,6,UAV,IMU;Thermal_Camera;LiDAR_3D,Visual_LiDAR_Inertial_Fusion,Visual-LiDAR Fusion,Indoor;Urban;Underground/Tunnel;Adversarial/EW;Maritime/Water,Both_Real_and_Sim,Both,ATE_RMSE;Relative_Drift_Percent;Success_Rate,NOT_REPORTED,Mapping/Surveying,Single_Agent,Parsed from 6-page PDF. Primary evaluation: Both_Real_and_Sim with sensors [IMU;Thermal_Camera;LiDAR_3D].,3,3,0,1,7,Q-medium,"Rigor=3/4, Reporting=3/3, Baseline=0/2, Repro=1/1. Total=7/10 (Q-medium).",Important
REC_0688,Single Vehicle Localization and Routing in GPS-Denied Environments Using Range-Only Measurements,S. Misra; B. Wang; K. Sundar; R. Sharma; S. Rathinam,2020,10.1109/ACCESS.2019.2963286,IEEE Conference/Journal,IEEE_Xplore,True,14,Multi_Platform,IMU;Stereo_Camera;LiDAR_3D;Radar_mmWave,LiDAR_Inertial_Odometry_SLAM,LiDAR-Inertial / LiDAR SLAM,Indoor;Urban;Underground/Tunnel;Forest/Canopy;Adversarial/EW,Both_Real_and_Sim,Both,ATE_RMSE;Success_Rate;Computational_Latency,NOT_REPORTED,Inspection,Multi_Agent,Parsed from 14-page PDF. Primary evaluation: Both_Real_and_Sim with sensors [IMU;Stereo_Camera;LiDAR_3D;Radar_mmWave].,4,3,0,0,7,Q-medium,"Rigor=4/4, Reporting=3/3, Baseline=0/2, Repro=0/1. Total=7/10 (Q-medium).",Important
REC_0693,Characterization and Testing of a High-Resolution Time-of-Flight Camera for Autonomous Navigation,R. Opromolla; G. Fasano; G. Rufino; M. Grassi,2018,10.1109/MetroAeroSpace.2018.8453522,MDPI Journal,IEEE_Xplore,True,17,UAV,IMU;Depth_Camera;LiDAR_3D,Visual_LiDAR_Inertial_Fusion,Visual-LiDAR Fusion,Indoor;Underground/Tunnel;Adversarial/EW,Simulation,Simulation,ATE_RMSE;Relative_Drift_Percent;Success_Rate,NOT_REPORTED,General_Navigation,Multi_Agent,Parsed from 17-page PDF. Primary evaluation: Simulation with sensors [IMU;Depth_Camera;LiDAR_3D].,0,3,0,0,3,Q-low,"Rigor=0/4, Reporting=3/3, Baseline=0/2, Repro=0/1. Total=3/10 (Q-low).",Peripheral
REC_0701,Vision-Based Autonomous Drone Navigation Using Deep Reinforcement Learning,N. Narole; D. Prasad; S. R. Gaikwad; S. S. Badhiye; B. Jolad; J. S. Nadaf,2026,10.1109/ESCI68015.2026.11493377,IEEE Conference/Journal,IEEE_Xplore,True,6,UAV,IMU;Stereo_Camera;LiDAR_3D;Radar_mmWave;Optical_Flow,LiDAR_Inertial_Odometry_SLAM,LiDAR-Inertial / LiDAR SLAM,Indoor;Urban;Underground/Tunnel;Adversarial/EW,Both_Real_and_Sim,Both,ATE_RMSE;RMSE;Success_Rate;Computational_Latency,NOT_REPORTED,Inspection,Single_Agent,Parsed from 6-page PDF. Primary evaluation: Both_Real_and_Sim with sensors [IMU;Stereo_Camera;LiDAR_3D;Radar_mmWave;Optical_Flow].,3,2,0,0,5,Q-medium,"Rigor=3/4, Reporting=2/3, Baseline=0/2, Repro=0/1. Total=5/10 (Q-medium).",Important
REC_0705,Recursive Extended Finite-Memory Positioning Algorithm for Robust UAV Positioning in GNSS-Denied Environment,S. S. Lee; J. M. Pak; P. Shi; C. K. Ahn,2026,10.1109/JIOT.2025.3629868,IEEE Conference/Journal,IEEE_Xplore,True,13,Multi_Platform,IMU;Monocular_Camera;LiDAR_3D;UWB,Visual_LiDAR_Inertial_Fusion,Visual-LiDAR Fusion,Indoor;Urban;Underground/Tunnel;Adversarial/EW,Both_Real_and_Sim,Both,ATE_RMSE;Success_Rate;Computational_Latency,NOT_REPORTED,Inspection,Single_Agent,Parsed from 13-page PDF. Primary evaluation: Both_Real_and_Sim with sensors [IMU;Monocular_Camera;LiDAR_3D;UWB].,4,2,1,1,8,Q-high,"Rigor=4/4, Reporting=2/3, Baseline=1/2, Repro=1/1. Total=8/10 (Q-high).",Core
REC_0706,Towards Robust UAV Tracking in GNSS-Denied Environments: A Multi-LiDAR Multi-UAV Dataset,I. Catalano; X. Yu; J. P. Queralta,2023,10.1109/ROBIO58561.2023.10354788,IEEE Conference/Journal,IEEE_Xplore,True,7,Multi_Platform,IMU;Thermal_Camera;LiDAR_3D;Radar_mmWave;UWB,Visual_LiDAR_Inertial_Fusion,Visual-LiDAR Fusion,Indoor;Urban;Underground/Tunnel;Adversarial/EW;Maritime/Water,Both_Real_and_Sim,Both,ATE_RMSE;RMSE;Success_Rate;Computational_Latency,NOT_REPORTED,Inspection,Multi_Agent,Parsed from 7-page PDF. Primary evaluation: Both_Real_and_Sim with sensors [IMU;Thermal_Camera;LiDAR_3D;Radar_mmWave;UWB].,4,3,1,1,9,Q-high,"Rigor=4/4, Reporting=3/3, Baseline=1/2, Repro=1/1. Total=9/10 (Q-high).",Core
REC_0713,Autonomous UAV Pipeline Landing via Depth-LiDAR Fusion in GNSS-Denied Refineries,D. Tejero-Ruiz; M. A. Montes-Grova; F. J. Pérez-Grau; A. Viguria; A. Ollero,2026,10.1109/LRA.2026.3662655,IEEE Conference/Journal,IEEE_Xplore,True,8,UAV,IMU;Stereo_Camera;LiDAR_3D,Visual_LiDAR_Inertial_Fusion,Visual-LiDAR Fusion,Indoor;Urban;Underground/Tunnel;Adversarial/EW,Real_World,Real_World,ATE_RMSE;Relative_Drift_Percent;RMSE;Success_Rate;Computational_Latency,NOT_REPORTED,Inspection,Multi_Agent,Parsed from 8-page PDF. Primary evaluation: Real_World with sensors [IMU;Stereo_Camera;LiDAR_3D].,4,3,1,0,8,Q-high,"Rigor=4/4, Reporting=3/3, Baseline=1/2, Repro=0/1. Total=8/10 (Q-high).",Core
REC_0716,Cooperative Search Area optimization using Multiple Unmanned Aerial Vehicles in a GPS-denied Environment,S. Misra; S. Biswas; A. A. Minai; R. Sharma,2019,10.1109/ICUAS.2019.8798332,IEEE Conference/Journal,IEEE_Xplore,True,8,UAV,IMU;Monocular_Camera;LiDAR_3D,Visual_Inertial_Odometry,Visual-Inertial (VIO/SLAM),Urban;Underground/Tunnel;Forest/Canopy;Adversarial/EW;Maritime/Water,Simulation,Simulation,ATE_RMSE,NOT_REPORTED,Mapping/Surveying,Multi_Agent,Parsed from 8-page PDF. Primary evaluation: Simulation with sensors [IMU;Monocular_Camera;LiDAR_3D].,1,2,0,0,3,Q-low,"Rigor=1/4, Reporting=2/3, Baseline=0/2, Repro=0/1. Total=3/10 (Q-low).",Peripheral
REC_0719,Autonomous landing of small unmanned aerial rotorcraft based on monocular vision in GPS-denied area,C. Miao; J. Li,2015,10.1109/JAS.2015.7032912,IEEE Conference/Journal,IEEE_Xplore,True,6,Multi_Platform,IMU;Stereo_Camera,Visual_Inertial_Odometry,Visual-Inertial (VIO/SLAM),Indoor;Urban;Underground/Tunnel;Adversarial/EW,Simulation,Simulation,ATE_RMSE;Relative_Drift_Percent;Success_Rate;Computational_Latency,NOT_REPORTED,Inspection,Multi_Agent,Parsed from 6-page PDF. Primary evaluation: Simulation with sensors [IMU;Stereo_Camera].,2,3,0,0,5,Q-medium,"Rigor=2/4, Reporting=3/3, Baseline=0/2, Repro=0/1. Total=5/10 (Q-medium).",Important
REC_0752,Cooperative localisation of UAVs in a GPS-denied environment using bearing measurements,L. Zhang; M. Ye; B. D. O. Anderson; P. Sarunic; H. Hmam,2016,10.1109/CDC.2016.7798924,IEEE Conference/Journal,IEEE_Xplore,True,7,Multi_Platform,IMU,Visual_Inertial_Odometry,Visual-Inertial (VIO/SLAM),Indoor;Urban;Underground/Tunnel;Adversarial/EW;Maritime/Water,Both_Real_and_Sim,Both,ATE_RMSE;Relative_Drift_Percent;Success_Rate,NOT_REPORTED,Search_and_Rescue,Multi_Agent,Parsed from 7-page PDF. Primary evaluation: Both_Real_and_Sim with sensors [IMU].,3,3,1,0,7,Q-medium,"Rigor=3/4, Reporting=3/3, Baseline=1/2, Repro=0/1. Total=7/10 (Q-medium).",Important
REC_0814,Monocular Vision Aided Autonomous UAV Navigation in Indoor Corridor Environments,R. P. Padhy; F. Xia; S. K. Choudhury; P. K. Sa; S. Bakshi,2019,10.1109/TSUSC.2018.2810952,IEEE Conference/Journal,IEEE_Xplore,True,13,Multi_Platform,IMU;Stereo_Camera;LiDAR_3D;UWB,Visual_LiDAR_Inertial_Fusion,Visual-LiDAR Fusion,Indoor;Urban;Forest/Canopy;Adversarial/EW;Maritime/Water,Real_World,Real_World,ATE_RMSE;Success_Rate;Computational_Latency,NOT_REPORTED,Mapping/Surveying,Single_Agent,Parsed from 13-page PDF. Primary evaluation: Real_World with sensors [IMU;Stereo_Camera;LiDAR_3D;UWB].,4,1,0,1,6,Q-medium,"Rigor=4/4, Reporting=1/3, Baseline=0/2, Repro=1/1. Total=6/10 (Q-medium).",Important
REC_0816,Feature 3D Gaussian Splatting for UAV-to-Ship Pose Estimation in GNSS-Denied Environments,A. Bernas; J. McConnell; J. Seargeant; L. DeVries,2026,10.1109/ICUAS69441.2026.11598627,IEEE Conference/Journal,IEEE_Xplore,True,8,Multi_Platform,IMU;Depth_Camera,Visual_Inertial_Odometry,Visual-Inertial (VIO/SLAM),Urban;Underground/Tunnel;Adversarial/EW;Maritime/Water,Real_World,Real_World,ATE_RMSE;Relative_Drift_Percent;RMSE;Success_Rate;Computational_Latency,NOT_REPORTED,Inspection,Single_Agent,Parsed from 8-page PDF. Primary evaluation: Real_World with sensors [IMU;Depth_Camera].,4,3,0,1,8,Q-high,"Rigor=4/4, Reporting=3/3, Baseline=0/2, Repro=1/1. Total=8/10 (Q-high).",Important
REC_0824,A Homography-Based Visual Servo Control Approach for an Underactuated Unmanned Aerial Vehicle in GPS-Denied Environments,H. Zhong; Y. Wang; Z. Miao; L. Li; S. Fan; H. Zhang,2023,10.1109/TIV.2022.3163315,IEEE Conference/Journal,IEEE_Xplore,True,11,Multi_Platform,IMU;Monocular_Camera,Visual_Inertial_Odometry,Visual-Inertial (VIO/SLAM),Indoor;Urban;Underground/Tunnel;Adversarial/EW;Maritime/Water,Both_Real_and_Sim,Both,ATE_RMSE;Success_Rate;Computational_Latency,NOT_REPORTED,Search_and_Rescue,Single_Agent,Parsed from 11-page PDF. Primary evaluation: Both_Real_and_Sim with sensors [IMU;Monocular_Camera].,4,3,1,0,8,Q-high,"Rigor=4/4, Reporting=3/3, Baseline=1/2, Repro=0/1. Total=8/10 (Q-high).",Core
REC_0840,GPS-Denied Drone Navigation via Cross-Domain Keypoint Matching,J. -W. Hsieh; H. -K. Chen,2026,10.1109/ICIP61757.2026.11630202,IEEE Conference/Journal,IEEE_Xplore,True,6,UAV,IMU;Monocular_Camera,Radio_Based_Positioning,UWB / Radio / Beacons,Indoor;Underground/Tunnel;Adversarial/EW,Simulation,Simulation,ATE_RMSE;Relative_Drift_Percent;Success_Rate;Computational_Latency,NOT_REPORTED,Inspection,Single_Agent,Parsed from 6-page PDF. Primary evaluation: Simulation with sensors [IMU;Monocular_Camera].,1,2,1,0,4,Q-low,"Rigor=1/4, Reporting=2/3, Baseline=1/2, Repro=0/1. Total=4/10 (Q-low).",Peripheral
REC_0857,SwarmRaft: Leveraging Consensus for Robust Drone Swarm Coordination in GNSS-Degraded Environments,K. Dev; Y. Madhwal; S. Shevelo; P. Osinenko; Y. Yanovich,2026,10.1109/JIOT.2025.3645453,IEEE Conference/Journal,IEEE_Xplore,True,9,UAV,IMU;Monocular_Camera;LiDAR_3D,Visual_Inertial_Odometry,Visual-Inertial (VIO/SLAM),Indoor;Urban;Underground/Tunnel;Forest/Canopy;Adversarial/EW;Maritime/Water,Both_Real_and_Sim,Both,ATE_RMSE;Relative_Drift_Percent;Success_Rate;Computational_Latency,NOT_REPORTED,Inspection,Multi_Agent,Parsed from 9-page PDF. Primary evaluation: Both_Real_and_Sim with sensors [IMU;Monocular_Camera;LiDAR_3D].,4,3,0,1,8,Q-high,"Rigor=4/4, Reporting=3/3, Baseline=0/2, Repro=1/1. Total=8/10 (Q-high).",Important
REC_0859,A Multimode Visual-Inertial Navigation Method for Fixed-wing Aircraft Approach and Landing in GPS-denied and Low Visibility Environments,X. Song; L. Zhang; Z. Zhai; G. Yu,2019,10.1109/DASC43569.2019.9081785,IEEE Conference/Journal,IEEE_Xplore,True,10,UAV,IMU;Thermal_Camera;Radar_mmWave;Sonar,Thermal_Inertial_Odometry,Visual-Inertial (VIO/SLAM),Indoor;Urban;Underground/Tunnel;Adversarial/EW;Maritime/Water,Both_Real_and_Sim,Both,ATE_RMSE;Success_Rate;Computational_Latency,NOT_REPORTED,Inspection,Single_Agent,Parsed from 10-page PDF. Primary evaluation: Both_Real_and_Sim with sensors [IMU;Thermal_Camera;Radar_mmWave;Sonar].,4,1,1,0,6,Q-medium,"Rigor=4/4, Reporting=1/3, Baseline=1/2, Repro=0/1. Total=6/10 (Q-medium).",Important
REC_0866,Autonomous Aerial Robots for Search and Rescue Missions,K. Sangeeta; S. B; A. Jain; V. Bhutani; L. K. Tyagi; K. A. Jabbar,2023,10.1109/UPCON59197.2023.10434325,IEEE Conference/Journal,IEEE_Xplore,True,6,UAV,IMU;Thermal_Camera;LiDAR_3D;Radar_mmWave,Visual_Inertial_Odometry,Visual-Inertial (VIO/SLAM),Indoor;Urban;Underground/Tunnel;Forest/Canopy;Adversarial/EW;Maritime/Water,Simulation,Simulation,ATE_RMSE;Success_Rate,NOT_REPORTED,Mapping/Surveying,Multi_Agent,Parsed from 6-page PDF. Primary evaluation: Simulation with sensors [IMU;Thermal_Camera;LiDAR_3D;Radar_mmWave].,1,2,0,0,3,Q-low,"Rigor=1/4, Reporting=2/3, Baseline=0/2, Repro=0/1. Total=3/10 (Q-low).",Peripheral
REC_0870,"Recent Trends, Techniques, and Applications of AI Based Autonomous Drones",H. M. Raghuwanshi; G. Dhopavkar,2026,10.1109/ICEI65890.2026.11447876,IEEE Conference/Journal,IEEE_Xplore,True,6,Multi_Platform,IMU;Thermal_Camera;LiDAR_3D;Radar_mmWave,Visual_LiDAR_Inertial_Fusion,Visual-LiDAR Fusion,Indoor;Urban;Adversarial/EW,Both_Real_and_Sim,Both,ATE_RMSE;Success_Rate;Computational_Latency,NOT_REPORTED,Inspection,Multi_Agent,Parsed from 6-page PDF. Primary evaluation: Both_Real_and_Sim with sensors [IMU;Thermal_Camera;LiDAR_3D;Radar_mmWave].,2,3,1,1,7,Q-medium,"Rigor=2/4, Reporting=3/3, Baseline=1/2, Repro=1/1. Total=7/10 (Q-medium).",Important
REC_0896,Robust autonomous flight and mission management for MAVs in GPS-denied environments,Y. Bi; M. Lan; J. Li; K. Zhang; H. Qin; S. Lai; B. M. Chen,2017,10.1109/ASCC.2017.8287144,IEEE Conference/Journal,IEEE_Xplore,True,6,UAV,IMU;Monocular_Camera;LiDAR_2D,Visual_LiDAR_Inertial_Fusion,Visual-LiDAR Fusion,Indoor;Urban;Underground/Tunnel;Forest/Canopy;Adversarial/EW;Maritime/Water,Simulation,Simulation,ATE_RMSE;Relative_Drift_Percent;Success_Rate;Computational_Latency,NOT_REPORTED,Inspection,Single_Agent,Parsed from 6-page PDF. Primary evaluation: Simulation with sensors [IMU;Monocular_Camera;LiDAR_2D].,2,2,2,0,6,Q-medium,"Rigor=2/4, Reporting=2/3, Baseline=2/2, Repro=0/1. Total=6/10 (Q-medium).",Important
REC_0932,Development of a Plug-and-Play Infrared Landing System for Multirotor Unmanned Aerial Vehicles,E. Nowak; K. Gupta; H. Najjaran,2017,10.1109/CRV.2017.23,IEEE Conference/Journal,IEEE_Xplore,True,5,UAV,IMU;Stereo_Camera,Visual_Inertial_Odometry,Visual-Inertial (VIO/SLAM),Indoor;Urban;Underground/Tunnel;Forest/Canopy;Adversarial/EW,Real_World,Real_World,ATE_RMSE;Success_Rate,NOT_REPORTED,Inspection,Single_Agent,Parsed from 5-page PDF. Primary evaluation: Real_World with sensors [IMU;Stereo_Camera].,2,3,0,0,5,Q-medium,"Rigor=2/4, Reporting=3/3, Baseline=0/2, Repro=0/1. Total=5/10 (Q-medium).",Important
REC_0951,PSS-LIO A Computationally Efficient LiDAR-Inertial Odometry Framework for UAV Building Inspection via Geometric Predictability and Structure Prior Learning,Y. Wang; R. Qiu; A. Tang; L. Li; W. Li; S. Wan; X. Li,2026,10.1109/TIM.2026.3709427,IEEE Conference/Journal,IEEE_Xplore,True,12,Multi_Platform,IMU;Depth_Camera;LiDAR_3D,Visual_LiDAR_Inertial_Fusion,Visual-LiDAR Fusion,Indoor;Urban;Underground/Tunnel;Forest/Canopy;Adversarial/EW,Real_World,Real_World,ATE_RMSE;Relative_Drift_Percent;RMSE;Success_Rate;Computational_Latency,NOT_REPORTED,Inspection,Multi_Agent,Parsed from 12-page PDF. Primary evaluation: Real_World with sensors [IMU;Depth_Camera;LiDAR_3D].,4,3,2,1,10,Q-high,"Rigor=4/4, Reporting=3/3, Baseline=2/2, Repro=1/1. Total=10/10 (Q-high).",Core
REC_0960,Cooperative Visual Inertial Odometry for Heterogeneous Swarm of Drones Navigating in Noisy Environments,K. C. Atik; E. Erdogan; A. Y. Yahsi; F. Kara; B. Yalcin; G. Cetin; N. K. Ure,2022,10.1109/ISIE51582.2022.9831647,IEEE Conference/Journal,IEEE_Xplore,True,8,UAV,IMU;Stereo_Camera;LiDAR_3D;UWB,Visual_LiDAR_Inertial_Fusion,Visual-LiDAR Fusion,Indoor;Underground/Tunnel;Adversarial/EW,Simulation,Simulation,ATE_RMSE;Relative_Drift_Percent;RMSE;Success_Rate;Computational_Latency,NOT_REPORTED,Inspection,Multi_Agent,Parsed from 8-page PDF. Primary evaluation: Simulation with sensors [IMU;Stereo_Camera;LiDAR_3D;UWB].,2,3,1,0,6,Q-medium,"Rigor=2/4, Reporting=3/3, Baseline=1/2, Repro=0/1. Total=6/10 (Q-medium).",Important
REC_0961,Multimodal Image Registration for GPS-denied UAV Navigation Based on Disentangled Representations,H. Li; Z. Liu; Y. Lyu; F. Wu,2023,10.1109/ICRA48891.2023.10161567,IEEE Conference/Journal,IEEE_Xplore,True,7,UAV,IMU;Thermal_Camera,Radio_Based_Positioning,UWB / Radio / Beacons,Adversarial/EW,Simulation,Simulation,ATE_RMSE;Relative_Drift_Percent;RMSE;Success_Rate;Computational_Latency,NOT_REPORTED,Mapping/Surveying,Single_Agent,Parsed from 7-page PDF. Primary evaluation: Simulation with sensors [IMU;Thermal_Camera].,1,2,1,0,4,Q-low,"Rigor=1/4, Reporting=2/3, Baseline=1/2, Repro=0/1. Total=4/10 (Q-low).",Peripheral
REC_0973,Landmark Placement for Localization in a GPS-denied Environment,K. Sundar; S. Srinivasan; S. Misra; S. Rathinam; R. Sharma,2018,10.23919/ACC.2018.8431886,IEEE Conference/Journal,IEEE_Xplore,True,7,Multi_Platform,IMU;Monocular_Camera,Visual_Inertial_Odometry,Visual-Inertial (VIO/SLAM),Urban;Underground/Tunnel;Adversarial/EW;Maritime/Water,Simulation,Simulation,ATE_RMSE;Success_Rate,NOT_REPORTED,Inspection,Multi_Agent,Parsed from 7-page PDF. Primary evaluation: Simulation with sensors [IMU;Monocular_Camera].,1,3,0,0,4,Q-low,"Rigor=1/4, Reporting=3/3, Baseline=0/2, Repro=0/1. Total=4/10 (Q-low).",Peripheral
REC_0981,Multi-sensor Data Analysis in Terms of Autonomous Drone Flight without GPS,G. Issassis; P. Marcoň; J. Janoušek; L. Venkrbec,2023,10.1109/PIERS59004.2023.10221335,IEEE Conference/Journal,IEEE_Xplore,True,7,UAV,IMU;Thermal_Camera,Visual_Inertial_Odometry,Visual-Inertial (VIO/SLAM),Indoor;Urban;Underground/Tunnel,Simulation,Simulation,ATE_RMSE;Success_Rate,NOT_REPORTED,Mapping/Surveying,Single_Agent,Parsed from 7-page PDF. Primary evaluation: Simulation with sensors [IMU;Thermal_Camera].,0,3,1,1,5,Q-medium,"Rigor=0/4, Reporting=3/3, Baseline=1/2, Repro=1/1. Total=5/10 (Q-medium).",Important
REC_0986,Field Test Results of GNSS-denied Inertial Navigation aided by Phased-array Radio Systems for UAVs,K. Gryte; T. H. Bryne; S. M. Albrektsen; T. A. Johansen,2019,10.1109/ICUAS.2019.8798057,IEEE Conference/Journal,IEEE_Xplore,True,9,UAV,IMU;Monocular_Camera;Radar_mmWave;Sonar,Visual_Inertial_Odometry,Visual-Inertial (VIO/SLAM),Urban;Underground/Tunnel;Adversarial/EW;Maritime/Water,Simulation,Simulation,ATE_RMSE;RMSE;Success_Rate;Computational_Latency,NOT_REPORTED,Mapping/Surveying,Single_Agent,Parsed from 9-page PDF. Primary evaluation: Simulation with sensors [IMU;Monocular_Camera;Radar_mmWave;Sonar].,2,3,0,0,5,Q-medium,"Rigor=2/4, Reporting=3/3, Baseline=0/2, Repro=0/1. Total=5/10 (Q-medium).",Important
REC_0993,"Fast, autonomous flight in GPS-denied and cluttered environments",Mohta K.; Watterson M.; Mulgaonkar Y.; Liu S.; Qu C.; Makineni A.; Saulnier K.; Sun K.; Zhu A.; Delmerico J.; Karydis K.; Atanasov N.; Loianno G.; Scaramuzza D.; Daniilidis K.; Taylor C.J.; Kumar V.,2018,10.1002/rob.21774,IEEE Conference/Journal,Scopus,True,30,UAV,IMU;Stereo_Camera;LiDAR_3D,Visual_LiDAR_Inertial_Fusion,Visual-LiDAR Fusion,Indoor;Urban;Adversarial/EW,Real_World,Real_World,ATE_RMSE;Relative_Drift_Percent;Success_Rate;Computational_Latency,NOT_REPORTED,Inspection,Multi_Agent,Parsed from 30-page PDF. Primary evaluation: Real_World with sensors [IMU;Stereo_Camera;LiDAR_3D].,4,3,1,1,9,Q-high,"Rigor=4/4, Reporting=3/3, Baseline=1/2, Repro=1/1. Total=9/10 (Q-high).",Core
REC_0994,Automated localization of UAVs in GPS-denied indoor construction environments using fiducial markers,Nahangi M.; Heins A.; McCabe B.; Schoellig A.,2018,10.22260/isarc2018/0012,IEEE Conference/Journal,Scopus,True,7,UAV,IMU;Thermal_Camera;LiDAR_2D;UWB,Thermal_Inertial_Odometry,Visual-Inertial (VIO/SLAM),Indoor;Adversarial/EW;Maritime/Water,Simulation,Simulation,ATE_RMSE;Relative_Drift_Percent;Success_Rate;Computational_Latency,NOT_REPORTED,Inspection,Single_Agent,Parsed from 7-page PDF. Primary evaluation: Simulation with sensors [IMU;Thermal_Camera;LiDAR_2D;UWB].,2,3,0,0,5,Q-medium,"Rigor=2/4, Reporting=3/3, Baseline=0/2, Repro=0/1. Total=5/10 (Q-medium).",Important
REC_0995,Experimentation of Monocular Visual-Aided Inertial Navigation on Fixed-Wing Unmanned Aerial Vehicle †,Sivalingam B.; Hagen O.K.,2023,10.3390/ENC2023-15476,IEEE Conference/Journal,Scopus,True,9,UAV,IMU;Monocular_Camera;LiDAR_3D;Radar_mmWave,Visual_LiDAR_Inertial_Fusion,Visual-LiDAR Fusion,Indoor;Underground/Tunnel;Adversarial/EW;Maritime/Water,Simulation,Simulation,ATE_RMSE;Relative_Drift_Percent;Computational_Latency,NOT_REPORTED,Mapping/Surveying,Multi_Agent,Parsed from 9-page PDF. Primary evaluation: Simulation with sensors [IMU;Monocular_Camera;LiDAR_3D;Radar_mmWave].,1,3,0,0,4,Q-low,"Rigor=1/4, Reporting=3/3, Baseline=0/2, Repro=0/1. Total=4/10 (Q-low).",Peripheral
REC_1001,Perception and navigation for an autonomous quadrotor in GPS-denied environments,Saeedi S.; Nagaty A.; Thibault C.; Trentini M.; Li H.,2016,10.2316/Journal.206.2016.6.206-4434,IEEE Conference/Journal,Scopus,True,39,Multi_Platform,IMU;Stereo_Camera;LiDAR_2D;Sonar,Visual_Inertial_Odometry,Visual-Inertial (VIO/SLAM),Indoor;Urban;Underground/Tunnel;Forest/Canopy;Adversarial/EW;Maritime/Water,Both_Real_and_Sim,Both,ATE_RMSE;Success_Rate;Computational_Latency,NOT_REPORTED,Inspection,Multi_Agent,Parsed from 39-page PDF. Primary evaluation: Both_Real_and_Sim with sensors [IMU;Stereo_Camera;LiDAR_2D;Sonar].,4,3,0,1,8,Q-high,"Rigor=4/4, Reporting=3/3, Baseline=0/2, Repro=1/1. Total=8/10 (Q-high).",Important
REC_1002,An integrated UAV navigation system based on geo-registered 3D point cloud,Zhang S.; Wang S.; Li C.; Liu G.; Hao Q.,2017,10.1109/MFI.2017.8170396,IEEE Conference/Journal,Scopus,True,6,UAV,IMU;Stereo_Camera;LiDAR_3D,Visual_LiDAR_Inertial_Fusion,Visual-LiDAR Fusion,Indoor;Urban;Underground/Tunnel;Forest/Canopy;Adversarial/EW;Maritime/Water,Simulation,Simulation,ATE_RMSE;Relative_Drift_Percent;Success_Rate;Computational_Latency,NOT_REPORTED,Inspection,Multi_Agent,Parsed from 6-page PDF. Primary evaluation: Simulation with sensors [IMU;Stereo_Camera;LiDAR_3D].,2,3,0,1,6,Q-medium,"Rigor=2/4, Reporting=3/3, Baseline=0/2, Repro=1/1. Total=6/10 (Q-medium).",Important
REC_1006,A comprehensive survey on autonomous UAV navigation and control systems,Izakshiri A.; Tajrishi N.J.; Madinei H.S.; Azad P.A.; Ahmadi S.,2026,10.1007/s40435-026-02068-3,IEEE Conference/Journal,Scopus,True,18,Multi_Platform,IMU;Stereo_Camera;LiDAR_3D;Radar_mmWave;Optical_Flow,Visual_LiDAR_Inertial_Fusion,Visual-LiDAR Fusion,Indoor;Urban;Underground/Tunnel;Forest/Canopy;Adversarial/EW,Both_Real_and_Sim,Both,ATE_RMSE;Relative_Drift_Percent;Success_Rate;Computational_Latency,NOT_REPORTED,Mapping/Surveying,Multi_Agent,Parsed from 18-page PDF. Primary evaluation: Both_Real_and_Sim with sensors [IMU;Stereo_Camera;LiDAR_3D;Radar_mmWave;Optical_Flow].,2,2,1,1,6,Q-medium,"Rigor=2/4, Reporting=2/3, Baseline=1/2, Repro=1/1. Total=6/10 (Q-medium).",Important
REC_1007,Robust geo-localization of UAVSAR in GPS-Denied environments using deep cross-modality matching with google Earth imagery,Naanjam R.; Ebadi H.; Farnood Ahmadi F.,2026,10.1007/s12518-026-00694-2,IEEE Conference/Journal,Scopus,True,21,UAV,IMU;Stereo_Camera;Radar_mmWave;Optical_Flow,Visual_Inertial_Odometry,Visual-Inertial (VIO/SLAM),Indoor;Urban;Underground/Tunnel;Forest/Canopy;Adversarial/EW;Maritime/Water,Real_World,Real_World,ATE_RMSE;RMSE;Success_Rate;Computational_Latency,NOT_REPORTED,Inspection,Single_Agent,Parsed from 21-page PDF. Primary evaluation: Real_World with sensors [IMU;Stereo_Camera;Radar_mmWave;Optical_Flow].,4,3,1,0,8,Q-high,"Rigor=4/4, Reporting=3/3, Baseline=1/2, Repro=0/1. Total=8/10 (Q-high).",Core
REC_1011,Real-time unmanned aerial system (UAS) based interference localization in a GNSS denied environment,Perkins A.; Chen Y.-H.; Lo S.; Lee C.; David Powell J.,2019,10.33012/2019.16992,IEEE Conference/Journal,Scopus,True,17,UAV,IMU;Thermal_Camera;LiDAR_3D;Optical_Flow,Visual_LiDAR_Inertial_Fusion,Visual-LiDAR Fusion,Urban;Underground/Tunnel;Adversarial/EW,Both_Real_and_Sim,Both,ATE_RMSE;Relative_Drift_Percent;Computational_Latency,NOT_REPORTED,Inspection,Single_Agent,Parsed from 17-page PDF. Primary evaluation: Both_Real_and_Sim with sensors [IMU;Thermal_Camera;LiDAR_3D;Optical_Flow].,3,3,0,0,6,Q-medium,"Rigor=3/4, Reporting=3/3, Baseline=0/2, Repro=0/1. Total=6/10 (Q-medium).",Important
REC_1014,Cooperative UAV Swarm Communication Networks for Rapid Disaster Assessment in GPS-Denied Environments,Wang P.; Li J.; Wei J.; Shi L.; Hou B.; Xie F.,2026,10.3390/drones10050355,IEEE Conference/Journal,Scopus,True,19,Multi_Platform,IMU;Monocular_Camera;LiDAR_3D;UWB,Visual_LiDAR_Inertial_Fusion,Visual-LiDAR Fusion,Indoor;Urban;Underground/Tunnel;Forest/Canopy;Adversarial/EW,Both_Real_and_Sim,Both,ATE_RMSE;Relative_Drift_Percent;RMSE;Success_Rate;Computational_Latency,0.85m,Inspection,Multi_Agent,Parsed from 19-page PDF. Primary evaluation: Both_Real_and_Sim with sensors [IMU;Monocular_Camera;LiDAR_3D;UWB].,4,3,2,0,9,Q-high,"Rigor=4/4, Reporting=3/3, Baseline=2/2, Repro=0/1. Total=9/10 (Q-high).",Core
REC_1017,A Real-Time Simulator for Navigation in GNSS-Denied Environments of UAV Swarms,Zhang H.; Miao C.; Zhang L.; Zhang Y.; Li Y.; Fang K.,2023,10.3390/app132011278,IEEE Conference/Journal,Scopus,True,15,UAV,IMU;Monocular_Camera;UWB,Visual_Inertial_Odometry,Visual-Inertial (VIO/SLAM),Indoor;Urban;Underground/Tunnel;Forest/Canopy;Adversarial/EW,Simulation,Simulation,ATE_RMSE;Relative_Drift_Percent;Success_Rate;Computational_Latency,NOT_REPORTED,Inspection,Multi_Agent,Parsed from 15-page PDF. Primary evaluation: Simulation with sensors [IMU;Monocular_Camera;UWB].,2,2,1,1,6,Q-medium,"Rigor=2/4, Reporting=2/3, Baseline=1/2, Repro=1/1. Total=6/10 (Q-medium).",Important
REC_1018,OPsCV: A Robust Framework for Aerial Navigation under Global Positioning System Denied Conditions,Xavier N.A.Z.; Shiguemori E.H.; Maximo M.R.O.D.A.,2026,10.1590/jatm.v18.1413,IEEE Conference/Journal,Scopus,True,24,Multi_Platform,IMU;Monocular_Camera;LiDAR_3D;Radar_mmWave;Sonar,Visual_LiDAR_Inertial_Fusion,Visual-LiDAR Fusion,Indoor;Urban;Underground/Tunnel;Forest/Canopy;Adversarial/EW,Both_Real_and_Sim,Both,ATE_RMSE;Relative_Drift_Percent;Success_Rate;Computational_Latency,NOT_REPORTED,Inspection,Multi_Agent,Parsed from 24-page PDF. Primary evaluation: Both_Real_and_Sim with sensors [IMU;Monocular_Camera;LiDAR_3D;Radar_mmWave;Sonar].,4,3,1,0,8,Q-high,"Rigor=4/4, Reporting=3/3, Baseline=1/2, Repro=0/1. Total=8/10 (Q-high).",Core
REC_1019,Multi-Sensor Fusion SLAM for Interceptor UAVs in GNSS-Denied Environments: A Review,Liu B.; Shi J.; Gong Y.; Li C.; Li H.,2026,10.1109/JSEN.2026.3720978,IEEE Conference/Journal,Scopus,True,20,Multi_Platform,IMU;Stereo_Camera;LiDAR_3D;Sonar,Visual_LiDAR_Inertial_Fusion,Visual-LiDAR Fusion,Indoor;Urban;Underground/Tunnel;Forest/Canopy;Adversarial/EW,Both_Real_and_Sim,Both,ATE_RMSE;Relative_Drift_Percent;RMSE;Success_Rate;Computational_Latency,NOT_REPORTED,Inspection,Multi_Agent,Parsed from 20-page PDF. Primary evaluation: Both_Real_and_Sim with sensors [IMU;Stereo_Camera;LiDAR_3D;Sonar].,3,3,2,1,9,Q-high,"Rigor=3/4, Reporting=3/3, Baseline=2/2, Repro=1/1. Total=9/10 (Q-high).",Core
REC_1021,GPS-denied UAV localization using pre-existing satellite imagery,Goforth H.; Lucey S.,2019,10.1109/ICRA.2019.8793558,IEEE Conference/Journal,Scopus,True,7,Multi_Platform,IMU;Monocular_Camera,Visual_Inertial_Odometry,Visual-Inertial (VIO/SLAM),Indoor;Urban;Underground/Tunnel;Adversarial/EW,Simulation,Simulation,ATE_RMSE;Success_Rate;Computational_Latency,NOT_REPORTED,Inspection,Single_Agent,Parsed from 7-page PDF. Primary evaluation: Simulation with sensors [IMU;Monocular_Camera].,2,2,2,1,7,Q-medium,"Rigor=2/4, Reporting=2/3, Baseline=2/2, Repro=1/1. Total=7/10 (Q-medium).",Important
REC_1023,A Hybrid Drone SINS/GNSS Information Fusion Method Based on Attention-Augmented TCN in GNSS-Denied Environments,Xu C.; Chen S.; Zhao D.; Hou Z.; Jiang C.,2026,10.3390/rs18091379,IEEE Conference/Journal,Scopus,True,24,UAV,IMU;Monocular_Camera,Visual_Inertial_Odometry,Visual-Inertial (VIO/SLAM),Indoor;Urban;Underground/Tunnel;Adversarial/EW,Real_World,Real_World,ATE_RMSE;Relative_Drift_Percent;RMSE;Success_Rate;Computational_Latency,NOT_REPORTED,Inspection,Single_Agent,Parsed from 24-page PDF. Primary evaluation: Real_World with sensors [IMU;Monocular_Camera].,3,3,1,0,7,Q-medium,"Rigor=3/4, Reporting=3/3, Baseline=1/2, Repro=0/1. Total=7/10 (Q-medium).",Important
REC_1025,A Survey on Radio Frequency based Precise Localisation Technology for UAV in GPS-denied Environment,Yang B.; Yang E.,2021,10.1007/s10846-021-01500-4,IEEE Conference/Journal,Scopus,True,44,Multi_Platform,IMU;Stereo_Camera;LiDAR_3D;Radar_mmWave;UWB;Sonar,Visual_LiDAR_Inertial_Fusion,Visual-LiDAR Fusion,Indoor;Urban;Underground/Tunnel;Adversarial/EW;Maritime/Water,Simulation,Simulation,ATE_RMSE;Relative_Drift_Percent;RMSE;Success_Rate;Computational_Latency,NOT_REPORTED,Inspection,Multi_Agent,Parsed from 44-page PDF. Primary evaluation: Simulation with sensors [IMU;Stereo_Camera;LiDAR_3D;Radar_mmWave;UWB;Sonar].,2,3,1,1,7,Q-medium,"Rigor=2/4, Reporting=3/3, Baseline=1/2, Repro=1/1. Total=7/10 (Q-medium).",Important
REC_1026,Indoor UAV Localization via Multi-Anchor One-Shot Calibration and Factor Graph Fusion,Zhao J.; Deng Z.; Su W.; Lou B.; Liu Y.,2026,10.3390/rs18091407,IEEE Conference/Journal,Scopus,True,27,Multi_Platform,IMU;Stereo_Camera;LiDAR_3D;UWB,Visual_LiDAR_Inertial_Fusion,Visual-LiDAR Fusion,Indoor;Urban;Underground/Tunnel;Forest/Canopy;Adversarial/EW,Both_Real_and_Sim,Both,ATE_RMSE;Relative_Drift_Percent;RMSE;Success_Rate;Computational_Latency,NOT_REPORTED,Inspection,Multi_Agent,Parsed from 27-page PDF. Primary evaluation: Both_Real_and_Sim with sensors [IMU;Stereo_Camera;LiDAR_3D;UWB].,4,3,1,1,9,Q-high,"Rigor=4/4, Reporting=3/3, Baseline=1/2, Repro=1/1. Total=9/10 (Q-high).",Core
REC_1028,Integrated navigation for autonomous drone in GPS and GPS-denied environments,Suzuki S.,2018,10.20965/jrm.2018.p0373,IEEE Conference/Journal,Scopus,True,7,UAV,IMU;Stereo_Camera;LiDAR_3D,LiDAR_Inertial_Odometry_SLAM,LiDAR-Inertial / LiDAR SLAM,Indoor;Urban;Underground/Tunnel;Forest/Canopy;Adversarial/EW,Simulation,Simulation,ATE_RMSE;Relative_Drift_Percent;Success_Rate,NOT_REPORTED,Inspection,Single_Agent,Parsed from 7-page PDF. Primary evaluation: Simulation with sensors [IMU;Stereo_Camera;LiDAR_3D].,2,2,0,0,4,Q-low,"Rigor=2/4, Reporting=2/3, Baseline=0/2, Repro=0/1. Total=4/10 (Q-low).",Peripheral
REC_1029,A Localization Strategy for Low-cost UAVs Sewers Inspection,Maisto P.; Scognamiglio V.; Selvaggio M.; Lippiello V.,2026,10.1109/SII64115.2026.11404663,IEEE Conference/Journal,Scopus,True,7,Multi_Platform,IMU;Stereo_Camera;LiDAR_3D,Visual_LiDAR_Inertial_Fusion,Visual-LiDAR Fusion,Urban;Underground/Tunnel;Adversarial/EW;Maritime/Water,Both_Real_and_Sim,Both,ATE_RMSE;Relative_Drift_Percent;Success_Rate;Computational_Latency,NOT_REPORTED,Inspection,Single_Agent,Parsed from 7-page PDF. Primary evaluation: Both_Real_and_Sim with sensors [IMU;Stereo_Camera;LiDAR_3D].,4,3,1,1,9,Q-high,"Rigor=4/4, Reporting=3/3, Baseline=1/2, Repro=1/1. Total=9/10 (Q-high).",Core
REC_1032,Synchronized Multi-Directional FMCW mmWave Radar–Inertial Odometry: Robust Positioning and Autonomous Navigation Experiments for UAVs in Low-Light Indoor Environments,Jing Y.; Sipahi R.; Martinez-Lorenzo J.,2026,10.3390/drones10020120,IEEE Conference/Journal,Scopus,True,26,Multi_Platform,IMU;Stereo_Camera;LiDAR_3D;Radar_mmWave,Visual_LiDAR_Inertial_Fusion,Visual-LiDAR Fusion,Indoor;Urban;Underground/Tunnel;Forest/Canopy;Adversarial/EW,Both_Real_and_Sim,Both,ATE_RMSE;Relative_Drift_Percent;RMSE;Success_Rate;Computational_Latency,NOT_REPORTED,Inspection,Single_Agent,Parsed from 26-page PDF. Primary evaluation: Both_Real_and_Sim with sensors [IMU;Stereo_Camera;LiDAR_3D;Radar_mmWave].,4,3,0,1,8,Q-high,"Rigor=4/4, Reporting=3/3, Baseline=0/2, Repro=1/1. Total=8/10 (Q-high).",Important
REC_1034,Uavs enhanced navigation in outdoor gnss denied environment using UWB and monocular camera systems,Zahran S.; Masiero A.; Mostafa M.M.; Moussa A.M.; Vettore A.; El-Sheimy N.,2019,10.5194/isprs-archives-XLII-2-W13-665-2019,IEEE Conference/Journal,Scopus,True,8,Multi_Platform,IMU;Stereo_Camera;UWB;Optical_Flow,Visual_Inertial_Odometry,Visual-Inertial (VIO/SLAM),Indoor;Urban;Underground/Tunnel;Forest/Canopy;Adversarial/EW,Simulation,Simulation,ATE_RMSE;Relative_Drift_Percent;RMSE;Success_Rate;Computational_Latency,NOT_REPORTED,Inspection,Single_Agent,Parsed from 8-page PDF. Primary evaluation: Simulation with sensors [IMU;Stereo_Camera;UWB;Optical_Flow].,1,2,0,0,3,Q-low,"Rigor=1/4, Reporting=2/3, Baseline=0/2, Repro=0/1. Total=3/10 (Q-low).",Peripheral
REC_1043,Consistent-Innovation-Aided Distributed Cooperative Localization for Multi-UAV Navigation in GNSS-Denied Environments,Hou Z.; Xue C.; Chen S.; Xu C.; Jiang C.; Niu J.,2026,10.3390/rs18142286,IEEE Conference/Journal,Scopus,True,19,Multi_Platform,IMU;Monocular_Camera;Radar_mmWave;UWB,Visual_Inertial_Odometry,Visual-Inertial (VIO/SLAM),Urban;Underground/Tunnel;Adversarial/EW;Maritime/Water,Both_Real_and_Sim,Both,ATE_RMSE;Relative_Drift_Percent;RMSE;Success_Rate;Computational_Latency,NOT_REPORTED,Inspection,Multi_Agent,Parsed from 19-page PDF. Primary evaluation: Both_Real_and_Sim with sensors [IMU;Monocular_Camera;Radar_mmWave;UWB].,3,3,0,0,6,Q-medium,"Rigor=3/4, Reporting=3/3, Baseline=0/2, Repro=0/1. Total=6/10 (Q-medium).",Important
REC_1044,Magnetometer-based enhanced visual-inertial odometry for reliable long-range navigation in GNSS-denied high-altitude environment,Abdollahi M.R.; Pourtakdoust S.H.,2026,10.1016/j.ast.2026.112673,IEEE Conference/Journal,Scopus,True,11,Multi_Platform,IMU;Stereo_Camera,Visual_Inertial_Odometry,Visual-Inertial (VIO/SLAM),Urban;Underground/Tunnel;Adversarial/EW,Real_World,Real_World,ATE_RMSE;Relative_Drift_Percent;Success_Rate;Computational_Latency,NOT_REPORTED,Mapping/Surveying,Single_Agent,Parsed from 11-page PDF. Primary evaluation: Real_World with sensors [IMU;Stereo_Camera].,4,3,2,1,10,Q-high,"Rigor=4/4, Reporting=3/3, Baseline=2/2, Repro=1/1. Total=10/10 (Q-high).",Core
REC_1046,A UAV scene matching method based on triplet relationship and sliding mode control for GPS-denied environments,Chen Z.; Zhou J.; Gao D.; Lin J.; Huang G.; Deng Z.,2026,10.1016/j.measurement.2026.120581,IEEE Conference/Journal,Scopus,True,24,UAV,IMU;Stereo_Camera;UWB,Visual_Inertial_Odometry,Visual-Inertial (VIO/SLAM),Indoor;Urban;Underground/Tunnel;Forest/Canopy;Adversarial/EW,Both_Real_and_Sim,Both,ATE_RMSE;Relative_Drift_Percent;RMSE;Success_Rate;Computational_Latency,NOT_REPORTED,Mapping/Surveying,Multi_Agent,Parsed from 24-page PDF. Primary evaluation: Both_Real_and_Sim with sensors [IMU;Stereo_Camera;UWB].,3,2,2,0,7,Q-medium,"Rigor=3/4, Reporting=2/3, Baseline=2/2, Repro=0/1. Total=7/10 (Q-medium).",Important
REC_1048,Airspeed-Aided State Estimation Algorithm of Small Fixed-Wing UAVs in GNSS-Denied Environments,Ye X.; Zeng Y.; Zeng Q.; Zou Y.,2022,10.3390/s22093156,IEEE Conference/Journal,Scopus,True,19,Multi_Platform,IMU;Monocular_Camera;LiDAR_3D;Radar_mmWave;UWB,Visual_LiDAR_Inertial_Fusion,Visual-LiDAR Fusion,Indoor;Urban;Adversarial/EW,Simulation,Simulation,ATE_RMSE;Relative_Drift_Percent;RMSE;Success_Rate;Computational_Latency,NOT_REPORTED,Mapping/Surveying,Multi_Agent,Parsed from 19-page PDF. Primary evaluation: Simulation with sensors [IMU;Monocular_Camera;LiDAR_3D;Radar_mmWave;UWB].,2,3,1,0,6,Q-medium,"Rigor=2/4, Reporting=3/3, Baseline=1/2, Repro=0/1. Total=6/10 (Q-medium).",Important
REC_1049,"UAV tracking of mobile target in occluded, cluttered and GPS-denied environments",Vanegas F.; Roberts J.; Gonzalez F.,2018,10.1109/AERO.2018.8396449,IEEE Conference/Journal,Scopus,True,8,Multi_Platform,IMU;Stereo_Camera,Visual_SLAM,Visual-Inertial (VIO/SLAM),Indoor;Urban;Underground/Tunnel;Forest/Canopy;Adversarial/EW,Simulation,Simulation,ATE_RMSE;Relative_Drift_Percent,NOT_REPORTED,Inspection,Single_Agent,Parsed from 8-page PDF. Primary evaluation: Simulation with sensors [IMU;Stereo_Camera].,1,2,0,0,3,Q-low,"Rigor=1/4, Reporting=2/3, Baseline=0/2, Repro=0/1. Total=3/10 (Q-low).",Peripheral
REC_1055,An Autonomously Navigation System for Forestry Quadrotor within GPS-denied Below-canopy Environment,Xia Y.; Song M.; Zhang J.; Hu C.,2018,10.1109/GNCC42960.2018.9019136,IEEE Conference/Journal,Scopus,True,6,UAV,IMU;Stereo_Camera;LiDAR_2D;Radar_mmWave,LiDAR_Inertial_Odometry_SLAM,LiDAR-Inertial / LiDAR SLAM,Indoor;Underground/Tunnel;Forest/Canopy;Adversarial/EW,Simulation,Simulation,ATE_RMSE;Success_Rate,NOT_REPORTED,Mapping/Surveying,Single_Agent,Parsed from 6-page PDF. Primary evaluation: Simulation with sensors [IMU;Stereo_Camera;LiDAR_2D;Radar_mmWave].,1,3,0,0,4,Q-low,"Rigor=1/4, Reporting=3/3, Baseline=0/2, Repro=0/1. Total=4/10 (Q-low).",Peripheral
REC_1059,Enhanced drone navigation in GNSS denied environment using VDM and Hall effect sensor,Zahran S.; Moussa A.; El-Sheimy N.,2019,10.3390/ijgi8040169,IEEE Conference/Journal,Scopus,True,18,UAV,IMU;Monocular_Camera;LiDAR_2D;Radar_mmWave;UWB;Optical_Flow,Visual_LiDAR_Inertial_Fusion,Visual-LiDAR Fusion,Indoor;Urban;Underground/Tunnel;Forest/Canopy;Adversarial/EW,Simulation,Simulation,ATE_RMSE;Relative_Drift_Percent;RMSE;Computational_Latency,NOT_REPORTED,Mapping/Surveying,Single_Agent,Parsed from 18-page PDF. Primary evaluation: Simulation with sensors [IMU;Monocular_Camera;LiDAR_2D;Radar_mmWave;UWB;Optical_Flow].,1,3,0,0,4,Q-low,"Rigor=1/4, Reporting=3/3, Baseline=0/2, Repro=0/1. Total=4/10 (Q-low).",Peripheral
REC_1063,Visual Inertial Navigation for a Small UAV Using Sparse and Dense Optical Flow,Fanin F.; Hong J.-H.,2019,10.1109/REDUAS47371.2019.8999672,IEEE Conference/Journal,Scopus,True,7,Multi_Platform,IMU;Monocular_Camera;LiDAR_3D;Optical_Flow,Visual_LiDAR_Inertial_Fusion,Visual-LiDAR Fusion,Indoor;Urban;Adversarial/EW,Simulation,Simulation,ATE_RMSE;Relative_Drift_Percent;Success_Rate;Computational_Latency,NOT_REPORTED,Inspection,Single_Agent,Parsed from 7-page PDF. Primary evaluation: Simulation with sensors [IMU;Monocular_Camera;LiDAR_3D;Optical_Flow].,2,2,0,1,5,Q-medium,"Rigor=2/4, Reporting=2/3, Baseline=0/2, Repro=1/1. Total=5/10 (Q-medium).",Important
REC_1067,GPS-denied navigation using location estimation and texel image correction,Jensen N.I.; Budge S.E.,2023,10.1117/12.2664119,IEEE Conference/Journal,Scopus,True,55,Multi_Platform,IMU;Stereo_Camera;LiDAR_3D;Radar_mmWave;UWB,Visual_LiDAR_Inertial_Fusion,Visual-LiDAR Fusion,Indoor;Urban;Underground/Tunnel;Forest/Canopy;Adversarial/EW;Maritime/Water,Both_Real_and_Sim,Both,ATE_RMSE;Relative_Drift_Percent;Success_Rate,NOT_REPORTED,Inspection,Single_Agent,Parsed from 55-page PDF. Primary evaluation: Both_Real_and_Sim with sensors [IMU;Stereo_Camera;LiDAR_3D;Radar_mmWave;UWB].,4,3,1,0,8,Q-high,"Rigor=4/4, Reporting=3/3, Baseline=1/2, Repro=0/1. Total=8/10 (Q-high).",Core
REC_1069,UAV–UGV Collaborative Localization in GNSS-Denied Large-Scale Environments: An Anchor-Free VIO–UWB Fusion with Adaptive Weighting and Outlier Suppression,Xu H.; Zhao G.; Bo Y.,2026,10.3390/drones10030175,IEEE Conference/Journal,Scopus,True,20,Multi_Platform,IMU;Stereo_Camera;LiDAR_3D;Radar_mmWave;UWB,Visual_LiDAR_Inertial_Fusion,Visual-LiDAR Fusion,Indoor;Urban;Underground/Tunnel;Forest/Canopy;Adversarial/EW,Real_World,Real_World,ATE_RMSE;Relative_Drift_Percent;RMSE;Success_Rate;Computational_Latency,NOT_REPORTED,Inspection,Multi_Agent,Parsed from 20-page PDF. Primary evaluation: Real_World with sensors [IMU;Stereo_Camera;LiDAR_3D;Radar_mmWave;UWB].,4,3,1,1,9,Q-high,"Rigor=4/4, Reporting=3/3, Baseline=1/2, Repro=1/1. Total=9/10 (Q-high).",Core
REC_1080,Adaptive neural pose regression enabled by updatable graphics-based digital twin for robust UAV localization in GPS-denied civil infrastructure,"Matiki T.; Narazaki Y.; Chowdhary G.; Spencer B.F., Jr.",2026,10.1016/j.robot.2026.105570,IEEE Conference/Journal,Scopus,True,21,Multi_Platform,IMU;Stereo_Camera;LiDAR_3D,Visual_LiDAR_Inertial_Fusion,Visual-LiDAR Fusion,Indoor;Urban;Underground/Tunnel;Forest/Canopy;Adversarial/EW;Maritime/Water,Both_Real_and_Sim,Both,ATE_RMSE;Relative_Drift_Percent;RMSE;Success_Rate;Computational_Latency,NOT_REPORTED,Inspection,Multi_Agent,Parsed from 21-page PDF. Primary evaluation: Both_Real_and_Sim with sensors [IMU;Stereo_Camera;LiDAR_3D].,4,3,1,1,9,Q-high,"Rigor=4/4, Reporting=3/3, Baseline=1/2, Repro=1/1. Total=9/10 (Q-high).",Core
REC_1083,GNSS-Denied UAV Terrain Matching Navigation Based on the Autoencoder Network with Contrastive Learning,Jiang Y.; Miao Q.; Wu D.; He J.; Zhao C.,2026,10.3390/drones10050339,IEEE Conference/Journal,Scopus,True,26,Multi_Platform,IMU;Monocular_Camera;LiDAR_3D;Radar_mmWave;Sonar,Visual_LiDAR_Inertial_Fusion,Visual-LiDAR Fusion,Indoor;Urban;Underground/Tunnel;Adversarial/EW;Maritime/Water,Both_Real_and_Sim,Both,ATE_RMSE;Relative_Drift_Percent;RMSE;Success_Rate;Computational_Latency,NOT_REPORTED,Inspection,Single_Agent,Parsed from 26-page PDF. Primary evaluation: Both_Real_and_Sim with sensors [IMU;Monocular_Camera;LiDAR_3D;Radar_mmWave;Sonar].,3,3,2,0,8,Q-high,"Rigor=3/4, Reporting=3/3, Baseline=2/2, Repro=0/1. Total=8/10 (Q-high).",Important
REC_1084,CLAK:CNN-LSTM-Attention and Kolmogorov-Arnold Networks for non-visual UAV localization in GNSS-denied environments,Jarraya I.; Alahmed F.; Abdelkader M.; Gabr K.; Kadri M.B.; Boulila W.,2026,10.1186/s43020-026-00192-1,IEEE Conference/Journal,Scopus,True,24,Multi_Platform,IMU;Stereo_Camera;LiDAR_3D;Radar_mmWave;UWB;Optical_Flow;Sonar,Visual_LiDAR_Inertial_Fusion,Visual-LiDAR Fusion,Indoor;Urban;Underground/Tunnel;Forest/Canopy;Adversarial/EW;Maritime/Water,Both_Real_and_Sim,Both,ATE_RMSE;Relative_Drift_Percent;RMSE;Success_Rate;Computational_Latency,NOT_REPORTED,Mapping/Surveying,Multi_Agent,Parsed from 24-page PDF. Primary evaluation: Both_Real_and_Sim with sensors [IMU;Stereo_Camera;LiDAR_3D;Radar_mmWave;UWB;Optical_Flow;Sonar].,4,3,2,1,10,Q-high,"Rigor=4/4, Reporting=3/3, Baseline=2/2, Repro=1/1. Total=10/10 (Q-high).",Core
REC_1085,GNSS-Denied Semi-Direct Visual Navigation for Autonomous UAVs Aided by PI-Inspired Inertial Priors,Gallo E.; Barrientos A.,2023,10.3390/aerospace10030220,IEEE Conference/Journal,Scopus,True,37,Multi_Platform,IMU;Stereo_Camera;LiDAR_3D;Optical_Flow,Visual_Inertial_Odometry,Visual-Inertial (VIO/SLAM),Indoor;Urban;Underground/Tunnel;Forest/Canopy;Adversarial/EW;Maritime/Water,Both_Real_and_Sim,Both,ATE_RMSE;Relative_Drift_Percent;Success_Rate;Computational_Latency,NOT_REPORTED,Inspection,Single_Agent,Parsed from 37-page PDF. Primary evaluation: Both_Real_and_Sim with sensors [IMU;Stereo_Camera;LiDAR_3D;Optical_Flow].,3,3,2,1,9,Q-high,"Rigor=3/4, Reporting=3/3, Baseline=2/2, Repro=1/1. Total=9/10 (Q-high).",Core
REC_1095,A multi-sensorial simultaneous localization and mapping (SLAM) system for low-cost micro aerial vehicles in GPS-denied environments,López E.; García S.; Barea R.; Bergasa L.M.; Molinos E.J.; Arroyo R.; Romera E.; Pardo S.,2017,10.3390/s17040802,IEEE Conference/Journal,Scopus,True,27,Multi_Platform,IMU;Stereo_Camera;LiDAR_3D,Visual_LiDAR_Inertial_Fusion,Visual-LiDAR Fusion,Indoor;Urban;Adversarial/EW;Maritime/Water,Simulation,Simulation,ATE_RMSE;Relative_Drift_Percent;RMSE;Success_Rate;Computational_Latency,NOT_REPORTED,Inspection,Multi_Agent,Parsed from 27-page PDF. Primary evaluation: Simulation with sensors [IMU;Stereo_Camera;LiDAR_3D].,2,3,1,1,7,Q-medium,"Rigor=2/4, Reporting=3/3, Baseline=1/2, Repro=1/1. Total=7/10 (Q-medium).",Important
REC_1096,DTVIRM-Swarm: A Distributed and Tightly Integrated Visual-Inertial-UWB-Magnetic System for Anchor Free Swarm Cooperative Localization,Luo X.; Du X.; Yue S.; Lv Y.; Zhang L.; He X.; Wu W.; Mao J.,2026,10.3390/drones10010049,IEEE Conference/Journal,Scopus,True,30,Multi_Platform,IMU;Monocular_Camera;LiDAR_3D;UWB,Visual_LiDAR_Inertial_Fusion,Visual-LiDAR Fusion,Indoor;Urban;Underground/Tunnel;Adversarial/EW;Maritime/Water,Both_Real_and_Sim,Both,ATE_RMSE;Relative_Drift_Percent;RMSE;Success_Rate;Computational_Latency,NOT_REPORTED,Inspection,Multi_Agent,Parsed from 30-page PDF. Primary evaluation: Both_Real_and_Sim with sensors [IMU;Monocular_Camera;LiDAR_3D;UWB].,4,3,1,0,8,Q-high,"Rigor=4/4, Reporting=3/3, Baseline=1/2, Repro=0/1. Total=8/10 (Q-high).",Core
REC_1103,Integrated navigation of aerial robot for GPS and GPS-denied environment,Suzuki S.; Min H.; Wada T.; Nonami K.,2016,10.1088/1742-6596/744/1/012219,IEEE Conference/Journal,Scopus,True,10,UAV,IMU;Stereo_Camera;LiDAR_3D,Radio_Based_Positioning,UWB / Radio / Beacons,Indoor;Urban;Forest/Canopy;Adversarial/EW,Simulation,Simulation,ATE_RMSE;Relative_Drift_Percent,NOT_REPORTED,Inspection,Single_Agent,Parsed from 10-page PDF. Primary evaluation: Simulation with sensors [IMU;Stereo_Camera;LiDAR_3D].,2,1,0,0,3,Q-low,"Rigor=2/4, Reporting=1/3, Baseline=0/2, Repro=0/1. Total=3/10 (Q-low).",Peripheral
REC_1105,3D SCENE RECONSTRUCTION AND PATH PLANNING METHOD FOR UAV IN GNSS-DENIED ENVIRONMENT,Jin Q.; Zhao P.; Hu Q.; Duan X.; Ai M.,2022,10.5194/isprs-annals-X-3-W1-2022-69-2022,IEEE Conference/Journal,Scopus,True,7,UAV,IMU;Monocular_Camera;LiDAR_3D,Visual_LiDAR_Inertial_Fusion,Visual-LiDAR Fusion,Indoor;Urban;Forest/Canopy;Adversarial/EW,Both_Real_and_Sim,Both,ATE_RMSE;Relative_Drift_Percent;Computational_Latency,NOT_REPORTED,Inspection,Single_Agent,Parsed from 7-page PDF. Primary evaluation: Both_Real_and_Sim with sensors [IMU;Monocular_Camera;LiDAR_3D].,3,1,2,0,6,Q-medium,"Rigor=3/4, Reporting=1/3, Baseline=2/2, Repro=0/1. Total=6/10 (Q-medium).",Important
REC_1106,Adaptive Particle Filter-Neural Network Fusion for Cooperative Localization of Multi-UAV Systems in GNSS-Denied Indoor Environments,Wang Z.; Wang H.; Liu S.,2026,10.3390/computers15030172,IEEE Conference/Journal,Scopus,True,23,UAV,IMU;Monocular_Camera;UWB,Visual_Inertial_Odometry,Visual-Inertial (VIO/SLAM),Indoor;Urban;Underground/Tunnel;Adversarial/EW,Both_Real_and_Sim,Both,ATE_RMSE;Relative_Drift_Percent;RMSE;Success_Rate;Computational_Latency,NOT_REPORTED,Inspection,Multi_Agent,Parsed from 23-page PDF. Primary evaluation: Both_Real_and_Sim with sensors [IMU;Monocular_Camera;UWB].,4,3,2,1,10,Q-high,"Rigor=4/4, Reporting=3/3, Baseline=2/2, Repro=1/1. Total=10/10 (Q-high).",Core
REC_1107,Multi-UAV Cooperative Localization in Pseudolite-Augmented GNSS-Denied Regions: An Anomaly-Resilient Adaptive Kalman Filter with Group Covariance Compensation,Ji C.; Guo X.; Tang Y.; Han X.; Song Y.,2026,10.3390/drones10060460,IEEE Conference/Journal,Scopus,True,25,Multi_Platform,IMU;Monocular_Camera;UWB,Visual_Inertial_Odometry,Visual-Inertial (VIO/SLAM),Indoor;Urban;Underground/Tunnel;Forest/Canopy;Adversarial/EW;Maritime/Water,Both_Real_and_Sim,Both,ATE_RMSE;RMSE;Success_Rate;Computational_Latency,NOT_REPORTED,Inspection,Multi_Agent,Parsed from 25-page PDF. Primary evaluation: Both_Real_and_Sim with sensors [IMU;Monocular_Camera;UWB].,3,3,2,0,8,Q-high,"Rigor=3/4, Reporting=3/3, Baseline=2/2, Repro=0/1. Total=8/10 (Q-high).",Important
REC_1110,Cross-Session 3D LiDAR and Camera Fusion for Robust Localization of Unmanned Aerial Vehicles in GPS-Denied Environments,Quach C.H.; Vo C.T.; Tran D.L.T.; Nguyen T.S.; Phung M.D.; Tran T.H.,2026,10.1155/joro/9948104,IEEE Conference/Journal,Scopus,True,9,UAV,IMU;Stereo_Camera;LiDAR_3D;Radar_mmWave;Optical_Flow,Visual_LiDAR_Inertial_Fusion,Visual-LiDAR Fusion,Indoor;Urban;Underground/Tunnel;Adversarial/EW,Real_World,Real_World,ATE_RMSE;Relative_Drift_Percent;Success_Rate;Computational_Latency,NOT_REPORTED,Inspection,Single_Agent,Parsed from 9-page PDF. Primary evaluation: Real_World with sensors [IMU;Stereo_Camera;LiDAR_3D;Radar_mmWave;Optical_Flow].,2,3,1,1,7,Q-medium,"Rigor=2/4, Reporting=3/3, Baseline=1/2, Repro=1/1. Total=7/10 (Q-medium).",Important
REC_1114,I-NAV: Inverse Navigation for questionnaire-based geolocation in GPS-denied environments,Qazi S.; Alejandro J.; Murshed R.U.; Evans T.S.; Lippert J.; Saquib M.,2026,10.1016/j.array.2026.100978,IEEE Conference/Journal,Scopus,True,24,Multi_Platform,IMU;Stereo_Camera;LiDAR_3D,Visual_LiDAR_Inertial_Fusion,Visual-LiDAR Fusion,Indoor;Urban;Underground/Tunnel;Forest/Canopy;Adversarial/EW;Maritime/Water,Both_Real_and_Sim,Both,ATE_RMSE;Relative_Drift_Percent;Success_Rate;Computational_Latency,NOT_REPORTED,Inspection,Single_Agent,Parsed from 24-page PDF. Primary evaluation: Both_Real_and_Sim with sensors [IMU;Stereo_Camera;LiDAR_3D].,4,3,2,1,10,Q-high,"Rigor=4/4, Reporting=3/3, Baseline=2/2, Repro=1/1. Total=10/10 (Q-high).",Core
REC_1115,SWA-PF: Semantic-weighted adaptive particle filter for memory-efficient 4-DoF UAV localization in GNSS-denied environments,Yuan J.; Dai M.; Zheng E.; Su C.; Chen N.; Hu Q.; Zhu S.; Cao Y.,2026,10.1016/j.patcog.2026.114522,IEEE Conference/Journal,Scopus,True,15,UAV,IMU;Monocular_Camera;Optical_Flow,Visual_Inertial_Odometry,Visual-Inertial (VIO/SLAM),Indoor;Urban;Underground/Tunnel;Adversarial/EW;Maritime/Water,Both_Real_and_Sim,Both,ATE_RMSE;Relative_Drift_Percent;RMSE;Success_Rate;Computational_Latency,NOT_REPORTED,Inspection,Multi_Agent,Parsed from 15-page PDF. Primary evaluation: Both_Real_and_Sim with sensors [IMU;Monocular_Camera;Optical_Flow].,4,3,2,1,10,Q-high,"Rigor=4/4, Reporting=3/3, Baseline=2/2, Repro=1/1. Total=10/10 (Q-high).",Core
REC_1116,Development of a Visual SLAM-Based Autonomous UAV System for Greenhouse Plant Monitoring,Lin J.-H.; Lin T.-T.,2026,10.3390/drones10030205,IEEE Conference/Journal,Scopus,True,23,Multi_Platform,IMU;Stereo_Camera;LiDAR_3D;UWB;Optical_Flow,Visual_LiDAR_Inertial_Fusion,Visual-LiDAR Fusion,Indoor;Urban;Underground/Tunnel;Forest/Canopy;Adversarial/EW;Maritime/Water,Both_Real_and_Sim,Both,ATE_RMSE;Relative_Drift_Percent;RMSE;Success_Rate;Computational_Latency,NOT_REPORTED,Inspection,Multi_Agent,Parsed from 23-page PDF. Primary evaluation: Both_Real_and_Sim with sensors [IMU;Stereo_Camera;LiDAR_3D;UWB;Optical_Flow].,4,3,1,1,9,Q-high,"Rigor=4/4, Reporting=3/3, Baseline=1/2, Repro=1/1. Total=9/10 (Q-high).",Core
REC_1118,GNSS-denied UAV indoor navigation with UWB incorporated visual inertial odometry,Lin H.-Y.; Zhan J.-R.,2023,10.1016/j.measurement.2022.112256,IEEE Conference/Journal,Scopus,True,35,UAV,IMU;Depth_Camera;LiDAR_3D;UWB;Sonar,Visual_LiDAR_Inertial_Fusion,Visual-LiDAR Fusion,Indoor;Urban;Underground/Tunnel;Adversarial/EW,Both_Real_and_Sim,Both,ATE_RMSE;Relative_Drift_Percent;RMSE;Success_Rate;Computational_Latency,NOT_REPORTED,Mapping/Surveying,Multi_Agent,Parsed from 35-page PDF. Primary evaluation: Both_Real_and_Sim with sensors [IMU;Depth_Camera;LiDAR_3D;UWB;Sonar].,4,3,2,1,10,Q-high,"Rigor=4/4, Reporting=3/3, Baseline=2/2, Repro=1/1. Total=10/10 (Q-high).",Core
REC_1123,A Novel Scene-Matching Positioning Approach for Low-Altitude UAVs Considering Elevation Differences in Satellite Images,Zhang X.; Li T.; Wang Z.; Kuang Y.,2026,10.1109/JIOT.2026.3664077,IEEE Conference/Journal,Scopus,True,16,UAV,IMU;Monocular_Camera,Visual_Inertial_Odometry,Visual-Inertial (VIO/SLAM),Indoor;Urban;Underground/Tunnel;Adversarial/EW,Real_World,Real_World,ATE_RMSE;Relative_Drift_Percent;RMSE;Success_Rate;Computational_Latency,NOT_REPORTED,Inspection,Multi_Agent,Parsed from 16-page PDF. Primary evaluation: Real_World with sensors [IMU;Monocular_Camera].,4,3,2,1,10,Q-high,"Rigor=4/4, Reporting=3/3, Baseline=2/2, Repro=1/1. Total=10/10 (Q-high).",Core
REC_1130,Robust GNSS-denied localization for UAV using particle filter and visual odometry,Jurevičius R.; Marcinkevičius V.; Šeibokas J.,2019,10.1007/s00138-019-01046-4,IEEE Conference/Journal,Scopus,True,10,UAV,IMU;Stereo_Camera,Visual_Inertial_Odometry,Visual-Inertial (VIO/SLAM),Urban;Underground/Tunnel;Forest/Canopy;Adversarial/EW;Maritime/Water,Both_Real_and_Sim,Both,ATE_RMSE;Success_Rate;Computational_Latency,NOT_REPORTED,Mapping/Surveying,Single_Agent,Parsed from 10-page PDF. Primary evaluation: Both_Real_and_Sim with sensors [IMU;Stereo_Camera].,3,2,1,1,7,Q-medium,"Rigor=3/4, Reporting=2/3, Baseline=1/2, Repro=1/1. Total=7/10 (Q-medium).",Important
REC_1132,Minimalistic approach for monocular SLAM system applied to micro aerial vehicles in GPS-denied environments,Urzua S.; Munguía R.; Nuño E.; Grau A.,2018,10.1177/0142331217747343,IEEE Conference/Journal,Scopus,True,13,UAV,IMU;Stereo_Camera;Sonar,Visual_Inertial_Odometry,Visual-Inertial (VIO/SLAM),Indoor;Urban;Underground/Tunnel;Adversarial/EW,Simulation,Simulation,ATE_RMSE;Relative_Drift_Percent;Computational_Latency,NOT_REPORTED,Inspection,Multi_Agent,Parsed from 13-page PDF. Primary evaluation: Simulation with sensors [IMU;Stereo_Camera;Sonar].,1,3,0,0,4,Q-low,"Rigor=1/4, Reporting=3/3, Baseline=0/2, Repro=0/1. Total=4/10 (Q-low).",Peripheral
REC_1135,UAV Localization in Low-Altitude GNSS-Denied Environments Based on POI and Store Signage Text Matching in UAV Images,Liu Y.; Bai J.; Wang G.; Wu X.; Sun F.; Guo Z.; Geng H.,2023,10.3390/drones7070451,IEEE Conference/Journal,Scopus,True,19,UAV,IMU;Stereo_Camera;Optical_Flow,Visual_Inertial_Odometry,Visual-Inertial (VIO/SLAM),Indoor;Urban;Underground/Tunnel;Forest/Canopy;Adversarial/EW,Simulation,Simulation,ATE_RMSE;Relative_Drift_Percent;Success_Rate,NOT_REPORTED,Mapping/Surveying,Single_Agent,Parsed from 19-page PDF. Primary evaluation: Simulation with sensors [IMU;Stereo_Camera;Optical_Flow].,2,3,1,0,6,Q-medium,"Rigor=2/4, Reporting=3/3, Baseline=1/2, Repro=0/1. Total=6/10 (Q-medium).",Important
REC_1137,"Integrated guidance, navigation, and control system for a UAV in a GPS denied environment",Hong J.-H.; Ryoo C.-K.; Shin H.-S.; Tsourdos A.,2018,10.5220/0006908204400447,IEEE Conference/Journal,Scopus,True,8,UAV,IMU;Stereo_Camera;LiDAR_3D,Visual_SLAM,Visual-Inertial (VIO/SLAM),Indoor;Urban;Adversarial/EW;Maritime/Water,Both_Real_and_Sim,Both,ATE_RMSE,NOT_REPORTED,Inspection,Single_Agent,Parsed from 8-page PDF. Primary evaluation: Both_Real_and_Sim with sensors [IMU;Stereo_Camera;LiDAR_3D].,3,1,0,0,4,Q-low,"Rigor=3/4, Reporting=1/3, Baseline=0/2, Repro=0/1. Total=4/10 (Q-low).",Peripheral
REC_1140,UAV navigation in large-scale GPS-denied bridge environments using fiducial marker-corrected stereo visual-inertial localisation,Wang F.; Zou Y.; Zhang C.; Buzzatto J.; Liarokapis M.; del Rey Castillo E.; Lim J.B.P.,2023,10.1016/j.autcon.2023.105139,IEEE Conference/Journal,Scopus,True,21,UAV,IMU;Stereo_Camera;LiDAR_3D;UWB;Optical_Flow,Visual_LiDAR_Inertial_Fusion,Visual-LiDAR Fusion,Indoor;Urban;Underground/Tunnel;Forest/Canopy;Adversarial/EW;Maritime/Water,Both_Real_and_Sim,Both,ATE_RMSE;Relative_Drift_Percent;RMSE;Success_Rate;Computational_Latency,NOT_REPORTED,Inspection,Multi_Agent,Parsed from 21-page PDF. Primary evaluation: Both_Real_and_Sim with sensors [IMU;Stereo_Camera;LiDAR_3D;UWB;Optical_Flow].,4,3,1,1,9,Q-high,"Rigor=4/4, Reporting=3/3, Baseline=1/2, Repro=1/1. Total=9/10 (Q-high).",Core
REC_1142,Dual Quaternion-Based Unscented Kalman Filter with Visual Inertial Odometry for navigation in GPS-denied environments,Khalifa M.; Hashim H.A.,2026,10.1016/j.measurement.2026.121964,IEEE Conference/Journal,Scopus,True,13,UAV,IMU;Stereo_Camera;Optical_Flow,Visual_Inertial_Odometry,Visual-Inertial (VIO/SLAM),Indoor;Urban;Underground/Tunnel;Adversarial/EW,Both_Real_and_Sim,Both,ATE_RMSE;Relative_Drift_Percent;RMSE;Success_Rate;Computational_Latency,NOT_REPORTED,Mapping/Surveying,Multi_Agent,Parsed from 13-page PDF. Primary evaluation: Both_Real_and_Sim with sensors [IMU;Stereo_Camera;Optical_Flow].,4,3,0,0,7,Q-medium,"Rigor=4/4, Reporting=3/3, Baseline=0/2, Repro=0/1. Total=7/10 (Q-medium).",Important
REC_1146,Micro-radar and UWB aided UAV navigation in GNSS denied environment,Zahran S.; Mostafa M.M.; Masiero A.; Moussa A.M.; Vettore A.; El-Sheimy N.,2018,10.5194/isprs-archives-XLII-1-469-2018,IEEE Conference/Journal,Scopus,True,8,Multi_Platform,IMU;Stereo_Camera;LiDAR_3D;Radar_mmWave;UWB;Optical_Flow,Visual_LiDAR_Inertial_Fusion,Visual-LiDAR Fusion,Indoor;Urban;Underground/Tunnel;Forest/Canopy;Adversarial/EW,Real_World,Real_World,ATE_RMSE;Relative_Drift_Percent;RMSE;Success_Rate;Computational_Latency,NOT_REPORTED,Inspection,Multi_Agent,Parsed from 8-page PDF. Primary evaluation: Real_World with sensors [IMU;Stereo_Camera;LiDAR_3D;Radar_mmWave;UWB;Optical_Flow].,3,3,0,0,6,Q-medium,"Rigor=3/4, Reporting=3/3, Baseline=0/2, Repro=0/1. Total=6/10 (Q-medium).",Important
REC_1148,UAV-Based Structural Health Monitoring Using a Two-Stage CNN Model with Lighthouse Localization in GNSS-Denied Environments,Chu T.S.C.; Sorilla J.; Chua A.Y.,2025,10.28991/HIJ-2025-06-02-03,IEEE Conference/Journal,Scopus,True,13,Multi_Platform,IMU;Thermal_Camera;LiDAR_3D;Radar_mmWave;UWB;Optical_Flow,LiDAR_Inertial_Odometry_SLAM,LiDAR-Inertial / LiDAR SLAM,Indoor;Urban;Underground/Tunnel;Adversarial/EW,Both_Real_and_Sim,Both,ATE_RMSE;Relative_Drift_Percent;Success_Rate;Computational_Latency,NOT_REPORTED,Inspection,Multi_Agent,Parsed from 13-page PDF. Primary evaluation: Both_Real_and_Sim with sensors [IMU;Thermal_Camera;LiDAR_3D;Radar_mmWave;UWB;Optical_Flow].,4,3,1,0,8,Q-high,"Rigor=4/4, Reporting=3/3, Baseline=1/2, Repro=0/1. Total=8/10 (Q-high).",Core
REC_1150,NaviLoc: Trajectory-Level Visual Localization for GNSS-Denied UAV Navigation,Shpagin P.; Panchenko T.,2026,10.3390/drones10020097,IEEE Conference/Journal,Scopus,True,17,UAV,IMU;Stereo_Camera;LiDAR_3D,Visual_LiDAR_Inertial_Fusion,Visual-LiDAR Fusion,Urban;Adversarial/EW;Maritime/Water,Both_Real_and_Sim,Both,ATE_RMSE;Relative_Drift_Percent;Success_Rate;Computational_Latency,NOT_REPORTED,Inspection,Single_Agent,Parsed from 17-page PDF. Primary evaluation: Both_Real_and_Sim with sensors [IMU;Stereo_Camera;LiDAR_3D].,4,3,2,1,10,Q-high,"Rigor=4/4, Reporting=3/3, Baseline=2/2, Repro=1/1. Total=10/10 (Q-high).",Core
REC_1159,GPS-Denied Navigation Aided by Synthetic Aperture Radar Using the Range-Doppler Algorithm,Lindstrom C.; Christensen R.; Gunther J.; Jenkins S.,2022,10.33012/navi.533,IEEE Conference/Journal,Scopus,True,29,UAV,IMU;Monocular_Camera;LiDAR_3D;Radar_mmWave;UWB;Sonar,Visual_LiDAR_Inertial_Fusion,Visual-LiDAR Fusion,Indoor;Urban;Underground/Tunnel;Adversarial/EW;Maritime/Water,Both_Real_and_Sim,Both,ATE_RMSE;Relative_Drift_Percent;Success_Rate;Computational_Latency,NOT_REPORTED,Mapping/Surveying,Single_Agent,Parsed from 29-page PDF. Primary evaluation: Both_Real_and_Sim with sensors [IMU;Monocular_Camera;LiDAR_3D;Radar_mmWave;UWB;Sonar].,3,2,0,0,5,Q-medium,"Rigor=3/4, Reporting=2/3, Baseline=0/2, Repro=0/1. Total=5/10 (Q-medium).",Important
REC_1160,Towards Large-Scale Relative Localization in Multi-Robot Systems with Dynamic UWB Role Allocation,Moron P.T.; Queralta J.P.; Westerlund T.,2022,10.1109/ICRAE56463.2022.10054614,IEEE Conference/Journal,Scopus,True,8,UAV,IMU;Depth_Camera;LiDAR_3D;UWB,Visual_LiDAR_Inertial_Fusion,Visual-LiDAR Fusion,Indoor;Urban;Adversarial/EW;Maritime/Water,Simulation,Simulation,ATE_RMSE;Relative_Drift_Percent;Success_Rate;Computational_Latency,NOT_REPORTED,Inspection,Multi_Agent,Parsed from 8-page PDF. Primary evaluation: Simulation with sensors [IMU;Depth_Camera;LiDAR_3D;UWB].,1,3,1,1,6,Q-medium,"Rigor=1/4, Reporting=3/3, Baseline=1/2, Repro=1/1. Total=6/10 (Q-medium).",Important
REC_1163,A comparative study of TERCOM-EKF and ViSensorRF for UAV localization in GNSS-denied environments,Jarraya I.; Gabr K.; Abdelkader M.; Alahmed F.; Bilal Kadri M.; Boulila W.,2026,10.1016/j.rineng.2025.108279,IEEE Conference/Journal,Scopus,True,15,Multi_Platform,IMU;Stereo_Camera;LiDAR_3D;Radar_mmWave,Visual_LiDAR_Inertial_Fusion,Visual-LiDAR Fusion,Indoor;Urban;Underground/Tunnel;Forest/Canopy;Adversarial/EW;Maritime/Water,Both_Real_and_Sim,Both,ATE_RMSE;Relative_Drift_Percent;RMSE;Success_Rate;Computational_Latency,0.356m,Inspection,Multi_Agent,Parsed from 15-page PDF. Primary evaluation: Both_Real_and_Sim with sensors [IMU;Stereo_Camera;LiDAR_3D;Radar_mmWave].,4,3,2,1,10,Q-high,"Rigor=4/4, Reporting=3/3, Baseline=2/2, Repro=1/1. Total=10/10 (Q-high).",Core
REC_1165,UAV Localization in GPS-Denied Environments: A Review,Wu Y.; Liu D.; Ma J.; He X.,2026,10.1109/TSMC.2026.3708505,IEEE Conference/Journal,Scopus,True,17,Multi_Platform,IMU;Event_Camera;LiDAR_3D;Radar_mmWave;UWB;Sonar,Visual_LiDAR_Inertial_Fusion,Visual-LiDAR Fusion,Indoor;Urban;Underground/Tunnel;Forest/Canopy;Adversarial/EW,Real_World,Real_World,ATE_RMSE;Relative_Drift_Percent;RMSE;Success_Rate;Computational_Latency,NOT_REPORTED,Inspection,Multi_Agent,Parsed from 17-page PDF. Primary evaluation: Real_World with sensors [IMU;Event_Camera;LiDAR_3D;Radar_mmWave;UWB;Sonar].,3,3,1,0,7,Q-medium,"Rigor=3/4, Reporting=3/3, Baseline=1/2, Repro=0/1. Total=7/10 (Q-medium).",Important
REC_1167,APF-Driven Lightweight UAV Swarm Trajectory Optimization in GNSS-Denied Air–Terrestrial Navigation,Guo R.; Yuan H.; Chen X.; Li W.,2026,10.3390/electronics15061207,IEEE Conference/Journal,Scopus,True,20,Multi_Platform,IMU;Monocular_Camera;Radar_mmWave;Sonar,Visual_Inertial_Odometry,Visual-Inertial (VIO/SLAM),Indoor;Urban;Underground/Tunnel;Adversarial/EW,Both_Real_and_Sim,Both,ATE_RMSE;Relative_Drift_Percent;Success_Rate;Computational_Latency,NOT_REPORTED,Inspection,Multi_Agent,Parsed from 20-page PDF. Primary evaluation: Both_Real_and_Sim with sensors [IMU;Monocular_Camera;Radar_mmWave;Sonar].,3,3,0,0,6,Q-medium,"Rigor=3/4, Reporting=3/3, Baseline=0/2, Repro=0/1. Total=6/10 (Q-medium).",Important
REC_1171,"LiDAR-Based Multi-Modal UAV Navigation Dataset for Robust Benchmarking in Complex-Structured, GNSS-Denied Industrial Environments",Qiu Z.; Lin D.; Liu B.; Han H.; Guo W.; Liang J.; Chen Z.; Yan Z.; Wang H.; Yang X.; Liu Z.; Zhao L.,2026,10.3390/drones10080611,IEEE Conference/Journal,Scopus,True,50,Multi_Platform,IMU;Stereo_Camera;LiDAR_3D,Visual_LiDAR_Inertial_Fusion,Visual-LiDAR Fusion,Indoor;Urban;Underground/Tunnel;Forest/Canopy;Adversarial/EW,Both_Real_and_Sim,Both,ATE_RMSE;Relative_Drift_Percent;Success_Rate;Computational_Latency,NOT_REPORTED,Inspection,Multi_Agent,Parsed from 50-page PDF. Primary evaluation: Both_Real_and_Sim with sensors [IMU;Stereo_Camera;LiDAR_3D].,3,3,1,1,8,Q-high,"Rigor=3/4, Reporting=3/3, Baseline=1/2, Repro=1/1. Total=8/10 (Q-high).",Core
REC_1172,LiDAR Inertial Mapping of Non-Manhattan Topologies for UAV-Based Aircraft Inspection in GNSS-Denied Environments,Pugliese R.; Abel D.,2022,10.1016/j.ifacol.2023.01.132,IEEE Conference/Journal,Scopus,True,6,UAV,IMU;Stereo_Camera;LiDAR_3D;Radar_mmWave,Visual_LiDAR_Inertial_Fusion,Visual-LiDAR Fusion,Indoor;Urban;Underground/Tunnel;Forest/Canopy;Adversarial/EW;Maritime/Water,Simulation,Simulation,ATE_RMSE;Relative_Drift_Percent;Success_Rate;Computational_Latency,NOT_REPORTED,Inspection,Single_Agent,Parsed from 6-page PDF. Primary evaluation: Simulation with sensors [IMU;Stereo_Camera;LiDAR_3D;Radar_mmWave].,0,2,1,1,4,Q-low,"Rigor=0/4, Reporting=2/3, Baseline=1/2, Repro=1/1. Total=4/10 (Q-low).",Peripheral
REC_1175,Deep Learning for Autonomous UAV Navigation: Multi-Modal Visual-Inertial Pose Estimation in GPS-Denied Environments,Izadbakhsh S.; Khademi M.,2026,10.5194/isprs-annals-X-4-W8-2025-389-2026,IEEE Conference/Journal,Scopus,True,7,UAV,IMU;Stereo_Camera;LiDAR_3D;Optical_Flow,Visual_LiDAR_Inertial_Fusion,Visual-LiDAR Fusion,Indoor;Urban;Underground/Tunnel;Adversarial/EW,Real_World,Real_World,ATE_RMSE;Relative_Drift_Percent;RMSE;Success_Rate,NOT_REPORTED,Mapping/Surveying,Single_Agent,Parsed from 7-page PDF. Primary evaluation: Real_World with sensors [IMU;Stereo_Camera;LiDAR_3D;Optical_Flow].,3,3,1,0,7,Q-medium,"Rigor=3/4, Reporting=3/3, Baseline=1/2, Repro=0/1. Total=7/10 (Q-medium).",Important
REC_1178,Aerial-Ground Robots Collaborative 3D Mapping in GNSS-Denied Environments,Yue Y.; Zhao C.; Wang Y.; Yang Y.; Wang D.,2022,10.1109/ICRA46639.2022.9812319,IEEE Conference/Journal,Scopus,True,7,Multi_Platform,IMU;Stereo_Camera;LiDAR_3D,LiDAR_Inertial_Odometry_SLAM,LiDAR-Inertial / LiDAR SLAM,Indoor;Forest/Canopy;Adversarial/EW,Simulation,Simulation,ATE_RMSE;Success_Rate;Computational_Latency,NOT_REPORTED,Mapping/Surveying,Multi_Agent,Parsed from 7-page PDF. Primary evaluation: Simulation with sensors [IMU;Stereo_Camera;LiDAR_3D].,0,3,1,0,4,Q-low,"Rigor=0/4, Reporting=3/3, Baseline=1/2, Repro=0/1. Total=4/10 (Q-low).",Peripheral
REC_1185,UAV swarm distributed cooperative localization in GNSS-denied environments: an ICMC and ACPM Fusion approach,Yue W.; Wang Y.; Zhang X.; Wang L.; Liu Z.; Li L.; Zhu L.,2026,10.1016/j.adhoc.2026.104363,IEEE Conference/Journal,Scopus,True,14,UAV,IMU;Monocular_Camera;UWB;Sonar,Visual_Inertial_Odometry,Visual-Inertial (VIO/SLAM),Indoor;Urban;Underground/Tunnel;Adversarial/EW;Maritime/Water,Simulation,Simulation,ATE_RMSE;RMSE;Success_Rate;Computational_Latency,NOT_REPORTED,Inspection,Multi_Agent,Parsed from 14-page PDF. Primary evaluation: Simulation with sensors [IMU;Monocular_Camera;UWB;Sonar].,1,3,2,0,6,Q-medium,"Rigor=1/4, Reporting=3/3, Baseline=2/2, Repro=0/1. Total=6/10 (Q-medium).",Important
REC_1186,Landmarks based path planning for UAVs in GPS-denied areas,Singh S.; Sujit P.B.,2016,10.1016/j.ifacol.2016.03.086,IEEE Conference/Journal,Scopus,True,5,UAV,IMU;Monocular_Camera;LiDAR_3D,LiDAR_Inertial_Odometry_SLAM,LiDAR-Inertial / LiDAR SLAM,Urban;Underground/Tunnel;Adversarial/EW,Simulation,Simulation,ATE_RMSE;Relative_Drift_Percent,NOT_REPORTED,Mapping/Surveying,Multi_Agent,Parsed from 5-page PDF. Primary evaluation: Simulation with sensors [IMU;Monocular_Camera;LiDAR_3D].,1,2,0,0,3,Q-low,"Rigor=1/4, Reporting=2/3, Baseline=0/2, Repro=0/1. Total=3/10 (Q-low).",Peripheral
REC_1187,Group coordination and path replan tactics in GPS denied environments,Suresh M.; Ghose D.,2016,10.1109/ICUAS.2016.7502646,IEEE Conference/Journal,Scopus,True,9,UAV,IMU;Monocular_Camera;LiDAR_3D,Visual_Inertial_Odometry,Visual-Inertial (VIO/SLAM),Indoor;Urban;Underground/Tunnel;Adversarial/EW,Simulation,Simulation,ATE_RMSE;Relative_Drift_Percent;Success_Rate,NOT_REPORTED,Mapping/Surveying,Multi_Agent,Parsed from 9-page PDF. Primary evaluation: Simulation with sensors [IMU;Monocular_Camera;LiDAR_3D].,1,3,0,0,4,Q-low,"Rigor=1/4, Reporting=3/3, Baseline=0/2, Repro=0/1. Total=4/10 (Q-low).",Peripheral
REC_1189,"Leonardo Drone Contest Autonomous Drone Competition: Overview, Results, and Lessons Learned from Politecnico di Milano Team",Roggi G.; Meraglia S.; Lovera M.,2023,10.1007/s10846-023-01855-w,IEEE Conference/Journal,Scopus,True,23,Multi_Platform,IMU;Stereo_Camera;LiDAR_3D,Visual_LiDAR_Inertial_Fusion,Visual-LiDAR Fusion,Indoor;Urban;Underground/Tunnel;Forest/Canopy;Adversarial/EW,Simulation,Simulation,ATE_RMSE;Relative_Drift_Percent;Success_Rate,NOT_REPORTED,Inspection,Multi_Agent,Parsed from 23-page PDF. Primary evaluation: Simulation with sensors [IMU;Stereo_Camera;LiDAR_3D].,2,3,1,1,7,Q-medium,"Rigor=2/4, Reporting=3/3, Baseline=1/2, Repro=1/1. Total=7/10 (Q-medium).",Important
REC_1190,Reduction of GNSS-Denied inertial navigation errors for fixed wing autonomous unmanned air vehicles,Gallo E.; Barrientos A.,2022,10.1016/j.ast.2021.107237,IEEE Conference/Journal,Scopus,True,30,Multi_Platform,IMU;Stereo_Camera;LiDAR_2D;Radar_mmWave;Sonar,Visual_LiDAR_Inertial_Fusion,Visual-LiDAR Fusion,Indoor;Urban;Underground/Tunnel;Forest/Canopy;Adversarial/EW;Maritime/Water,Simulation,Simulation,ATE_RMSE;Relative_Drift_Percent;Success_Rate;Computational_Latency,NOT_REPORTED,Inspection,Multi_Agent,Parsed from 30-page PDF. Primary evaluation: Simulation with sensors [IMU;Stereo_Camera;LiDAR_2D;Radar_mmWave;Sonar].,1,3,1,1,6,Q-medium,"Rigor=1/4, Reporting=3/3, Baseline=1/2, Repro=1/1. Total=6/10 (Q-medium).",Important
REC_1191,Computationally Light Spectrally Normalized Memory Neuron Network based Estimator for GPS-denied operation of Micro-UAV,Rao N.; Sundaram S.; Raghavendra V.,2023,10.1109/CoDIT58514.2023.10284327,IEEE Conference/Journal,Scopus,True,12,UAV,IMU;Stereo_Camera;LiDAR_3D;Radar_mmWave;Sonar,Visual_LiDAR_Inertial_Fusion,Visual-LiDAR Fusion,Indoor;Urban;Underground/Tunnel;Forest/Canopy;Adversarial/EW,Simulation,Simulation,ATE_RMSE;Relative_Drift_Percent;RMSE;Success_Rate;Computational_Latency,NOT_REPORTED,Mapping/Surveying,Single_Agent,Parsed from 12-page PDF. Primary evaluation: Simulation with sensors [IMU;Stereo_Camera;LiDAR_3D;Radar_mmWave;Sonar].,1,2,1,1,5,Q-medium,"Rigor=1/4, Reporting=2/3, Baseline=1/2, Repro=1/1. Total=5/10 (Q-medium).",Important
REC_1192,Indoor UAV Localization Using a Tether,Xiao X.; Fan Y.; Dufek J.; Murphy R.,2018,10.1109/SSRR.2018.8468627,IEEE Conference/Journal,Scopus,True,6,Multi_Platform,IMU;Stereo_Camera;LiDAR_3D;UWB,Visual_SLAM,Visual-Inertial (VIO/SLAM),Indoor;Urban;Underground/Tunnel;Adversarial/EW,Real_World,Real_World,ATE_RMSE;Relative_Drift_Percent;Success_Rate;Computational_Latency,NOT_REPORTED,Mapping/Surveying,Single_Agent,Parsed from 6-page PDF. Primary evaluation: Real_World with sensors [IMU;Stereo_Camera;LiDAR_3D;UWB].,4,2,0,0,6,Q-medium,"Rigor=4/4, Reporting=2/3, Baseline=0/2, Repro=0/1. Total=6/10 (Q-medium).",Important
REC_1194,A Unmanned Aerial Vehicle (UAV)/Unmanned Ground Vehicle (UGV) Dynamic Autonomous Docking Scheme in GPS-Denied Environments,Cheng C.; Li X.; Xie L.; Li L.,2023,10.3390/drones7100613,IEEE Conference/Journal,Scopus,True,26,Multi_Platform,IMU;Thermal_Camera;LiDAR_3D;UWB,Visual_Inertial_Odometry,Visual-Inertial (VIO/SLAM),Indoor;Urban;Underground/Tunnel;Forest/Canopy;Adversarial/EW;Maritime/Water,Both_Real_and_Sim,Both,ATE_RMSE;Success_Rate;Computational_Latency,NOT_REPORTED,Inspection,Multi_Agent,Parsed from 26-page PDF. Primary evaluation: Both_Real_and_Sim with sensors [IMU;Thermal_Camera;LiDAR_3D;UWB].,4,3,0,1,8,Q-high,"Rigor=4/4, Reporting=3/3, Baseline=0/2, Repro=1/1. Total=8/10 (Q-high).",Important
REC_1196,Precision Landing of a Quadcopter Drone by Smartphone Video Guidance Sensor in a GPS-Denied Environment,Bautista N.; Gutierrez H.; Inness J.; Rakoczy J.,2023,10.3390/s23041934,IEEE Conference/Journal,Scopus,True,17,Multi_Platform,IMU;Thermal_Camera;LiDAR_3D,Visual_LiDAR_Inertial_Fusion,Visual-LiDAR Fusion,Indoor;Urban;Underground/Tunnel;Adversarial/EW,Simulation,Simulation,ATE_RMSE;Success_Rate;Computational_Latency,NOT_REPORTED,Inspection,Multi_Agent,Parsed from 17-page PDF. Primary evaluation: Simulation with sensors [IMU;Thermal_Camera;LiDAR_3D].,1,3,0,1,5,Q-medium,"Rigor=1/4, Reporting=3/3, Baseline=0/2, Repro=1/1. Total=5/10 (Q-medium).",Important
REC_1207,GPS-denied indoor and outdoor monocular vision aided navigation and control of unmanned aircraft,Chowdhary G.; Johnson E.N.; Magree D.; Wu A.; Shein A.,2013,10.1002/rob.21454,IEEE Conference/Journal,Scopus,True,45,Multi_Platform,IMU;Stereo_Camera;LiDAR_3D;Sonar,Visual_Inertial_Odometry,Visual-Inertial (VIO/SLAM),Indoor;Urban;Underground/Tunnel;Forest/Canopy;Adversarial/EW;Maritime/Water,Both_Real_and_Sim,Both,ATE_RMSE;Relative_Drift_Percent;Success_Rate;Computational_Latency,NOT_REPORTED,Inspection,Single_Agent,Parsed from 45-page PDF. Primary evaluation: Both_Real_and_Sim with sensors [IMU;Stereo_Camera;LiDAR_3D;Sonar].,4,3,0,0,7,Q-medium,"Rigor=4/4, Reporting=3/3, Baseline=0/2, Repro=0/1. Total=7/10 (Q-medium).",Important
REC_1208,Energy-Aware Adaptive Communication Topology with Edge-AI Navigation for UAV Swarms in GNSS-Denied Environments,Tulembayev A.; Dolya A.; Kuttybayeva A.; Jussupbekov T.; Tazhen K.,2026,10.3390/drones10040273,IEEE Conference/Journal,Scopus,True,33,Multi_Platform,IMU;Monocular_Camera;Radar_mmWave;UWB;Sonar,Visual_Inertial_Odometry,Visual-Inertial (VIO/SLAM),Indoor;Urban;Underground/Tunnel;Forest/Canopy;Adversarial/EW;Maritime/Water,Both_Real_and_Sim,Both,ATE_RMSE;Relative_Drift_Percent;RMSE;Success_Rate;Computational_Latency,NOT_REPORTED,Inspection,Multi_Agent,Parsed from 33-page PDF. Primary evaluation: Both_Real_and_Sim with sensors [IMU;Monocular_Camera;Radar_mmWave;UWB;Sonar].,3,3,0,0,6,Q-medium,"Rigor=3/4, Reporting=3/3, Baseline=0/2, Repro=0/1. Total=6/10 (Q-medium).",Important
REC_1212,Autonomous drone hunter operating by deep learning and all-onboard computations in GPS-denied environments,Wyder P.M.; Chen Y.-S.; Lasrado A.J.; Pelles R.J.; Kwiatkowski R.; Comas E.O.A.; Kennedy R.; Mangla A.; Huang Z.; Hu X.; Xiong Z.; Aharoni T.; Chuang T.-C.; Lipson H.,2019,10.1371/journal.pone.0225092,IEEE Conference/Journal,Scopus,True,18,UAV,IMU;Stereo_Camera;LiDAR_3D;Optical_Flow;Sonar,Visual_LiDAR_Inertial_Fusion,Visual-LiDAR Fusion,Indoor;Urban;Underground/Tunnel;Forest/Canopy;Adversarial/EW,Both_Real_and_Sim,Both,ATE_RMSE;Relative_Drift_Percent;Success_Rate;Computational_Latency,NOT_REPORTED,Inspection,Multi_Agent,Parsed from 18-page PDF. Primary evaluation: Both_Real_and_Sim with sensors [IMU;Stereo_Camera;LiDAR_3D;Optical_Flow;Sonar].,2,2,0,0,4,Q-low,"Rigor=2/4, Reporting=2/3, Baseline=0/2, Repro=0/1. Total=4/10 (Q-low).",Peripheral
REC_1216,A Two-Stage Residual Extended Kalman Filter using Extreme Gradient Boosting and Kolmogorov–Arnold Networks for terrain-aided Unmanned Aerial Vehicle Localization in Global Navigation Satellite System-denied environments,Abdelkader M.; Jarraya I.; Gabr K.; Al-Batati A.S.; AlMusalami A.; Alahmed F.; Boulila W.,2026,10.1016/j.engappai.2026.114430,IEEE Conference/Journal,Scopus,True,19,Multi_Platform,IMU;Stereo_Camera;LiDAR_3D;Radar_mmWave;UWB,Visual_LiDAR_Inertial_Fusion,Visual-LiDAR Fusion,Indoor;Urban;Underground/Tunnel;Forest/Canopy;Adversarial/EW;Maritime/Water,Both_Real_and_Sim,Both,ATE_RMSE;Relative_Drift_Percent;RMSE;Success_Rate;Computational_Latency,NOT_REPORTED,Mapping/Surveying,Single_Agent,Parsed from 19-page PDF. Primary evaluation: Both_Real_and_Sim with sensors [IMU;Stereo_Camera;LiDAR_3D;Radar_mmWave;UWB].,4,3,1,1,9,Q-high,"Rigor=4/4, Reporting=3/3, Baseline=1/2, Repro=1/1. Total=9/10 (Q-high).",Core
REC_1217,Vision based UAS navigation for RFI localization,Perkins A.; Chen Y.-H.; Lo S.; Enge P.,2018,10.33012/2018.16060,IEEE Conference/Journal,Scopus,True,11,Multi_Platform,IMU;Stereo_Camera;LiDAR_3D,Visual_LiDAR_Inertial_Fusion,Visual-LiDAR Fusion,Indoor;Urban;Underground/Tunnel;Forest/Canopy;Adversarial/EW,Simulation,Simulation,ATE_RMSE;Relative_Drift_Percent;RMSE;Success_Rate;Computational_Latency,NOT_REPORTED,Mapping/Surveying,Single_Agent,Parsed from 11-page PDF. Primary evaluation: Simulation with sensors [IMU;Stereo_Camera;LiDAR_3D].,2,2,1,1,6,Q-medium,"Rigor=2/4, Reporting=2/3, Baseline=1/2, Repro=1/1. Total=6/10 (Q-medium).",Important
REC_1223,"uVGS-2: The Micro Video Guidance Sensor: A 6-DoF Robust Pose Estimator for Autonomous Proximity Maneuvers in Drones, Spacecraft and Mobile Robot Navigation",Gutierrez H.; Cornejo J.; Bertaska I.,2026,10.3390/drones10070535,IEEE Conference/Journal,Scopus,True,32,Multi_Platform,IMU;Thermal_Camera;LiDAR_3D;Radar_mmWave,Visual_LiDAR_Inertial_Fusion,Visual-LiDAR Fusion,Indoor;Urban;Underground/Tunnel;Adversarial/EW;Maritime/Water,Simulation,Simulation,ATE_RMSE;Relative_Drift_Percent;Success_Rate;Computational_Latency,NOT_REPORTED,Inspection,Multi_Agent,Parsed from 32-page PDF. Primary evaluation: Simulation with sensors [IMU;Thermal_Camera;LiDAR_3D;Radar_mmWave].,1,3,1,0,5,Q-medium,"Rigor=1/4, Reporting=3/3, Baseline=1/2, Repro=0/1. Total=5/10 (Q-medium).",Important
REC_1232,Range–Visual–Inertial Odometry with Coarse-to-Fine Image Registration Fusion for UAV Localization,Hao Y.; He M.; Liu Y.; Liu J.; Meng Z.,2023,10.3390/drones7080540,IEEE Conference/Journal,Scopus,True,18,UAV,IMU;Stereo_Camera;LiDAR_3D,Visual_LiDAR_Inertial_Fusion,Visual-LiDAR Fusion,Indoor;Urban;Underground/Tunnel;Adversarial/EW;Maritime/Water,Both_Real_and_Sim,Both,ATE_RMSE;Relative_Drift_Percent;RMSE;Success_Rate;Computational_Latency,NOT_REPORTED,Inspection,Single_Agent,Parsed from 18-page PDF. Primary evaluation: Both_Real_and_Sim with sensors [IMU;Stereo_Camera;LiDAR_3D].,4,3,1,1,9,Q-high,"Rigor=4/4, Reporting=3/3, Baseline=1/2, Repro=1/1. Total=9/10 (Q-high).",Core
REC_1235,Autonomous Positioning System for UAV Scene Matching Under GNSS-Denied Environments,Du S.; Ma C.; Wu P.; Yu A.; Li D.; Dong Z.,2026,10.3233/ATDE260245,IEEE Conference/Journal,Scopus,True,8,UAV,IMU;Monocular_Camera,Radio_Based_Positioning,UWB / Radio / Beacons,Indoor;Underground/Tunnel;Adversarial/EW,Real_World,Real_World,ATE_RMSE;RMSE;Success_Rate;Computational_Latency,NOT_REPORTED,Inspection,Single_Agent,Parsed from 8-page PDF. Primary evaluation: Real_World with sensors [IMU;Monocular_Camera].,3,3,0,0,6,Q-medium,"Rigor=3/4, Reporting=3/3, Baseline=0/2, Repro=0/1. Total=6/10 (Q-medium).",Important
REC_1243,Adaptive Formation Control of UAVs near Structures for Robust Localization and Efficient Task Execution,Haneda M.; Funabora Y.; Doki S.; Doki K.,2026,10.20965/jrm.2026.p0907,IEEE Conference/Journal,Scopus,True,12,Multi_Platform,IMU;Monocular_Camera;LiDAR_3D;UWB;Optical_Flow,Visual_LiDAR_Inertial_Fusion,Visual-LiDAR Fusion,Indoor;Urban;Underground/Tunnel;Adversarial/EW;Maritime/Water,Simulation,Simulation,ATE_RMSE;Relative_Drift_Percent;Success_Rate,NOT_REPORTED,Inspection,Multi_Agent,Parsed from 12-page PDF. Primary evaluation: Simulation with sensors [IMU;Monocular_Camera;LiDAR_3D;UWB;Optical_Flow].,2,3,2,1,8,Q-high,"Rigor=2/4, Reporting=3/3, Baseline=2/2, Repro=1/1. Total=8/10 (Q-high).",Core
REC_1245,Fusion of Optical Flow and Dead Reckoning Algorithms for UAV Navigation Without GPS,Walczak J.; Szykuła B.; Targowski P.; Pałys T.,2025,10.12716/1001.19.04.02,IEEE Conference/Journal,Scopus,True,6,UAV,IMU;Monocular_Camera;LiDAR_3D;Radar_mmWave;Optical_Flow;Sonar,Visual_Inertial_Odometry,Visual-Inertial (VIO/SLAM),Indoor;Urban;Underground/Tunnel;Forest/Canopy;Adversarial/EW,Both_Real_and_Sim,Both,ATE_RMSE;Relative_Drift_Percent;RMSE;Success_Rate;Computational_Latency,NOT_REPORTED,Inspection,Multi_Agent,Parsed from 6-page PDF. Primary evaluation: Both_Real_and_Sim with sensors [IMU;Monocular_Camera;LiDAR_3D;Radar_mmWave;Optical_Flow;Sonar].,2,3,1,0,6,Q-medium,"Rigor=2/4, Reporting=3/3, Baseline=1/2, Repro=0/1. Total=6/10 (Q-medium).",Important
REC_1248,Gradient perception approach: Mapless INS/geomagnetic combined navigation in GPS-denied environments,Yang S.; Tang H.; Zhang X.; Bai W.; Xin J.; Huang Y.,2026,10.1016/j.measurement.2026.122761,IEEE Conference/Journal,Scopus,True,14,Multi_Platform,IMU;Monocular_Camera;LiDAR_3D,Visual_LiDAR_Inertial_Fusion,Visual-LiDAR Fusion,Indoor;Urban;Underground/Tunnel;Adversarial/EW;Maritime/Water,Both_Real_and_Sim,Both,ATE_RMSE;Relative_Drift_Percent;RMSE;Success_Rate;Computational_Latency,NOT_REPORTED,Mapping/Surveying,Multi_Agent,Parsed from 14-page PDF. Primary evaluation: Both_Real_and_Sim with sensors [IMU;Monocular_Camera;LiDAR_3D].,4,3,2,0,9,Q-high,"Rigor=4/4, Reporting=3/3, Baseline=2/2, Repro=0/1. Total=9/10 (Q-high).",Core
REC_1250,Long-Distance GNSS-Denied Visual Inertial Navigation for Autonomous Fixed-Wing Unmanned Air Vehicles: SO(3) Manifold Filter Based on Virtual Vision Sensor,Gallo E.; Barrientos A.,2023,10.3390/aerospace10080708,IEEE Conference/Journal,Scopus,True,25,Multi_Platform,IMU;Stereo_Camera;LiDAR_3D,Visual_Inertial_Odometry,Visual-Inertial (VIO/SLAM),Indoor;Urban;Forest/Canopy;Adversarial/EW;Maritime/Water,Both_Real_and_Sim,Both,ATE_RMSE;Relative_Drift_Percent;Success_Rate;Computational_Latency,NOT_REPORTED,Inspection,Single_Agent,Parsed from 25-page PDF. Primary evaluation: Both_Real_and_Sim with sensors [IMU;Stereo_Camera;LiDAR_3D].,4,3,1,1,9,Q-high,"Rigor=4/4, Reporting=3/3, Baseline=1/2, Repro=1/1. Total=9/10 (Q-high).",Core
REC_1251,Reinforcement learning based UAV formation control in GPS-denied environment,MA B.; LIU Z.; JIANG F.; ZHAO W.; DANG Q.; WANG X.; ZHANG J.; WANG L.,2023,10.1016/j.cja.2023.07.006,IEEE Conference/Journal,Scopus,True,16,Multi_Platform,IMU;Monocular_Camera;LiDAR_3D;UWB,Visual_LiDAR_Inertial_Fusion,Visual-LiDAR Fusion,Urban;Underground/Tunnel;Forest/Canopy;Adversarial/EW;Maritime/Water,Both_Real_and_Sim,Both,ATE_RMSE;Relative_Drift_Percent;RMSE;Success_Rate,NOT_REPORTED,Inspection,Multi_Agent,Parsed from 16-page PDF. Primary evaluation: Both_Real_and_Sim with sensors [IMU;Monocular_Camera;LiDAR_3D;UWB].,3,3,0,0,6,Q-medium,"Rigor=3/4, Reporting=3/3, Baseline=0/2, Repro=0/1. Total=6/10 (Q-medium).",Important
REC_1252,Artificial Intelligence-Based Decision Support System for UAV Control in a Simulated Environment,Sujecki P.; Frąszczak D.,2026,10.3390/s26082436,IEEE Conference/Journal,Scopus,True,25,UAV,IMU;Monocular_Camera,Visual_Inertial_Odometry,Visual-Inertial (VIO/SLAM),Urban;Underground/Tunnel;Forest/Canopy;Adversarial/EW;Maritime/Water,Both_Real_and_Sim,Both,ATE_RMSE;Success_Rate,NOT_REPORTED,Inspection,Multi_Agent,Parsed from 25-page PDF. Primary evaluation: Both_Real_and_Sim with sensors [IMU;Monocular_Camera].,3,2,2,0,7,Q-medium,"Rigor=3/4, Reporting=2/3, Baseline=2/2, Repro=0/1. Total=7/10 (Q-medium).",Important
REC_1253,Real-Time Autonomous UAV Navigation with SLAM-Based Mapping and Direction-Oriented Exploration in Forest-like GNSS-Denied Scenarios,Wu Y.-T.; Huang Y.-C.,2026,10.3390/drones10060399,IEEE Conference/Journal,Scopus,True,31,UAV,IMU;Stereo_Camera;LiDAR_3D,Visual_LiDAR_Inertial_Fusion,Visual-LiDAR Fusion,Indoor;Urban;Underground/Tunnel;Forest/Canopy;Adversarial/EW,Both_Real_and_Sim,Both,ATE_RMSE;Relative_Drift_Percent;RMSE;Success_Rate;Computational_Latency,NOT_REPORTED,Inspection,Single_Agent,Parsed from 31-page PDF. Primary evaluation: Both_Real_and_Sim with sensors [IMU;Stereo_Camera;LiDAR_3D].,4,3,2,1,10,Q-high,"Rigor=4/4, Reporting=3/3, Baseline=2/2, Repro=1/1. Total=10/10 (Q-high).",Core
REC_1267,Field-testing of a UAV-UGV team for GNSS-denied navigation in subterranean environments,Gross J.; De Petrillo M.; Beard J.; Nichols H.; Swiger T.; Watson R.; Kirk C.; Kilic C.; Hikes J.; Upton E.; Ross D.; Russell M.; Gu Y.; Griffin C.,2019,10.33012/2019.16912,IEEE Conference/Journal,Scopus,True,13,Multi_Platform,IMU;Thermal_Camera;LiDAR_3D;UWB,Visual_LiDAR_Inertial_Fusion,Visual-LiDAR Fusion,Indoor;Urban;Underground/Tunnel;Adversarial/EW;Maritime/Water,Simulation,Simulation,ATE_RMSE;Relative_Drift_Percent;Computational_Latency,NOT_REPORTED,Inspection,Multi_Agent,Parsed from 13-page PDF. Primary evaluation: Simulation with sensors [IMU;Thermal_Camera;LiDAR_3D;UWB].,2,3,0,1,6,Q-medium,"Rigor=2/4, Reporting=3/3, Baseline=0/2, Repro=1/1. Total=6/10 (Q-medium).",Important
REC_1270,Navigation of UAV in GNSS denied area,Pintér M.; Marcoň P.,2024,10.13164/eeict.2024.96,IEEE Conference/Journal,Scopus,True,4,UAV,IMU;Stereo_Camera;LiDAR_3D;Optical_Flow,Visual_LiDAR_Inertial_Fusion,Visual-LiDAR Fusion,Indoor;Underground/Tunnel;Adversarial/EW,Simulation,Simulation,ATE_RMSE;Relative_Drift_Percent;Success_Rate,NOT_REPORTED,Inspection,Single_Agent,Parsed from 4-page PDF. Primary evaluation: Simulation with sensors [IMU;Stereo_Camera;LiDAR_3D;Optical_Flow].,1,3,1,1,6,Q-medium,"Rigor=1/4, Reporting=3/3, Baseline=1/2, Repro=1/1. Total=6/10 (Q-medium).",Important
REC_1274,Integrated Air–Ground Robotic System for Autonomous Post-Blast Operations in GNSS-Denied Tunnels,Arias-Ferreiro G.; Montes-Grova M.A.; Pérez-Grau F.J.; Noriega-del-Rivero S.; Herguedas R.; Lázaro M.T.; Castelruiz-Aguirre A.; Fernandez J.C.J.; Karahan M.; Alonso-Cepeda A.,2026,10.3390/rs18081133,IEEE Conference/Journal,Scopus,True,25,Multi_Platform,IMU;Thermal_Camera;LiDAR_3D;Radar_mmWave,Visual_LiDAR_Inertial_Fusion,Visual-LiDAR Fusion,Indoor;Urban;Underground/Tunnel;Forest/Canopy;Adversarial/EW;Maritime/Water,Both_Real_and_Sim,Both,ATE_RMSE;Success_Rate;Computational_Latency,NOT_REPORTED,Inspection,Multi_Agent,Parsed from 25-page PDF. Primary evaluation: Both_Real_and_Sim with sensors [IMU;Thermal_Camera;LiDAR_3D;Radar_mmWave].,4,3,1,0,8,Q-high,"Rigor=4/4, Reporting=3/3, Baseline=1/2, Repro=0/1. Total=8/10 (Q-high).",Core
REC_1277,A Physics-Guided Aeromagnetic Interference Compensation Method for Geomagnetic Sensing in GNSS-Denied UAV Swarm Systems,Wang S.; Ma L.; Wang Y.; Li D.; Luo J.,2026,10.3390/drones10040252,IEEE Conference/Journal,Scopus,True,26,UAV,IMU;Monocular_Camera;UWB,Visual_Inertial_Odometry,Visual-Inertial (VIO/SLAM),Indoor;Urban;Underground/Tunnel;Forest/Canopy;Adversarial/EW,Real_World,Real_World,ATE_RMSE;Success_Rate;Computational_Latency,NOT_REPORTED,Mapping/Surveying,Multi_Agent,Parsed from 26-page PDF. Primary evaluation: Real_World with sensors [IMU;Monocular_Camera;UWB].,4,3,2,0,9,Q-high,"Rigor=4/4, Reporting=3/3, Baseline=2/2, Repro=0/1. Total=9/10 (Q-high).",Core
REC_1282,A Lidar-Inertial Navigation System for UAVs in GNSS-Denied Environment with Spatial Grid Structures,Qiu Z.; Lv J.; Lin D.; Yu Y.; Sun Z.; Zheng Z.,2023,10.3390/app13010414,IEEE Conference/Journal,Scopus,True,16,UAV,IMU;Thermal_Camera;LiDAR_3D,Visual_LiDAR_Inertial_Fusion,Visual-LiDAR Fusion,Indoor;Urban;Underground/Tunnel;Forest/Canopy;Adversarial/EW,Simulation,Simulation,ATE_RMSE;Relative_Drift_Percent;Success_Rate;Computational_Latency,NOT_REPORTED,Inspection,Single_Agent,Parsed from 16-page PDF. Primary evaluation: Simulation with sensors [IMU;Thermal_Camera;LiDAR_3D].,0,3,1,0,4,Q-low,"Rigor=0/4, Reporting=3/3, Baseline=1/2, Repro=0/1. Total=4/10 (Q-low).",Peripheral
REC_1283,Cooperative monocular-based SLAM for multi-UAV systems in GPS-denied environments,Trujillo J.-C.; Munguia R.; Guerra E.; Grau A.,2018,10.3390/s18051351,IEEE Conference/Journal,Scopus,True,24,Multi_Platform,IMU;Stereo_Camera;LiDAR_3D;Radar_mmWave;Sonar,Visual_LiDAR_Inertial_Fusion,Visual-LiDAR Fusion,Indoor;Urban;Underground/Tunnel;Adversarial/EW;Maritime/Water,Simulation,Simulation,ATE_RMSE;Relative_Drift_Percent;Success_Rate;Computational_Latency,NOT_REPORTED,Inspection,Multi_Agent,Parsed from 24-page PDF. Primary evaluation: Simulation with sensors [IMU;Stereo_Camera;LiDAR_3D;Radar_mmWave;Sonar].,1,3,0,0,4,Q-low,"Rigor=1/4, Reporting=3/3, Baseline=0/2, Repro=0/1. Total=4/10 (Q-low).",Peripheral
REC_1285,Unmanned autonomous aerial navigation in GPS-denied environments,Habib N.; Flores-Abad A.; Martínez-Martínez J.; Aponte-Roa D.A.; Espinoza A.A.,2020,10.18687/LACCEI2020.1.1.349,IEEE Conference/Journal,Scopus,True,4,UAV,IMU;Stereo_Camera;LiDAR_3D;Optical_Flow;Sonar,LiDAR_Inertial_Odometry_SLAM,LiDAR-Inertial / LiDAR SLAM,Indoor;Urban;Underground/Tunnel;Adversarial/EW;Maritime/Water,Both_Real_and_Sim,Both,ATE_RMSE;Computational_Latency,NOT_REPORTED,Inspection,Single_Agent,Parsed from 4-page PDF. Primary evaluation: Both_Real_and_Sim with sensors [IMU;Stereo_Camera;LiDAR_3D;Optical_Flow;Sonar].,3,3,0,1,7,Q-medium,"Rigor=3/4, Reporting=3/3, Baseline=0/2, Repro=1/1. Total=7/10 (Q-medium).",Important
REC_1286,Hybrid camera array-based UAV auto-landing on moving UGV in GPS-denied environment,Yang T.; Ren Q.; Zhang F.; Xie B.; Ren H.; Li J.; Zhang Y.,2018,10.3390/rs10111829,IEEE Conference/Journal,Scopus,True,31,Multi_Platform,IMU;Stereo_Camera,Visual_Inertial_Odometry,Visual-Inertial (VIO/SLAM),Indoor;Urban;Underground/Tunnel;Adversarial/EW;Maritime/Water,Both_Real_and_Sim,Both,ATE_RMSE;Relative_Drift_Percent;Success_Rate;Computational_Latency,NOT_REPORTED,Mapping/Surveying,Multi_Agent,Parsed from 31-page PDF. Primary evaluation: Both_Real_and_Sim with sensors [IMU;Stereo_Camera].,4,3,0,1,8,Q-high,"Rigor=4/4, Reporting=3/3, Baseline=0/2, Repro=1/1. Total=8/10 (Q-high).",Important
REC_1289,A Global ArUco-Based Lidar Navigation System for UAV Navigation in GNSS-Denied Environments,Qiu Z.; Lin D.; Jin R.; Lv J.; Zheng Z.,2022,10.3390/aerospace9080456,IEEE Conference/Journal,Scopus,True,24,Multi_Platform,IMU;Thermal_Camera;LiDAR_3D;Radar_mmWave;UWB,Visual_LiDAR_Inertial_Fusion,Visual-LiDAR Fusion,Indoor;Urban;Underground/Tunnel;Forest/Canopy;Adversarial/EW,Real_World,Real_World,ATE_RMSE;Relative_Drift_Percent;Success_Rate,NOT_REPORTED,Inspection,Single_Agent,Parsed from 24-page PDF. Primary evaluation: Real_World with sensors [IMU;Thermal_Camera;LiDAR_3D;Radar_mmWave;UWB].,4,3,1,0,8,Q-high,"Rigor=4/4, Reporting=3/3, Baseline=1/2, Repro=0/1. Total=8/10 (Q-high).",Core
REC_1295,Digital Twin Approach for Drift-Free UAV Localization in GPS-Denied Environments,"Matiki T.; Narazaki Y.; Chowdhary G.; Spencer B.F., Jr",2026,10.1061/JCCEE5.CPENG-7010,IEEE Conference/Journal,Scopus,True,18,Multi_Platform,IMU;Stereo_Camera;LiDAR_3D,Visual_LiDAR_Inertial_Fusion,Visual-LiDAR Fusion,Indoor;Urban;Underground/Tunnel;Adversarial/EW;Maritime/Water,Both_Real_and_Sim,Both,ATE_RMSE;Relative_Drift_Percent;RMSE;Success_Rate;Computational_Latency,NOT_REPORTED,Inspection,Single_Agent,Parsed from 18-page PDF. Primary evaluation: Both_Real_and_Sim with sensors [IMU;Stereo_Camera;LiDAR_3D].,3,3,1,1,8,Q-high,"Rigor=3/4, Reporting=3/3, Baseline=1/2, Repro=1/1. Total=8/10 (Q-high).",Core
REC_1298,Cooperative Localization for GNSS-Denied Subterranean Navigation: A UAV–UGV Team Approach,Akhihiero D.; Olawoye U.; Das S.; Gross J.,2024,10.33012/navi.677,IEEE Conference/Journal,Scopus,True,26,Multi_Platform,IMU;Stereo_Camera;LiDAR_3D;UWB,Visual_LiDAR_Inertial_Fusion,Visual-LiDAR Fusion,Indoor;Urban;Underground/Tunnel;Forest/Canopy;Adversarial/EW,Simulation,Simulation,ATE_RMSE;Relative_Drift_Percent;Success_Rate;Computational_Latency,NOT_REPORTED,Inspection,Multi_Agent,Parsed from 26-page PDF. Primary evaluation: Simulation with sensors [IMU;Stereo_Camera;LiDAR_3D;UWB].,2,3,1,1,7,Q-medium,"Rigor=2/4, Reporting=3/3, Baseline=1/2, Repro=1/1. Total=7/10 (Q-medium).",Important
REC_1302,Federated Energy-Aware Deep Reinforcement Learning for GNSS-Independent Swarm UAV Autonomy †,Almalis N.; Tsihrintzis G.; Baris G.; Armenakis N.,2026,10.3390/electronics15143064,IEEE Conference/Journal,Scopus,True,29,UAV,IMU;Stereo_Camera;LiDAR_3D;UWB,Visual_LiDAR_Inertial_Fusion,Visual-LiDAR Fusion,Indoor;Urban;Underground/Tunnel;Forest/Canopy;Adversarial/EW,Both_Real_and_Sim,Both,ATE_RMSE;Relative_Drift_Percent;Success_Rate;Computational_Latency,NOT_REPORTED,Inspection,Multi_Agent,Parsed from 29-page PDF. Primary evaluation: Both_Real_and_Sim with sensors [IMU;Stereo_Camera;LiDAR_3D;UWB].,3,3,1,0,7,Q-medium,"Rigor=3/4, Reporting=3/3, Baseline=1/2, Repro=0/1. Total=7/10 (Q-medium).",Important
REC_1304,Formation-Constrained Cooperative Localization for UAV Swarms in GNSS-Denied Environments,Li Q.; Wang P.; Li X.; Zhang J.; Luo Y.; Yu W.; Cheng H.,2026,10.3390/s26061984,IEEE Conference/Journal,Scopus,True,21,UAV,IMU;Monocular_Camera;UWB,Visual_Inertial_Odometry,Visual-Inertial (VIO/SLAM),Indoor;Urban;Underground/Tunnel;Adversarial/EW,Simulation,Simulation,ATE_RMSE;Relative_Drift_Percent;RMSE;Success_Rate;Computational_Latency,NOT_REPORTED,Inspection,Multi_Agent,Parsed from 21-page PDF. Primary evaluation: Simulation with sensors [IMU;Monocular_Camera;UWB].,1,3,1,0,5,Q-medium,"Rigor=1/4, Reporting=3/3, Baseline=1/2, Repro=0/1. Total=5/10 (Q-medium).",Important
REC_1306,UAV Visual Localization in GNSS-Denied Environments,Wang T.-C.; Tsou L.-H.; Jhan J.-P.; Tang R.-S.,2026,10.5194/isprs-archives-XLIX-B1-2026-55-2026,IEEE Conference/Journal,Scopus,True,7,UAV,IMU;Monocular_Camera,Visual_Inertial_Odometry,Visual-Inertial (VIO/SLAM),Indoor;Urban;Adversarial/EW,Simulation,Simulation,ATE_RMSE;RMSE;Success_Rate;Computational_Latency,NOT_REPORTED,Mapping/Surveying,Single_Agent,Parsed from 7-page PDF. Primary evaluation: Simulation with sensors [IMU;Monocular_Camera].,2,3,0,0,5,Q-medium,"Rigor=2/4, Reporting=3/3, Baseline=0/2, Repro=0/1. Total=5/10 (Q-medium).",Important
REC_1307,An architecture for robust UAV navigation in GPS-denied areas,Perez-Grau F.J.; Ragel R.; Caballero F.; Viguria A.; Ollero A.,2018,10.1002/rob.21757,IEEE Conference/Journal,Scopus,True,38,Multi_Platform,IMU;Stereo_Camera;LiDAR_2D,Visual_LiDAR_Inertial_Fusion,Visual-LiDAR Fusion,Indoor;Urban;Underground/Tunnel;Forest/Canopy;Adversarial/EW;Maritime/Water,Both_Real_and_Sim,Both,ATE_RMSE;Relative_Drift_Percent;Success_Rate;Computational_Latency,NOT_REPORTED,Inspection,Multi_Agent,Parsed from 38-page PDF. Primary evaluation: Both_Real_and_Sim with sensors [IMU;Stereo_Camera;LiDAR_2D].,4,3,1,1,9,Q-high,"Rigor=4/4, Reporting=3/3, Baseline=1/2, Repro=1/1. Total=9/10 (Q-high).",Core
REC_1308,Multi-sensor Data Fusion for Autonomous Unmanned Aerial Vehicle Navigation in GPS Denied Environments,ELMAS E.E.; ALKAN M.,2024,10.47839/ijc.23.4.3762,IEEE Conference/Journal,Scopus,True,12,Multi_Platform,IMU;Thermal_Camera;LiDAR_3D;Radar_mmWave;Optical_Flow;Sonar,Visual_LiDAR_Inertial_Fusion,Visual-LiDAR Fusion,Indoor;Urban;Underground/Tunnel;Forest/Canopy;Adversarial/EW,Both_Real_and_Sim,Both,ATE_RMSE;Relative_Drift_Percent;Success_Rate,NOT_REPORTED,Inspection,Single_Agent,Parsed from 12-page PDF. Primary evaluation: Both_Real_and_Sim with sensors [IMU;Thermal_Camera;LiDAR_3D;Radar_mmWave;Optical_Flow;Sonar].,3,3,0,0,6,Q-medium,"Rigor=3/4, Reporting=3/3, Baseline=0/2, Repro=0/1. Total=6/10 (Q-medium).",Important
REC_1309,Vision-Based Unmanned Aerial Vehicle Swarm Cooperation and Online Point-Cloud Registration for Global Localization in Global Navigation Satellite System-Intermittent Environments,Garcia G.; Eskandarian A.,2026,10.3390/drones10010065,IEEE Conference/Journal,Scopus,True,22,Multi_Platform,IMU;Stereo_Camera;LiDAR_3D;Sonar,Visual_LiDAR_Inertial_Fusion,Visual-LiDAR Fusion,Indoor;Urban;Underground/Tunnel;Adversarial/EW,Both_Real_and_Sim,Both,ATE_RMSE;Relative_Drift_Percent;Success_Rate;Computational_Latency,NOT_REPORTED,Inspection,Multi_Agent,Parsed from 22-page PDF. Primary evaluation: Both_Real_and_Sim with sensors [IMU;Stereo_Camera;LiDAR_3D;Sonar].,3,3,0,1,7,Q-medium,"Rigor=3/4, Reporting=3/3, Baseline=0/2, Repro=1/1. Total=7/10 (Q-medium).",Important
REC_1313,A smart hybrid vision aided inertial navigation system approach for UAVs in a GNSS denied environment,Mostafa M.M.; Moussa A.M.; El-Sheimy N.; Sesay A.B.,2018,10.1002/navi.270,IEEE Conference/Journal,Scopus,True,15,Multi_Platform,IMU;Stereo_Camera;Radar_mmWave;Optical_Flow;Sonar,Visual_Inertial_Odometry,Visual-Inertial (VIO/SLAM),Urban;Underground/Tunnel;Forest/Canopy;Adversarial/EW;Maritime/Water,Simulation,Simulation,ATE_RMSE;Relative_Drift_Percent;Success_Rate,NOT_REPORTED,Inspection,Single_Agent,Parsed from 15-page PDF. Primary evaluation: Simulation with sensors [IMU;Stereo_Camera;Radar_mmWave;Optical_Flow;Sonar].,2,2,0,0,4,Q-low,"Rigor=2/4, Reporting=2/3, Baseline=0/2, Repro=0/1. Total=4/10 (Q-low).",Peripheral
REC_1316,Automated Method for SLAM Evaluation in GNSS-Denied Areas,Merkle D.; Reiterer A.,2023,10.3390/rs15215141,IEEE Conference/Journal,Scopus,True,21,Multi_Platform,IMU;Stereo_Camera;LiDAR_3D;UWB,Visual_LiDAR_Inertial_Fusion,Visual-LiDAR Fusion,Indoor;Urban;Underground/Tunnel;Forest/Canopy;Adversarial/EW,Real_World,Real_World,ATE_RMSE;Relative_Drift_Percent;RMSE;Success_Rate;Computational_Latency,NOT_REPORTED,Inspection,Multi_Agent,Parsed from 21-page PDF. Primary evaluation: Real_World with sensors [IMU;Stereo_Camera;LiDAR_3D;UWB].,3,3,1,0,7,Q-medium,"Rigor=3/4, Reporting=3/3, Baseline=1/2, Repro=0/1. Total=7/10 (Q-medium).",Important
REC_1320,Radar and visual odometry integrated system aided navigation for UAVS in GNSS denied environment,Mostafa M.; Zahran S.; Moussa A.; El-Sheimy N.; Sesay A.,2018,10.3390/s18092776,IEEE Conference/Journal,Scopus,True,29,UAV,IMU;Stereo_Camera;LiDAR_2D;Radar_mmWave;UWB;Optical_Flow,Visual_LiDAR_Inertial_Fusion,Visual-LiDAR Fusion,Urban;Underground/Tunnel;Forest/Canopy;Adversarial/EW,Both_Real_and_Sim,Both,ATE_RMSE;Relative_Drift_Percent;RMSE;Success_Rate;Computational_Latency,NOT_REPORTED,Mapping/Surveying,Single_Agent,Parsed from 29-page PDF. Primary evaluation: Both_Real_and_Sim with sensors [IMU;Stereo_Camera;LiDAR_2D;Radar_mmWave;UWB;Optical_Flow].,4,3,0,0,7,Q-medium,"Rigor=4/4, Reporting=3/3, Baseline=0/2, Repro=0/1. Total=7/10 (Q-medium).",Important
REC_1322,Indoor SLAM for Micro Aerial Vehicles Control Using Monocular Camera and Sensor Fusion,García S.; López M.E.; Barea R.; Bergasa L.M.; Gómez A.; Molinos E.J.,2016,10.1109/ICARSC.2016.46,IEEE Conference/Journal,Scopus,True,6,UAV,IMU;Stereo_Camera;LiDAR_3D,Visual_Inertial_Odometry,Visual-Inertial (VIO/SLAM),Indoor;Urban;Adversarial/EW;Maritime/Water,Simulation,Simulation,ATE_RMSE;Relative_Drift_Percent;Success_Rate;Computational_Latency,NOT_REPORTED,Inspection,Multi_Agent,Parsed from 6-page PDF. Primary evaluation: Simulation with sensors [IMU;Stereo_Camera;LiDAR_3D].,1,3,1,1,6,Q-medium,"Rigor=1/4, Reporting=3/3, Baseline=1/2, Repro=1/1. Total=6/10 (Q-medium).",Important
REC_1330,UAV VISUAL AUTOLOCALIZATON BASED on AUTOMATIC LANDMARK RECOGNITION,Filho P.S.; Shiguemori E.H.; Saotome O.,2017,10.5194/isprs-annals-IV-2-W3-89-2017,IEEE Conference/Journal,Scopus,True,6,Multi_Platform,IMU;Monocular_Camera;LiDAR_3D;Radar_mmWave,Visual_LiDAR_Inertial_Fusion,Visual-LiDAR Fusion,Indoor;Urban;Underground/Tunnel;Adversarial/EW;Maritime/Water,Both_Real_and_Sim,Both,ATE_RMSE;Computational_Latency,NOT_REPORTED,Inspection,Single_Agent,Parsed from 6-page PDF. Primary evaluation: Both_Real_and_Sim with sensors [IMU;Monocular_Camera;LiDAR_3D;Radar_mmWave].,3,3,0,0,6,Q-medium,"Rigor=3/4, Reporting=3/3, Baseline=0/2, Repro=0/1. Total=6/10 (Q-medium).",Important
REC_1336,Multi-sensor robust relative estimation framework for GPS-denied multirotor aircraft,Koch D.P.; McLain T.W.; Brink K.M.,2016,10.1109/ICUAS.2016.7502619,IEEE Conference/Journal,Scopus,True,9,UAV,IMU;Depth_Camera;LiDAR_2D,Visual_Inertial_Odometry,Visual-Inertial (VIO/SLAM),Indoor;Urban;Underground/Tunnel;Adversarial/EW,Real_World,Real_World,ATE_RMSE;Relative_Drift_Percent;RMSE;Success_Rate;Computational_Latency,NOT_REPORTED,General_Navigation,Single_Agent,Parsed from 9-page PDF. Primary evaluation: Real_World with sensors [IMU;Depth_Camera;LiDAR_2D].,4,2,0,0,6,Q-medium,"Rigor=4/4, Reporting=2/3, Baseline=0/2, Repro=0/1. Total=6/10 (Q-medium).",Important
REC_1346,Tag-based visual-inertial localization of unmanned aerial vehicles in indoor construction environments using an on-manifold extended Kalman filter,Kayhani N.; Zhao W.; McCabe B.; Schoellig A.P.,2022,10.1016/j.autcon.2021.104112,IEEE Conference/Journal,Scopus,True,20,Multi_Platform,IMU;Stereo_Camera;LiDAR_3D;UWB;Optical_Flow;Sonar,Visual_LiDAR_Inertial_Fusion,Visual-LiDAR Fusion,Indoor;Urban;Underground/Tunnel;Forest/Canopy;Adversarial/EW;Maritime/Water,Both_Real_and_Sim,Both,ATE_RMSE;Relative_Drift_Percent;RMSE;Success_Rate;Computational_Latency,NOT_REPORTED,Inspection,Single_Agent,Parsed from 20-page PDF. Primary evaluation: Both_Real_and_Sim with sensors [IMU;Stereo_Camera;LiDAR_3D;UWB;Optical_Flow;Sonar].,4,3,1,1,9,Q-high,"Rigor=4/4, Reporting=3/3, Baseline=1/2, Repro=1/1. Total=9/10 (Q-high).",Core
REC_1348,LiDAR-odometry based UAV pose estimation in young forest environment,Ouattara I.; Korhonen V.; Visala A.,2022,10.1016/j.ifacol.2022.11.121,IEEE Conference/Journal,Scopus,True,7,UAV,IMU;Monocular_Camera;LiDAR_3D,Visual_LiDAR_Inertial_Fusion,Visual-LiDAR Fusion,Indoor;Urban;Underground/Tunnel;Forest/Canopy;Adversarial/EW,Simulation,Simulation,ATE_RMSE;Relative_Drift_Percent;RMSE;Success_Rate;Computational_Latency,NOT_REPORTED,Mapping/Surveying,Single_Agent,Parsed from 7-page PDF. Primary evaluation: Simulation with sensors [IMU;Monocular_Camera;LiDAR_3D].,2,2,1,1,6,Q-medium,"Rigor=2/4, Reporting=2/3, Baseline=1/2, Repro=1/1. Total=6/10 (Q-medium).",Important
REC_1355,A distributed approach for lidar-based relative state estimation of multi-UAV in GPS-denied environments,SHEN H.; ZONG Q.; LU H.; ZHANG X.; TIAN B.; HE L.,2022,10.1016/j.cja.2021.04.021,IEEE Conference/Journal,Scopus,True,11,UAV,IMU;Monocular_Camera;LiDAR_3D;UWB,Visual_LiDAR_Inertial_Fusion,Visual-LiDAR Fusion,Indoor;Urban;Underground/Tunnel;Forest/Canopy;Adversarial/EW;Maritime/Water,Real_World,Real_World,ATE_RMSE;Relative_Drift_Percent;RMSE;Success_Rate;Computational_Latency,NOT_REPORTED,Inspection,Multi_Agent,Parsed from 11-page PDF. Primary evaluation: Real_World with sensors [IMU;Monocular_Camera;LiDAR_3D;UWB].,3,3,1,1,8,Q-high,"Rigor=3/4, Reporting=3/3, Baseline=1/2, Repro=1/1. Total=8/10 (Q-high).",Core
REC_1358,An experimental analysis of outdoor UAV localisation through diverse estimators and crowd-sensed data fusion,Ahmed M.M.; Shawky M.A.; Zahran S.; Moussa A.; EL-Shimy N.; Elmahallawy A.A.; Ansari S.; Shah S.T.; Abdellatif A.G.,2024,10.1016/j.phycom.2024.102475,IEEE Conference/Journal,Scopus,True,18,Multi_Platform,IMU;Stereo_Camera;LiDAR_3D;Radar_mmWave;UWB;Optical_Flow,Visual_LiDAR_Inertial_Fusion,Visual-LiDAR Fusion,Indoor;Urban;Underground/Tunnel;Forest/Canopy;Adversarial/EW,Both_Real_and_Sim,Both,ATE_RMSE;Relative_Drift_Percent;RMSE;Success_Rate;Computational_Latency,NOT_REPORTED,Inspection,Multi_Agent,Parsed from 18-page PDF. Primary evaluation: Both_Real_and_Sim with sensors [IMU;Stereo_Camera;LiDAR_3D;Radar_mmWave;UWB;Optical_Flow].,4,3,1,0,8,Q-high,"Rigor=4/4, Reporting=3/3, Baseline=1/2, Repro=0/1. Total=8/10 (Q-high).",Core
REC_1366,Cooperative Localisation of a GPS-Denied UAV in 3-Dimensional Space Using Direction of Arrival Measurements,Russell J.S.; Ye M.; Anderson B.D.O.; Hmam H.; Sarunic P.,2017,10.1016/j.ifacol.2017.08.1226,IEEE Conference/Journal,Scopus,True,7,UAV,IMU,Visual_Inertial_Odometry,Visual-Inertial (VIO/SLAM),Urban;Underground/Tunnel;Adversarial/EW,Both_Real_and_Sim,Both,ATE_RMSE;Relative_Drift_Percent;Success_Rate,NOT_REPORTED,Mapping/Surveying,Multi_Agent,Parsed from 7-page PDF. Primary evaluation: Both_Real_and_Sim with sensors [IMU].,3,3,0,0,6,Q-medium,"Rigor=3/4, Reporting=3/3, Baseline=0/2, Repro=0/1. Total=6/10 (Q-medium).",Important
REC_1370,Cooperative navigation for UAVs in GNSS-denied area based on optimized belief propagation,Li J.; Yang G.; Cai Q.; Niu H.; Li J.,2022,10.1016/j.measurement.2022.110797,IEEE Conference/Journal,Scopus,True,10,Multi_Platform,IMU;Monocular_Camera;Radar_mmWave;UWB,Visual_Inertial_Odometry,Visual-Inertial (VIO/SLAM),Indoor;Urban;Underground/Tunnel;Adversarial/EW;Maritime/Water,Simulation,Simulation,ATE_RMSE;Relative_Drift_Percent;RMSE;Success_Rate;Computational_Latency,NOT_REPORTED,Inspection,Multi_Agent,Parsed from 10-page PDF. Primary evaluation: Simulation with sensors [IMU;Monocular_Camera;Radar_mmWave;UWB].,2,3,1,0,6,Q-medium,"Rigor=2/4, Reporting=3/3, Baseline=1/2, Repro=0/1. Total=6/10 (Q-medium).",Important
REC_1373,Enabling UAV navigation with sensor and environmental uncertainty in cluttered and GPS-denied environments,Vanegas F.; Gonzalez F.,2016,10.3390/s16050666,IEEE Conference/Journal,Scopus,True,17,Multi_Platform,IMU;Monocular_Camera,Visual_Inertial_Odometry,Visual-Inertial (VIO/SLAM),Indoor;Urban;Underground/Tunnel;Forest/Canopy;Adversarial/EW;Maritime/Water,Both_Real_and_Sim,Both,ATE_RMSE;Relative_Drift_Percent;Success_Rate;Computational_Latency,NOT_REPORTED,Inspection,Single_Agent,Parsed from 17-page PDF. Primary evaluation: Both_Real_and_Sim with sensors [IMU;Monocular_Camera].,4,3,0,1,8,Q-high,"Rigor=4/4, Reporting=3/3, Baseline=0/2, Repro=1/1. Total=8/10 (Q-high).",Important
REC_1378,Optical Flow Sensor/INS/Magnetometer Integrated Navigation System for MAV in GPS-Denied Environment,Shen C.; Bai Z.; Cao H.; Xu K.; Wang C.; Zhang H.; Wang D.; Tang J.; Liu J.,2016,10.1155/2016/6105803,IEEE Conference/Journal,Scopus,True,10,Multi_Platform,IMU;Monocular_Camera;Optical_Flow;Sonar,Visual_Inertial_Odometry,Visual-Inertial (VIO/SLAM),Indoor;Urban;Underground/Tunnel;Adversarial/EW;Maritime/Water,Simulation,Simulation,ATE_RMSE;Relative_Drift_Percent;Success_Rate;Computational_Latency,NOT_REPORTED,Mapping/Surveying,Multi_Agent,Parsed from 10-page PDF. Primary evaluation: Simulation with sensors [IMU;Monocular_Camera;Optical_Flow;Sonar].,2,2,0,0,4,Q-low,"Rigor=2/4, Reporting=2/3, Baseline=0/2, Repro=0/1. Total=4/10 (Q-low).",Peripheral
REC_1393,ST-DCL: A Spatio-Temporally Decoupled Cooperative Localization Method for Dynamic Drone Swarms,Wu H.; Shi Z.; Wu Z.; Xu H.; Tu Z.,2026,10.3390/drones10010069,IEEE Conference/Journal,Scopus,True,38,UAV,IMU;Thermal_Camera;LiDAR_2D;UWB,Visual_LiDAR_Inertial_Fusion,Visual-LiDAR Fusion,Indoor;Urban;Underground/Tunnel;Adversarial/EW,Both_Real_and_Sim,Both,ATE_RMSE;Relative_Drift_Percent;RMSE;Success_Rate;Computational_Latency,NOT_REPORTED,Mapping/Surveying,Multi_Agent,Parsed from 38-page PDF. Primary evaluation: Both_Real_and_Sim with sensors [IMU;Thermal_Camera;LiDAR_2D;UWB].,4,3,1,0,8,Q-high,"Rigor=4/4, Reporting=3/3, Baseline=1/2, Repro=0/1. Total=8/10 (Q-high).",Core
REC_1399,Adaptive Texture-Aware Pixel Selection for Robust Direct Visual Odometry in UAV Navigation,"Gaia J.; Fagundes L., Jr.; Soria C.; Brandão A.",2026,10.1109/ICUAS69441.2026.11598726,IEEE Conference/Journal,Scopus,True,8,UAV,IMU;Stereo_Camera;LiDAR_3D,Visual_LiDAR_Inertial_Fusion,Visual-LiDAR Fusion,Indoor;Urban;Underground/Tunnel;Forest/Canopy;Adversarial/EW,Real_World,Real_World,ATE_RMSE;RMSE;Success_Rate;Computational_Latency,NOT_REPORTED,Inspection,Single_Agent,Parsed from 8-page PDF. Primary evaluation: Real_World with sensors [IMU;Stereo_Camera;LiDAR_3D].,3,3,1,0,7,Q-medium,"Rigor=3/4, Reporting=3/3, Baseline=1/2, Repro=0/1. Total=7/10 (Q-medium).",Important
REC_1402,Oxpecker: A Tethered UAV for Inspection of Stone-Mine Pillars,"Martinez Rocamora B., Jr.; Lima R.R.; Samarakoon K.; Rathjen J.; Gross J.N.; Pereira G.A.S.",2023,10.3390/drones7020073,IEEE Conference/Journal,Scopus,True,26,Multi_Platform,IMU;Stereo_Camera;LiDAR_3D;UWB,Visual_LiDAR_Inertial_Fusion,Visual-LiDAR Fusion,Indoor;Urban;Underground/Tunnel;Adversarial/EW,Both_Real_and_Sim,Both,ATE_RMSE;Relative_Drift_Percent;RMSE;Computational_Latency,NOT_REPORTED,Inspection,Multi_Agent,Parsed from 26-page PDF. Primary evaluation: Both_Real_and_Sim with sensors [IMU;Stereo_Camera;LiDAR_3D;UWB].,3,3,1,1,8,Q-high,"Rigor=3/4, Reporting=3/3, Baseline=1/2, Repro=1/1. Total=8/10 (Q-high).",Core
REC_1403,Simless GSM positioning for navigation in GPS-denied environments,Soldado Serrano I.; García Doblado J.; Finazzi I.F.; Martín Prats M.Á.,2018,10.1108/AEAT-01-2017-0029,IEEE Conference/Journal,Scopus,True,5,UAV,IMU;Monocular_Camera;Sonar,Visual_Inertial_Odometry,Visual-Inertial (VIO/SLAM),Indoor;Urban;Underground/Tunnel;Adversarial/EW,Simulation,Simulation,ATE_RMSE;Computational_Latency,NOT_REPORTED,Inspection,Single_Agent,Parsed from 5-page PDF. Primary evaluation: Simulation with sensors [IMU;Monocular_Camera;Sonar].,0,2,0,0,2,Q-low,"Rigor=0/4, Reporting=2/3, Baseline=0/2, Repro=0/1. Total=2/10 (Q-low).",Peripheral
REC_1405,Angle Robustness Unmanned Aerial Vehicle Navigation in GNSS-Denied Scenarios,Wang Y.; Feng Z.; Zhang H.; Gao Y.; Lei J.; Sun L.; Song M.,2024,10.1609/aaai.v38i9.28906,IEEE Conference/Journal,Scopus,True,9,UAV,IMU;Stereo_Camera;LiDAR_3D;Optical_Flow,LiDAR_Inertial_Odometry_SLAM,LiDAR-Inertial / LiDAR SLAM,Indoor;Urban;Underground/Tunnel;Forest/Canopy;Adversarial/EW,Both_Real_and_Sim,Both,ATE_RMSE;Success_Rate,30.3%,Mapping/Surveying,Single_Agent,Parsed from 9-page PDF. Primary evaluation: Both_Real_and_Sim with sensors [IMU;Stereo_Camera;LiDAR_3D;Optical_Flow].,4,3,1,1,9,Q-high,"Rigor=4/4, Reporting=3/3, Baseline=1/2, Repro=1/1. Total=9/10 (Q-high).",Core
REC_1417,Cellular Communication-Based Autonomous UAV Navigation with Obstacle Avoidance for Unknown Indoor Environments,Choi Y.J.; Ramatryana I.N.A.; Shin S.Y.,2021,10.22266/ijies2021.0430.31,IEEE Conference/Journal,Scopus,True,9,Multi_Platform,IMU;Stereo_Camera;LiDAR_2D;Radar_mmWave,Visual_LiDAR_Inertial_Fusion,Visual-LiDAR Fusion,Indoor;Urban;Underground/Tunnel;Adversarial/EW,Simulation,Simulation,ATE_RMSE,NOT_REPORTED,Mapping/Surveying,Single_Agent,Parsed from 9-page PDF. Primary evaluation: Simulation with sensors [IMU;Stereo_Camera;LiDAR_2D;Radar_mmWave].,1,2,1,0,4,Q-low,"Rigor=1/4, Reporting=2/3, Baseline=1/2, Repro=0/1. Total=4/10 (Q-low).",Peripheral
REC_1423,A robust real-time vision based GPS-denied navigation system of UAV,Yang L.; Xiao B.; Zhou Y.; He Y.; Zhang H.; Han J.,2016,10.1109/CYBER.2016.7574843,IEEE Conference/Journal,Scopus,True,6,Multi_Platform,IMU;Monocular_Camera;LiDAR_3D,Visual_Inertial_Odometry,Visual-Inertial (VIO/SLAM),Indoor;Urban;Adversarial/EW,Simulation,Simulation,ATE_RMSE;Success_Rate;Computational_Latency,NOT_REPORTED,Search_and_Rescue,Single_Agent,Parsed from 6-page PDF. Primary evaluation: Simulation with sensors [IMU;Monocular_Camera;LiDAR_3D].,0,2,0,0,2,Q-low,"Rigor=0/4, Reporting=2/3, Baseline=0/2, Repro=0/1. Total=2/10 (Q-low).",Peripheral
REC_1429,Modelling and Simulation of Fast Autonomous Exploration and Mapping System for GPS Denied Unknown Environment Using ROS,Umakarthikeyan S.; Ram Kumar K.; Priyadharshini S.,2022,10.1109/ICRAIE56454.2022.10054265,IEEE Conference/Journal,Scopus,True,6,Multi_Platform,IMU;Stereo_Camera;LiDAR_3D,Visual_LiDAR_Inertial_Fusion,Visual-LiDAR Fusion,Indoor;Urban;Underground/Tunnel;Adversarial/EW;Maritime/Water,Both_Real_and_Sim,Both,ATE_RMSE,NOT_REPORTED,Inspection,Multi_Agent,Parsed from 6-page PDF. Primary evaluation: Both_Real_and_Sim with sensors [IMU;Stereo_Camera;LiDAR_3D].,3,2,1,1,7,Q-medium,"Rigor=3/4, Reporting=2/3, Baseline=1/2, Repro=1/1. Total=7/10 (Q-medium).",Important
REC_1431,Advancing Autonomous UAV Target Localization in GPS-Denied Environments,Dawne A.; Nazaruddin Y.Y.; Wardana R.P.; Ikhtiarudin A.; Mardhatillah I.; Fauzan I.M.,2023,10.1109/CoDIT58514.2023.10284425,IEEE Conference/Journal,Scopus,True,6,UAV,IMU;Radar_mmWave,Visual_Inertial_Odometry,Visual-Inertial (VIO/SLAM),Indoor;Underground/Tunnel;Adversarial/EW,Both_Real_and_Sim,Both,ATE_RMSE,NOT_REPORTED,Search_and_Rescue,Multi_Agent,Parsed from 6-page PDF. Primary evaluation: Both_Real_and_Sim with sensors [IMU;Radar_mmWave].,2,3,0,0,5,Q-medium,"Rigor=2/4, Reporting=3/3, Baseline=0/2, Repro=0/1. Total=5/10 (Q-medium).",Important
REC_1432,GNSS/INS/VO fusion using Gated Recurrent Unit in GNSS denied environments,Negru S.A.; Geragersian P.; Petrunin I.; Zolotas A.; Grech R.,2023,10.2514/6.2023-2226,IEEE Conference/Journal,Scopus,True,10,UAV,IMU;Monocular_Camera;LiDAR_3D,Visual_LiDAR_Inertial_Fusion,Visual-LiDAR Fusion,Indoor;Urban;Adversarial/EW,Simulation,Simulation,ATE_RMSE;Relative_Drift_Percent;RMSE;Success_Rate;Computational_Latency,NOT_REPORTED,Mapping/Surveying,Single_Agent,Parsed from 10-page PDF. Primary evaluation: Simulation with sensors [IMU;Monocular_Camera;LiDAR_3D].,1,3,1,0,5,Q-medium,"Rigor=1/4, Reporting=3/3, Baseline=1/2, Repro=0/1. Total=5/10 (Q-medium).",Important
REC_1435,UAV-Assisted Collaborative Positioning in GNSS-Denied Environments,Masiero A.; Toth C.; Morelli L.; Trybala P.; Remondino F.,2026,10.5194/isprs-archives-XLIX-B1-2026-41-2026,IEEE Conference/Journal,Scopus,True,8,Multi_Platform,IMU;Monocular_Camera;LiDAR_3D;Radar_mmWave;UWB,Visual_LiDAR_Inertial_Fusion,Visual-LiDAR Fusion,Indoor;Urban;Underground/Tunnel;Forest/Canopy;Adversarial/EW,Simulation,Simulation,ATE_RMSE;Relative_Drift_Percent;RMSE;Success_Rate,NOT_REPORTED,Inspection,Multi_Agent,Parsed from 8-page PDF. Primary evaluation: Simulation with sensors [IMU;Monocular_Camera;LiDAR_3D;Radar_mmWave;UWB].,2,2,1,1,6,Q-medium,"Rigor=2/4, Reporting=2/3, Baseline=1/2, Repro=1/1. Total=6/10 (Q-medium).",Important
REC_1438,3D motion planning for UAVs in GPS-denied unknown forest environment,Liao F.; Lai S.; Hu Y.; Cui J.; Wang J.L.; Teo R.; Lin F.,2016,10.1109/IVS.2016.7535393,IEEE Conference/Journal,Scopus,True,6,UAV,IMU;Stereo_Camera;LiDAR_3D,LiDAR_Inertial_Odometry_SLAM,LiDAR-Inertial / LiDAR SLAM,Indoor;Urban;Forest/Canopy;Adversarial/EW,Both_Real_and_Sim,Both,ATE_RMSE;Success_Rate;Computational_Latency,NOT_REPORTED,Inspection,Multi_Agent,Parsed from 6-page PDF. Primary evaluation: Both_Real_and_Sim with sensors [IMU;Stereo_Camera;LiDAR_3D].,2,3,0,0,5,Q-medium,"Rigor=2/4, Reporting=3/3, Baseline=0/2, Repro=0/1. Total=5/10 (Q-medium).",Important
REC_1439,3D map and mmWave radar-based self-localization for UAVs in GNSS-denied environments,Cui Y.; Zhang Y.; Bai D.; Diao Y.; Wang Y.,2026,10.1016/j.vehcom.2025.100986,IEEE Conference/Journal,Scopus,True,14,Multi_Platform,IMU;Stereo_Camera;LiDAR_2D;Radar_mmWave;UWB,Visual_LiDAR_Inertial_Fusion,Visual-LiDAR Fusion,Indoor;Urban;Underground/Tunnel;Adversarial/EW;Maritime/Water,Both_Real_and_Sim,Both,ATE_RMSE;Relative_Drift_Percent;RMSE;Success_Rate;Computational_Latency,NOT_REPORTED,Inspection,Multi_Agent,Parsed from 14-page PDF. Primary evaluation: Both_Real_and_Sim with sensors [IMU;Stereo_Camera;LiDAR_2D;Radar_mmWave;UWB].,3,3,2,1,9,Q-high,"Rigor=3/4, Reporting=3/3, Baseline=2/2, Repro=1/1. Total=9/10 (Q-high).",Core
REC_1443,Study on angle-only relative navigation for unmanned aerial vehicle formation in GPS-denied environment,Zheng Z.; Wang S.; Gong B.; Su E.; Huang H.,2023,10.1177/09544100221149235,IEEE Conference/Journal,Scopus,True,14,UAV,IMU;Monocular_Camera;UWB,Visual_Inertial_Odometry,Visual-Inertial (VIO/SLAM),Indoor;Urban;Underground/Tunnel;Forest/Canopy;Adversarial/EW,Simulation,Simulation,ATE_RMSE;Relative_Drift_Percent;Success_Rate;Computational_Latency,NOT_REPORTED,Inspection,Multi_Agent,Parsed from 14-page PDF. Primary evaluation: Simulation with sensors [IMU;Monocular_Camera;UWB].,1,3,0,0,4,Q-low,"Rigor=1/4, Reporting=3/3, Baseline=0/2, Repro=0/1. Total=4/10 (Q-low).",Peripheral
REC_1451,Vision Model-Based Real-Time Localization of Unmanned Aerial Vehicle for Autonomous Structure Inspection under GPS-Denied Environment,Shang Z.; Shen Z.,2019,10.1061/9780784482445.037,IEEE Conference/Journal,Scopus,True,8,Multi_Platform,IMU;Stereo_Camera,Visual_Inertial_Odometry,Visual-Inertial (VIO/SLAM),Indoor;Underground/Tunnel;Forest/Canopy;Adversarial/EW;Maritime/Water,Simulation,Simulation,ATE_RMSE;Success_Rate;Computational_Latency,NOT_REPORTED,Inspection,Single_Agent,Parsed from 8-page PDF. Primary evaluation: Simulation with sensors [IMU;Stereo_Camera].,0,2,0,0,2,Q-low,"Rigor=0/4, Reporting=2/3, Baseline=0/2, Repro=0/1. Total=2/10 (Q-low).",Peripheral
REC_1453,A Graph-Optimization-Based tightly coupled Multi-Source positioning method for UAVs in GNSS-Denied environments,Lu J.; Zhang Z.; Qi Y.; Song P.,2026,10.1016/j.measurement.2026.121787,IEEE Conference/Journal,Scopus,True,38,Multi_Platform,IMU;Stereo_Camera;LiDAR_3D;UWB;Optical_Flow,Visual_LiDAR_Inertial_Fusion,Visual-LiDAR Fusion,Indoor;Urban;Underground/Tunnel;Forest/Canopy;Adversarial/EW;Maritime/Water,Real_World,Real_World,ATE_RMSE;Relative_Drift_Percent;RMSE;Success_Rate;Computational_Latency,NOT_REPORTED,Mapping/Surveying,Single_Agent,Parsed from 38-page PDF. Primary evaluation: Real_World with sensors [IMU;Stereo_Camera;LiDAR_3D;UWB;Optical_Flow].,4,3,1,1,9,Q-high,"Rigor=4/4, Reporting=3/3, Baseline=1/2, Repro=1/1. Total=9/10 (Q-high).",Core
REC_1454,Adaptive UAV Visual Localisation Based on Improved Gradient-Damping Newton Method,Zhou X.; Fang A.; Fu S.; Liu J.; Zhang X.; Liao X.; Zhang J.,2026,10.3390/electronics15101974,IEEE Conference/Journal,Scopus,True,20,Multi_Platform,IMU;Monocular_Camera;LiDAR_3D,Visual_LiDAR_Inertial_Fusion,Visual-LiDAR Fusion,Indoor;Urban;Underground/Tunnel;Adversarial/EW,Both_Real_and_Sim,Both,ATE_RMSE;Relative_Drift_Percent;RMSE;Success_Rate;Computational_Latency,NOT_REPORTED,Inspection,Multi_Agent,Parsed from 20-page PDF. Primary evaluation: Both_Real_and_Sim with sensors [IMU;Monocular_Camera;LiDAR_3D].,4,3,1,0,8,Q-high,"Rigor=4/4, Reporting=3/3, Baseline=1/2, Repro=0/1. Total=8/10 (Q-high).",Core
REC_1455,Cross-Modal Images Matching Based Enhancement to MEMS INS for UAV Navigation in GNSS Denied Environments,Han S.; Zhao M.; Wang K.; Dong J.; Su A.,2023,10.3390/app13148238,IEEE Conference/Journal,Scopus,True,20,Multi_Platform,IMU;Stereo_Camera,Visual_Inertial_Odometry,Visual-Inertial (VIO/SLAM),Indoor;Urban;Underground/Tunnel;Adversarial/EW;Maritime/Water,Simulation,Simulation,ATE_RMSE;Relative_Drift_Percent;RMSE;Success_Rate;Computational_Latency,NOT_REPORTED,Inspection,Multi_Agent,Parsed from 20-page PDF. Primary evaluation: Simulation with sensors [IMU;Stereo_Camera].,2,3,1,1,7,Q-medium,"Rigor=2/4, Reporting=3/3, Baseline=1/2, Repro=1/1. Total=7/10 (Q-medium).",Important
REC_1459,Automatic UAV Inspection of Tunnel Infrastructure in GPS-Denied Underground Environment,Zhang R.; Ouyang A.; Li Z.,2023,10.1007/978-3-031-07258-1_53,IEEE Conference/Journal,Scopus,True,11,UAV,IMU;Monocular_Camera;LiDAR_3D,Visual_Inertial_Odometry,Visual-Inertial (VIO/SLAM),Indoor;Urban;Underground/Tunnel;Adversarial/EW,Simulation,Simulation,ATE_RMSE,NOT_REPORTED,Inspection,Single_Agent,Parsed from 11-page PDF. Primary evaluation: Simulation with sensors [IMU;Monocular_Camera;LiDAR_3D].,0,2,0,0,2,Q-low,"Rigor=0/4, Reporting=2/3, Baseline=0/2, Repro=0/1. Total=2/10 (Q-low).",Peripheral
REC_1463,Decentralised Multi-UAV Cooperative Searching Multi-Target in Cluttered and GPS-Denied Environments,Zhu X.; Vanegas F.; Gonzalez F.,2022,10.1109/AERO53065.2022.9843665,IEEE Conference/Journal,Scopus,True,11,UAV,IMU;Monocular_Camera;LiDAR_3D,Visual_Inertial_Odometry,Visual-Inertial (VIO/SLAM),Indoor;Urban;Underground/Tunnel;Forest/Canopy;Adversarial/EW,Both_Real_and_Sim,Both,ATE_RMSE;Relative_Drift_Percent;Success_Rate;Computational_Latency,NOT_REPORTED,Inspection,Multi_Agent,Parsed from 11-page PDF. Primary evaluation: Both_Real_and_Sim with sensors [IMU;Monocular_Camera;LiDAR_3D].,3,3,0,1,7,Q-medium,"Rigor=3/4, Reporting=3/3, Baseline=0/2, Repro=1/1. Total=7/10 (Q-medium).",Important
REC_1474,Robust UAV-Satellite Imagery Alignment via Cross-Domain Descriptor Learning and Homography Optimization,Xiao Y.; Wu Y.; Yang C.; Qin Z.; Yu Z.; Zheng H.,2026,10.1109/TGRS.2026.3689254,IEEE Conference/Journal,Scopus,True,15,UAV,IMU;Stereo_Camera,Visual_Inertial_Odometry,Visual-Inertial (VIO/SLAM),Indoor;Urban;Underground/Tunnel;Adversarial/EW;Maritime/Water,Real_World,Real_World,ATE_RMSE;Relative_Drift_Percent;RMSE;Success_Rate,NOT_REPORTED,Mapping/Surveying,Single_Agent,Parsed from 15-page PDF. Primary evaluation: Real_World with sensors [IMU;Stereo_Camera].,3,3,2,1,9,Q-high,"Rigor=3/4, Reporting=3/3, Baseline=2/2, Repro=1/1. Total=9/10 (Q-high).",Core
REC_1480,Pose estimation for an autonomous vehicle using monocular vision,Kothari N.; Gupta M.; Vachhani L.; Arya H.,2017,10.1109/INDIANCC.2017.7846512,IEEE Conference/Journal,Scopus,True,8,UAV,IMU;Stereo_Camera;LiDAR_3D;Sonar,Visual_Inertial_Odometry,Visual-Inertial (VIO/SLAM),Indoor;Urban;Underground/Tunnel;Adversarial/EW,Simulation,Simulation,ATE_RMSE;Success_Rate;Computational_Latency,NOT_REPORTED,Mapping/Surveying,Single_Agent,Parsed from 8-page PDF. Primary evaluation: Simulation with sensors [IMU;Stereo_Camera;LiDAR_3D;Sonar].,0,2,0,0,2,Q-low,"Rigor=0/4, Reporting=2/3, Baseline=0/2, Repro=0/1. Total=2/10 (Q-low).",Peripheral
REC_1502,A UAV-based explore-then-exploit system for autonomous indoor facility inspection and scene reconstruction,Gao C.; Wang X.; Wang R.; Zhao Z.; Zhai Y.; Chen X.; Chen B.M.,2023,10.1016/j.autcon.2023.104753,IEEE Conference/Journal,Scopus,True,14,Multi_Platform,IMU;Stereo_Camera;LiDAR_3D;UWB,Visual_LiDAR_Inertial_Fusion,Visual-LiDAR Fusion,Indoor;Urban;Underground/Tunnel;Forest/Canopy;Adversarial/EW,Real_World,Real_World,ATE_RMSE;Relative_Drift_Percent;RMSE;Success_Rate;Computational_Latency,NOT_REPORTED,Inspection,Multi_Agent,Parsed from 14-page PDF. Primary evaluation: Real_World with sensors [IMU;Stereo_Camera;LiDAR_3D;UWB].,4,3,1,1,9,Q-high,"Rigor=4/4, Reporting=3/3, Baseline=1/2, Repro=1/1. Total=9/10 (Q-high).",Core
REC_1512,Hierarchical Multi-Agent Navigation Through the 72-h Thermal Drift Cliff,Alrashed M.; Aldaihani H.; Alqattan M.,2026,10.3390/drones10080561,IEEE Conference/Journal,Scopus,True,36,Multi_Platform,IMU;Thermal_Camera;LiDAR_3D;Radar_mmWave,Visual_LiDAR_Inertial_Fusion,Visual-LiDAR Fusion,Indoor;Urban;Underground/Tunnel;Adversarial/EW;Maritime/Water,Both_Real_and_Sim,Both,ATE_RMSE;Relative_Drift_Percent;RMSE;Success_Rate;Computational_Latency,NOT_REPORTED,Inspection,Multi_Agent,Parsed from 36-page PDF. Primary evaluation: Both_Real_and_Sim with sensors [IMU;Thermal_Camera;LiDAR_3D;Radar_mmWave].,3,3,0,1,7,Q-medium,"Rigor=3/4, Reporting=3/3, Baseline=0/2, Repro=1/1. Total=7/10 (Q-medium).",Important
REC_1541,Visual-Thermal Landmarks and Inertial Fusion for Navigation in Degraded Visual Environments,Khattak S.; Papachristos C.; Alexis K.,2019,10.1109/AERO.2019.8741787,IEEE Conference/Journal,Scopus,True,9,Multi_Platform,IMU;Stereo_Camera;LiDAR_3D;Radar_mmWave,Visual_LiDAR_Inertial_Fusion,Visual-LiDAR Fusion,Indoor;Urban;Underground/Tunnel;Adversarial/EW,Simulation,Simulation,ATE_RMSE;Success_Rate;Computational_Latency,NOT_REPORTED,Inspection,Single_Agent,Parsed from 9-page PDF. Primary evaluation: Simulation with sensors [IMU;Stereo_Camera;LiDAR_3D;Radar_mmWave].,1,3,1,1,6,Q-medium,"Rigor=1/4, Reporting=3/3, Baseline=1/2, Repro=1/1. Total=6/10 (Q-medium).",Important
REC_1557,Model-Based Cooperative Navigation for a Group of Flying Robots,Faghihinia A.; Atashgah M.A.A.; Dehghan S.M.M.,2022,10.1109/TAES.2021.3136247,IEEE Conference/Journal,Scopus,True,11,Multi_Platform,IMU;Monocular_Camera;UWB,Visual_Inertial_Odometry,Visual-Inertial (VIO/SLAM),Urban;Underground/Tunnel;Adversarial/EW;Maritime/Water,Simulation,Simulation,ATE_RMSE;RMSE;Success_Rate;Computational_Latency,NOT_REPORTED,Search_and_Rescue,Multi_Agent,Parsed from 11-page PDF. Primary evaluation: Simulation with sensors [IMU;Monocular_Camera;UWB].,2,2,0,0,4,Q-low,"Rigor=2/4, Reporting=2/3, Baseline=0/2, Repro=0/1. Total=4/10 (Q-low).",Peripheral
REC_1561,Characterization of mountain drainage patterns for GPS-denied UAS navigation augmentation,Wang T.; Celik K.; Somani A.K.,2016,10.1007/s00138-015-0723-9,IEEE Conference/Journal,Scopus,True,15,UAV,IMU;Stereo_Camera;Radar_mmWave,Visual_Inertial_Odometry,Visual-Inertial (VIO/SLAM),Indoor;Urban;Underground/Tunnel;Forest/Canopy;Adversarial/EW;Maritime/Water,Simulation,Simulation,ATE_RMSE;Success_Rate,NOT_REPORTED,Inspection,Single_Agent,Parsed from 15-page PDF. Primary evaluation: Simulation with sensors [IMU;Stereo_Camera;Radar_mmWave].,1,2,0,1,4,Q-low,"Rigor=1/4, Reporting=2/3, Baseline=0/2, Repro=1/1. Total=4/10 (Q-low).",Peripheral
REC_1564,Ultra-wideband based cooperative relative localization algorithm and experiments for multiple unmanned aerial vehicles in GPS denied environments,Guo K.; Qiu Z.; Meng W.; Xie L.; Teo R.,2017,10.1177/1756829317695564,IEEE Conference/Journal,Scopus,True,18,UAV,IMU;Monocular_Camera;LiDAR_2D;Radar_mmWave;UWB;Sonar,LiDAR_Inertial_Odometry_SLAM,LiDAR-Inertial / LiDAR SLAM,Indoor;Urban;Underground/Tunnel;Forest/Canopy;Adversarial/EW,Both_Real_and_Sim,Both,ATE_RMSE;Relative_Drift_Percent;Success_Rate;Computational_Latency,NOT_REPORTED,Mapping/Surveying,Multi_Agent,Parsed from 18-page PDF. Primary evaluation: Both_Real_and_Sim with sensors [IMU;Monocular_Camera;LiDAR_2D;Radar_mmWave;UWB;Sonar].,4,2,0,0,6,Q-medium,"Rigor=4/4, Reporting=2/3, Baseline=0/2, Repro=0/1. Total=6/10 (Q-medium).",Important
REC_1573,Visual-based localization methods for unmanned aerial vehicles in landing operation on maritime vessel,Nguyen T.-T.; Hamesse C.; Dutrannois T.; Halleux T.; De Cubber G.; Haelterman R.; Janssens B.,2024,10.21014/actaimeko.v13i4.1575,IEEE Conference/Journal,Scopus,True,13,Multi_Platform,IMU;Stereo_Camera;LiDAR_2D;Radar_mmWave,Visual_LiDAR_Inertial_Fusion,Visual-LiDAR Fusion,Indoor;Urban;Adversarial/EW;Maritime/Water,Both_Real_and_Sim,Both,ATE_RMSE;Relative_Drift_Percent;RMSE;Success_Rate;Computational_Latency,NOT_REPORTED,Mapping/Surveying,Single_Agent,Parsed from 13-page PDF. Primary evaluation: Both_Real_and_Sim with sensors [IMU;Stereo_Camera;LiDAR_2D;Radar_mmWave].,4,3,1,1,9,Q-high,"Rigor=4/4, Reporting=3/3, Baseline=1/2, Repro=1/1. Total=9/10 (Q-high).",Core
REC_1576,Autonomous dynamic docking of UAV based on UWB-vision in GPS-denied environment,Cheng C.; Li X.; Xie L.; Li L.,2022,10.1016/j.jfranklin.2022.03.005,IEEE Conference/Journal,Scopus,True,22,Multi_Platform,IMU;Depth_Camera;UWB,Visual_Inertial_Odometry,Visual-Inertial (VIO/SLAM),Indoor;Urban;Underground/Tunnel;Forest/Canopy;Adversarial/EW,Both_Real_and_Sim,Both,ATE_RMSE;Success_Rate;Computational_Latency,NOT_REPORTED,Inspection,Multi_Agent,Parsed from 22-page PDF. Primary evaluation: Both_Real_and_Sim with sensors [IMU;Depth_Camera;UWB].,3,2,0,0,5,Q-medium,"Rigor=3/4, Reporting=2/3, Baseline=0/2, Repro=0/1. Total=5/10 (Q-medium).",Important
REC_1582,Overview of Mutual Localization Techniques Between Unmanned Aerial Vehicles in Swarm,Czaja B.; Maślanka K.; Skokowski P.; Kelner J.,2025,10.12716/1001.19.01.37,IEEE Conference/Journal,Scopus,True,7,UAV,IMU;Thermal_Camera;LiDAR_3D;Radar_mmWave;UWB;Sonar,Visual_LiDAR_Inertial_Fusion,Visual-LiDAR Fusion,Indoor;Underground/Tunnel;Forest/Canopy;Adversarial/EW;Maritime/Water,Simulation,Simulation,ATE_RMSE;Success_Rate,NOT_REPORTED,Search_and_Rescue,Multi_Agent,Parsed from 7-page PDF. Primary evaluation: Simulation with sensors [IMU;Thermal_Camera;LiDAR_3D;Radar_mmWave;UWB;Sonar].,2,2,0,0,4,Q-low,"Rigor=2/4, Reporting=2/3, Baseline=0/2, Repro=0/1. Total=4/10 (Q-low).",Peripheral
REC_1587,Landmark-Based Scale Estimation and Correction of Visual Inertial Odometry for VTOL UAVs in a GPS-Denied Environment,Lee J.-C.; Chen C.-C.; Shen C.-T.; Lai Y.-C.,2022,10.3390/s22249654,IEEE Conference/Journal,Scopus,True,16,Multi_Platform,IMU;Stereo_Camera;LiDAR_3D;Radar_mmWave,Visual_LiDAR_Inertial_Fusion,Visual-LiDAR Fusion,Indoor;Urban;Underground/Tunnel;Adversarial/EW;Maritime/Water,Real_World,Real_World,ATE_RMSE;Relative_Drift_Percent;RMSE;Success_Rate;Computational_Latency,NOT_REPORTED,Inspection,Multi_Agent,Parsed from 16-page PDF. Primary evaluation: Real_World with sensors [IMU;Stereo_Camera;LiDAR_3D;Radar_mmWave].,3,2,1,1,7,Q-medium,"Rigor=3/4, Reporting=2/3, Baseline=1/2, Repro=1/1. Total=7/10 (Q-medium).",Important
REC_1608,Long-term aerial robot localization based on visual odometry and radio-based ranging,Perez-Grau F.J.; Fabresse F.R.; Caballero F.; Viguria A.; Ollero A.,2016,10.1109/ICUAS.2016.7502653,IEEE Conference/Journal,Scopus,True,7,Multi_Platform,IMU;Stereo_Camera;LiDAR_3D;Optical_Flow,Visual_LiDAR_Inertial_Fusion,Visual-LiDAR Fusion,Indoor;Urban;Underground/Tunnel;Forest/Canopy;Adversarial/EW;Maritime/Water,Real_World,Real_World,ATE_RMSE;Relative_Drift_Percent;RMSE;Success_Rate;Computational_Latency,1.54m,Inspection,Single_Agent,Parsed from 7-page PDF. Primary evaluation: Real_World with sensors [IMU;Stereo_Camera;LiDAR_3D;Optical_Flow].,4,3,0,0,7,Q-medium,"Rigor=4/4, Reporting=3/3, Baseline=0/2, Repro=0/1. Total=7/10 (Q-medium).",Important
REC_1612,Visual GPS-denied multi-agent localization & terrain classification,Chiel B.S.; Baillieul J.,2018,10.1109/AERO.2018.8396392,IEEE Conference/Journal,Scopus,True,12,Multi_Platform,IMU;Monocular_Camera,Visual_Inertial_Odometry,Visual-Inertial (VIO/SLAM),Indoor;Urban;Underground/Tunnel;Forest/Canopy;Adversarial/EW;Maritime/Water,Both_Real_and_Sim,Both,ATE_RMSE;Relative_Drift_Percent;Success_Rate,NOT_REPORTED,Inspection,Multi_Agent,Parsed from 12-page PDF. Primary evaluation: Both_Real_and_Sim with sensors [IMU;Monocular_Camera].,3,3,1,0,7,Q-medium,"Rigor=3/4, Reporting=3/3, Baseline=1/2, Repro=0/1. Total=7/10 (Q-medium).",Important
REC_1619,Robust Autonomous Flight in Constrained and Visually Degraded Shipboard Environments,Fang Z.; Yang S.; Jain S.; Dubey G.; Roth S.; Maeta S.; Nuske S.; Zhang Y.; Scherer S.,2017,10.1002/rob.21670,IEEE Conference/Journal,Scopus,True,28,Multi_Platform,IMU;Stereo_Camera;LiDAR_3D;Sonar,Visual_LiDAR_Inertial_Fusion,Visual-LiDAR Fusion,Indoor;Urban;Underground/Tunnel;Forest/Canopy;Adversarial/EW;Maritime/Water,Both_Real_and_Sim,Both,ATE_RMSE;Relative_Drift_Percent;Success_Rate;Computational_Latency,NOT_REPORTED,Inspection,Single_Agent,Parsed from 28-page PDF. Primary evaluation: Both_Real_and_Sim with sensors [IMU;Stereo_Camera;LiDAR_3D;Sonar].,4,3,2,1,10,Q-high,"Rigor=4/4, Reporting=3/3, Baseline=2/2, Repro=1/1. Total=10/10 (Q-high).",Core
REC_1637,Virtual testbed for monocular visual navigation of small unmanned aircraft systems,Kim K.; Leishman R.C.; Nykl S.L.,2022,10.1177/1548512920954545,IEEE Conference/Journal,Scopus,True,14,Multi_Platform,IMU;Stereo_Camera;LiDAR_3D,Visual_Inertial_Odometry,Visual-Inertial (VIO/SLAM),Indoor;Urban;Underground/Tunnel;Forest/Canopy;Adversarial/EW,Both_Real_and_Sim,Both,ATE_RMSE;Relative_Drift_Percent;RMSE;Success_Rate;Computational_Latency,NOT_REPORTED,Inspection,Multi_Agent,Parsed from 14-page PDF. Primary evaluation: Both_Real_and_Sim with sensors [IMU;Stereo_Camera;LiDAR_3D].,4,3,1,1,9,Q-high,"Rigor=4/4, Reporting=3/3, Baseline=1/2, Repro=1/1. Total=9/10 (Q-high).",Core
REC_1640,Automatic landing of a low-cost quadrotor using monocular vision and Kalman filter in GPS-denied environments,Sani M.F.; Shoaran M.; Karimian G.,2019,10.3906/elk-1809-204,IEEE Conference/Journal,Scopus,True,19,Multi_Platform,IMU;Stereo_Camera;Radar_mmWave;UWB,Visual_Inertial_Odometry,Visual-Inertial (VIO/SLAM),Indoor;Urban;Underground/Tunnel;Adversarial/EW;Maritime/Water,Simulation,Simulation,ATE_RMSE;RMSE;Success_Rate;Computational_Latency,NOT_REPORTED,Mapping/Surveying,Multi_Agent,Parsed from 19-page PDF. Primary evaluation: Simulation with sensors [IMU;Stereo_Camera;Radar_mmWave;UWB].,1,2,0,0,3,Q-low,"Rigor=1/4, Reporting=2/3, Baseline=0/2, Repro=0/1. Total=3/10 (Q-low).",Peripheral
REC_1642,UAV based target finding and tracking in GPS-denied and cluttered environments,Vanegas F.; Campbell D.; Eich M.; Gonzalez F.,2016,10.1109/IROS.2016.7759360,IEEE Conference/Journal,Scopus,True,8,Multi_Platform,IMU;Monocular_Camera,Visual_Inertial_Odometry,Visual-Inertial (VIO/SLAM),Indoor;Urban;Underground/Tunnel;Forest/Canopy;Adversarial/EW;Maritime/Water,Both_Real_and_Sim,Both,ATE_RMSE;Relative_Drift_Percent;Success_Rate;Computational_Latency,NOT_REPORTED,Inspection,Multi_Agent,Parsed from 8-page PDF. Primary evaluation: Both_Real_and_Sim with sensors [IMU;Monocular_Camera].,4,3,0,0,7,Q-medium,"Rigor=4/4, Reporting=3/3, Baseline=0/2, Repro=0/1. Total=7/10 (Q-medium).",Important
REC_1653,A Novel Scene Matching Algorithm via Deep Learning for Vision-based UAV Absolute Localization,Ren Y.; Wang Z.,2022,10.1109/MLCCIM55934.2022.00043,IEEE Conference/Journal,Scopus,True,8,UAV,IMU;Stereo_Camera;Radar_mmWave;Optical_Flow,Visual_Inertial_Odometry,Visual-Inertial (VIO/SLAM),Urban;Underground/Tunnel;Adversarial/EW,Simulation,Simulation,ATE_RMSE;Relative_Drift_Percent;Success_Rate;Computational_Latency,NOT_REPORTED,Mapping/Surveying,Single_Agent,Parsed from 8-page PDF. Primary evaluation: Simulation with sensors [IMU;Stereo_Camera;Radar_mmWave;Optical_Flow].,0,3,0,0,3,Q-low,"Rigor=0/4, Reporting=3/3, Baseline=0/2, Repro=0/1. Total=3/10 (Q-low).",Peripheral
REC_1660,A Novel Ranging and IMU-Based Method for Relative Positioning of Two-MAV Formation in GNSS-Denied Environments,Cheng J.; Ren P.; Deng T.,2023,10.3390/s23094366,IEEE Conference/Journal,Scopus,True,23,Multi_Platform,IMU;Thermal_Camera;LiDAR_2D;Radar_mmWave;UWB,Visual_Inertial_Odometry,Visual-Inertial (VIO/SLAM),Indoor;Urban;Underground/Tunnel;Forest/Canopy;Adversarial/EW,Simulation,Simulation,ATE_RMSE;Relative_Drift_Percent;Success_Rate,NOT_REPORTED,Inspection,Multi_Agent,Parsed from 23-page PDF. Primary evaluation: Simulation with sensors [IMU;Thermal_Camera;LiDAR_2D;Radar_mmWave;UWB].,2,3,0,1,6,Q-medium,"Rigor=2/4, Reporting=3/3, Baseline=0/2, Repro=1/1. Total=6/10 (Q-medium).",Important
REC_1667,Autonomous Mapping and Navigation Unit for Aerial Robots,Baiao J.; Prado D.; Soares L.; Soares G.; Vangasse A.; Cruz G.; Lima R.; Pimenta L.; Goncalves V.; Freitas G.,2025,10.1109/ICAR65334.2025.11338655,IEEE Conference/Journal,Scopus,True,25,Multi_Platform,IMU;Stereo_Camera;LiDAR_3D,LiDAR_Inertial_Odometry_SLAM,LiDAR-Inertial / LiDAR SLAM,Indoor;Urban;Underground/Tunnel;Forest/Canopy;Adversarial/EW;Maritime/Water,Simulation,Simulation,ATE_RMSE;Relative_Drift_Percent;Success_Rate;Computational_Latency,NOT_REPORTED,Inspection,Multi_Agent,Parsed from 25-page PDF. Primary evaluation: Simulation with sensors [IMU;Stereo_Camera;LiDAR_3D].,1,3,0,1,5,Q-medium,"Rigor=1/4, Reporting=3/3, Baseline=0/2, Repro=1/1. Total=5/10 (Q-medium).",Important
REC_1678,Position and Orientation from Asynchronous Lidar in GNSS Denied Environments,Glennie C.; Haces-Garcia F.,2026,10.5194/isprs-annals-XI-1-2026-151-2026,IEEE Conference/Journal,Scopus,True,8,UAV,IMU;LiDAR_2D,LiDAR_Inertial_Odometry_SLAM,LiDAR-Inertial / LiDAR SLAM,Urban;Underground/Tunnel;Adversarial/EW,Both_Real_and_Sim,Both,ATE_RMSE;Relative_Drift_Percent;Success_Rate,NOT_REPORTED,Mapping/Surveying,Multi_Agent,Parsed from 8-page PDF. Primary evaluation: Both_Real_and_Sim with sensors [IMU;LiDAR_2D].,2,2,0,1,5,Q-medium,"Rigor=2/4, Reporting=2/3, Baseline=0/2, Repro=1/1. Total=5/10 (Q-medium).",Important
REC_1688,Pose estimation based on laser range finder for a quadrotor unmanned aerial vehicle in GPS-denied environment,X. Gu; B. Xian; F. Guo; Y. Zhang; X. Zhang,2013,10.1109/access.2019.2909530,IEEE Conference/Journal,IEEE_Xplore,True,63,Multi_Platform,IMU;Stereo_Camera;LiDAR_2D;Radar_mmWave,Visual_LiDAR_Inertial_Fusion,Visual-LiDAR Fusion,Indoor;Urban;Underground/Tunnel;Forest/Canopy;Adversarial/EW;Maritime/Water,Both_Real_and_Sim,Both,ATE_RMSE;Relative_Drift_Percent;Success_Rate;Computational_Latency,NOT_REPORTED,Inspection,Multi_Agent,Parsed from 63-page PDF. Primary evaluation: Both_Real_and_Sim with sensors [IMU;Stereo_Camera;LiDAR_2D;Radar_mmWave].,3,3,1,1,8,Q-high,"Rigor=3/4, Reporting=3/3, Baseline=1/2, Repro=1/1. Total=8/10 (Q-high).",Core
REC_1715,"Autonomous targeted flight of a rotary-wing micro aerial vehicle in indoor, GPS-denied environments",Potyagaylo S.; Rand O.,2014,10.1109/access.2019.2909530,IEEE Conference/Journal,Scopus,True,63,Multi_Platform,IMU;Stereo_Camera;LiDAR_2D;Radar_mmWave,Visual_LiDAR_Inertial_Fusion,Visual-LiDAR Fusion,Indoor;Urban;Underground/Tunnel;Forest/Canopy;Adversarial/EW;Maritime/Water,Both_Real_and_Sim,Both,ATE_RMSE;Relative_Drift_Percent;Success_Rate;Computational_Latency,NOT_REPORTED,Inspection,Multi_Agent,Parsed from 63-page PDF. Primary evaluation: Both_Real_and_Sim with sensors [IMU;Stereo_Camera;LiDAR_2D;Radar_mmWave].,3,3,1,1,8,Q-high,"Rigor=3/4, Reporting=3/3, Baseline=1/2, Repro=1/1. Total=8/10 (Q-high).",Core
