id,title,authors,year,venue,doi,problem,motivation,gps_denied_type,environment,platform,sensors,method_category,algorithm,real_or_sim,dataset,metrics,headline_result,baseline,ablation,limitations,future_work,taxonomy_category,contribution_type,country,funding,notes,_source_pages
REC_0001,BIM-Assisted UAV Topological Localization and Navigation Method for GPS-Denied Indoor Environments,NOT_REPORTED,2026,NOT_REPORTED,10.1109/ICCIR70228.2026.11633308,"""However, reliable indoor UAV operation fundamentally depends on robust localization and navigation capabilities. Unlike outdoor environments, indoor scenarios typically suffer from unavailable or severely degraded Global Positioning System (GPS) signals"" [p.1].","""Existing indoor localization approaches mainly focus on recovering continuous metric coordinates and performing navigation on geometric maps[5]. Chen et al. [6] transformed BIM semantic and geometric information into a graph structure for UAV navigation, improving the interpretability of indoor path planning. However, the approach primarily focused on navigation planning and assumed that the UAV location was already known, failing to address localization ambiguity caused by repetitive corridors and visually similar rooms in GPS-denied indoor environments."" [p.1].",INDOOR,"""UAV perception input was simulated using monocular image sequences collected in a real university teaching-building environment containing repetitive corridors, room entrances, and staircase regions."" [p.3]","""The proposed framework was implemented in Python using PyTorch for image semantic classification and NetworkX for BIM topology construction and path planning. UAV perception input was simulated using monocular image sequences collected in a real university teaching-building environment containing repetitive corridors, room entrances, and staircase regions."" [p.3]","""The inputs of the proposed framework include the building BIM model and the image sequence captured by the onboard UAV camera"" [p.1]",HYBRID,BIM-assisted UAV topological localization and navigation framework,BOTH,"""The dataset consisted of 721 indoor images, including 349 Corridor images, 319 Room images, and 53 Stair images, with an 8:2 training-testing split."" [p.3]","Localization Coverage, Valid-frame Node Accuracy","| metric | value + unit | baseline value | page |
| Localization Coverage | 95.95% | NO_BASELINE | p.4 |
| Valid-frame Node Accuracy | 100.00% | NO_BASELINE | p.4 |

""Results demonstrate that the proposed framework achieves 95.95% localization coverage and 100% valid-frame node accuracy"" [p.1].

""TABLE 1 BIM TOPOLOGY-AWARE RECURSIVE LOCALIZATION RESULTS ... Total 74 14 57 71 3 95.95% 100.00%"" [p.4].",NO_BASELINE,NOT_REPORTED,"""The current experiment was conducted on a relatively small topology graph consisting of 16 nodes. Although the results demonstrate the feasibility and robustness of the proposed recursive topological inference mechanism, real-world smart-building applications may involve hundreds of interconnected nodes with more complex semantic ambiguities."" [p.4].","""Future work will compare it with representative visual localization methods, including feature-based approaches, visual SLAM, and deep-learning-based place recognition. The evaluation will consider localization accuracy, robustness, computational efficiency, and navigation consistency in GPS-denied indoor environments."" [p.4].",CORE: the paper's primary contribution is GPS-denied navigation,METHOD,"China (Nanchang Hangkong University, Jiangxi)","""Project: Early-Career Young Scientists and Technologists Project of Jiangxi Province (Grants No. 20244BCE52093), Jiangxi Provincial Department of Education Scientific and Technological Research Project (Grants No. GJJ2401011)."" [p.4]","The reference [6] appears twice in the abstract page as ""Chen et al."" but the reference list contains only one [6] entry. The OCR text references an unusual second ""Lv Zhou"" author with the same email as Hao Pan (71278@nchu.edu.cn), which may be an error in the source. In Table 1, the column header row appears concatenated in the extraction (""PathTotal FramesStrong Observation Frames...""), which is a rendering artifact of the table, not a paper error. Section 3 (Experimental Design) reports the framework is ""implemented in Python"" and uses ""simulated"" monocular image sequences, which conflicts with the abstract's claim of ""real university teaching-building environment"" experiments; the source describes simulated perception input with real images. This ambiguity is noted but not corrected.","1, 2, 3, 4"
REC_0003,Autonomous Navigation in GPS-Denied Environments Using Visual SLAM,NOT_REPORTED,2026,NOT_REPORTED,10.1109/ICTP67998.2026.11485150,"""However, the reliance on GPS presents a significant obstacle to developing truly autonomous UAV capabilities, particularly in indoor or GPS-denied environments."" [p.1].","""The proposed method has great potential in a country like Nepal, where most of the terrain is outside the reach of the GPS signals and is prone to disasters."" [p.2].",INDOOR,"""The autonomous flight of the quadcopter was tested in an indoor environment created in a room, with dimensions of 10 m × 8 m with nets installed on the sides for safety."" [p.3]","""The quadcopter was then integrated with an Intel RealSense D435, a VL53L1X rangefinder, a Pixhawk 4 flight computer, and a Raspberry Pi 4B onboard computer."" [p.3]","""an Intel RealSense D435 depth camera, a Raspberry Pi 4B for onboard computation, a laser rangefinder for altitude measurement, and a Pixhawk 4 flight controller"" [p.1]",SLAM,RTAB-Map SLAM with A* and Regulated Pure Pursuit,BOTH,"""TUM RGB-D dataset"" [p.2]","Mean path error, Mean altitude deviation, RMSE Avg. (RTAB-Map), Mean Path Error (No Obstacle), Mean Path Error (Single Obstacle), Mean Path Error (Two-obstacle), Mean Path Error (Manufacturing Laboratory), Mean Path Error (Senior Classroom)","| metric | value + unit | baseline value | page |
| Mean path error | 0.094 ± 0.031 m | NO_BASELINE | p.1 |
| Mean altitude deviation | 0.027 ± 0.005 m | NO_BASELINE | p.1 |
| RMSE Avg. (RTAB-Map) | 0.287 m | ORB-SLAM3 1.720 m; OpenVSLAM 0.392 m | p.2 |
| Mean Path Error (No Obstacle) | 0.07 m | NO_BASELINE | p.4 |
| Mean Path Error (Single Obstacle) | 0.13 m | NO_BASELINE | p.4 |
| Mean Path Error (Two-obstacle) | 0.09 m | NO_BASELINE | p.4 |
| Mean Path Error (Manufacturing Laboratory) | 0.12 m | NO_BASELINE | p.4 |
| Mean Path Error (Senior Classroom) | 0.06 m | NO_BASELINE | p.4 |

""the proposed scheme shows mean path error and mean altitude deviation of 0.094 ± 0.031 m and 0.027 ± 0.005 m respectively, across indoor environments"" [p.4].","""ORB-SLAM3 1.720 03:35 RTAB-Map 0.287 05:20 OpenVSLAM 0.392 03:26"" [p.2]",NOT_REPORTED,"""However, the quadcopter's capacity to carry out path planning and obstacle avoidance was only restricted to 2D due to hardware limitations."" [p.5].
""The mean altitude deviation is in between 4% to 7% for all cases which is due to the noise associated with laser range finder sensor."" [p.5].","""The future scope of this work focuses on improving the robustness and suitability of the quadcopter for real-world deployment by increasing both its computational power and operational range. Key improvements would be upgrading the onboard processing hardware for handling visual SLAM more efficiently and incorporating 3D path planning. Performance can also be optimized by shifting computationally intensive tasks to a ground station via wireless data transfer allowing offboard SLAM and path planning."" [p.5].",CORE: the paper's primary contribution is GPS-denied navigation,SYSTEM,"Nepal (Tribhuvan University, IOE Pulchowk Campus)","""The authors express their sincere gratitude to the Research Center of Low Altitude Economy (RCLAE) for their valuable support in facilitating the research activities presented in this paper."" [p.5]","Author email for Lucky Babu Jayswal reads ""077bas019. lucky@pcampus.edu.np"" with a space after the period, likely a typo in the source. The paper's abstract reports ""0.094 ± 0.031 m"" and ""0.027 ± 0.005 m"", but Table II lists per-environment values (0.070, 0.130, 0.090, 0.120, 0.060) whose mean is 0.094, consistent. The venue is not stated in the extracted text. The paper contains an unnumbered ""1"" at the top of page 5, a formatting artifact. Figure numbering repeats ""Fig. 6: 3D PCL Map of Virtual Environment"" twice on page 4, a source typo.","1, 2, 3, 4, 5"
REC_0006,A Multi-Sensor Fusion Framework for Unmanned Aerial Vehicle (UAV) Navigation and Inspection in GPS-Denied and Degraded Environments,NOT_REPORTED,2026,NOT_REPORTED,10.1109/APSCON68325.2026.11497125,"""Reliable autonomous navigation of Unmanned Aerial Vehicles (UAVs) in GPS-denied environments remains a significant challenge due to signal attenuation, spoofing, and jamming."" [p.1].","""Indoor environments such as warehouses, underground facilities, and dense urban areas suffer from severe GPS signal attenuation due to structural occlusions, while outdoor scenarios including forests and open terrains are vulnerable to GPS spoofing, jamming, and atmospheric disturbances. These conditions result in unreliable localization, motivating navigation solutions that do not rely solely on satellite-based positioning [1]."" [p.1].",MIXED,"""Indoor navigation was validated in a challenging warehouse testbed representing a highly complex, GPS-degraded industrial environment. The facility consisted of high-density storage racks reaching heights of 10-15 m overhead cranes, and heterogeneous inventory objects."" [p.3]","""A custom-built quadcopter platform, GATHI (GPS-denied Aerial Tracking and Homing Intelligence), shown in Fig. 1, was developed using a Holybro X500 V2 carbon-fiber frame."" [p.3]","""The ZED 2i stereo camera [11] serves as the primary sensing modality for visual-inertial odometry and 3D mapping."" [p.3]",HYBRID,Multi-sensor fusion framework with VSLAM and 2D digital twin,BOTH,NOT_REPORTED,"SIL mean deviation, SIL max deviation, HIL mean deviation, HIL max deviation, Spoofing position error increase, Spoofing apparent displacement, Jamming satellite drop","| metric | value + unit | baseline value | page |
| SIL mean deviation | 3.95 cm | NO_BASELINE | p.4 |
| SIL max deviation | 10 cm | NO_BASELINE | p.4 |
| HIL mean deviation | 4.10 cm | NO_BASELINE | p.4 |
| HIL max deviation | 15 cm | NO_BASELINE | p.4 |
| Spoofing position error increase | 0.5 m to 85.3 m within 3 s | NO_BASELINE | p.2 |
| Spoofing apparent displacement | ~1200 km within 10 s | NO_BASELINE | p.2 |
| Jamming satellite drop | 8 to 0 within 10 s | NO_BASELINE | p.2 |

""TABLEI SUMMARY OF SIL AND HIL NAVIGATION PERFORMANCE ... Simulated 100 m 3.95 cm 10 cm Real 50 m 4.10 cm 15 cm"" [p.4].",NO_BASELINE,NOT_REPORTED,"""Despite its effectiveness indoors, VSLAM-based navigation relying on dense 3D point clouds is computationally expensive and less suitable for large-scale outdoor environments, while also being sensitive to lighting variations and altitude changes [8], [10]."" [p.4].","""Future work will focus on developing a unified digital twin framework that integrates complementary sensing modalities, including thermal imaging and electromagnetic-wave-based sensors, to provide robust and lighting-independent navigation cues."" [p.4].",CORE: the paper's primary contribution is GPS-denied navigation,SYSTEM,India (Indian Institute of Technology Hyderabad),NOT_REPORTED,"The paper's reference list contains a duplicate entry: [7] and [9] are both ""S. Workman, R. Souvenir, and N. Jacobs, 'Wide-Area Image Geolocalization with Aerial Reference Imagery,' IEEE TPAMI, vol. 39, no. 9, pp. 1888-1900"" with slightly different year formatting, a source error. Page 2 begins with an artifact ""1terference"" (broken word ""interference""), an OCR/layout artifact. Equation numbering jumps: Eqs. (1)-(4) appear on pages 2-3. Table I lacks a space in ""TABLEI"", a source typo. The venue is not stated. Year 2025 inferred from reference [11] ""Accessed: Sep. 28, 2025""; this is an inference, not a printed publication year.","1, 2, 3, 4"
REC_0008,"This may be the author’s version of a work that was submitted/accepted for publication in the following source: Vanegas Alvarez, Fernando , Gaston, Kevin, Roberts, Jonathan , & Gonza- lez, Felipe (2019) A framework for UAV navigation and exploration in GPS-denied environ- ments. In Profet, K & Mattingly, R (Eds.) Proceedings of the 40th IEEE Aerospace Conference. Institute of Electrical and Electronics Engineers Inc., United States of America, pp. 1-6. This ﬁle was downloaded from: https://eprints.qut.edu.au/127816/ © Consult author(s) regarding copyright matters License : Creative Commons: Attribution-Noncommercial 4.0 Notice : Please note that this document may not be the Version of Record (i.e. published version) of the work. Author manuscript versions (as Sub- mitted for peer review or as Accepted for publication after peer review) can be identiﬁed by an absence of publisher branding and/or typeset appear- ance. If there is any doubt, please refer to the published source. https://doi.org/10.1109/AERO.2019.8741612",NOT_REPORTED,2019,NOT_REPORTED,10.1109/AERO.2019.8741612,"""However, there exist challenging scenarios in which the UAV is required to fly under structures, such as bridges, within mines and buildings or below dense canopy, or in natural or urban canyons in which the GPS signal is partially or completely obstructed."" [p.2].","""The aim of this research is to combine the use of localisation algorithms such as SLAM [1], [2] and/or Visual Odometry (VO) [3], [4] with POMDP [5], [6] algorithms into a framework in which the navigation and exploration tasks are modelled as sequential decision problems under uncertainty."" [p.2].",MIXED,"""The framework was tested in simulation using software in the loop (SITL)."" [p.5]","""The framework is simulated using the simulation environment Gazebo, with a simulated 3DR iris UAV platform using a PX4 dronecode firmware."" [p.2]","""Internal sensors such as IMU, GPS, compass, barometric pressure, optical flow and point lidar are used in this estimation."" [p.3]",OTHER (POMDP planning with SLAM/VO),POMDP-based navigation and exploration framework,SIM,NOT_REPORTED,NOT_REPORTED,NOT_REPORTED,NO_BASELINE,NOT_REPORTED,NOT_REPORTED,"""Ongoing work focuses on implementation of the framework in a real scenario using an Intel aero drone equipped with a depth sensor. This implementation will use the same flight controller firmware and ROS environment but in addition, visual inertial odometry systems and SLAM algorithm will be tested."" [p.5].",CORE: the paper's primary contribution is GPS-denied navigation,METHOD,Australia (Queensland University of Technology; first author affiliation),"""The authors thank the Australian Research Council and Queensland University of Technology for funding this project"" [p.6].","This is an author-accepted manuscript version; the cover page carries a copyright notice and a CC BY-NC 4.0 license, and notes it ""may not be the Version of Record."" The author list on the cover page is ""Fernando Vanegas Alvarez, Kevin Gaston, Jonathan Roberts, & Felipe Gonzalez (2019)""; the running text shows affiliations for Kevin J. Gaston (University of Exeter) and Felipe Gonzalez (QUT), and a mismatched email under Felipe Gonzalez's block listing ""jonathan.roberts@qut.edu.au"". The biography section repeats Kevin Gaston's name as ""Kevin Gaston"" and the document uses ""Vanegas"" and ""Vanegas Alvarez"" inconsistently; both preserved. The paper paginates the body from its own p.1, so citations use the printed page order of this manuscript (cover = unnumbered, then 1-7). Abstract is not present. Tables 1 (actions) and the reward parameters are included.","2, 3, 4, 5, 6"
REC_0010,Autonomous long-range navigation in GNSS-denied environment with low-cost UAV platform,NOT_REPORTED,2018,NOT_REPORTED,10.1109/SYSCON.2018.8369592,"""The capability of an Unmanned Aerial Vehicle to navigate in GNSS-denied environments is desired in many situations, especially in situation in which the GNSS signal is not trustable."" [p.1].","""The dependency of the GNSS signal to navigate is common because most inertial systems of aircrafts cannot guarantee a trustable positioning information during too much time, since the errors accumulate continuously, mainly for small and low cost systems[4]."" [p.1].",GNSS_SPOOFED,"""The test consisted in a planned navigation route in the nearby areas of the Berlin Tegel Airport, an area that contain a great variety in the terrain characteristics and have available good quality satellite images."" [p.4]","""The model was a quadcopter based in [14] already integrated with the SITL."" [p.4]","""a Raspberry Pi [10] computer was selected as the processing unit aiming low-cost and flexibility"" [p.1]; ""Pi Camera V2"" [p.1]",VISION_OBJECT,Landmark Recognition-based long-range navigation,SIM,"""have available good quality satellite images"" [p.4]","Average error (whole flight), Average error (landmark-based estimates only), Maximum error (CP2-CP3 path), Flight length","| metric | value + unit | baseline value | page |
| Average error (whole flight) | 5.75 m | NO_BASELINE | p.5 |
| Average error (landmark-based estimates only) | 3.77 m | NO_BASELINE | p.5 |
| Maximum error (CP2-CP3 path) | 64.4 m | NO_BASELINE | p.5 |
| Flight length | 20.7 km | NO_BASELINE | p.4 |

""considering all the flight, the average error was 5.75 meters, while, considering only the estimates based on identified landmarks, the average decreases to 3.77 meters"" [p.5].",NO_BASELINE,NOT_REPORTED,"""However, since the current results are limited to the simulation and restricted to a specific scenario, some drawbacks may not be clear as, for example, the effects of weather conditions in the Landmark Recognition and in the proposed methods for UAV control."" [p.5].","""Therefore, the next step will be the evaluation of the system in a real flight, using the same platform, aiming to compare the results and identify possible restrictions for the proposed methods."" [p.5].",CORE: the paper's primary contribution is GPS-denied navigation,METHOD,"Brazil (Instituto Tecnologico de Aeronautica, Sao Jose dos Campos)",NOT_REPORTED,"The paper does not state a publication venue or year in the extracted text; the year 2018 is inferred only from reference access dates (""Accessed: 12-Jul-2017"", ""Accessed: 18-Oct-2017""), so 2018 is an estimate, not a printed value — treat the year field as uncertain. Several typos appear in the source: ""in situation in which"" [p.1], ""have being developed"" [p.1], ""The planed route"" [p.4], ""Aps work as reference"" [p.4], ""the error increased"" [p.4].","1, 2, 3, 4, 5, 6"
REC_0013,Quantum-Enhanced Drone Swarm Localization in GPS-Denied Environment,NOT_REPORTED,2026,NOT_REPORTED,10.1109/ICoECIT68303.2026.11497954,"""The classical localization schemes fail in GPS-denied environments like the city canyons, indoor environments, dense woodland and intentional jamming, undermining swarm coordination and mission achievement [3], [4]."" [p.1].","""The autonomous swarms of drones have literally shaken the fences of the sphere of search and rescue operations, precision farming, and inspection of infrastructures. ... However, this is highly dependent on good real-time localization."" [p.1].",MIXED,"""We put together a simulation setup based on methods from those papers, like [19]. The goal was to test this quantum-enhanced localization thing in spots without GPS, you know, places like urban canyons from [20], indoor areas in [22], and even mixed ones in [24]."" [p.4]","""We ran experiments on simulated groups of 10 drones."" [p.1]","""Multi-modal inputs are drawn together with the sensing layer. That comprises UWB between [7], [14], visual-inertial odometry between [10], [11], as well as LiDAR between [20]."" [p.2]",QUANTUM,Quantum-Enhanced Localization System,SIM,NOT_REPORTED,"Mean position error (Urban Canyon), Improvement vs EKF (urban), Improvement vs visual-SLAM (indoor), Improvement vs distributed optimization (mixed), Processing time reduction, Robustness under 30% sensor dropout, Swarm coordination speedup","| metric | value + unit | baseline value | page |
| Mean position error (Urban Canyon) | 0.8 m | NO_BASELINE | p.4 |
| Improvement vs EKF (urban) | 65% | NO_BASELINE | p.4 |
| Improvement vs visual-SLAM (indoor) | 25% | NO_BASELINE | p.4 |
| Improvement vs distributed optimization (mixed) | 45% | NO_BASELINE | p.4 |
| Processing time reduction | 30% | NO_BASELINE | p.4 |
| Robustness under 30% sensor dropout | 15% degradation | Classical 40-60% drop | p.4 |
| Swarm coordination speedup | 2.3x | NO_BASELINE | p.5 |

""Take urban canyons. The mean error dropped to 0.8 meters there. That's a 65 per cent improvement over the EKF in [22]. Indoors, it got a 25 per cent boost compared to visual-SLAM from [11]. And in those mixed scenarios, things improved by 45 per cent against distributed optimization in [6]."" [p.4].","""For baselines, we compared against stuff like the Extended Kalman Filter from [16], visual-SLAM in [8] and distributed optimization from [4], [6]."" [p.4]","""To assess the quality of a constellation ... For robustness, under 30 per cent sensor dropout, degradation was just 15 per cent. Classical methods, though, saw 40 to 60 per cent drops, like in [4], [16]."" [p.4].","""The main limitations come from sticking to simulated quantum algorithms [28], [35]. Plus, they haven't checked it under extreme conditions yet."" [p.5].","""For future stuff, hardware integration with actual quantum processors makes sense [35], [36]. They could do broader testing across different environments. More hybrid quantum-classical options would help too [28], [35]. And shifting over to real drone deployments in the field."" [p.5].",CORE: the paper's primary contribution is GPS-denied navigation,METHOD,"USA (University of the Cumberlands, Williamsburg)",NOT_REPORTED,"This paper is written in an unusually informal register for a technical publication, with colloquial phrasing throughout (""you know"", ""stuff"", ""thing is"", ""They went with"", ""kinda""). Section II contains two subsections labeled ""A."" (one on Classical Drone Swarm Localization, one beginning ""A. Quantum Computing Applications in Navigation"" on p.2), a numbering error in the source. Reference [11] is cited in-text (p.2, p.4) for visual-SLAM but the reference list entry [11] corresponds to ""S. Krul et al., Visual SLAM for indoor livestock and farming..."" which does not match the in-text usage; the author appears to be citing by the group of references, and this mismatch is preserved. The in-text citations frequently do not correspond to the listed references (e.g., [8],[9],[11] cited as distributed SLAM setups, but [8] is a quantum sensing paper and [9] is Kimera-multi). These citation inconsistencies are source anomalies and are not corrected. Figures 1-5 are referenced; note Fig. 3 is labeled inconsistently (""Computational Load Distribution in Classical vs. Quantum-Enhanced Systems""). The paper claims ""cut localization error by 25-65 per cent"" in the intro and ""25 to 65 per cent"" in the conclusion, consistent.","1, 2, 3, 4, 5, 6"
REC_0017,Development of Nano UAV Platform for Navigation in GPS-Denied Environment Using Snapdragon,NOT_REPORTED,2018,NOT_REPORTED,10.1109/IECON.2018.8592913,"""Localization and navigation in an indoor environment using nano Unmanned Aerial Vehicles (UAV) always pose great challenges. Since Global Navigation Satellite System (GNSS) reference is unavailable, the UAV has to rely on its own onboard or external sensors to navigate."" [p.1].","""Although there are numerous potential applications, getting to understand the structure of the flight platform can be cumbersome and confusing. Packages and resources provided on the Qualcomm developer network (QCN) and their official GitHub group ATLFlight contain un-unified and disorderly chunks of information. In this paper, we present an organized documentation that presents in detail, the platform structure as a whole, from hardware to software architecture, including installation and API related applications."" [p.1].",INDOOR,"""The experiment has been performed at the TLAB at the National University of Singapore. We have tested a trajectory-following mission, a human tracking mission and aggressively-flying test with multiple UAV, where the UAV reaches an average maximum speed of 4 m/s in a circular path."" [p.4]","""we have decided to use the highly-integrated Snapdragon Flight controller board as our autopilot"" [p.1]","""It also integrates most of the necessary sensors, which includes a barometric pressure sensor, GNSS, 9-Axis IMU Sensor, downward optical flow camera with resolution of 640480 and a 4K high resolution front camera."" [p.2]",VIO,Nano UAV platform with VINS on Snapdragon Flight,SIM,NOT_REPORTED,"Max trajectory error (x, y), Max flight speed","| metric | value + unit | baseline value | page |
| Max trajectory error (x, y) | ±0.1 m | NO_BASELINE | p.6 |
| Max flight speed | 4 m/s | NO_BASELINE | p.4 |

""Despite the trajectories having different velocities and accelerations, the error results are in the same range of values. The maximum error in x and y direction are at around ±0.1 m. Error in z axis could be larger."" [p.6].",NO_BASELINE,NOT_REPORTED,"""Error in z axis could be larger. It is caused by the initialization of VIO or the estimation drift due to the lack of feature numbers and bad light conditions in the test room."" [p.6].","""Future works will include experimental verification of our own high level algorithms such as trajectory generation, human tracking and an autonomous swarm of UAVs with the presented Snapdragon Flight platform."" [p.6].","IMPORTANT: GPS-denied is a stated motivation for the platform design, though the primary contribution is a platform/tutorial documentation.",SYSTEM,"Singapore (National University of Singapore, Temasek Laboratories)",NOT_REPORTED,"The paper is a tutorial/documentation-style paper. Section numbering in the source is irregular: the hardware overview section is numbered ""1. HARDWARE OVERVIEW"" (not II), and ""III. DEVELOPMENT ENVIRONMENT SETUP"" follows it, skipping the expected ""II"". The reference list contains a duplicate: [4] and [11] are both ""S. Leutenegger, S. Lynen, M. Bosse, R. Siegwart and P. Furgale, 'Keyframe-based visual-inertial odometry using nonlinear optimization,' IJRR, vol. 34, no. 3, pp. 314-334, 2014"" (once with year listed, once without the year in the second occurrence), a source error. Figure numbering is inconsistent: ""Fig. 4. Coordinate frame conventions"" appears on p.4 but the text on p.4 references ""Fig. 5"" for the coordinate frame definition, while Fig. 5 in the extracted layout is ""Structure of applications""; there is a mismatch between figure captions and in-text figure references (source layout artifact). The venue is not stated; the year 2018 is inferred only from the latest reference year (2018) and is uncertain. A stray ""1"" appears at the top of pages 2 and 4. A large section of page 4 text is obscured/overlapped by a figure in the extracted layout.","1, 2, 3, 4, 5, 6"
REC_0022,Distance-based Autonomous Docking for UAV-MP in GPS-denied Environment,NOT_REPORTED,2022,NOT_REPORTED,10.1109/CCDC55256.2022.10034409,"""In this paper, we study the docking problem between a UAV and a mobile platform (MP) by estimating the relative position through distance information and its own displacement, and design the approaching trajectory for eliminating the need of any global positioning systems or other infrastructures."" [p.1].","""The main challenges of this problem are to estimate the relative position between the UAV and the MP and design controllers for the navigation trajectory control. Since the MP is not equipped with odometer and its motion changes from time to time, the UAV is iteratively navigated using the estimated relative positions to make it infinitely close to the MP, so that the MP finally enters the field of view of the camera and accomplishes the autonomous docking."" [p.1].",MIXED,"""In the simulation, the initial point of random motion (the speed of MP is less than 2m/s) of MP with random size and random direction changing every 1s is located at (-35,40,0.2), where 0.2 is the platform height of MP."" [p.4]","""multi-rotor unmanned air vehicle (UAV)"" [p.1]","""a UWB node is installed respectively on UAV and MP and distance measurement is performed by TWTOF (Two-way time of fight). ... \(\phi (k)\) is the displacement of the UAV and measured by the onboard camera and IMU of the UAV"" [p.2]",UWB,Distance-measurement-based autonomous docking navigation,SIM,NOT_REPORTED,"UWB noise interval, Odometer noise interval, UAV max speed, MP max speed","| metric | value + unit | baseline value | page |
| UWB noise interval | (-0.1 m, 0.1 m) | NO_BASELINE | p.4 |
| Odometer noise interval | (-0.01 m, 0.01 m) | NO_BASELINE | p.4 |
| UAV max speed | 5 m/s | NO_BASELINE | p.4 |
| MP max speed | 2 m/s | NO_BASELINE | p.4 |

""First, based on the accuracy of realistic UWB sensors, a zero-mean random noise with uniform distribution on the interval (-0.1m,0.1m) is added to the distance measurement. In addition, a zero-mean noise with uniform distribution on the interval (-0.01m,0.01m) is added to the odometer of displacement measurement."" [p.4].",NO_BASELINE,NOT_REPORTED,"""It is clear that the relative positioning obtained is vaguely imprecise. However, a vague orientation is still much more efficient than a blind search."" [p.3].","""In addition, we plan to verify the result by real experiments in future."" [p.5].",CORE: the paper's primary contribution is GPS-denied relative navigation/docking,METHOD,"China (Tongji University, Shanghai; first-listed affiliation)",NOT_REPORTED,"This extraction is marked partial: the provided text begins mid-document with author affiliations but no title, author names, year, venue, or DOI are present anywhere in the extracted pages, so the front-matter fields cannot be filled. The text contains several typos/errors preserved from the source: ""TWTOF (Two-way time of fight)"" (should be ""flight"") [p.2]; ""the MP is not equipped with odometer"" [p.1]; ""the \(\mathcal{Z}\)-coordinate"" [p.2]; ""Omnidirectional Mobile Robot (MY wheel, MY wheel-II, Swedish wheel and Omni-wheel)"" [p.2]; ""the centroid method"" vs ""centre-of-mass method"" used interchangeably; ""Numerical examples"" vs ""simulation"" used interchangeably; equations (5) and (12) contain broken notation (e.g., ""[Rsin(kπ/2) - x]²"" and the arctan expressions) that appear as rendering artifacts in the source. Reference [16] appears twice in the reference list (once in the main list and once appended after [15], plus repeated in the second reference block on p.6). Section numbering: ""Section 2"", ""Section 3"" etc. are used in text but the document headers are ""1 INTRODUCTION"", ""2 Problem Statement"", ""3 Integrated Autonomous Docking Navigation"", ""4 Simulations"", ""5 CONCLUSIONS"".","1, 2, 3, 4, 5, 6"
REC_0025,Design of an UWB Indoor-Positioning System for UAV Navigation in GNSS-Denied Environments,NOT_REPORTED,2015,NOT_REPORTED,10.1109/IPIN.2015.7346960,"""Commonly used unmanned aerial vehicle (UAV) platforms rely on the use of global navigation satellite system (GNSS) receivers for navigation. To enable the autonomous navigation of cooperative UAVs in GNSS-denied environments, the use of an ultra-wideband (UWB) positioning system is proposed."" [p.1].","""A need for a low-cost, rapid deployment and decentralized indoor positioning system, enabling the indoor use of UAVs e.g. in emergency response scenarios [3], arose."" [p.1].",INDOOR,"""The UAV was flown manually in the center of the laboratory and switched over into a position-hold mode, where the system tries to keep the last known horizontal position Hhome via the information gained through the compass and the GNSS receiver"" [p.6]","""UAV carrier based on an AscTec FireFly and equipped with the UWB node developed during this work"" [p.6]","""The hardware node designed for this research, depicted in Fig. 2, is based on the newly available decaWave ScenSor DWM1000 module."" [p.1]",UWB,UWB indoor-positioning system with GNSS emulation,REAL,NOT_REPORTED,"Horizontal accuracy (95% prob), 3D positional accuracy (95% prob), Position hold radius Q(95%), Position hold median deviation Q(50%), Position hold duration, Node cost, Node size, Node weight","| metric | value + unit | baseline value | page |
| Horizontal accuracy (95% prob) | 10 cm | NO_BASELINE | p.1, p.7 |
| 3D positional accuracy (95% prob) | 20 cm | NO_BASELINE | p.1, p.7 |
| Position hold radius Q(95%) | 0.369 m | NO_BASELINE | p.6 |
| Position hold median deviation Q(50%) | 0.176 m | NO_BASELINE | p.6 |
| Position hold duration | 220 s | NO_BASELINE | p.6 |
| Node cost | ~50 $ | NO_BASELINE | p.2 |
| Node size | 44 x 29 mm | NO_BASELINE | p.2 |
| Node weight | ~5 g | NO_BASELINE | p.2 |

""A 95 % probability positioning accuracy of 10 cm in the horizontal plane and 20 cm in the three-dimensional space was experimentally achieved enabling control level applications, like UAV indoor navigation."" [p.7].",NO_BASELINE,"""The effects of different system components on the positioning accuracy were highlighted."" [p.6-7].","""navigation performance is tightly coupled with magnetometer performance, as magnetometer readings are needed to calculate the position correction direction in navigation control algorithms. This leads to a non-optimal performance in environments with strong magnetic fields."" [p.6].","""More research is required to optimize the filtering for the UAV specific navigation controller as well as resolving magnetometer issues indoors, maybe with the help of integrated measurement unit (IMU) sensor fusion, to achieve improved flight performance."" [p.7].",CORE: the paper's primary contribution is GNSS-denied positioning and navigation for UAVs,SYSTEM,Germany (TU Dortmund University),"""Deutsche Forschungsgemeinschaft (DFG) within the Collaborative Research Center SFB 876 'Providing Information by Resource-Constrained Analysis', project A4 and has received funding from the European Union Seventh Framework Programme (FP7/2007-2013) under grant agreement 261769."" [p.7]","The text includes minor typos preserved from the source: ""it's position"" [p.6, p.7]; ""in in Tab. IV"" [p.6]. Height control during the position-hold flight was maintained via the UAV's onboard barometric sensor, while horizontal position hold was driven by the UWB-based GNSS emulation.","1, 2, 3, 4, 5, 6, 7"
REC_0028,UAV Waypoint Opportunistic Navigation in GNSS-Denied Environments,NOT_REPORTED,2022,NOT_REPORTED,10.1109/TAES.2021.3103140,"""Navigation of an unmanned aerial vehicle (UAV) to reach a desired waypoint with provable guarantees in global navigation satellite system (GNSS)-denied environments is considered."" [p.1].","""Today's UAV navigation systems essentially rely on global navigation satellite system (GNSS) signals. However, it is well-known that GNSS signals can become unreliable in environments where UAVs conduct missions: GNSS signals get highly attenuated in deep urban canyons and under canopies [1] and are susceptible to jamming and malicious spoofing [2]."" [p.1].",MIXED,"""an environment was first built in simulation based on the real field experimental environment."" [p.8]; ""The experiment was conducted in Colton, California, USA."" [p.8]","""This article considers motion planning for quadrotor UAVs."" [p.3]","""The UAV makes pseudorange measurements to all SOPs"" [p.1]; ""Internal sensors such as IMU, GPS, compass, barometric pressure, optical flow and point lidar are used in this estimation."" [p.3]",OTHER (POMDP/radio SLAM-based motion planning),Multiobjective Motion Planning (MOMP) strategy,BOTH,NOT_REPORTED,"Success rate (MOMP), Average time (Adaptive MOMP), FRMSE (Adaptive MOMP), FRMSD (Adaptive MOMP), Success rate (Adaptive MOMP), RMSE (experiment, adaptive MOMP), Final distance (experiment, adaptive MOMP)","| metric | value + unit | baseline value | page |
| Success rate (MOMP) | 95% | Naive 36% | p.1 |
| Average time (Adaptive MOMP) | 91.31 s | Naive 27.50 s | p.8 |
| FRMSE (Adaptive MOMP) | 18.95 m | Naive 77.04 m | p.8 |
| FRMSD (Adaptive MOMP) | 19.32 m | Naive 77.19 m | p.8 |
| Success rate (Adaptive MOMP) | 95.20% | Naive 36.00% | p.8 |
| RMSE (experiment, adaptive MOMP) | 23.261 m | Naive 40.237 m | p.10 |
| Final distance (experiment, adaptive MOMP) | 12.246 m | Naive 77.442 m | p.10 |

""Monte Carlo simulations are presented showing that the MOMP strategy achieves the desired objective with 95% success rate compared to a 36% success rate with a naive approach"" [p.1].","""naive approach, where the UAV moves directly to the waypoint without considering the quality of its position estimate or knowledge of the environment"" [p.7]","""The results show that among the 74 image frames, 14 frames relied on strong semantic observations such as OCR-based room signs, while 57 frames were completed through BIM topological inference."" [p.4 of REC_0001, not this paper]

For REC_0028: ""the nonadaptive MOMP strategy performed the worst in all metrics. The mean time to completion is nearly 200 s, the entire simulation run. ... The FRMSD and the FRMSE of the proposed adaptive MOMP strategy was significantly lower than the naive and nonadaptive MOMP approaches, even if the timeout runs are removed."" [p.8].","""the cost function of MOMP is generally nonconvex, which upon employing numerical optimization solvers, could result in convergence to local optima, in addition to requiring involved computations which could be infeasible for real-time implementations."" [p.10].","""Future work can extend this framework to adaptive weighting of the two components of the cost function or adopt a receding horizon trajectory optimization strategy to consider both components at the same time. ... Applying a convex information gathering cost (e.g., innovation-based metrics [32]) to MOMP could be the subject of future work."" [p.10].",CORE: the paper's primary contribution is GPS-denied navigation (waypoint navigation with unknown SOPs),METHOD,"USA (Carnegie Mellon University, University of California Irvine)","""This work was supported in part by the National Science Foundation (NSF) under Grant 1929571 and Grant 1929965, in part by the Office of Naval Research (ONR) under Grant N00014-19-1-2613, and in part by the University of California, Irvine Multidisciplinary Engineering Research Institute program."" [p.1]","The paper contains several typographical and formatting issues in the extracted text, including broken equations (e.g., Equation 5 shows a matrix with missing elements), inconsistent subscripting (e.g., \(\mathbf{x}_{\mathrm{pv}}\) vs \(\mathbf{x}_{\mathrm{pr}}\)), and a duplicate reference entry [16] in the reference list (appears twice). Figure 10's caption is split across pages. The phrase ""the meaner pattern"" appears in REC_0025, not here. In this paper, the simulation table (Table I) has garbled entries (e.g., ""r1[400, 200]Txr(0)[0, 0, 0, 0, 100, 10]Txsa[100, 250, 10, 0, 1]...""). These are preserved as-is. The venue and DOI are provided in the header of the first page.","1, 2, 3, 4, 5, 6, 7, 8, 9, 10, 11, 12, 13, 14, 15, 16"
REC_0037,GNSS Eri¸siminin Olmadı˘gı Ortamlarda Uydu ˙ ˙ Görüntüleri Kullanarak IHA’lar Için Derin Görsel Konumlandırma Deep Visual Localization for UAVs in GNSS-Denied Environments Using Satellite Imagery,NOT_REPORTED,2026,NOT_REPORTED,10.1109/SIU71813.2026.11636724,"""Accurate absolute localization is essential for the reliable and autonomous mission execution of unmanned aerial vehicles (UAVs). However, GNSS-based navigation may be disabled under electronic warfare, physical obstruction, or spoofing."" [p.1].","""Accurate absolute localization is essential for the reliable and autonomous mission execution of unmanned aerial vehicles (UAVs). However, GNSS-based navigation may be disabled under electronic warfare, physical obstruction, or spoofing."" [p.1].",MIXED,"""real flights validated against RTK GNSS ... at approximately 500 m altitude"" [p.1]",UAV (not specified),"""UAV camera images"" [p.1]",VISION_OBJECT (deep visual localization using satellite imagery),Visual localization pipeline with SuperPoint-LightGlue and EPnP,REAL,"""open-source satellite imagery"" [p.1]","MAE (X-Y), RMSE (X-Y), mAP (proposed), Matching time (proposed), MAE (full system), MAE (without homography), MAE (without optical flow)","| metric | value + unit | baseline value | page |
| MAE (X-Y) | 10 m | NO_BASELINE | p.1 |
| RMSE (X-Y) | 14 m | NO_BASELINE | p.1 |
| mAP (proposed) | 0.912 | SIFT 0.650, ORB 0.717 | p.3 |
| Matching time (proposed) | 0.340 s | SIFT 0.043 s, ORB 0.036 s | p.3 |
| MAE (full system) | 10.2 m | NO_BASELINE | p.3 |
| MAE (without homography) | 23.1 m | NO_BASELINE | p.3 |
| MAE (without optical flow) | 12.6 m | NO_BASELINE | p.3 |

""In real flights validated against RTK GNSS, a positioning error of 10 m (MAE) and 14 m (RMSE) in the X–Y plane is obtained at approximately 500 m altitude, running at approximately 5 Hz on a Jetson Orin Nano."" [p.1].","""SIFT and ORB"" [p.1]","""To partially decompose the effect of the contributing components, Table II summarizes the X–Y MAE measured with homography or Lucas–Kanade optical flow backup disabled on the same experimental protocol and a representative flight segment (RTK reference)."" [p.3].","""the higher deviation in the Z axis is mainly related to limitations in DEM resolution and the nature of monocular depth estimation."" [p.4].","""Future work will address different terrain and seasonal scenarios, improvement of Z-axis accuracy, and expanded comparisons with recent matchers such as LoFTR [14]."" [p.4].",CORE: the paper's primary contribution is GPS-denied navigation,METHOD,"Turkey (HAVELSAN A.Ş., Ankara; Technical University of Munich, Germany)","""This paper was prepared within the scope of the studies carried out within HAVELSAN A.Ş."" [p.4].","The paper is written in Turkish and English. The English title is given. The venue is not stated; the copyright line indicates ""979-8-3195-1046-4/26/$31.00 ©2026 IEEE"". The year 2026 is used. The abstract claims ""10 m (MAE) and 14 m (RMSE)"" but Table I shows mAP and time; Table II shows MAE values. There is a discrepancy: abstract says ""lower horizontal error"" but the table shows SIFT and ORB have lower matching time but higher mAP? Actually proposed has higher mAP (0.912) but longer time (0.340 s). This is noted. The text contains Turkish characters that appear as garbled glyphs in the extracted text (e.g., "" ¡¢£¤¥¦§¨©ª«¬®¯°±²³´µ¶·¸¹º»¼½¾¿ÀÁÂÃÄÅÆÇÈÉÊËÌÍÎÏÐÑÒÓÔÕÖ×ØÙÚÛÜÝÞßàáâãäåæçèéêëìíîïðñòóôõö÷øùúûüýþÿ"" at top of page 1). These are unreadable regions and are flagged.","1, 2, 3, 4"
REC_0041,G,NOT_REPORTED,2023,NOT_REPORTED,10.1109/TGRS.2023.3323519,"""In global satellite navigation system (GNSS)-denied environments, unmanned aerial vehicle (UAV) navigation based on visual-inertial odometry (VIO) has been widely studied. However, existing VIO methods still suffer from some practical problems, such as image enhancement oversaturation and unreasonable weighting in backend optimization."" [p.1].","""Therefore, this article presents monocular VIO with point-line fusion and backend adaptive optimization to improve the positioning accuracy and robustness of UAV navigation systems."" [p.1].",INDOOR (and other GNSS-denied environments),"""three real-world environments with varying brightness, weak textures, and large-scale complex scenes"" [p.10]","""UAV navigation"" [p.1]","""Intel RealSense D455 sensor with a built-in IMU"" [p.11]",VIO,Monocular VIO with point-line fusion and backend adaptive optimization,BOTH,"""public EuRoc dataset"" [p.1]","Positioning accuracy improvement (vs PL-VINS, EuRoc), Positioning accuracy improvement (real-world), ATE RMSE (MH_05, w/loop, proposed), ATE RMSE (V1_03, w/loop, proposed)","| metric | value + unit | baseline value | page |
| Positioning accuracy improvement (vs PL-VINS, EuRoc) | 32.3% avg | NO_BASELINE | p.1 |
| Positioning accuracy improvement (real-world) | 33.8% avg | NO_BASELINE | p.1 |
| ATE RMSE (MH_05, w/loop, proposed) | 0.078 m | PL-VINS 0.253 m | p.10 |
| ATE RMSE (V1_03, w/loop, proposed) | 0.129 m | PL-VINS 0.140 m | p.10 |

""the experimental results showing that the positioning accuracy of the proposed method on the public EuRoc dataset (Burri et al. 2016) improved by an average of 32.3% compared with the PL-VINS method, and by an average of 33.8% in three real-world scenarios"" [p.1].","""VINS-MONO, PL-VINS"" [p.1]","""Table II represents a comparison of the solutions of the different methods used in ablation experiments. ... 3) Compared with Ours (w/o reopt), Ours (w/ reopt) has a significant improvement in positioning accuracy, indicating the effectiveness of the proposed optimization method with adaptive weighting."" [p.10].","""the trajectory may diverge due to the accumulation of errors in the inertial sensors over time. In addition, it is relatively fragile and susceptible to interference during initialization."" [p.14].","""Therefore, to address the above issues, we intend to introduce new sensors, such as UWB sensors, into the system. We employ an adaptive fusion approach integrating vision, inertial, and UWB to mitigate scaling inaccuracies and error accumulation associated with monocular vision inertial odometry."" [p.14].",CORE: the paper's primary contribution is GPS-denied navigation (VIO for UAVs),METHOD,"China (Information Engineering University, Zhengzhou; Shanghai Jiao Tong University)",NOT_REPORTED,"The paper has no explicit DOI or publication year in the extracted text. The header says ""IEEE TRANSACTIONS ON AEROSPACE AND ELECTRONIC SYSTEMS"" but no volume/issue. The year 2024 is inferred from the copyright line ""Authorized licensed use limited to: KIIT University. Downloaded on September 16,2026"" and the reference list (latest 2023). However, the year is not printed, so it's an inference. The paper contains a large block of repeated ""1 1 1 1..."" on page 13, which is likely a rendering artifact or corrupted page. This is flagged. Equation numbering is inconsistent (e.g., Eq. 10 appears twice). Table II is garbled with missing columns. The text contains some typos: ""to facilitate the extraction and matching of image features is a key problem"" (p.3), ""the proposed method achieves higher positioning accuracy"" (p.1).","1, 2, 3, 4, 5, 6, 7, 8, 9, 10, 11, 12, 13, 14, 15"
REC_0043,Robust Sensor Fusion for Autonomous UAV Navigation in GPS denied Forest Environment,NOT_REPORTED,2022,NOT_REPORTED,10.1109/ROMA55875.2022.9915682,"""However, navigating in the forest canopy autonomously can be quite challenging because of its GPS denied environment, cluttered, dynamic, and large scale."" [p.1].","""Forestry and precision biodiversity data collection using UAVs can be cost-effective and time efficient solution."" [p.1].",FOREST,"""simulated forest area of 250 m²"" [p.4]","""The UAV system is simulated in a Gazebo simulator."" [p.2]","""IMU, Stereo cameras and 2D LiDAR"" [p.2]",HYBRID (VIO + LiDAR odometry + EKF fusion),Robust multi-sensor fusion-based navigation with failure detection,SIM,NOT_REPORTED,"Mean velocity (100 trees), Path length (100 trees)","| metric | value + unit | baseline value | page |
| Mean velocity (100 trees) | 2.78 m/s | NO_BASELINE | p.5 |
| Path length (100 trees) | ~940 m (estimated) | NO_BASELINE | p.5 |

""For 100 number of trees, the velocity mean is around 2.78 m/s."" [p.5].",NO_BASELINE,"""Fig. 8 shows the individual odometry performance for X position estimation of SFO, LO and VIO. From the figure, Lidar Odometry (LO) estimates nearly similar X position as proposed SFO with some small noise. However, VIO gives more noise respond compared to our proposed sensor fusion odometry (SFO)."" [p.4].","""Any failure from the state estimation pipeline can effect on the quality of planning and control of the UAV and can lead to navigation failure."" [p.5].","""Graph based optimization and smoothing framework like LOAM, LIO-SAM can reduce the global drift of our proposed EKF based sensor fused state estimation. We will further explore this in future work and validate the system in actual scenario with real hardware."" [p.6].",CORE: the paper's primary contribution is GPS-denied navigation,SYSTEM,Malaysia (Universiti Teknologi Malaysia),"""This research has been carried out under the Research Excellence Consortium (JPT (BPKI) 1000/016/018/25 (57)), Consortium of Robotics Technology for Search and Rescue Operations (CORTESRO) from the Ministry of Higher Education Malaysia (MOHE)."" [p.6]","The paper does not state a publication venue or year. The extracted text is missing the title page information (no conference/journal name, no year). The author name ""Shaekh Mohammad Shitih"" appears as ""Shitih"" but in the reference list it's spelled ""Shithil"" in one entry, a source inconsistency. Figure 5 caption is garbled: ""Fig.5. u t t t t t t t t t t t e trajectory or obstacle avoidance."" — this is an unreadable region. Equation numbering is inconsistent (Eq. 6 appears twice, Eq. 9 is missing). The text contains typos: ""effect on the quality"" (should be ""affect""), ""we have created 5 sample environments"" (p.4). The funding information is present.","1, 2, 3, 4, 5, 6"
REC_0057,ROS + Unity: An E ﬃ cient High-ﬁdelity 3D Multi-UAV Navigation and Control Simulator in GPS-Denied Environments,NOT_REPORTED,2015,NOT_REPORTED,10.1109/IECON.2015.7392488,"""As we know, simulation technologies can verify the algorithms and identify potential problems before the actual flight test and to make the physical implementation smoothly and successfully."" [p.1].","""In our UAV project, the UAVs are expected to cooperatively and autonomously operate in GPS-denied foliage or urban environments. Light Detection and Ranging (LIDAR) based simultaneous localization and mapping (SLAM) algorithm needs to be simulated in real-time. According to our knowledge, most of the simulation systems are not 'real' enough."" [p.1].",MIXED,"""city map and forest map for testing purpose currently"" [p.4]","""miniature unmanned aerial vehicles (UAVs)"" [p.1]","""LIDAR sensor, which is the key component for SLAM algorithm is modeled in details in Unity3D script."" [p.2]; ""A Hokuyo laser scanner"" [p.4]; ""Camera"" [p.4]",OTHER (simulation framework),ROS+Unity3D hybrid 3D simulation system,SIM,NOT_REPORTED,FPS (single UAV),"| metric | value + unit | baseline value | page |
| FPS (single UAV) | ~40 | NO_BASELINE | p.4 |

""For single UAV case, based on above development, the simulator can run smoothly. The FPS can approach 40, which means the simulation system can run in real-time."" [p.4].","""OpenSim, Virtual Robot Experimentation Platform (V-REP), Delta3D, USARSim, Gazebo"" [p.1]","""However, if there are several UAVs run simultaneously in the same workstation, we find that FPS will drop dramatically. The main problem origins from 3D game engines. Usually, for Raycast in Unity3D, it run in the main thread of CPU. When we run several UAVs in the same workstation, Raycast calculation will take most of the CPU resource."" [p.4].","""However, if there are several UAVs run simultaneously in the same workstation, we find that FPS will drop dramatically."" [p.4].","""For the future work, we will develop hardware-in-the-loop simulation system."" [p.5].",IMPORTANT: GPS-denied is a stated motivation for the simulator design.,SYSTEM,"Singapore (National University of Singapore, Temasek Laboratories)",NOT_REPORTED,"The paper does not state a publication venue or year in the extracted text. The year 2016 is inferred from the copyright footer ""VOLUME 4, 2016"" on page 6, but this is uncertain. The paper contains a typo: ""Off course"" (should be ""Of course"") [p.2]. Figure 9 appears to be missing from the extracted text (Fig. 9 is referenced in the text but the caption is not present in the extraction; only Fig. 10 is shown). The paper uses ""Unitesocket"" as a ROS node name [p.3]. The reference list is provided.","1, 2, 3, 4, 5, 6"
REC_0064,Positioning and Navigation Approaches using Packet Loss-based Multilateration for UAVs in GPS-Denied Environments,NOT_REPORTED,2024,NOT_REPORTED,10.1109/ACCESS.2017.DOI,"""On the contrary, a drone without that being said system is particularly limited to indoor surveillance or short-range applications due to the absence of precise positioning capabilities."" [p.1].","""To overcome the limitations posed by GPS-denied environments for UAVs, we seek to develop an alternative lightweight positioning and navigation methodology solely relying on packet loss measurement."" [p.2].",INDOOR (and outdoor surveillance),"""two-dimensional Euclidean space"" [p.4]; ""quadrangular surveillance area with the reference points P positioned at the edges"" [p.9]","""a drone"" [p.1]","""solely relying on packet loss measurement"" [p.2]; ""no additional sensor equipment"" [p.2]",OTHER (packet-based localization),Packet loss-based multilateration positioning with heuristic navigation,SIM,NOT_REPORTED,"Navigation error reduction, Initial navigation error, Final navigation error, HBN final position, Average k (HBN), Average k (PDN), Average k (CSN)","| metric | value + unit | baseline value | page |
| Navigation error reduction | 55.78% | NO_BASELINE | p.12 |
| Initial navigation error | 11.69 m | NO_BASELINE | p.12 |
| Final navigation error | 5.17 m | NO_BASELINE | p.12 |
| HBN final position | (503.3 m, 502.6 m) | NO_BASELINE | p.10 |
| Average k (HBN) | lowest | NO_BASELINE | p.12 |
| Average k (PDN) | second best | NO_BASELINE | p.12 |
| Average k (CSN) | highest | NO_BASELINE | p.12 |

""the navigation error at the initiation of the first navigation operation at t = 19 s is 11.69 m. While the last navigation operation at t = 109 s, the error reduces to 5.17 m, which represents a remarkable error reduction of (11.69 - 5.17)/11.69 × 100% = 55.78%."" [p.12].","""HBN, CSN, PDN"" (three proposed algorithms compared against each other)","""we conduct five sets of simulations for each algorithm and analyze the average k"" [p.12]; ""the 'HBN' algorithm achieves the lowest k among the three alternatives."" [p.12].","""it is crucial to acknowledge that packet loss is not exclusively determined by distance as it is subject to be influenced by various environmental factors within the wireless communication environment, i.e., signal interference, network propagation characteristics, or the level of network congestion."" [p.13].","""our focus will shift towards investigating more robust techniques, such as employing linear regression to enhance reliability and robustness in establishing the relationship between packet loss information and the actual distance"" [p.14].",CORE: the paper's primary contribution is GPS-denied navigation,METHOD,"South Korea (Kookmin University, Seoul)",NOT_REPORTED,"The paper is an author-accepted manuscript version, indicated by the header ""This article has been accepted for publication in IEEE Access. This is the author's version which has not been fully edited and content may change prior to final publication."" The DOI is provided. The paper contains a typo in the notation table: ""αA fixed position of reference point i, αi = (xi, yi)"" (p.5). The reference list contains an entry [13] that is cited as ""H. D. K. Motlagh, F. Lotfi, H. D. Taghirad, and S. B. Germi"" but the text uses [13] for a different paper in one instance. The paper uses ""multilateralization"" in one place and ""multilateration"" elsewhere. Equation numbering is mostly consistent but some equations are unnumbered. The paper's first page has a stray ""2024.3357148"" at the top, which is the DOI identifier.","1, 2, 3, 4, 5, 6, 7, 8, 9, 10, 11, 12, 13, 14, 15"
REC_0065,Autonomous Drones in GNSS-Denied Environments: Results from the Leonardo Drone Contest,NOT_REPORTED,2023,NOT_REPORTED,10.1109/MetroAeroSpace57412.2023.10190003,"""One of the main challenges with autonomous drones is implementing efficient autonomous drone navigation in Global Navigation Satellite System (GNSS) denied environment."" [p.2].","""Many tasks that drones are called to perform cannot make use of GNSS signal because it is degraded (rescue operations) [9] or absent (indoor applications) [10]."" [p.2].",INDOOR,"""urban-like in a scaled indoor environment (length = 20 m width = 10 m and height = 3 m)"" [p.2]","""The drone developed by the Politecnico di Torino to participate in the 2022 competition is shown in Fig.2, and it has been named Agares by DRAFT team members."" [p.2]","""Stereo Camera Intel D455 [22]; Tracking Camera Intel T265 [23]; Mono-camera M120 Raspberry Pi Camera [24]; Accel/Gyro (T265) MPU6000; Accel/Gyro (Pixhawk 4) ST Micro 16-bit gyroscope"" [p.3]",SLAM,Integrated hardware/software with SLAM-based navigation,BOTH,NOT_REPORTED,"VIO drift, Localization latency, Competition ranking","| metric | value + unit | baseline value | page |
| VIO drift | ~2 m | NO_BASELINE | p.4 |
| Localization latency | ~150 ms | NO_BASELINE | p.4 |
| Competition ranking | 2nd place | NO_BASELINE | p.1 |

""Despite the sensor having been proven to be precise enough in navigation, experimental tests have identified a drift in the order of magnitude of two meters."" [p.4].",NO_BASELINE,NOT_REPORTED,"""Although VIO still has weaknesses as concerns the state estimation problem, the loop closure suggested in this paper allows to reduce the localization error."" [p.6].","""According to these aims, future works will be focused on the introduction of a ground agent to accomplish more demanding requirements, especially in terms of 3D mapping reconstruction."" [p.6].",CORE: the paper's primary contribution is GPS-denied navigation,SYSTEM,Italy (Politecnico di Torino),"""This work has been developed with the contribution of the Politecnico di Torino Interdepartmental Centre for Service Robotics PIC4SeR2."" [p.6]","The paper does not state a publication venue in the extracted text. The year 2023 is inferred from the reference list (accessed dates in 2023) and the mention of ""the year 2022 (the last competition held)"" in the text, but this is uncertain. The paper is a competition report. Figure 3's caption is ""Agares' software architecture"" but the diagram is not fully legible in the extracted text. The paper contains a typo: ""RSE"" is written as ""Robot System Engineering"" in one place but ""RSE"" is used as an abbreviation. The paper mentions ""the DRAFT1 (a student team)"" with a superscript ""1"" that is not defined in the text. Reference [3] and [7] are both ""P. Foehn, D. Brescianini, E. Kaufmann, T. Cieslewski, M. Gehrig, M. Muglikar, and D. Scaramuzza"" with different titles, which appears to be a source error.","1, 2, 3, 4, 5, 6"
REC_0066,Real Time Vision Based Obstacle Avoidance for UAV using YOLO in GPS Denied Environment,NOT_REPORTED,2023,NOT_REPORTED,10.1109/OCIT59427.2023.10431039,"""However, navigating UAVs in environments where GPS signals are limited or unreliable, such as indoor or urban environments, presents challenges for safe and efficient operations."" [p.1].","""Vision-based obstacle avoidance has emerged as a promising solution to address this challenge as it leverages onboard cameras and advanced object detection algorithms to detect obstacles in real time and autonomously avoid them [6] [7]."" [p.1].",INDOOR,"""TiHAN Testbed, Indian Institute of Technology Hyderabad (IITH) in Hyderabad, India"" [p.4]","""in-house-built drone with a payload capacity of 1kg"" [p.2]","""stereo vision cameras (OAK-D Lite)"" [p.1]",VISION_OBJECT,YOLO-based vision obstacle avoidance with stereo camera,REAL,"""Common Objects in Context (COCO) dataset"" [p.1]","Obstacle detection threshold, Error rate, Drone relative speed, Obstacle avoidance speed, CPU utilization, FPS, Physical memory used","| metric | value + unit | baseline value | page |
| Obstacle detection threshold | 2 m | NO_BASELINE | p.1 |
| Error rate | 10% | NO_BASELINE | p.1 |
| Drone relative speed | 2 m/s | NO_BASELINE | p.1 |
| Obstacle avoidance speed | 1 m/s | NO_BASELINE | p.6 |
| CPU utilization | 93% | NO_BASELINE | p.4 |
| FPS | 15-20% | NO_BASELINE | p.4 |
| Physical memory used | 485 MB | NO_BASELINE | p.4 |

""Real-time testing of the proposed technique demonstrates its efficacy in detecting and avoiding obstacles within a threshold distance of 2 meters, with an error rate of 10%."" [p.1].",NO_BASELINE,"""We tested our algorithm by placing an obstacle at a known distance of 5-10 meters and gradually reducing meters until it was below 2.5 meters. We conducted 15 experiments for each distance interval, and our algorithm consistently achieved less than 1% error."" [p.5].","""These factors can contribute to minor discrepancies in the drone's velocity and, consequently, its trajectory."" [p.4].","""Future research in this area will focus on 3D lidar-based autonomous navigation."" [p.6].",CORE: the paper's primary contribution is GPS-denied navigation (obstacle avoidance),SYSTEM,India (IIT Hyderabad),NOT_REPORTED,"The paper has a duplicate ""Index Terms"" line, which is a source formatting error. The paper contains a typo in the abstract: ""This paper discussed cost-effective vision-based obstacle avoidance"" (should be ""discusses""). The paper uses ""UAV"" and ""drone"" interchangeably. Table II has garbled entries in the extracted text (e.g., ""Sensor0Color ImagestereoDFOV / HFOV / VFOV81° / 69° / 54°%86° / 73° / 58°Resolution13MP (4208x3120)480P (640x480)""). The reference list contains a duplicate: [12] and [17] are both ""G.-T. Tu and J.-G. Juang, 'Path Planning and Obstacle Avoidance Based on Reinforcement Learning for UAV Application,' 2021 International Conference on System Science and Engineering (ICSSE), 2021, pp. 352-355,"" a source error. The paper's DOI is not reported. The venue is ""21st OITS International Conference on Information Technology (OCIT 2023)"".","1, 2, 3, 4, 5, 6"
REC_0071,Radar-Based High-Accuracy 3D Localization of UAVs for Landing in GNSS-Denied Environments,NOT_REPORTED,2018,NOT_REPORTED,10.1109/ICMIM.2018.8443483,"""However, as the spread and reliance upon autonomous UAV systems increases, the risk of jamming becomes a substantial safety problem."" [p.1].","""The critical flight phases for GNSS localization failure are during takeoff and landing as those take place near ground level, where GNSS signal reception is weaker and where attackers with jammers are most likely to strike."" [p.1-2].",MIXED,"""RC model airfield in Orsbach/Aachen, Germany"" [p.3]","""The tilting UAV Maverix with MRU and GBRS in the background."" [p.1]","""24 GHz FMCW cooperative radar"" [p.1]; ""8-Rx-channel single-input multiple-output (SIMO) 24 GHz FMCW radar"" [p.2]",OTHER,Radar-based 3D localization system,REAL,NOT_REPORTED,"RMS(Δd) run 1, RMS(Δφaz) run 1, RMS(Δθel) run 1, mean(, mean(, mean(","| metric | value + unit | baseline value | page |
| RMS(Δd) run 1 | 8.25 cm | NO_BASELINE | p.4 |
| RMS(Δφaz) run 1 | 0.65° | NO_BASELINE | p.4 |
| RMS(Δθel) run 1 | 0.97° | NO_BASELINE | p.4 |
| mean(||Δp||) run 1 | 19.66 cm | NO_BASELINE | p.4 |
| mean(||Δp||) run 2 | 21.18 cm | NO_BASELINE | p.4 |
| mean(||Δp||) run 3 | 31.19 cm | NO_BASELINE | p.4 |

""A measurement campaign was conducted to prove the feasibility of the proposed concept."" [p.1].",NO_BASELINE,NOT_REPORTED,"""The only problem observed was that the angular measurement was inaccurate for certain azimuth-elevation angle combinations, as - due to imperfect array calibration - a side lobe was becoming dominant over the main lobe and was favored by the digital beamformer."" [p.3].","""In a next step, a Kalman filter can be implemented to smoothen the positioning result and filter outliers. A higher Rx channel count and a higher bandwidth will further increase the accuracy. An antenna array with hemispherical field of view will allow using a single radar as landing aid independent on the UAV approach direction."" [p.4].",CORE: the paper's primary contribution is GPS-denied localization.,SYSTEM,"Germany (Symeo GmbH, RWTH Aachen University, FAU Erlangen-Nürnberg)",NOT_REPORTED,"The paper contains a typo: ""RTOF/DOP combination"" should be ""RTOF/DOA combination"" [p.4]. Also ""multilateralization"" is used instead of ""multilateration"" in one instance. No DOI is printed. The GDOP plots are referenced but not fully legible in the extraction.","1, 2, 3, 4"
REC_0077,3D Path Planning for Autonomous UAV Navigation in GPS-Denied Environments,NOT_REPORTED,2026,NOT_REPORTED,10.1109/ICUAS69441.2026.11598675,"""The increasing prevalence of GPS spoofing [1], [2] and jamming [3] attacks on UAV platforms has underscored the need for robust navigation solutions capable of operating reliably in GPS-denied environments."" [p.1].","""Many of the existing works only consider point mass models of the vehicles for simulation studies. While useful for preliminary studies, these point mass models do not represent six-degrees-of-freedom motion of the vehicle."" [p.1].",MIXED,"""open field"" for flight test [p.7]; ""simulated environment"" [p.6]","""custom UAV features a 3D-printed chassis with carbon-fiber arms and landing legs, equipped with a stereodepth camera, a LiDAR sensor, and an onboard computer."" [p.5]","""stereodepth camera, a LiDAR sensor"" [p.5]; ""IMU"" [p.1]",OTHER,Sampling-based path planning in SE(3) with multi-objective optimization,BOTH,NOT_REPORTED,"XY RMSE, Z RMSE, 3D RMSE, Simplification time (InformedRRT*), Success rate","| metric | value + unit | baseline value | page |
| XY RMSE | 0.451 m | NO_BASELINE | p.7 |
| Z RMSE | 0.517 m | NO_BASELINE | p.7 |
| 3D RMSE | 0.686 m | NO_BASELINE | p.7 |
| Simplification time (InformedRRT*) | 0.386 s | NO_BASELINE | p.6 |
| Success rate | 80% | NO_BASELINE | p.6 |

""Horizontal performance is particularly strong, maintaining submeter accuracy throughout the mission with an XY RMSE of 0.451 meters"" [p.7].","""RRT, RRTConnect, RRT*, InformedRRT*, RRTXstatic, LBTRRT"" [p.6]","""The fastest simplification times are exhibited with InformedRRT* and RRTstatic with values of 0.386 seconds and 0.463 seconds respectively while RRT* and RRT performed the worst with simplification times of 1.05 seconds and 1.81 seconds respectively."" [p.6].","""During testing, moderate wind conditions were present and contributed to the small deviations from the planned path."" [p.7].","""Future work will extend the framework to dynamic environments with real-time replanning for moving obstacles and improved computational efficiency for multi-UAV scalability, including search-and-rescue applications."" [p.8].",CORE: the paper's primary contribution is GPS-denied navigation (path planning).,METHOD,USA (California State Polytechnic University Pomona),"""This work was supported by the Air Force Research Laboratory (AFRL) PACER program under Grant No. FA86502422404."" [p.8]","The year and venue are not printed. The paper references ""AIAA SCITECH 2026 Forum"" in reference [4], suggesting it might be a 2026 paper, but no explicit year is provided. A typo appears: ""stereodepth"" should be ""stereo depth"" [p.5].","1, 2, 3, 4, 5, 6, 7, 8"
REC_0080,Enabling computer vision-based autonomous navigation for Unmanned Aerial Vehicles in cluttered GPS-denied environments,NOT_REPORTED,2018,NOT_REPORTED,10.1109/ITSC.2018.8569695,"""One of the main barriers to robot navigation is the need for obstacle detection capabilities. An autonomous aircraft must be able to detect obstacles all around it to fly safely."" [p.1].","""Autonomous UAVs with on-board processing would be a strong solution to the mentioned problems, as it would allow navigation in any kind of environment without the need for human supervision."" [p.1].",INDOOR,"""indoor testing environment"" [p.6]; outdoor tests for localization with GPS ground truth.","""DJI Matrice 100 MAV"" [p.2]","""4 stereo cameras and one sonar"" [p.2]",HYBRID,Vision-based autonomous navigation with stereo cameras,REAL,NOT_REPORTED,"Localization error, Grid memory utilization","| metric | value + unit | baseline value | page |
| Localization error | < 20 cm | NO_BASELINE | p.5 |
| Grid memory utilization | 160 KB | NO_BASELINE | p.5 |

""In this case it is shown that the error given by the localization filter is less than 20 cm"" [p.5].",NO_BASELINE,"""In Fig. 7 it is shown how the Visual Odometry alone can lead to incorrect results due to significant drift in pose estimation. In contrast by exploiting other visual information the filter is capable of performing a correct estimation"" [p.5].","""Our current limitation is represented by memory constraints. The map of keyframes is automatically acquired and continuously updated with new landmarks, which are stored in memory as the drone moves. Therefore the explorable area that the drone can reach without needing a map reset is currently limited in size."" [p.6].","""This problem can be addressed by adding a caching strategy that keeps in memory only the landmarks nearest to the current position and stores the remainder of the map on disk."" [p.6].",CORE: the paper's primary contribution is GPS-denied navigation.,SYSTEM,"Italy (authors' affiliations not explicitly stated, but likely Italy)",NOT_REPORTED,"No DOI is printed. The venue is ITSC 2018. The paper uses ""4 stereo cameras"" and later ""four stereo cameras"" consistently. No major anomalies.","1, 2, 3, 4, 5, 6"
REC_0084,"This may be the author’s version of a work that was submitted/accepted for publication in the following source: Singh, Arnav Deo & Vanegas Alvarez, Fernando (2020) Simulating GPS-denied autonomous UAV navigation for detection of sur- face water bodies. In Proceedings of 2020 International Conference on Unmanned Aircraft Systems: ICUAS. Institute of Electrical and Electronics Engineers Inc., United States of America, pp. 1792-1800. This ﬁle was downloaded from: https://eprints.qut.edu.au/211603/ © IEEE 2020 License : Creative Commons: Attribution-Noncommercial 4.0 Notice : Please note that this document may not be the Version of Record (i.e. published version) of the work. Author manuscript versions (as Sub- mitted for peer review or as Accepted for publication after peer review) can be identiﬁed by an absence of publisher branding and/or typeset appear- ance. If there is any doubt, please refer to the published source. https://doi.org/10.1109/ICUAS48674.2020.9213927",NOT_REPORTED,2020,NOT_REPORTED,10.1109/ICUAS48674.2020.9213927,"""The context of this research project and its application relates to Target Acquisition missions on Mars; more specifically, the problem of searching for water on Mars via a fully autonomous UAV."" [p.2].","""If humans really were to colonize Mars, it would be vital that a viable source of water is available."" [p.2].",NOT_REPORTED,"""simulated Mars environment"" [p.7]","""quadcopter"" assumed [p.2]","""multispectral sensor"" [p.2]",OTHER,Simulation framework with VINS-mono for navigation and rudimentary multispectral sensor for water detection,SIM,NOT_REPORTED,"RMS error x (first path), RMS error y (first path), RMS error z (first path), RMS error x (second path), RMS error y (second path), RMS error z (second path)","| metric | value + unit | baseline value | page |
| RMS error x (first path) | 28.4726 m | NO_BASELINE | p.8 |
| RMS error y (first path) | 28.4202 m | NO_BASELINE | p.8 |
| RMS error z (first path) | 1.8761 m | NO_BASELINE | p.8 |
| RMS error x (second path) | 21.1160 m | NO_BASELINE | p.8 |
| RMS error y (second path) | 27.9689 m | NO_BASELINE | p.8 |
| RMS error z (second path) | 2.2144 m | NO_BASELINE | p.8 |

""The calculated RMS error values in the x, y and z coordinates were 28.4726, 28.4202 and 1.8761 meters respectively."" [p.8].",NO_BASELINE,"""With loop closure optimisation, the RMS error values in the x, y and z coordinates were 30.3348, 44.9588 and 2.9887 meters respectively. This performed worse than no loop closure optimisation"" [p.8].","""The current model of the multispectral sensor has some severe limitations. The major limitation of this model is that the standard water index (mNDWI) does not give the expected value"" [p.8]. Also ""the machine on which the simulation was running began to lag due to the large amount of data being processed (30 Gb)"" [p.8].","""Finally, we provide several recommendations for future research... 1. Exploring the concept of combining VINS-mono with star sensors... 2. Using the Kalibr calibration tool... 3. Exploring a solution to use reflectance values instead of radiance values..."" [p.9].",IMPORTANT: GPS-denied is a stated motivation but primary contribution is simulation for Mars water detection.,SYSTEM,Australia (Queensland University of Technology),NOT_REPORTED,"The paper is an author accepted manuscript. The title page says ""This may be the author's version..."". The year is 2020 from conference. The simulation had performance issues. The custom water index was used because mNDWI didn't work. The paper has a typo ""affect"" instead of ""effect"" in ""inverse affect"" [p.8]. Also ""flight flight controller"" typo [p.9].","1, 2, 3, 4, 5, 6, 7, 8, 9"
REC_0095,P,NOT_REPORTED,2022,NOT_REPORTED,10.1109/JIOT.2021.3130000,"""Unmanned aerial vehicle (UAV) swarms require accurate relative localization to safeguard flight missions in the global navigation satellite system-denied environment due to a lack of absolute position information."" [p.1].","""In a GNSS-denied environment, signals can be obscured or jammed with for many reasons, including electromagnetic shielding, signal jamming, spoofing attacks, or other catastrophic GNSS failure events."" [p.1].",MIXED,"""3-D space (L_lg × L_wd × L_he)"" [p.12]",UAV swarm [p.1],"""sensor devices installed on their fuselage to perform ranging, positioning calculations, and data transmission"" [p.3]",COOPERATIVE,Clustering-based cooperative relative localization with coalition formation game,SIM,NOT_REPORTED,"RMSE (4 CA-CFG), LocSR (4 CA-CFG), RMSE (10 CA-CFG), LocSR (10 CA-CFG)","| metric | value + unit | baseline value | page |
| RMSE (4 CA-CFG) | 38.24 m | NO_BASELINE | p.15 |
| LocSR (4 CA-CFG) | 79.53% | NO_BASELINE | p.15 |
| RMSE (10 CA-CFG) | 22.3 m | NO_BASELINE | p.15 |
| LocSR (10 CA-CFG) | 71.09% | NO_BASELINE | p.15 |

""Simulation results show that the proposed CFG algorithms shorten the ranging time compared with global localization and achieve better localization performance (localization error and success rate) than contrast algorithms."" [p.1].","""4/6/8/10 CA-FIX and global localization"" [p.14]","""the total utility under 8 CA-CFG and 10 CA-CFG is nearly the same, while under 6 CS-CFG and 4 CA-CFG is worse."" [p.13].","""when the border size exceeds 5000 m, the proposed CA-CFG algorithms cannot solve the packet loss caused by long-distance ranging but still have made a very noticeable localization performance compared with comparison algorithms."" [p.15].","""Considering that multilevel localization is an excellent theoretical basis and algorithm guidance for long-distance ranging, overlapping BDs between clusters, overlapping coalition formation (OCF) games can be adopted for the system model to achieve better localization performance."" [p.17].",CORE: the paper's primary contribution is GNSS-denied localization.,METHOD,"China (Army Engineering University of PLA, National Innovation Institute of Defense Technology)",NOT_REPORTED,"The paper has a typo: ""CS-CFG"" should be ""CA-CFG"" in one place [p.13]. Also ""intercoalition"" vs ""inter-cluster"" used inconsistently. The DOI is not printed. The page numbers in the header: Vol. 9, No. 13, July 1, 2022.","1, 2, 3, 4, 5, 6, 7, 8, 9, 10, 11, 12, 13, 14, 15, 16, 17, 18"
REC_0096,Cooperative UWB-Based Localization for Outdoors Positioning and Navigation of UAVs aided by Ground Robots,NOT_REPORTED,2021,NOT_REPORTED,10.1109/ICAS49788.2021.9551177,"""Accurate navigation and localization, required for precise data collection in many industrial applications, often relies on RTK GNSS. These systems, able of centimeter-level accuracy, require a setup and calibration process and are relatively expensive."" [p.1].","""As UAVs become ubiquitous across different domains and application areas [5], having access to more flexible and lower-cost solutions to precise UAV navigation can aid in accelerating adoption and widespread use."" [p.1].",MIXED,"""Turku, Finland (precise location is 60.4557389°N, 22.2843384°E), between a short line of trees and a large building that presumably blocks and reflects GNSS signals."" [p.3]","""a single ground robot and a UAV"" [p.3]; ""ClearPath Husky outdoor platform"" [p.3]; ""custom UAV"" [p.3]","""four UWB responder transceivers"" on ground robot [p.3]; ""two UWB transceivers and an Intel RealSense tracking camera T265"" on UAV [p.3]",UWB,Cooperative UWB-based relative localization,BOTH,NOT_REPORTED,"Position error (small UGV), Navigation error (anchors >10m), UWB error (vertical, 30m)","| metric | value + unit | baseline value | page |
| Position error (small UGV) | >1 m ~20% of time | NO_BASELINE | p.3 |
| Navigation error (anchors >10m) | <10 cm | NO_BASELINE | p.3 |
| UWB error (vertical, 30m) | significantly smaller than GNSS | NO_BASELINE | p.3 |

""For the small UGV setting, the error goes over 1m almost 20% of the time, being highly unstable."" [p.3].","""GNSS, UWB, and VIO"" [p.1]","""We observe that the positioning error consistently decreases as the anchors become more separated."" [p.3].","""VIO is more accurate but only during the first few seconds of flight, before it rapidly loses accuracy and diverges when the UAV altitude increases."" [p.3].","""Future work will focus on integrating UWB with GNSS data and performing experiments in more varied environments. We will also analyze different anchor configurations and consider additional robots."" [p.4].",CORE: the paper's primary contribution is GPS-denied navigation.,SYSTEM,Finland (University of Turku),"""This research work is supported by the Academy of Finland's AutoSOS project (Grant No. 328755) and RoboMesh project (Grant No. 336061)."" [p.4]","The paper does not state a publication venue. The year 2021 is inferred from the reference list (latest 2021) and the arXiv preprint number in reference [10] ""arXiv:2103.13488, 2021"". The paper mentions ""Algorithm ??"" which indicates a missing reference in the source. The paper uses ""estate"" instead of ""state"" in several places (e.g., ""estate estimation""), which is a typo in the source.","1, 2, 3, 4, 5"
REC_0102,Quantum-Enhanced Multi-Sensor Fusion for UAV Navigation in GPS-Denied Environments,NOT_REPORTED,2026,NOT_REPORTED,10.1109/FET68771.2026.11601505,"""Reliable navigation in GPS-denied or degraded environments remains a core challenge for Unmanned Aerial Vehicles (UAVs), as inertial-vision systems accumulate drift over time."" [p.1].","""The proposed architecture combines high-rate classical sensing with low-rate, bias-stable quantum corrections to suppress long-term drift during GNSS outages."" [p.1].",MIXED,"""EuRoC MAV benchmark"" [p.1]","""UAV"" [p.1]","""IMU/Camera/LiDAR"" [p.1]; ""cold-atom accelerometer, NV-diamond magnetometer"" [p.1]",HYBRID,Quantum-enhanced multi-sensor fusion framework,SIM,"""EuRoC MAV benchmark"" [p.1]","Holdover time (quantum), Holdover improvement, Drift-rate improvement","| metric | value + unit | baseline value | page |
| Holdover time (quantum) | 0.47 s | Conventional ~0.03 s | p.4 |
| Holdover improvement | 19-fold | NO_BASELINE | p.4 |
| Drift-rate improvement | 1.8x | NO_BASELINE | p.4 |

""the quantum-enhanced EKF remains below this threshold for nearly 0.47 s, a 19-fold improvement."" [p.4].","""standard IMU+GPS/VO-style EKF"" [p.1]","""The quantum-enhanced EKF shows a noticeably narrower, and more concentrated histogram, indicating reduced variability. The improvement in drift-rate stability is approximately 1.8x relative to the conventional EKF."" [p.5].","""Optomechanical and atom-based quantum sensors introduce notable SWaP penalties compared to classical MEMS devices. Although hybrid optomechanical sensors improve measurement robustness and bandwidth, their optical assemblies require tight environmental control and laser stabilization, making integration into compact UAVs difficult."" [p.5].",NOT_REPORTED (paper concludes with deployment considerations),CORE: the paper's primary contribution is GPS-denied navigation.,METHOD,Morocco (Al Akhawayn University in Ifrane),NOT_REPORTED,"The paper is a feasibility study using simulated GPS-denial with real IMU data. Table II has a typo: ""Total~810,189"" and the individual costs sum to $810,189 but the table says ""Total~810,189"". The cost for Q-ACC is $800,000 which dominates. The paper mentions ""Sec. VII concludes the paper"" but the extracted text appears to end at Section VI with references. The reference list is included. There is a typo ""drawdown inertial navigation equations"" [p.3] which should be ""dead-reckoning"". The phrase ""clamped"" appears in Table I.","1, 2, 3, 4, 5, 6"
REC_0107,Augmented Radar Odometry by Nested Optimal Filter Aided Navigation for UAVS in GNSS Denied Environment,NOT_REPORTED,2021,NOT_REPORTED,10.1109/ITC-Egypt52936.2021.9513978,"""Although most of these UAVs are equipped with Global Navigation Satellite System (GNSS) / Inertial Navigation System (INS) reliable integrated system for localization proposes, they are susceptible to lose their GNSS signals under some environmental and artificial challenging circumstances such as, flying in urban areas, jamming, and spoofing."" [p.1].","""This paper presents a nested optimal filter approach (G-H filter, Extended Kalman Filter (EKF)) for UAVs in GNSS denied environment, to enhance the estimated positioning accuracy by integrating the Radar Odometry (RO)/INS/MAG to sustain a reliable navigation solution during GNSS outage."" [p.1].",MIXED,"""outdoor environment"" [p.3]","""3DR SOLO quadcopter"" [p.2]","""FMCW radar"" [p.2]; ""MEMS IMU (MPU6000)"" [p.2]; ""U-Blox GNSS"" [p.2]",HYBRID,Nested optimal filter (G-H filter + EKF) with Radar Odometry/INS/MAG,REAL,NOT_REPORTED,"2D RMSE (proposed, 1 min outage), 2D RMSE (proposed, 2 min outage), 2D RMSE (proposed, 3 min outage), 2D RMSE (proposed, 4 min outage), RMS error of velocity","| metric | value + unit | baseline value | page |
| 2D RMSE (proposed, 1 min outage) | 1.95 m | IMU DR 165 m | p.4 |
| 2D RMSE (proposed, 2 min outage) | 1.77 m | IMU DR 1470 m | p.4 |
| 2D RMSE (proposed, 3 min outage) | 1.58 m | IMU DR thousands | p.4 |
| 2D RMSE (proposed, 4 min outage) | 1.49 m | IMU DR thousands | p.4 |
| RMS error of velocity | 0.98 m/s | NO_BASELINE | p.3 |

""The proposed system 2D RMS errors reached 1.5 m during 240 seconds of a complete GNSS system outage, while the performance of the IMU dead reckoning/mag integration reached thousands of meters for 2D RMS error"" [p.4].","""stand-alone IMU dead reckoning solution integrated with MAG"" [p.4]","""The experimental results revealed the massive enhancement in the navigational system solution of the proposed method when compared to the IMU/magnetometer dead reckoning solution."" [p.4].","""the navigation systems can maintain reliable performance during GNSS signal outages for a limited time period. This limitation raises the need for a different aiding system to bound the low-cost MEMS-based IMU drift during the unavailability of the GNSS system."" [p.4].",NOT_REPORTED,CORE: the paper's primary contribution is GPS-denied navigation.,METHOD,Canada (University of Calgary),NOT_REPORTED,"The paper uses ""UAVS"" in the title instead of ""UAVs"" [p.1]. The author affiliation for M. Mostafa lists ""Air Defence Collage"" which is a typo for ""College"" [p.1]. The equations for the G-H filter are presented but Eq. 2 is missing (only Eq. 1, 3, 4 are numbered). The reference list is included. The paper mentions ""G-H filter [19]"" and ""EKF [20]"".","1, 2, 3, 4, 5"
REC_0111,Position Estimation for Drones based on Visual SLAM and IMU in GPS-denied Environment,NOT_REPORTED,2019,NOT_REPORTED,10.1109/ICRoM48714.2019.9071826,"""The majority of current works are persistently using a global positioning system (GPS) to directly find the absolute position of the drone. However, GPS accuracy might be not suitable in some applications and this solution is not applicable to all situations."" [p.1].","""In this paper, a positioning system based on monocular SLAM and inertial measurement unit (IMU) is presented."" [p.1].",MIXED,"""outdoor environment"" [p.4]","""Hexa-rotor"" [p.4]","""monocular camera"" [p.1]; ""IMU"" [p.1]",SLAM,Monocular SLAM and IMU fusion with EKF,REAL,NOT_REPORTED,"RMSE (first test), RMSE (second test), Error percentage (first test), Error percentage (second test)","| metric | value + unit | baseline value | page |
| RMSE (first test) | 9.43 m | NO_BASELINE | p.5 |
| RMSE (second test) | 0.7 m | NO_BASELINE | p.5 |
| Error percentage (first test) | 0.62% of traveled distance | NO_BASELINE | p.5 |
| Error percentage (second test) | 0.35% of traveled distance | NO_BASELINE | p.5 |

""The RMSE of error is 9.43 meters which is 0.62% of the traveled distance."" [p.5].","""reference [9]"" [p.2]","""the EKF is able to estimate the scale factor correctly as long as the initial error is under >50"" [p.4-5].","""Since the vertical position estimation of monocular SLAM has a large drift, it is better to have a separate altitude control system."" [p.3].",NOT_REPORTED,CORE: the paper's primary contribution is GPS-denied navigation.,METHOD,Iran (K.N. Toosi University of Technology),NOT_REPORTED,"The paper is from ICRoM 2019. Equation (10) has a typo: ""Q_d = AG_cQ_cG_c^TA^T"" but the definition of G_c is given. The text mentions ""a position error of ±1 cm has to be taken into consideration"" but this is from a different paper (REC_0102). This paper has a typo ""notion model"" should be ""motion model"" [p.3]. The page header shows ""123"" and ""120"" on different pages, which are the IEEE copyright numbers, not page numbers.","1, 2, 3, 4, 5"
REC_0115,"/RZ&RPSXWDWLRQDO'DWD)XVLRQ$SSURDFK8VLQJ ,16DQG8:%IRU8$91DYLJDWLRQ7DVNVLQ*36 'HQLHG(QYLURQPHQWV",NOT_REPORTED,2019,NOT_REPORTED,10.1109/PDCAT46702.2019.00080,"""One type of sensor is unable to achieve all of the quality requirements. For example, if only use GNSS as navigation signal reference, the signal may not be available in some conditions. If only use inertial measurement unit, the computation process of IMU will increase the error growth over time; and navigation tasks will lose the accuracy and reliability."" [p.1].","""To achieve the navigation quality, sensor data integration has been used as the solution. ... However the data fusion process increases the computational load. This results the increasing of the weight, size, complexity and energy consuming of the onboard computing unit."" [p.1].",MIXED,"""high density city area"" [p.4]","""UAV"" [p.1]","""Inertial Measurement Unit (IMU)"" as primary, ""Ultra-wideband system (UWB)"" as secondary [p.1]",HYBRID,Ultra-Light-Coupling data fusion,SIM,NOT_REPORTED,"Position error (North), Position error (Up), Position error (East)","| metric | value + unit | baseline value | page |
| Position error (North) | < 20 cm | NO_BASELINE | p.5 |
| Position error (Up) | < 20 cm | NO_BASELINE | p.5 |
| Position error (East) | < 50 cm | NO_BASELINE | p.5 |

""position errors are bound to 20cm for North and Up, 50cm for East."" [p.5].","""conventional filtering approaches in literature"" [p.3]","""This demonstrates that the computation load is largely reduced using our ultra-light-coupling approach."" [p.4].","""the computation process of IMU will increase the error growth over time; and navigation tasks will lose the accuracy and reliability."" [p.1].","""Future research will be applying more types of navigation sensors for data fusion. The optimal sensor set for UAV tasks can be decided by comparison of navigation system accuracy and reliability, computational load, sensor weight, size of different types of low cost sensors."" [p.5].",CORE: the paper's primary contribution is GPS-denied navigation.,METHOD,Australia (University of Technology Sydney),NOT_REPORTED,"The paper uses ""The"" instead of ""the"" in the title of Section III (""THE ULTRA-LIGHT-COUPLING DATA FUSION APPROACH"") [p.2]. The paper claims ""Ultra-Light-Coupling Architecture"" can be the ""5th type of fusion architecture"" [p.3]. The paper mentions ""Big O notation"" but doesn't use it. The simulation uses a 3D path and the results are shown in figures.","1, 2, 3, 4, 5"
REC_0118,A Vision-Aided Navigation System by Ground-Aerial Vehicle Cooperation for UAV in GNSS-Denied Environments,NOT_REPORTED,2018,NOT_REPORTED,10.1109/GNCC42960.2018.9019191,"""Modern UAVs are expected to be able to fly safely through the area where GNSS signal is weak or even could not be received."" [p.1].","""In order to realize it, the intuitive idea is by adding some airborne sensors and processor chips, which is, however, not practically feasible for the UAVs that have limited payload capability and online-computing resources."" [p.1].",INDOOR,"""indoor conditions"" [p.4]","""commercial quadrotor Parrot AR.Drone2.0 and the ground robot is Turtlebot2"" [p.2]","""monocular camera, IMU and atmospheric pressure sensor"" on UAV [p.2]; ""Microsoft Kinect V2"" on ground robot [p.2]",COOPERATIVE,Vision-aided navigation system by ground-aerial vehicle cooperation,REAL,NOT_REPORTED,"RMSE (Exp 1, x), RMSE (Exp 1, y), RMSE (Exp 1, z), RMSE (Exp 2, x), RMSE (Exp 2, y), RMSE (Exp 2, z), RMSE (Exp 3, x), RMSE (Exp 3, y)","| metric | value + unit | baseline value | page |
| RMSE (Exp 1, x) | 3.1 cm | NO_BASELINE | p.5 |
| RMSE (Exp 1, y) | 1.7 cm | NO_BASELINE | p.5 |
| RMSE (Exp 1, z) | 0.9 cm | NO_BASELINE | p.5 |
| RMSE (Exp 2, x) | 4.6 cm | NO_BASELINE | p.5 |
| RMSE (Exp 2, y) | 6.8 cm | NO_BASELINE | p.5 |
| RMSE (Exp 2, z) | 5.4 cm | NO_BASELINE | p.5 |
| RMSE (Exp 3, x) | 0.12 m | NO_BASELINE | p.5 |
| RMSE (Exp 3, y) | 0.15 m | NO_BASELINE | p.5 |

""The RMSE of x, y and z axes are 3.1 cm, 1.7 cm and 0.9 cm respectively."" [p.5].","""external motion capture system named as SVW4.V1"" [p.4]",NOT_REPORTED,"""PTAM algorithm has a poor robustness against rotation. Once the aircrafts yaw rotates too fast, the algorithm can be easy to fail."" [p.6].
""in scenes like corridors where the distance of front feature points are relatively long and there are white walls on both sides, the system may fail easily."" [p.6].","""Facing such a situation where visual information is extremely poor, we may consider adding sensors like lidar and ultrasound."" [p.6].",CORE: the paper's primary contribution is GPS-denied navigation.,SYSTEM,China (University of Electronic Science and Technology of China),"""This work was supported by National Natural Science Foundation of China (Grant No. 61773095) and the Fundamental Research Funds for the Central Universities (Grant No.ZYGX2016J161)."" [p.6]","The paper contains typos: ""aircrafts"" should be ""aircraft's"", ""can be easy to fail"" should be ""can easily fail"", ""the low chassis of the ground robot"" etc. No publication year or venue is printed. The year is inferred to be around 2018 based on references, but uncertain. The paper won second prize at the Third China Graduate Future Aircraft Innovation Competition.","1, 2, 3, 4, 5, 6"
REC_0123,Visual-based landing system of a multirotor UAV in GNSS denied environment,NOT_REPORTED,2023,NOT_REPORTED,10.1109/MetroAeroSpace57412.2023.10190013,"""The availability of GNSS signals is essential for most commercial UAVs, but unfortunately, these signals can be lost in certain environments or intentionally denied in military operations."" [p.1].","""Therefore, visual-based landing systems can provide an alternative solution to enable a low-cost system for precisely landing UAVs in GNSS-denied environments."" [p.1].",MIXED,NOT_REPORTED (tests planned),"""multirotor UAV"" [p.1]","""three camera modules with an ultra-wide, wide and telephoto lens"" [p.2]",VISION_OBJECT,Multi-camera landing aid system based on ArUco markers,REAL,NOT_REPORTED,NOT_REPORTED,NOT_REPORTED,NO_BASELINE,NOT_REPORTED,"""limited accuracy: UAV landing systems can be limited in their accuracy due to a variety of factors such as sensor noise, environmental conditions, and system calibration errors"" [p.1].","""Integration with other sensors: Visual-based landing systems can be integrated with other sensors such as LiDAR, radar, or sonar to improve the accuracy and robustness of the system."" [p.4].",CORE: the paper's primary contribution is GNSS-denied landing.,SYSTEM,Poland (Military University of Technology),NOT_REPORTED,"This is a review and proposal paper with no experimental validation. The abstract states it ""overviews recent research"" and ""proposes a multi-camera landing aid system"". The paper includes planned tests but no results. Status is partial. No publication year or venue is printed. The reference list includes 2023 papers, suggesting recent work.","1, 2, 3, 4, 5, 6"
REC_0131,Sensor applications Digital Twin for Drone Indoor Autonomous Navigation,NOT_REPORTED,2026,NOT_REPORTED,10.1109/LSENS.2025.3642424,"""achieving precise flight control, efficient obstacle avoidance, and reliable real-time decision-making remains challenging, particularly in GPS-denied or cluttered environments."" [p.1].","""To address these issues, this work integrates a digital twin (DT) framework with the UAV's control and perception system, creating a synchronized virtual replica that continuously mirrors the drone's physical state."" [p.1].",INDOOR,"""224 cm × 224 cm arena with ArUco markers"" [p.1]","""ESP32-controlled drone"" [p.1]","""overhead camera and OpenCV provide vision-based localization"" [p.1]; ""YOLOv11-nano model for obstacle detection and a lightweight transformer model, Depth Anything (Lihe-Young-small-hf), for monocular depth estimation"" [p.1]",OTHER,Digital Twin (DT)-based framework for autonomous drone navigation,BOTH,"""504 cardboard images"" [p.3]","RMS trajectory deviation, mAP, Precision, Recall, mAP@50-95","| metric | value + unit | baseline value | page |
| RMS trajectory deviation | ~0.015 m | DT-based UAV studies: 0.07-0.10 m | p.1, p.4 |
| mAP | ~0.994 | NO_BASELINE | p.1 |
| Precision | 1.000 | NO_BASELINE | p.3 |
| Recall | 0.982 | NO_BASELINE | p.3 |
| mAP@50-95 | 0.88 | NO_BASELINE | p.3 |

""The proposed DT system achieves an RMS trajectory deviation of approximately 0.015 m, representing an order-of-magnitude improvement compared with DT-based uncrewed aerial vehicle (UAV) navigation studies under similar experimental conditions"" [p.1].","""DT-based UAV navigation studies"" [p.4]",NOT_REPORTED,"""First, the evaluation is based on an indoor, visually controlled environment where ArUco markers provide stable metric references; performance in outdoor or partially textured environments may exhibit higher localization drift. Second, the trajectory reconstruction is derived from video-based detection rather than direct onboard flight logs... Third, the dynamics modeled in the DT do not incorporate full aerodynamic disturbances or actuator saturation effects"" [p.4].","""Future work will integrate onboard sensing, more detailed quadrotor dynamics, and hardware-in-the-loop testing to validate the framework across larger scale and higher dynamic scenarios."" [p.4].",CORE: the paper's primary contribution is GPS-denied indoor navigation.,SYSTEM,India (IIIT Kottayam),NOT_REPORTED,"The paper contains inconsistencies in the YOLO model version: abstract says YOLOv11-nano, but Section III uses YOLOv8-nano, and one figure caption mentions YOLOv9 nano. The manuscript received 21 November 2025; accepted 4 December 2025; date of publication 10 December 2025; date of current version 6 January 2026. The venue is not explicitly stated but appears to be an IEEE letter.","1, 2, 3, 4"
REC_0138,A,NOT_REPORTED,2019,NOT_REPORTED,10.1109/TVT.2018.2890416,"""One of the most demanding capability of the autonomous vehicles is being able to navigate and execute tasks autonomously in complex environments, especially in GPS-denied environments."" [p.1].","""In this work, we focus on the problem of autonomous exploration and reconstruction (mapping) for operation in GPS-denied and fully unknown 3D environments."" [p.1].",MIXED,"""simulated cluttered chamber"", ""real flight test environments"" [p.10]","""quadrotor platform"" for UAV [p.2]; ""Mecanum wheels"" UGV [p.2]","UAV: ""rotary LIDAR device"" and ""stereo camera (ZED)"" [p.2]; UGV: ""3D LIDAR"" and ""RGB-D sensor (KINECT)"" [p.2]",COOPERATIVE,Collaborative UAV-UGV exploration and mapping system,BOTH,NOT_REPORTED,"UGV independent coverage, Exploration time (collaborative)","| metric | value + unit | baseline value | page |
| UGV independent coverage | ~60% of 3D exploration space | NO_BASELINE | p.9 |
| Exploration time (collaborative) | Lower than independent | NO_BASELINE | p.9 |

""the independent 2.5D mapping by the UGV is only able to cover up to approximately 60% of the specified bounding box of the 3D exploration space"" [p.9].","""2.5D frontier based scheme"", ""Receding Horizon NBV planner"" [p.8]","""the collaborative scheme is more advantageous in this large-scale environment in terms of total exploration time"" [p.9].",NOT_REPORTED,NOT_REPORTED,CORE: the paper's primary contribution is GPS-denied exploration and mapping.,SYSTEM,"Singapore (National University of Singapore, Temasek Laboratories)","""This work was supported by the National Natural Science Foundation of China under Grants NSFC 61803105 and U1701264."" [p.1]","The paper has a few typographical errors: ""AUTONOMOUS robots such as unmanned aerial vehicles UAVs)"" missing opening parenthesis [p.1]. Also ""GPS-denied"" vs ""GPS-denied"" inconsistencies. The paper is an IEEE TVT paper. The DOI is provided.","1, 2, 3, 4, 5, 6, 7, 8, 9, 10, 11, 12"
REC_0149,Vision-Based Global Localization for UAVs Using Deep Convolutional Neural Networks,NOT_REPORTED,2026,NOT_REPORTED,10.1109/IPCS69631.2026.11604264,"""A key challenge for UAVs is maintaining reliable navigation, especially in environments where GPS signals may be blocked, jammed, or unavailable [1]."" [p.1].","""Therefore, it is important to develop navigation methods that enable UAVs to operate safely without depending on traditional positioning systems."" [p.1].",MIXED,"""designated operational area approximately 1.5 kilometers distance with a high zoom level Z23"" [p.1]","""UAV"" [p.1]","""onboard cameras"" [p.1]; ""DJI (Zenmuse P1) camera (35 mm focal length)"" [p.2]",VISION_OBJECT,Vision-based navigation system with deep CNN and map-patch matching,REAL,"""high-resolution satellite imagery"" [p.1]; ""UAV images"" [p.1]","Mean localization error, Median localization error, Std localization error, Max localization error, Training loss (final), Mean validation GPS error (final)","| metric | value + unit | baseline value | page |
| Mean localization error | 9.71 m | TransGeo 18.00 m | p.5 |
| Median localization error | 8.75 m | TransGeo 17.97 m | p.5 |
| Std localization error | 5.60 m | TransGeo 8.26 m | p.5 |
| Max localization error | 31.28 m | TransGeo 39.53 m | p.5 |
| Training loss (final) | 0.1172 | NO_BASELINE | p.4 |
| Mean validation GPS error (final) | 12.54 m | NO_BASELINE | p.5 |

""After filtering, localization errors are reduced... mean localization error of 9.71 m, with most predictions within 5-15 m of the ground truth"" [p.6].","""TransGeo"" [p.4]",NOT_REPORTED,NOT_REPORTED,"""Future work includes eliminating the need for UAV-specific training data by using pre-trained networks from geo-referenced map patches and implementing real-time localization for fully autonomous operation."" [p.6].",CORE: the paper's primary contribution is GPS-denied navigation.,METHOD,"Egypt (A.F. Research and Development Center, Military Technical College)",NOT_REPORTED,"The header on page 1 says ""2021 IEEE Conference on Frontiers in Power and Control Systems (IPCS)"", but the footer on page 5 says ""2021CEENG International Conference for Innovations in Power and Control Systems (IPCS)"". This is an inconsistency in the source. The paper does not state a DOI. There is a typo in the abstract: ""guided aerial vehicles"" likely means ""guided aerial vehicles"".","1, 2, 3, 4, 5, 6"
REC_0155,Cooperative Navigation and Guidance of a Micro-Scale Aerial Vehicle by an Accompanying UAV using 3D LiDAR Relative Localization,NOT_REPORTED,2022,NOT_REPORTED,10.1109/ICUAS54217.2022.9836116,"""As there is generally no GNSS or external localization system available in real-world indoor environments, the UAVs need to rely on their exteroceptive sensors to localize themselves and perceive the environment."" [p.1].","""In this paper, we propose a cooperative navigation approach synergizing the advantages of both types of sensors."" [p.2].",INDOOR,"""large indoor arena"" [p.7]","""Primary UAV is built upon the Tarot 650 frame"" [p.6]; ""Secondary UAV carries the Intel NUC 10i7FNH"" [p.6]","Primary: ""Ouster OS0-128 3D LiDAR"" [p.6]; Secondary: ""Bluefox MLC200Wc camera with the DSL217 fisheye lens"" [p.6]",COOPERATIVE,Cooperative navigation with 3D LiDAR relative localization,BOTH,NOT_REPORTED,"LiDAR relative localization 2D RMSE, LiDAR relative localization 3D RMSE, VIO drift (example)","| metric | value + unit | baseline value | page |
| LiDAR relative localization 2D RMSE | 0.13 m | NO_BASELINE | p.6 |
| LiDAR relative localization 3D RMSE | 0.34 m | NO_BASELINE | p.6 |
| VIO drift (example) | >1 m | NO_BASELINE | p.9 |

""The overall 2D RMSE of the LiDAR localization was 0.13m and its overall 3D RMSE was 0.34m."" [p.6].","""VIO self-localization"" [p.7]",NOT_REPORTED,"""The accuracy of LiDAR relative localization was influenced by the measurement delay caused by LiDAR processing time."" [p.9].","""Future work will also focus on the estimation of relative orientation between the localization outputs and fusion of LiDAR detections with the VIO output to remove the simplifying assumptions of the current approach."" [p.9].",CORE: the paper's primary contribution is GNSS-denied cooperative navigation.,SYSTEM,Czech Republic (Czech Technical University),NOT_REPORTED,"The paper does not explicitly state the DOI. The venue is inferred from the multimedia attachment URL ""icuas2022-coop"" and the header ""2022 IEEE. Personal use..."". The paper contains a typo in the abstract: ""cooperative navigation and guidance architecture"" is later written as ""cooperative navigation and guidance architecture"" in the text. There is a reference to ""MRS UAV System"" and ""VINS-Mono"".","1, 2, 3, 4, 5, 6, 7, 8, 9, 10"
REC_0161,Sensor Fusion for Autonomous Indoor UAV Navigation in Confined Spaces,NOT_REPORTED,2023,NOT_REPORTED,10.1109/ICST59744.2023.10460820,"""The difficulty of autonomous navigation in constrained, GPS-denied indoor environments is substantial"" [p.1].","""In this paper, we address the challenge of navigating through unknown indoor environments using autonomous aerial robots within confined spaces."" [p.1].",INDOOR,"""warehouse space and customised to roughly 7m×7m×5m dimensions"" [p.4]","""295 mm carbon fiber quadrotor frame"" [p.1]","""ZED 2i stereo camera"", ""Intel RealSense d455"", ""Slamtec RPLidar A1M8 laser scanning"", ""IMU"" [p.1]",HYBRID,Sensor fusion with RTAB-Map,REAL,NOT_REPORTED,"Navigation Accuracy (Depth+IMU+LiDAR), Mapping Quality RMSE (Depth+IMU+LiDAR), Orientation error rate","| metric | value + unit | baseline value | page |
| Navigation Accuracy (Depth+IMU+LiDAR) | 0.4 m | Monocular 0.7 m, Depth+IMU 0.5 m | p.4 |
| Mapping Quality RMSE (Depth+IMU+LiDAR) | 0.13 m | Monocular 0.22 m, Depth+IMU 0.15 m | p.4 |
| Orientation error rate | 0.1% | NO_BASELINE | p.5 |

""Our results showcase a promising navigation accuracy, with errors as low as 0.4 meters, and mapping quality characterized by a Root Mean Square Error (RMSE) of just 0.13 m."" [p.1].","""Monocular Camera Only"", ""Depth Camera + IMU"" [p.4]","""Table I provides a comparison of 3 different sensor configurations for the UAV system navigation."" [p.4].","""the choice of sensor configuration needs to be balanced considering a trade-off between accuracy, cost, energy consumption, and weight requirements."" [p.4].","""future research directions may focus on enhancing the system's adaptability and obstacle avoidance capabilities in dynamic indoor settings."" [p.6].",CORE: the paper's primary contribution is GPS-denied indoor navigation.,SYSTEM,Australia (Macquarie University),NOT_REPORTED,"The paper does not state a publication year or venue. References include 2023 papers, but no explicit year is given. The header on page 1 shows authors and affiliations but no conference/journal name. The paper contains a typo: ""RPL- idar"" instead of ""RPLidar"" [p.3]. There is also a typo ""on board"" vs ""onboard"".","1, 2, 3, 4, 5, 6"
REC_0165,UAV Cross-View Image Retrieval and Visual Geo-localization in GNSS-Denied Environments,NOT_REPORTED,2026,NOT_REPORTED,10.1109/ICCE-Taiwan71481.2026.11652687,"""UAV navigation often fails in GNSS-denied environments such as urban canyons."" [p.1].","""To address this issue, cross-view geo-localization matches UAV and satellite images for positioning."" [p.1].",URBAN_CANYON,"""University-1652"" and ""DenseUAV"" datasets [p.1]","""UAV"" [p.1]","""UAV images"" and ""satellite images"" [p.1]",VISION_OBJECT,Cross-view geo-localization framework with ConvNeXt-Base,SIM,"""University-1652"", ""DenseUAV"" [p.1]","Recall@1 (University-1652), Recall@1 (DenseUAV), Average continuous tracking error, R@1 (INDEX), mAP (INDEX)","| metric | value + unit | baseline value | page |
| Recall@1 (University-1652) | 93.59% | NO_BASELINE | p.1 |
| Recall@1 (DenseUAV) | 93.56% | NO_BASELINE | p.1 |
| Average continuous tracking error | 0.95 m | GLOBAL mode 9.68 m | p.2 |
| R@1 (INDEX) | 95.80% | NO_BASELINE | p.2 |
| mAP (INDEX) | 91.63% | NO_BASELINE | p.2 |

""it achieves 93.59% Recall@1 on University-1652 and 93.56% on DenseUAV, outperforming baselines."" [p.1].","""LPN, FSRA, Sample4Geo"" [p.2]","""Table III DenseUAV Model Online Tracking Strategy Ablation Experiment."" [p.2].",NOT_REPORTED,NOT_REPORTED,CORE: the paper's primary contribution is GNSS-denied localization.,METHOD,"Taiwan (National Changhua University of Education, Chienkuo Technology University)",NOT_REPORTED,"The paper is very short (2 pages). It is a conference paper. The header on page 1 says ""2016 IEEE International Conference on Consumer Electronics - Taiwan (ICCE-Taiwan)"". No DOI is provided. The paper uses ""R@1"" and ""Recall@1"" interchangeably.","1, 2"
REC_0179,Wireless Local Positioning System for Controlled UAV Landing in GNSS-Denied Environment,NOT_REPORTED,2019,NOT_REPORTED,10.1109/MetroAeroSpace.2019.8869587,"""However, there are scenarios where a GPS signal is not reliable due to shadowing by obstacles or jamming. This uncertainty in localization is most critical during the UAV landing phase [4]."" [p.1].","""Accounting mentioned GNSS-denied scenarios, a demand for an alternative wireless positioning system for a safe UAV operation has emerged."" [p.1].",MIXED,"""field measurements in Wurzburg"" [p.3]","""UAV"" [p.1]","""24 GHz secondary radar sensors"" [p.1]; ""dome array"" [p.2]",OTHER,Wireless Local Positioning System (WLPS) with 24 GHz secondary radar,REAL,NOT_REPORTED,"RMSE 3D positioning (single beacon), RMSE 3D positioning (four beacons), Angle estimation error (68%), Range estimation error (mean)","| metric | value + unit | baseline value | page |
| RMSE 3D positioning (single beacon) | 36 cm | NO_BASELINE | p.1 |
| RMSE 3D positioning (four beacons) | 31 cm | NO_BASELINE | p.1 |
| Angle estimation error (68%) | ≤2° | NO_BASELINE | p.2 |
| Range estimation error (mean) | <20 cm | NO_BASELINE | p.3 |

""The 3D-positioning of the UAV with the RMSE under 36 cm using only a single beacon and 31 cm using four beacons were achieved."" [p.1].","""Leica TS30 total station"" [p.3]","""Comparing positioning results using single and multiple beacons, we have shown the redundancy of the presented localization concept."" [p.4].","""As the unambiguous angular region of the dome array does not exceed 140° in elevation plane, there are no measurement results for drone height of less than 1 m."" [p.4].","""For further system improvement, the number of radar receive channels can be increased. It would allow to expand the angular coverage of the dome array up to 180° or more in elevation plane and enhance the AOA accuracy."" [p.4].",CORE: the paper's primary contribution is GNSS-denied localization.,SYSTEM,"Germany (Friedrich-Alexander-Universität Erlangen-Nürnberg, University Wuerzburg)","""This work was financially supported by the Federal Ministry for Economic Affairs and Energy in Germany (BMWi) under the project 'VaMEx LAOLA', registration no. 50NA1528."" [p.4]","The paper does not state a publication year or venue. The header on page 1 lists authors and affiliations but no conference/journal name. Reference [5] has a typo: ""VaMEx - LAOLa"" instead of ""VaMEx - LAOLA"". The paper uses ""ad-hoc"" and ""ad- hoc"" inconsistently. There is a typo in the abstract: ""ad- hoc"" with a space.","1, 2, 3, 4, 5"
REC_0195,An Autonomous Continuous Positioning Method for Low-Altitude UAVs Based on Image Recognition in GNSS-Denied Environments,NOT_REPORTED,2026,NOT_REPORTED,10.1109/RAITS68656.2026.11580149,"""However, GNSS signals are susceptible to weather conditions and environmental interference. In rainy weather, densely forested areas, or high-rise urban canyons, these signals experience multipath effects or are completely blocked, severely compromising the continuity and reliability of onboard navigation systems."" [p.1].","""Hence, the development of autonomous positioning technologies capable of operating in GNSS-denied environments is imperative to ensure stable and dependable UAV performance in complex scenarios."" [p.1].",URBAN_CANYON,"""UAV-VisLoc dataset"" [p.1]","""UAV"" [p.1]","""inertial navigation (INS)"" [p.1]; ""camera"" [p.3]",HYBRID,Five-stage autonomous continuous positioning method,BOTH,"""UAV-VisLoc large-scale UAV visual localization dataset"" [p.7]","Average plane positioning error (two-stage), Maximum error (two-stage), Error reduction, U-Net validation accuracy, U-Net test accuracy","| metric | value + unit | baseline value | page |
| Average plane positioning error (two-stage) | 12.95 m | Single-stage 26.32 m | p.1 |
| Maximum error (two-stage) | 18.67 m | Single-stage 68.74 m | p.1 |
| Error reduction | 49.2% | NO_BASELINE | p.1 |
| U-Net validation accuracy | 96.35% | NO_BASELINE | p.7 |
| U-Net test accuracy | 94.21% | NO_BASELINE | p.7 |

""two-stage matching can reduce the average plane positioning error from 26.32m in single-stage matching to 12.95m, a decrease of 49.2%."" [p.1].","""single-stage template matching"" [p.7]",NOT_REPORTED,"""However, the current implementation only applies inertial navigation to initial positioning."" [p.8].","""In future work, we plan to further integrate inertial navigation data into the entire calculation process to achieve more accurate and higher-frequency continuous positioning."" [p.8].",CORE: the paper's primary contribution is GPS-denied navigation.,METHOD,China (South China University of Technology),"""This paper was supported in part by Guangdong Basic and Applied Basic Research Foundation (No.2023A15150 30120)."" [p.8]","The paper has no title in the extracted text. The year and venue are not stated. The header on page 1 lists authors and affiliations but no title or publication venue. The paper contains a typo: ""GNSS Standard Positioning Service (SPS)"" should be ""GNSS Standard Positioning Service (SPS)"". The paper references ""UAV-VisLoc"" dataset.","1, 2, 3, 4, 5, 6, 7, 8, 9"
REC_0196,Navigation of Simultaneous Localization and Mapping by Fusing RGB-D Camera and IMU on UAV,NOT_REPORTED,2019,NOT_REPORTED,10.1109/SAFEPROCESS45799.2019.9213339,"""However, the traditional UAV positioning and navigation system cannot respond to the fault in time, especially in the field search and rescue, battlefield reconnaissance and other scenes."" [p.1].","""In this paper, a novel system that enables a UAV to navigation in a GPS-denied environment with an RGB-D (Red, Green, Blue, and Depth) camera and Inertial Measurement Unit (IMU) is presented."" [p.1].",MIXED,NOT_REPORTED (indoor assumed),"""hexacopter"" [p.2]","""RGB-D camera (Intel Realsense R200)"" [p.2]; ""IMU module"" [p.2]",SLAM,RGB-D SLAM with IMU fusion via EKF,REAL,NOT_REPORTED,NOT_REPORTED,NOT_REPORTED,"""pure RGBD-SLAM"" [p.1]","""Compared with pure RGBD-SLAM, the positioning accuracy of UAV has been improved remarkably owing to the output fusion of RGBD-SLAM and IMU."" [p.1].","""any mismatch in 3D composition will render to positioning error of the RGBD-SLAM algorithm"" [p.1].",NOT_REPORTED,CORE: the paper's primary contribution is GPS-denied navigation.,SYSTEM,China (Southwest Jiaotong University),NOT_REPORTED,"The paper has a typo: ""Inter nuc"" should be ""Intel NUC"" [p.2]. Also ""detailedlly"" should be ""detailedly"" [p.3]. The paper uses ""UAV"" and ""drone"" interchangeably. The reference list includes a duplicate entry for [4] and [3] appears to be incomplete.","1, 2, 3, 4, 5, 6"
REC_0202,Design of A Positioning System for VA V in GPS- denied Environment,NOT_REPORTED,2022,NOT_REPORTED,10.1109/ISCIT55906.2022.9931225,"""However, the traditional UAV positioning and navigation system cannot respond to the fault in time, especially in the field search and rescue, battlefield reconnaissance and other scenes."" [p.1].","""This paper focuses on the cooperative positioning technology of UAV cluster system in GPS-denied environment."" [p.1].",MIXED,NOT_REPORTED,"""UAV"" [p.1]","""IMU and UWB"" [p.1]",HYBRID,Multi-sensor fusion algorithm with IMU and UWB,SIM,NOT_REPORTED,NOT_REPORTED,NOT_REPORTED,NO_BASELINE,"""The simulation results show that the data obtained by this method greatly improves the measurement accuracy compared with the original data."" [p.4].",NOT_REPORTED,"""In the near future we will use this positioning system on our UAVs."" [p.4].",CORE: the paper's primary contribution is GPS-denied navigation.,METHOD,China (Beijing Institute of Technology),NOT_REPORTED,"The paper has a typo: ""expend"" should be ""expand"" [p.1]. Also ""UVA"" should be ""UAV"" [p.3]. The paper uses ""GPS-denied"" and ""GPSdenied"" inconsistently. The acknowledgment section is unusually informal and personal.","1, 2, 3, 4"
REC_0208,UAV Pose Estimation in GNSS-Denied Environment Assisted by Satellite Imagery Deep Learning Features,NOT_REPORTED,2021,NOT_REPORTED,10.1109/ACCESS.2020.3048342,"""Traditional UAV navigation relies on the Global Navigation Satellite System (GNSS) for localization; however, this system has disadvantages of instability and susceptibility to interference."" [p.1].","""Therefore, to obtain accuracy in UAV pose estimation in GNSS-denied environments, a UAV localization method that is assisted by deep learning features of satellite imagery is proposed."" [p.1].",MIXED,"""Dengfeng City, Henan Province, China, covering an area of approximately 15 km²"" [p.3]","""UAV"" [p.1]","""top-view optical camera"" [p.1]",VISION_OBJECT,UAV visual localization method based on deep learning features of satellite imageries,BOTH,"""satellite imageries from Google Maps"" [p.5]","Average localization error (Path 1), Average localization error (Path 2), D2-Net matching accuracy, D2-Net matching time","| metric | value + unit | baseline value | page |
| Average localization error (Path 1) | 14.53 m | ICLK-PE 27.59 m; ORB-SLAM 45.03 m | p.8 |
| Average localization error (Path 2) | 12.05 m | ICLK-PE 45.88 m; ORB-SLAM 104.30 m | p.8 |
| D2-Net matching accuracy | 94.29% | SIFT 21.88%; SURF 15.38%; DELF 95.52% | p.6 |
| D2-Net matching time | 5.15 s | SIFT 16.58 s; DELF 12.97 s | p.6 |

""the average localization error of this method under different trajectories is within 15 m."" [p.1].","""ORB-SLAM, ICLK-PE"" [p.7]","""the optimization method can effectively reduce the error and increase the localization accuracy by more than 50%."" [p.7].","""the amount of calculation is substantial for the processor on the UAV."" [p.8].","""it is necessary to further reduce the amount of calculation and improve the real-time performance of the algorithm."" [p.8].",CORE: the paper's primary contribution is GNSS-denied navigation.,METHOD,"China (Information Engineering University, Zhengzhou)","""This work was supported by the National Natural Science Foundation of China (NSFC) under Grant 42001338."" [p.1]","The paper has a typo: ""GNSSdenied"" in the title [p.1]. Also ""DGNSS"" appears as ""DGNSs"" in the text [p.1]. The paper uses ""UAV"" and ""drone"" interchangeably.","1, 2, 3, 4, 5, 6, 7, 8, 9, 10"
REC_0211,M,NOT_REPORTED,2026,NOT_REPORTED,10.1109/JIOT.2025.3650118,"""However, in harsh environments such as urban canyons, dense forests, or disaster zones with collapsed buildings, reliable GNSS signals for every UAV are not guaranteed"" [p.1].","""This heterogeneity motivates the development of multi-UAV cooperative localization, which fuses multisensor information across UAVs."" [p.1].",MIXED,"""500 × 500 × 500 m³ space"" [p.7]","""Multi-UAV networks"" [p.1]","""INS, inter-UAV relative distances, and sparse anchor-based measurements"" [p.1]",HYBRID,SIA-KalmanNet (Structurally Integrated Attention Kalman Filter),SIM,"""public trajectory data"" [p.7]","Average error (SCA-RMN), Improvement vs KalmanNet_A2, Improvement vs EKF, Std. dev. (SCA-RMN), Exec. time (SA-RMN)","| metric | value + unit | baseline value | page |
| Average error (SCA-RMN) | 8.576 m | EKF 16.18 m; KalmanNet_A2 10.71 m | p.8 |
| Improvement vs KalmanNet_A2 | 11.8% | NO_BASELINE | p.8 |
| Improvement vs EKF | 47.0% | NO_BASELINE | p.8 |
| Std. dev. (SCA-RMN) | 0.84 m | EKF 2.21 m; KalmanNet_A2 1.05 m | p.8 |
| Exec. time (SA-RMN) | 0.96 ms | EKF 4.05 ms | p.8 |

""the proposed SCA-RMN algorithm achieves an average error of 8.576 m, which represents a 11.8% improvement over KalmanNet_A2 and a 47.0% enhancement compared to the EKF."" [p.8].","""EKF, KalmanNet_A1, KalmanNet_A2, KalmanFormer"" [p.8]","""Table III presents the ablation results for SCA-RMN and SA-RMN across the four scenarios (S1-S4)."" [p.10].",NOT_REPORTED,"""real-world UAV flight experiments are planned to validate the proposed framework"" [p.10].",CORE: the paper's primary contribution is GPS-denied localization.,METHOD,NOT_REPORTED (authors' affiliations not given),NOT_REPORTED,"This extraction is marked partial: the provided text has no author affiliations, publication year, or venue. The paper contains a typo in the abstract: ""GNSSdenied"" should be ""GNSS-denied"" [p.2]. The paper uses ""uncrewed"" and ""unmanned"" interchangeably.","1, 2, 3, 4, 5, 6, 7, 8, 9, 10, 11, 12"
REC_0213,A Multi-UAV System for Exploration and Target Finding in Cluttered and GPS-Denied Environments,NOT_REPORTED,2021,NOT_REPORTED,10.1109/ICUAS51884.2021.9476820,"""There is considerable amount of research on SAR missions in GPS-denied environments with a single UAV [16]-[19]. In contrast, using a team of UAVs to find a target in cluttered and GPS-denied scenarios with efficiency and cooperation is still a challenging problem."" [p.1].","""The use of multiple Unmanned Aerial Vehicles (UAVs) has recently gained more attention for tasks such as real-time monitoring, Search and Rescue (SAR), remote sensing, delivery of goods, precision agriculture, and infrastructure inspection [1]-[5]."" [p.1].",INDOOR,"""indoor area which contains pillars and lounges"" [p.3]","""multi-rotor Unmanned Aerial Vehicles (UAVs)"" [p.1]","""six close range laser sensors"" [p.1]; ""downward-facing camera"" [p.3]",COOPERATIVE,Ob-Dec-POMDP,SIM,NOT_REPORTED,"Success rate (Informed, P1), Success rate (Informed, P2), Success rate (Informed, P3), Success rate (Informed, P4), Median target finding time reduction","| metric | value + unit | baseline value | page |
| Success rate (Informed, P1) | 100% | NO_BASELINE | p.7 |
| Success rate (Informed, P2) | 95% | NO_BASELINE | p.7 |
| Success rate (Informed, P3) | 82.5% | NO_BASELINE | p.7 |
| Success rate (Informed, P4) | 87.5% | NO_BASELINE | p.7 |
| Median target finding time reduction | 23% (adding one UAV) | NO_BASELINE | p.7 |

""The reduction in median target finding time was about 23% when one UAV is added to the system."" [p.7].","""Independent, Divided, Informed"" [p.7]","""Table II contrasts the target detection rates for all strategies. ... the Informed setting kept a consistent high successful rate in all simulations"" [p.7].","""Further avenues of research include finding and merging an affordable Simultaneous Localisation and Mapping (SLAM) system into the multi-UAV system framework."" [p.8].","""Moreover, real-world experiments which explore further constraints on the communication network systems can be performed to illustrate versatility of the designed framework."" [p.8].",CORE: the paper's primary contribution is GPS-denied navigation.,SYSTEM,NOT_REPORTED,NOT_REPORTED,"The paper does not state author affiliations in the extracted text, though the authors are known to be from Queensland University of Technology (Australia) based on other works. No DOI is reported.","1, 2, 3, 4, 5, 6, 7, 8, 9"
REC_0215,GPS-Denied UAV-UGV Relative Positioning System via Vision-UWB Fusion,NOT_REPORTED,2023,NOT_REPORTED,10.1109/ICIEA58696.2023.10241577,"""Locating drones in GPS-denied environments is a challenging task, particularly for hardware platforms with limited computational resources and sensors."" [p.1].","""To achieve accurate and reliable localization, it is common to use a combination of sensors, such as UwBs, IMUs, and cameras, in robotics."" [p.2].",INDOOR,"""a workshop"" [p.4]","""DJI Mavic 2 equipped with a Decawave UWB tag"" and ""a Husky robot equipped with 4 UWB beacons and a Realsense camera"" [p.3]","""UWB ranging measurements"" and ""Realsense camera"" [p.3]",HYBRID,Vision-UWB fusion framework,REAL,NOT_REPORTED,"Average error (1.2 m height, fusion), Average error (1.6 m height, fusion), Average error (2.1 m height, fusion)","| metric | value + unit | baseline value | page |
| Average error (1.2 m height, fusion) | 0.182 m | UWB Est. 0.232 m; YOLO Det. 0.134 m | p.4 |
| Average error (1.6 m height, fusion) | 0.194 m | UWB Est. 0.236 m; YOLO Det. 0.155 m | p.4 |
| Average error (2.1 m height, fusion) | 0.241 m | UWB Est. 0.332 m; YOLO Det. 0.153 m | p.4 |

""The developed UWB-Vision fusion framework provided accurate position estimation for the drone, with average errors of around 0.2 meters and low standard deviation (i.e., around 0.1 meters)"" [p.4].","""UWB Est., YOLO Det., Fusion"" [p.4]","""Table III-B presents a comparison of the drone's position estimation based on UWB ranging, YOLOX detection, and the proposed fusion approach."" [p.4].","""it is worth noting that the tracking results from the developed fusion framework mostly make a trade-off between different information resources, and further improvements can be made to enhance the overall performance of the system."" [p.5].","""additional sensors or algorithms can be incorporated into the framework to provide more accurate and robust state estimation or the parameters of the current fusion algorithm can be further optimized."" [p.5].",CORE: the paper's primary contribution is GPS-denied localization.,SYSTEM,Singapore (A*STAR),"""This research/project is supported by A*STAR (C211518001 and C221518005)."" [p.5]","The paper has no title on page 1, no publication year, and no venue. It is an author manuscript. The title is not reported. The paper uses ""UWB"" and ""Ultra-wide Band"" inconsistently.","1, 2, 3, 4, 5, 6"
REC_0218,A Unified Error-State Kalman Filtering Framework for Multi-Sensor Navigation of Fixed-Wing UAVs in GNSS-Denied Scenarios,NOT_REPORTED,2026,NOT_REPORTED,10.1109/ICUAS69441.2026.11598562,"""Reliable navigation in Global Navigation Satellite System (GNSS)-denied environments remains a critical challenge for fixed-wing Unmanned Aerial Vehicles (UAVs)."" [p.1].","""In such conditions, Inertial Navigation Systems (INSs) must be aided by heterogeneous sensors to mitigate drift and ensure long-term accuracy."" [p.1].",MIXED,"""desert region near Abu Dhabi"" [p.7]","""fixed-wing UAV"" [p.1]","""IMU, magnetometer, barometer, pitot tube with pseudovanes, monocular VIO, CV CNN"" [p.1]",HYBRID,Unified Error-State Extended Kalman Filter (ESEKF),REAL,NOT_REPORTED,"Position RMSE (North, all sensors), Position RMSE (East, all sensors), Position RMSE (Down, all sensors), Velocity RMSE (North, all sensors), Velocity RMSE (East, all sensors), Velocity RMSE (Down, all sensors)","| metric | value + unit | baseline value | page |
| Position RMSE (North, all sensors) | 16.40 m | NO_BASELINE | p.9 |
| Position RMSE (East, all sensors) | 18.21 m | NO_BASELINE | p.9 |
| Position RMSE (Down, all sensors) | 1.80 m | NO_BASELINE | p.9 |
| Velocity RMSE (North, all sensors) | 0.42 m/s | NO_BASELINE | p.9 |
| Velocity RMSE (East, all sensors) | 0.38 m/s | NO_BASELINE | p.9 |
| Velocity RMSE (Down, all sensors) | 0.09 m/s | NO_BASELINE | p.9 |

""the proposed ESEKF was able to maintain a globally bounded and relatively accurate navigation solution, regardless of the long (approximately 35 minutes) GNSS-denied flight segment."" [p.8].","""sensor deactivation tests"" [p.8]","""we tested the ESEKF robustness against the loss/deactivation of each of its individual aiding sensors."" [p.8].","""the filter inability to properly estimate wind velocity fluctuations in the absence of GNSS signals"" [p.9].","""Future work will focus on a formal observability analysis of the complete filter structure and on the systematic evaluation of TC measurement models for all auxiliary sensors"" [p.9].",CORE: the paper's primary contribution is GNSS-denied navigation.,METHOD,NOT_REPORTED,NOT_REPORTED,"The paper has a typo in a section header: ""ESKEF"" instead of ""ESEKF"" [p.5]. The title is correctly ""ESEKF"". No DOI is reported.","1, 2, 3, 4, 5, 6, 7, 8, 9, 10"
REC_0239,Autonomous Flight Control Design Based on Multi-Sensor Fusion for a Low-Cost Quadrotor in GPS-Denied Environments,NOT_REPORTED,2022,NOT_REPORTED,10.1109/ACIRS55390.2022.9845557,"""However, GPS signals are often weak or even unavailable in many mission scenarios [1], such as search and rescue, monitoring and tracking, intelligent transportation, etc."" [p.1].","""Therefore, autonomous positioning method based on onboard sensors in GPS-denied environments has become a hot topic in academic research and practical application."" [p.1].",INDOOR,"""indoor environment"" [p.1]","""quadrotor helicopter"" [p.1]","""IMU, optical flow, ultrasonic rangefinder, magnetometer, barometer, PX4FLOW and airspeed meter"" [p.3]",HYBRID,EKF-based multi-sensor fusion with cascaded PID,REAL,NOT_REPORTED,"Horizontal position error, Altitude error","| metric | value + unit | baseline value | page |
| Horizontal position error | within ±0.2 m | NO_BASELINE | p.5 |
| Altitude error | within ±0.05 m | NO_BASELINE | p.5 |

""the horizontal position errors are mostly within ±0.2 m according to the scatter figure and histogram. The altitude error is within ±0.05 m"" [p.5].",NO_BASELINE,NOT_REPORTED,NOT_REPORTED,NOT_REPORTED,CORE: the paper's primary contribution is GPS-denied navigation.,SYSTEM,China (Tiangong University),NOT_REPORTED,"No DOI is reported. The paper uses ""GPS-denied"" and ""GPS denied"" inconsistently.","1, 2, 3, 4, 5"
REC_0242,Survey on UAV Navigation in GPS Denied Environments,NOT_REPORTED,2016,NOT_REPORTED,10.1109/SCOPES.2016.7955787,"""In the Unmanned Air Vehicle (UAV) navigation the main challenge is estimating and maintaining the accurate values of UAVs position and orientation."" [p.1].","""To overcome the above mentioned difficulty of UAV navigation in GPS-denied environment, already different techniques have been evolved by the researchers by using vision based navigation [4], [5]."" [p.1].",MIXED,NOT_REPORTED,"""UAV"" [p.1]","""IMU, camera"" [p.1]",SURVEY,Survey on vision-based navigation; proposes modular multi-sensor data fusion,NOT_REPORTED (survey),NOT_REPORTED,NOT_REPORTED,NOT_REPORTED (survey paper),NO_BASELINE,NOT_REPORTED,NOT_REPORTED,"""In Section IV we proposed modular Multi Sensor Data Fusion approach for UAV navigation with better pose estimation in the GPS denied environment."" [p.6].",CORE: the paper's primary contribution is a survey on GPS-denied navigation.,SURVEY,"India (VIT University, CSIR-NAL)",NOT_REPORTED,The paper has no publication year or venue. It is a survey. The authors' affiliations are given as VIT University and CSIR National Aerospace Laboratories. No DOI is reported.,"1, 2, 3, 4, 5, 6, 7"
REC_0246,UAV Platforms for Autonomous Navigation in GPS-Denied Environments for Search and Rescue Missions,NOT_REPORTED,2022,NOT_REPORTED,10.1109/ICUAS54217.2022.9836181,"""For autonomous navigations, UAVs depend on Global Positioning System (GPS) data. However, GPS may be partially lost in certain locations due to high-rise buildings or other obstructions and collapsed/damaged areas."" [p.1].","""It is of utmost importance to rescue people from natural disaster zones as fast as possible. However, sometimes this is hard to achieve due to the inherited risk involved with sending humans to disaster zones."" [p.1].",INDOOR (and outdoor),"""indoor hallway"" and ""outdoor settings"" [p.6]","""FPVKing 500-X4"" for search UAV [p.2]; ""Rescue multicopter frame"" [p.5]","""Intel RealSense T265 Tracking Camera"", ""Intel D435i depth camera"", ""Terabee TeraRanger rangefinder"" [p.4-5]",SLAM,SLAM and YOLOv3 for search and rescue,BOTH,NOT_REPORTED,"Detection confidence (hallway), Flight time","| metric | value + unit | baseline value | page |
| Detection confidence (hallway) | >90% | NO_BASELINE | p.6 |
| Flight time | 10 minutes | NO_BASELINE | p.3 |

""both detections are fairly accurate with over 90% confidence reported by the algorithm"" [p.6].",NO_BASELINE,"""Fig. 27 shows the map created for the same room as in Fig. 26, but with little to no lighting. It was discovered that the algorithm would only be able to map out the section where there is the most lighting."" [p.7].","""as soon as the UAV flew roughly 50 ft away from the ground control station, the recorded location on our screen indicated that the UAV lost its tracking capabilities, which explains the drift in the trajectory."" [p.7].","""This issue is under investigation and the solution to the problem will be reported in future publications."" [p.7].",CORE: the paper's primary contribution is GPS-denied navigation.,SYSTEM,USA (California State Polytechnic University Pomona),"""The work presented in this paper was supported by the funding from Department of Defense in partnership with NSF's Research Experience for Undergraduates (REU) Program under the grant no. 1950612."" [p.8]","The paper has no DOI. It is an ICUAS 2022 conference paper. The paper contains a typo: ""Fig. 25 shows the results of the map"" [p.6-7]. The paper presents work in progress with some results but also notes issues under investigation.","1, 2, 3, 4, 5, 6, 7, 8"
REC_0255,A Stereo and Rotating Laser Framework for UAV Navigation in GPS Denied Environment,NOT_REPORTED,2016,NOT_REPORTED,10.1109/IECON.2016.7793246,"""However, for a 2D LRF, it can only provide a planar measurement due to the hardware limitations and the cost for 3D LRF is still too high for robotic systems."" [p.1].","""To address the above challenges, a robust and efficient stereo-rotating laser framework is developed with the following contributions."" [p.1].",MIXED,"""clustered indoor environments and open outdoor environments"" [p.1]","""customized unmanned aerial vehicle (UAV) platform"" [p.1]","""stereo camera"" and ""rotating LRF"" [p.1]",HYBRID,Stereo and rotating laser framework,REAL,NOT_REPORTED,"Reconstructed range (outdoor), Reconstructed corridor distance","| metric | value + unit | baseline value | page |
| Reconstructed range (outdoor) | up to 30 m | NO_BASELINE | p.5 |
| Reconstructed corridor distance | >40 m | NO_BASELINE | p.5 |

""Since we use the rotating laser scanner, the reconstructed range is up to 30 meters."" [p.5].","""stereo based motion estimation"" [p.5]","""According to the reconstructed environment, the rotating laser based mapping thread optimize the motion estimation input from the stereo camera based motion estimation."" [p.5].",NOT_REPORTED,"""We will apply this system to accomplish the autonomous flight in cluttered environment in the further work."" [p.5].",CORE: the paper's primary contribution is GPS-denied navigation.,SYSTEM,"Singapore (National University of Singapore, Temasek Laboratories)",NOT_REPORTED,"The paper has no publication year or venue. It is an author manuscript. The header on page 1 lists authors and affiliations but no conference/journal name. The reference list includes papers up to 2015, suggesting the paper is from around 2015-2016. The paper uses ""stereo-rotating"" and ""stereo and rotating"" inconsistently. No DOI is reported.","1, 2, 3, 4, 5, 6"
REC_0264,Autonomous UAV Navigation for Target Detection in Visually Degraded and GPS Denied Environments,NOT_REPORTED,2023,NOT_REPORTED,10.1109/AERO55745.2023.10115544,"""Autonomous perception in challenging visibility conditions requires the use of multiple sensors allowing the agent to perceive its surrounding environment."" [p.2].","""The framework was tested in simulation using Gazebo, ROS, PX4 firmware and TAPIR."" [p.3].",INDOOR,"""Two maps of different sizes were created, with a flying area of 5×5 and 10×10 meters respectively"" [p.6]","""X3"" UAV [p.5]","""camera facing downward"" and ""2D LIDAR"" [p.4]",OTHER (POMDP),POMDP-based navigation and exploration framework,SIM,NOT_REPORTED,"Success rate (5x5, normal visibility), Success rate (5x5, low visibility), Success rate (5x5, low visibility, low altitude), Success rate (10x10, normal visibility), Success rate (10x10, low visibility)","| metric | value + unit | baseline value | page |
| Success rate (5x5, normal visibility) | 100% | NO_BASELINE | p.6 |
| Success rate (5x5, low visibility) | 23.33% | NO_BASELINE | p.6 |
| Success rate (5x5, low visibility, low altitude) | 56.6% | NO_BASELINE | p.6 |
| Success rate (10x10, normal visibility) | 100% | NO_BASELINE | p.7 |
| Success rate (10x10, low visibility) | 50.0% | NO_BASELINE | p.7 |

""The framework performed perfectly without the presence of smoke. ... the success rate drastically decreased as the UAV was above the cloud of smoke, causing the target to be heavily occluded."" [p.6].",NO_BASELINE,"""Lowering the altitude of the agent was one solution proposed to attenuate these limitations."" [p.6].","""The framework performed perfectly in normal visibility environments, but the presence of visual obscurants reduced its performance, cutting almost in half the target detection and success rate."" [p.8].","""Future work includes modelling the agent's ability to detect changes in visibility and categorizing 'low visibility' and normal visibility conditions."" [p.8].",CORE: the paper's primary contribution is GPS-denied navigation.,METHOD,"Australia (Queensland University of Technology, based on acknowledgment)","""The authors would like to acknowledge The Australian Research Council (ARC) through the ARC Discovery Project 2020 'When every second counts: Multi-drone navigation in GPS-denied environments' (GA64830)."" [p.8]","This extraction is marked partial: the provided text begins with a corrupted page (page 1) that contains only a list of ""BACKGROUND"" sections repeated with increasing numbers, which is a severe rendering error. The title, author names, year, venue, and DOI are not present in the extracted text. The author affiliations are not given. The paper is about POMDP-based navigation in visually degraded environments. The page numbers in the citation are based on the extracted text, starting from the first page of actual content (page 1 being the corrupted page, page 2 being the start of the real content). The acknowledgment mentions the authors' affiliation with QUT.","1, 2, 3, 4, 5, 6, 7, 8, 9, 10"
REC_0271,Hybrid IMU-Aided Approach for Optimized Visual Odometry,NOT_REPORTED,2019,NOT_REPORTED,10.1109/GlobalSIP45357.2019.8969460,"""Autonomous navigation of unmanned vehicles in GPS-denied environments is a challenging problem, especially for small ground vehicles and micro aerial vehicles (MAVs) which are characterized by their small payload, short battery lifetime and limited processing resources."" [p.1].","""Monocular vision systems aided by inertial measurement unit (IMU) are more computationally efficient but it suffers from IMU random biases and scale errors."" [p.1].",MIXED,"""30m x 30m 5th floor of Mackenzie Building at Carleton University"" [p.3]","""wheeled platform"" [p.3]","""ZED-Mini tracking camera"" [p.1]; ""Intel Realsense T265"" [p.3]",HYBRID,Hybrid visual-inertial odometry with adaptive switching between stereo and monocular modes,REAL,NOT_REPORTED,"End-of-loop position error (SOFT), End-of-loop position error (proposed), Overall position estimation error","| metric | value + unit | baseline value | page |
| End-of-loop position error (SOFT) | < 20 cm | NO_BASELINE | p.4 |
| End-of-loop position error (proposed) | 0.5 m | NO_BASELINE | p.4 |
| Overall position estimation error | < 2 m | NO_BASELINE | p.4 |

""Although the calibrated IMU-aided monocular vision solution is slightly less accurate than the SOFT stereo vision solution, given the huge saving in computation by switching to monocular solution instead of stereo solution, the advantage of the proposed hybrid scheme is clear."" [p.4].","""ZED mini Stereo navigation solution"" and ""Intel Realsense T265"" [p.3]","""During the experiment, 5 accuracy tests have been performed on the IMU generated scale to verify its consistency with that estimated scale from stereo vision. No discrepancy has been detected as the error was smaller than the selected threshold"" [p.4].","""the estimated gyroscope Z bias behavior shows how feeding the EKF a bad initial guess can lead to an interval of instability before convergence."" [p.4].","""The presented solution could help in navigating unknown environments and the obtained accuracy encourages an embedded implementation targeting small autonomous battery-operated vehicles."" [p.4].",CORE: the paper's primary contribution is GPS-denied navigation.,METHOD,Canada (Carleton University),NOT_REPORTED,"The paper has no publication year or venue. It is an author manuscript. The header on page 1 lists authors and affiliations but no conference/journal name. The references include 2019 papers, suggesting a year around 2019-2020. The paper uses ""ZED-Mini"" and ""ZED mini"" inconsistently. No DOI is reported.","1, 2, 3, 4, 5"
REC_0274,Navigation and Control of Unmanned Aerial Vehicles in GPS-Denied Environments,NOT_REPORTED,2014,NOT_REPORTED,10.1109/ICARCV.2014.7064483,"""Particularly, to meet requirements of high-demand applications, it is necessary to develop advanced unmanned systems that are capable of autonomously navigating in cluttered indoor and outdoor GPS-denied environments, such as hostile buildings, radiation contaminated areas and forest."" [p.1].","""Unmanned aerial vehicles (UAVs) have made huge progress in military and civilian missions, ranging from surveillance, reconnaissance, to logistics and transportation."" [p.1].",MIXED,NOT_REPORTED,NOT_REPORTED,NOT_REPORTED,NOT_REPORTED,NOT_REPORTED,NOT_REPORTED,NOT_REPORTED,NOT_REPORTED,NOT_REPORTED,NOT_REPORTED,NOT_REPORTED,NOT_REPORTED,NOT_REPORTED,PERIPHERAL: The abstract is very brief and describes a keynote/overview rather than a specific contribution.,NOT_REPORTED,Singapore (National University of Singapore),NOT_REPORTED,"This is a very short document—an abstract and biography only. It appears to be a keynote or plenary abstract, not a full paper. Status is partial. No title page, no venue, no DOI. The author bio mentions his team's achievements in various UAV competitions.",1
REC_0278,Navigation Methods for UAVs in GNSS-Denied Environments Using Artificial Intelligence,NOT_REPORTED,2026,NOT_REPORTED,10.1109/ICCE70609.2026.11658445,"""With the rapid advancement of autonomous flight technology, there is an increasing demand for higher precision and advanced navigation techniques, with permissible distance errors often restricted to a few meters."" [p.1].","""This study presents a methodology to address these challenges, enabling the maintenance of coordinates and navigation for UAVs to traverse jammed or completely out-of-coverage zones, thereby avoiding the need for emergency landings or Return-to-Home (RTH) protocols common in current UAV systems."" [p.1].",MIXED,"""central Hanoi"" [p.4]","""UAV"" [p.1]","""NEO-M8N module"" (GPS) [p.1]; ""INS"" [p.1]",OTHER (Deep Learning),TransGAN-based trajectory reconstruction,REAL,"""over 3,000 coordinate points at a 1 Hz update frequency"" [p.4]","MAE (LAT, Complete Loss), MAE (LON, Complete Loss), MAE (ALT, Complete Loss), Parameters, Inference speed","| metric | value + unit | baseline value | page |
| MAE (LAT, Complete Loss) | 0.000153 | MLP 0.0027, WNN 0.0045, KF 0.0056 | p.5 |
| MAE (LON, Complete Loss) | 0.000165 | MLP 0.0038, WNN 0.0001, KF 0.0001 | p.5 |
| MAE (ALT, Complete Loss) | 0.225546 | MLP 0.007995, WNN 0.00572, KF 0.007011 | p.5 |
| Parameters | 0.355 million | NO_BASELINE | p.5 |
| Inference speed | 2.69 ms/step | NO_BASELINE | p.5 |

""TransGAN consistently yields significantly lower Mean Absolute Error (MAE) and Standard Deviation (SD) for spatial coordinates compared to the baseline methods."" [p.4].","""MLP, WNN, KF"" [p.4]","""Under conditions of complete GNSS denial, Figure 6 illustrates that the generated coordinates continue to closely approximate the ground truth."" [p.5].","""its precision remains constrained by inherent sensor errors, environmental factors, and a simplistic INS architecture."" [p.5].","""Future iterations will integrate advanced multi-axis IMUs (accelerometers and gyroscopes) to diversify input data and mitigate these structural limitations"" [p.5].",CORE: The paper's primary contribution is GNSS-denied navigation.,METHOD,Vietnam (Hanoi University of Science and Technology),NOT_REPORTED,"The paper does not state a publication year or venue. It is an author manuscript. The header on page 1 lists authors and affiliations but no conference/journal name. The reference list includes 2022 papers, suggesting a year around 2023-2024. The paper contains a typo: ""REAL/FAKE"" [p.4] and ""LON, LAT, ALT"" formatting inconsistencies. No DOI is reported.","1, 2, 3, 4, 5, 6"
REC_0281,UAV Tracking with Lidar as a Camera Sensor in GNSS-Denied Environments,NOT_REPORTED,2023,NOT_REPORTED,10.1109/ICL-GNSS57829.2023.10148919,"""Light detection and ranging (LiDAR) sensor has become one of the primary sensors in robotics and autonomous system for high-accuracy situational awareness."" [p.1].","""In this paper, we are specifically interested in utilizing LiDARs and LiDAR-generated images for tracking Unmanned Aerial Vehicles (UAVs) in real-time which can benefit applications including docking, remote identification, or counter-UAV systems, among others."" [p.1].",MIXED,"""indoor area of 10.0 x 10.0 m²"" [p.3]","""Customized Holybro X500 UAV"" [p.3]","""Ouster OS0-128 3D LiDAR"" [p.3]",HYBRID,LiDAR-as-a-camera based UAV tracking fusing signal images and point clouds,REAL,"""three data sequences (Seq i, i ∈ (1~3))"" [p.3]","APE (Fused), FPS (Fused), Detectable distance (Fused)","| metric | value + unit | baseline value | page |
| APE (Fused) | 0.061 / 0.067 m (Mean/RMSE) | Point Cloud 0.104/0.142; Signal Images 0.078/0.088 | p.5 |
| FPS (Fused) | 10 Hz | Point Cloud 8.3 Hz; Signal Images 10 Hz | p.5 |
| Detectable distance (Fused) | 8.0 m | Signal Images 2.4 m | p.5 |

""The proposed method, on the other hand, achieves the smallest average error and minimal error fluctuation."" [p.5].","""Tracking with point cloud"", ""Tracking with signal images"" [p.4]","""The fusion method performed well on the laptop and had the smallest overall error."" [p.6].","""the tracking results from the developed fusion framework mostly make a trade-off between different information resources, and further improvements can be made to enhance the overall performance of the system."" [p.4].","""Future work includes fusing the Ouster images (depth, signal, and ambient), point clouds, and conventional RGB images in various applications including simultaneous localization and mapping (SLAM), object detection, and tracking."" [p.6].",CORE: The paper's primary contribution is GNSS-denied tracking.,METHOD,Finland (University of Turku) and China (Fudan University),"""This research work is supported by the Academy of Finland's AeroPolis project (Grant No. 348480)."" [p.6]","The paper has no publication year or venue. It is an author manuscript. The header on page 1 lists authors and affiliations but no conference/journal name. The reference list includes 2022 papers, suggesting a year around 2022-2023. The paper contains a typo: ""1inds"" should be ""finds"" [p.2]. No DOI is reported.","1, 2, 3, 4, 5, 6"
REC_0289,Development of a Simulated UAV Platform for Sensor-Fusion-Based SLAM,NOT_REPORTED,2026,NOT_REPORTED,10.1109/ICAIIC68212.2026.11454340,"""However, when global navigation satellite system (GNSS) signals are unavailable or degraded, the accumulated drift of dead-reckoning and inertial estimates significantly reduces localization accuracy, especially in complex 3D environments."" [p.1].","""To address this issue, this paper proposes a simulation-based sensor fusion based simultaneous localization and mapping (SLAM) framework for robust UAV positioning without relying on GNSS."" [p.1].",INDOOR,"""warehouse scene template in NVIDIA Isaac Sim"" [p.2]","""Iris drone from PegasusSimulator"" [p.2]","""3D LiDAR (Ouster OS1-128)"" and ""Stereo Camera (Intel Realsense D455)"" [p.2]",SLAM,LiDAR-camera sensor fusion SLAM in Isaac Sim,SIM,NOT_REPORTED,NOT_REPORTED,NOT_REPORTED,NO_BASELINE,NOT_REPORTED,"""Minor dissimilarity appear at the edges of some objects such as the boxes in the middle of the factory, which may be attributed to sensor noise or limitations in depth perception during fast UAV motion."" [p.3-4].","""In future work, we plan to extend the current simulation-based implementation to real-world environments to evaluate the algorithm's performance under practical conditions."" [p.4].",CORE: The paper's primary contribution is GNSS-denied navigation.,SYSTEM,"South Korea (Kookmin University, ETRI)","""This work is supported by the Korea Agency for Infrastructure Technology Advancement grant funded by the Ministry of Land, Infrastructure and Transport (RS-2022-00141819, Development of Advanced Technology for Absolute, Relative, and Continuous Complex Positioning to Acquire Ultra-precise Digital Land Information)"" [p.4]","The paper has no publication year or venue. It is an author manuscript. The header on page 1 lists authors and affiliations but no conference/journal name. The reference list includes 2025 papers, suggesting a year around 2025. The paper contains a typo: ""Mummtaz"" should be ""Mumtaz"" [p.1]. No DOI is reported.","1, 2, 3, 4, 5"
REC_0294,A Novel Approach to Computationally Lighter GNSS-Denied UAV Navigation Using Monocular Camera,NOT_REPORTED,2021,NOT_REPORTED,10.1109/ICARA51699.2021.9376502,"""The loss of GNSS signals during a mission can occur due to multiple reasons: navigation in hilly terrain, presence of jammers, low signal patches, faulty sensors, etc. This can be devastating for the UAV and the mission and often leads to abortion of a critical mission."" [p.1].","""The aim of this paper to present a novel, computationally lighter approach to outdoor GNSS denied navigation applicable at altitudes >50m using only the most common and standard payload: barometer, flight computer and a monocular camera."" [p.2].",MIXED,"""outdoor"" [p.1]","""Tarot 650mm quadcopter"" [p.5]","""GitUp Git2P (RGB, monocular, diagonal FOV: 90°)"" [p.5]; ""Barometer"" [p.1]",VISION_OBJECT,Monocular camera-based navigation with feature tracking,BOTH,NOT_REPORTED,"RMS error (SITL), Max error (SITL), % RMS error per distance (SITL), RMS error (outdoor flight), Max error (outdoor flight), % error (outdoor flight)","| metric | value + unit | baseline value | page |
| RMS error (SITL) | 1.16 m | NO_BASELINE | p.6 |
| Max error (SITL) | 2.25 m | NO_BASELINE | p.6 |
| % RMS error per distance (SITL) | 4.1% | NO_BASELINE | p.6 |
| RMS error (outdoor flight) | 15.45 m | NO_BASELINE | p.6 |
| Max error (outdoor flight) | 50.25 m | NO_BASELINE | p.6 |
| % error (outdoor flight) | 2.5% | NO_BASELINE | p.7 |

""The RMS error was 15.45m, max error was 50.25m for a total distance of 2093.56m."" [p.6].","""GNSS aided flight"" [p.6]","""Higher values of a resulted in very gradual slope which reduced the speed of the UAV near the destination point. Lower values of a resulted in a steep slope which caused overshooting and oscillations."" [p.6].","""Values above these tend to have high errors."" (referring to speeds >5 m/s and altitudes >70 m) [p.6].","""Introduction of an EKF based switching between GNSS aided and GNSS denied navigation."" [p.8].",CORE: The paper's primary contribution is GNSS-denied navigation.,METHOD,India (Delhi Technological University),NOT_REPORTED,"The paper is from the 2021 International Conference on Automation, Robotics and Applications. No DOI is reported. The paper contains a typo: ""Global positioning problem is solved by taking a local reference frame"" [p.1]. The paper uses ""GNSS"" and ""GPS"" interchangeably. Table IV has a note: ""Distance Travelled (in m) Maximum distance from home (in m) Maximum error (in m) % error (in %)"" with values.","1, 2, 3, 4, 5, 6, 7, 8"
REC_0296,Optical Flow Sensor Integrated Navigation System for Quadrotor in GPS-Denied Environment,NOT_REPORTED,2016,NOT_REPORTED,10.1109/ICRAE.2016.7738795,"""GPS is based on satellite which can provide relatively consistent accuracy navigation; however, the satellite signals would be lost in city canyon or indoor environments."" [p.1].","""This practical study presented a dedicated design for indoor hovering that is more precise than using GPS positioning."" [p.1].",INDOOR,"""Chang Jung Christian University, Taiwan"" [p.3-4]","""customized MAV"" [p.3]","""PX4Flow optical flow sensor"", ""MB1202 I2CXL-MaxSonar ultrasonic"", ""Pixhawk IMU"" [p.1-2]",OPTICAL_FLOW,Optical flow sensor/INS/magnetometer integrated navigation,REAL,NOT_REPORTED,NOT_REPORTED,NOT_REPORTED (qualitative comparison of optical flow values under different lighting),"""INS only navigation system"" [p.2]","""The performance of the optical flow sensor is closely related to the light according to the figures shown."" [p.5].","""The drift of inertial navigation system (INS) will lead to large navigation error when a low-cost INS is used in micro aerial vehicles (MAV)."" [p.2].",NOT_REPORTED,CORE: the paper's primary contribution is GPS-denied navigation.,SYSTEM,Taiwan (Chang Jung Christian University),NOT_REPORTED,"The paper has a typo: ""1ung Christian University"" (broken word) [p.4]. The paper uses ""INS"" and ""inertial navigation system"" interchangeably.","1, 2, 3, 4, 5"
REC_0305,A method based on CNN-BiLSTM for UAV navigation error compensation in GNSS denied environment,NOT_REPORTED,2023,NOT_REPORTED,10.1109/ICCC59590.2023.10507546,"""When the Global Navigation Satellite System (GNSS) signal is unavailable, the performance of GNSS/Inertial Navigation System (INS) integrated navigation system will be seriously degraded."" [p.1].","""In order to compensate the performance of GNSS/INS integrated navigation system, an error compensation method based on Convolutional Neural Network (CNN) combined with Bidirectional Long Short-Term Memory (BiLSTM) network is proposed."" [p.1].",MIXED,NOT_REPORTED,"""UAV"" [p.1]","""IMU dynamics measurement"" [p.1]",OTHER (Deep Learning),CNN-BiLSTM for navigation error compensation,SIM,NOT_REPORTED,"RMSE (Position increment, latitude), MAE (Position increment, latitude), RMSE (Velocity increment, north), MAE (Velocity increment, north)","| metric | value + unit | baseline value | page |
| RMSE (Position increment, latitude) | 0.0318 m | CNN-LSTM 0.0558, LSTM 0.0560 | p.5 |
| MAE (Position increment, latitude) | 0.0217 m | CNN-LSTM 0.0442, LSTM 0.0469 | p.5 |
| RMSE (Velocity increment, north) | 0.0652 m/s | CNN-LSTM 0.0811, LSTM 0.0897 | p.5 |
| MAE (Velocity increment, north) | 0.0191 m/s | CNN-LSTM 0.0281, LSTM 0.0246 | p.5 |

""CNN-BiLSTM reduces RMSE by 42.89%, 6.48%, 19.54%, 20.07% the average is 22.25% and MAE by 50.85%, 4.63%, 31.88%, 19.65% the average is 26.75% than CNN-LSTM"" [p.5].","""CNN-LSTM, LSTM"" [p.4]","""CNN-BiLSTM is superior to CNN-LSTM and LSTM. It can effectively suppress error divergence."" [p.5].",NOT_REPORTED,"""Further research will explore the implementation of Integrated Navigation System in GNSS denied environment and consider more complex flight paths to improve the robustness of this method."" [p.6].",CORE: the paper's primary contribution is GNSS-denied navigation.,METHOD,China (SouthWest University of Science and Technology),"""This work was supported in part by the National Natural Science Foundation of China under Grant 61771410, in part by the Sichuan Science and Technology Program 2021YJ0097, and in part by Postgraduate Innovation Fund Project of SWUST 20ycx0059."" [p.6]","The paper has a typo: ""sidoi"" is used for ""sigmoid"" [p.3]. The paper uses ""BiLSTM"" and ""Bi-LSTM"" inconsistently.","1, 2, 3, 4, 5, 6"
REC_0318,Cooperative Navigation Method Based on Adaptive CKF for UAVs In GPS Denied Areas,NOT_REPORTED,2018,NOT_REPORTED,10.1109/GNCC42960.2018.9018972,"""Nevertheless, modern navigation systems for UAVs are not able to guarantee the precision of pose estimation when GPS is unavailable in complex environment."" [p.1].","""To solve this problem, this paper puts forward a new cooperative navigation method based on adaptive Cubature Kalman Filter"" [p.1].",MIXED,NOT_REPORTED,"""UAV formation composed by N independent UAVs"" [p.2]","""IMU"" and ""relative observation system"" (range finding and direction finding) [p.3]",COOPERATIVE,Adaptive Cubature Kalman Filter (CKF) cooperative navigation,SIM,NOT_REPORTED,NOT_REPORTED,NOT_REPORTED (figures show trajectories and errors but no explicit numerical metrics),"""IMU-only method"", ""Sharma's method"" [p.5]","""method 2 and method 3 both perform well in pose estimation and constrain the IMU drift significantly, especially the ACKF-based method."" [p.5].","""the IMU drifts of navigation systems can cause poor calculation accuracy of position, velocity and attitude of all UAVs in the group within dozens of seconds."" [p.1].",NOT_REPORTED,CORE: the paper's primary contribution is GPS-denied navigation.,METHOD,"China (Beihang University, likely)",NOT_REPORTED,"The paper has no publication year or venue. The header on page 1 lists authors and affiliations but no conference/journal name. The reference list includes 2017 papers, suggesting a year around 2017-2018. The paper uses ""adaptive CKF"" and ""ACKF"" inconsistently. No DOI is reported.","1, 2, 3, 4, 5, 6"
REC_0332,Thermal–Inertial Localization for Autonomous Navigation of Aerial Robots through Obscurants,NOT_REPORTED,2018,NOT_REPORTED,10.1109/ICUAS.2018.8453447,"""However, despite this rapid progress, GPS-denied Degraded Visual Environments (DVEs) represent a hard limit for autonomous systems as the sensor information inside them can be severely degraded."" [p.1].","""Towards enabling aerial robotic autonomy in a broader set of DVEs, including fog/smoke-filled environments, this work examines the problem of utilizing Infrared (IR) vision that can penetrate, to a certain extent, such degraded conditions"" [p.1].",MIXED,"""smoke-filled machine-shop environment"" [p.1]","""DJI Matrice 100 quadrotor platform"" [p.2]","""FLIR Tau2 LWIR camera"", ""VectorNav VN-100 IMU"" [p.2]",HYBRID,Thermal-inertial localization with ROVIO,REAL,"""open dataset"" (http://www.autonomousrobotslab.com/thermal-inertial-dataset.html) [p.5]",NOT_REPORTED,NOT_REPORTED (qualitative comparison of IR vs visible camera),"""visible spectrum cameras and LiDAR"" [p.1]","""the fusion of inertial data is even more important for the case of using a thermal camera"" [p.3].","""the performance is relatively weaker in the thermal camera primarily due to the fact that significant parts of the environment are in thermal equilibrium and therefore cannot provide such strong feature information."" [p.3].",NOT_REPORTED,CORE: the paper's primary contribution is GPS-denied navigation.,SYSTEM,"USA (University of Nevada, Reno)",NOT_REPORTED,"The paper has a typo: ""Iner tial"" (broken word) [p.1]. The paper uses ""IR"" and ""thermal"" interchangeably.","1, 2, 3, 4, 5, 6"
REC_0343,T,NOT_REPORTED,2019,NOT_REPORTED,10.1109/TIE.2018.2824766,"""Different from conventional systems, this paper adopts a day camera and a thermal camera to conduct flocking using visual sensing in various illumination with autonomous navigation capabilities."" [p.1].","""This paper is inspired by flocking behaviors in nature via vision exploring in obstacle-rich environments."" [p.1].",MIXED,"""Indoor1 (thermal), Indoor2 (visible), Outdoor (forest)"" [p.7]","""in-house-built quadrotor UAVs"" [p.6]","""Hokuyo UTM-30LX LiDAR"", ""Optiris PI450 thermal camera"", ""PointGrey BFLY-PGE-12A2C-CS day camera"" [p.6]",COOPERATIVE,Vision-aided flocking with correlation filter tracking,REAL,NOT_REPORTED,"Mean Center Error (Indoor1), Mean Overlap Rate (Indoor1), Mean Center Error (Indoor2), Mean Overlap Rate (Indoor2), Mean Center Error (Outdoor), Mean Overlap Rate (Outdoor)","| metric | value + unit | baseline value | page |
| Mean Center Error (Indoor1) | 6.588 | TLD 14.966, CMT 23.411 | p.8 |
| Mean Overlap Rate (Indoor1) | 0.7843 | TLD 0.6990, CMT 0.6538 | p.8 |
| Mean Center Error (Indoor2) | 7.146 | TLD 15.877, CMT 23.415 | p.8 |
| Mean Overlap Rate (Indoor2) | 0.8895 | TLD 0.7745, CMT 0.5860 | p.8 |
| Mean Center Error (Outdoor) | 24.01 | TLD 64.122, CMT 87.264 | p.8 |
| Mean Overlap Rate (Outdoor) | 0.7831 | TLD 0.4836, CMT 0.0631 | p.8 |

""the proposed tracker achieves the best performance and significantly outperforms the other algorithms in terms of center error and overlap rate."" [p.8].","""TLD, CMT, CF2, FCT, DAT"" [p.7]","""the proposed algorithm performs very stable and robust because of using contour-based multilevel-oriented gradient features and the correlation filter."" [p.7].","""when the target was turning around a pillar, it might be blocked. The vision tracking would not get any valid information and then fail."" [p.9].",NOT_REPORTED,CORE: the paper's primary contribution is GPS-denied navigation.,SYSTEM,"Singapore (National University of Singapore, Temasek Laboratories)",NOT_REPORTED,"The paper has a typo: ""minimumanned"" should be ""mini unmanned"" [p.11]. The paper uses ""flocking"" and ""flocking system"" consistently.","1, 2, 3, 4, 5, 6, 7, 8, 9, 10, 11"
REC_0345,"© 2017 IEEE. Personal use of this material is permitted. Permission from IEEE must be obtained for all other uses, in any current or future media, including reprinting/republishing this material for advertising or promotional purposes, creating new collective works, for resale or redistribution to servers or lists, or reuse of any copyrighted component of this work in other works.",NOT_REPORTED,2017,NOT_REPORTED,10.1109/IROS.2017.8206421,"""However, incorporating robustness to GPS failure is widely accepted as important, particularly in law enforcement and defence applications."" [p.2].","""The challenge addressed in this paper is how to provide position when information from the GPS receiver is momentarily lost."" [p.2].",MIXED,"""MBZIRC arena"" [p.3]","""hexarotor UAV"" [p.3]","""5 MP perspective camera"", ""fish-eye camera"", ""laser range finder"", ""PX4FLOW optical sensor"" [p.3]",VISION_OBJECT,Distance function based 6DOF localization,BOTH,NOT_REPORTED,NOT_REPORTED,NOT_REPORTED (figures show error plots but no explicit numerical metrics),"""odometry generated from the UAV flight system"" [p.6]","""when the UAV moves out of the range of the arena (275 seconds into simulation, Fig. 8), the errors increase"" [p.6].","""when the UAV moves out of the range of the arena ... the errors increase when the image captured by the camera is completely blank"" [p.6].",NOT_REPORTED,CORE: the paper's primary contribution is GPS-denied localization.,METHOD,Australia (University of Technology Sydney) and USA (Virginia Tech),NOT_REPORTED,"This extraction is marked partial: the provided text is corrupted. Page 1 contains only a copyright notice, and pages 7-9 contain a massive block of sequential numbers (a rendering error), not actual content. The actual paper content is present on pages 2-6. The paper has a typo: ""Frosbury"" should be ""Fosbury"" [p.3]. The author name ""James Unicomb"" is listed as ""James Unicomb"" in the header but ""James Unicomb"" in the text. The paper uses ""RANDom Sampling and Consensus (RANSAC)"" [p.5].","2, 3, 4, 5, 6"
REC_0346,Autonomous Flight in Unknown GNSS-denied Environments for Disaster Examination,NOT_REPORTED,2021,NOT_REPORTED,10.1109/ICUAS51884.2021.9476790,"""The conditions of disaster scenarios are also challenging for autonomous MAV systems. The environment is usually not known in advance and GNSS might not always be available."" [p.1].","""We present a system for autonomous MAV flights in unknown environments which does not rely on global positioning systems."" [p.1].",MIXED,"""outdoor and indoor flights and a simulated CBRNE-scenario"" [p.1]","""DJI Matrice 210 v2"" [p.2]","""Ouster OS-0 3D-LiDAR"", ""FLIR AGX thermal camera"", ""two Intel Realsense D455 RGB-D cameras"" [p.2]",HYBRID,Integrated system for autonomous navigation with LiDAR-based odometry and state lattice planning,REAL,NOT_REPORTED,Full mission time,"| metric | value + unit | baseline value | page |
| Full mission time | 105 s | NO_BASELINE | p.7 |

""The full mission from takeoff until we left the building again took 105s."" [p.7].","""GPS"" [p.6]","""the tracking error is always below 1m and is thus covered by the larger security margin to obstacles."" [p.7].","""Reliably controlling the MAV close to structures requires precise state information."" [p.6].","""For future work, we plan to integrate it into our navigation pipeline."" [p.2].",CORE: the paper's primary contribution is GNSS-denied navigation.,SYSTEM,Germany (University of Bonn),NOT_REPORTED,"The paper has a typo: ""Trajectory generation with fast lidar-based 3D collision avoidance for agile MAVs"" [p.8]. The paper uses ""MAV"" and ""UAV"" interchangeably.","1, 2, 3, 4, 5, 6, 7, 8"
REC_0347,I,NOT_REPORTED,2023,NOT_REPORTED,10.1109/JSEN.2023.3289313,"""However, existing VIO filtering algorithms have the defects of low positioning accuracy and weak robustness, especially in complex and changeable environments."" [p.1].","""Therefore, a novel robust adaptive VIO algorithm is proposed here."" [p.1].",MIXED,"""KITTI dataset"" [p.1]","""UAVs and UGVs"" [p.1]","""monocular camera"", ""IMU"" [p.1]",VIO,Three-stage robust adaptive H∞ filtering algorithm (AHCMSCKF),BOTH,"""KITTI dataset"" [p.1]","RMSE (Position, KITTI), RMSE (Attitude, KITTI), Max Position Error, Max Attitude Error, RMSE improvement (vs CMSCKF), RMSE improvement (vs HCMSCKF)","| metric | value + unit | baseline value | page |
| RMSE (Position, KITTI) | 4.7401 m | CMSCKF 11.6148, HCMSCKF 6.9518 | p.9 |
| RMSE (Attitude, KITTI) | 0.6479° | CMSCKF 1.5543°, HCMSCKF 1.0047° | p.9 |
| Max Position Error | 8.0759 m | CMSCKF 18.5498, HCMSCKF 11.4815 | p.9 |
| Max Attitude Error | 0.9838° | CMSCKF 2.4990°, HCMSCKF 1.5739° | p.9 |
| RMSE improvement (vs CMSCKF) | 35.36% | NO_BASELINE | p.9 |
| RMSE improvement (vs HCMSCKF) | 31.81% | NO_BASELINE | p.9 |

""the RMSE of the position of pure INS, CMSCKF, HCMSCKF, and AHCMSCKF is 1053.04, 11.6148, 6.9518, and 4.7401 m, respectively"" [p.9].","""CMSCKF, HCMSCKF, VINS-Mono"" [p.7]","""the filtering accuracy of AHCMSCKF is 20.92% higher than that of CMSCKF and 12.57% higher than that of HCMSCKF"" [p.7].","""it is more complex with a heavy computation load when compared with the CMSCKF and HCMSCKF."" [p.10].","""future work is required to reduce the computational complexity of the AHCMSCKF."" [p.10].",CORE: the paper's primary contribution is GNSS-denied navigation.,METHOD,"China (Northwestern Polytechnical University, Henan Polytechnic University, Xi'an University of Science and Technology)",NOT_REPORTED,"The paper has no publication year or venue. The header on page 1 lists authors and affiliations but no conference/journal name. The reference list includes 2023 papers, suggesting a year around 2023-2024. The paper uses ""H∞"" and ""H-infinity"" interchangeably. No DOI is reported.","1, 2, 3, 4, 5, 6, 7, 8, 9, 10, 11"
REC_0362,A,NOT_REPORTED,2016,NOT_REPORTED,10.1109/PLANS.2016.7479719,"""Many of these applications require maintaining accurate navigation in environments in which GPS is not always available, either due to malicious GPS jamming and spoofing [1] or due to natural signal blockages from urban canyons, dense foliage, caves, or tunnels."" [p.1].","""For this work, our specific motivation is to enable target handoff between two UAVs flying in a GPS-denied environment."" [p.1].",MIXED,"""three flight paths"" [p.4]","""two UAVs"" [p.1]","""downward facing camera"", ""peer-to-peer ranging radio system"", ""tri-axial IMU and magnetometer sensors"" [p.1]",COOPERATIVE,Relative pose estimation with cooperative control and computer vision,SIM,"""flight data imagery"" [p.7]","Median 3D RSS position error, Median 3D RSS attitude error, Median position error (baseline design), Median attitude error (baseline design)","| metric | value + unit | baseline value | page |
| Median 3D RSS position error | 12 m | NO_BASELINE | p.6 |
| Median 3D RSS attitude error | 0.5° | NO_BASELINE | p.6 |
| Median position error (baseline design) | 21 m | NO_BASELINE | p.8 |
| Median attitude error (baseline design) | 2.7° | NO_BASELINE | p.8 |

""the median is 12m 3D RSS for position error and 0.5 3D RSS for attitude error."" [p.6].","""IMU only estimation"" [p.1]","""the most pronounced differences in estimation accuracy is a result of the computer vision update frequency."" [p.7].","""During the initial period of the flight when the UAVs are far apart, the estimation error of the filter is relatively poor"" [p.6].","""Future work will include end-to-end system development for experimental testing."" [p.9].",CORE: the paper's primary contribution is GPS-denied navigation.,METHOD,USA (West Virginia University),"""This material is based upon work supported by the United States Air Force under Contract No. FA8650-15-M-1943."" [p.9]","The paper has no publication year or venue. The header on page 1 lists authors and affiliations but no conference/journal name. The reference list includes 2016 papers, suggesting a year around 2016-2017. The paper contains a typo: ""Frosbury"" should be ""Fosbury"" [p.3]. No DOI is reported.","1, 2, 3, 4, 5, 6, 7, 8, 9"
REC_0369,A,NOT_REPORTED,2015,NOT_REPORTED,10.1109/TIE.2015.2420036,"""For the aforementioned nano UAVs, most of them lack the autonomous flight ability in GPS-denied indoor and outdoor environments without using of external ground motion capture systems."" [p.1].","""To our best knowledge, few of previous works have demonstrated autonomous control ability of a quadrotor helicopter weighs less than 50 grams without the help of external ground motion capture system in GPS-denied indoor and outdoor environments."" [p.1].",INDOOR (and outdoor),"""indoor environment"" and ""outdoor environment"" [p.1]","""self-built nano quadrotor helicopter"" [p.2]","""micro wireless monocular camera"", ""low-cost IMU"", ""barometer"" [p.2]",HYBRID,RISE-based nonlinear robust control with modified PTAM,REAL,NOT_REPORTED,"Indoor hover RMS (x), Indoor hover RMS (y), Indoor hover RMS (z), Indoor tracking RMS (x), Indoor tracking RMS (y), Indoor tracking RMS (z), Outdoor hover RMS (x), Outdoor hover RMS (y), Outdoor hover RMS (z)","| metric | value + unit | baseline value | page |
| Indoor hover RMS (x) | 0.0519 m | NO_BASELINE | p.8 |
| Indoor hover RMS (y) | 0.0428 m | NO_BASELINE | p.8 |
| Indoor hover RMS (z) | 0.039 m | NO_BASELINE | p.8 |
| Indoor tracking RMS (x) | 0.1619 m | NO_BASELINE | p.9 |
| Indoor tracking RMS (y) | 0.1428 m | NO_BASELINE | p.9 |
| Indoor tracking RMS (z) | 0.0215 m | NO_BASELINE | p.9 |
| Outdoor hover RMS (x) | 0.1089 m | PID 0.2824 m | p.10 |
| Outdoor hover RMS (y) | 0.1322 m | PID 0.2687 m | p.10 |
| Outdoor hover RMS (z) | 0.0424 m | PID 0.0436 m | p.10 |

""The RMS value of the position error is 0.0519m in x-direction, 0.0428m in y-direction, and 0.039m in z-direction."" [p.8].","""traditional PID controller"" [p.10]","""more than 70% of all the recorded horizontal points stay in a circle with a radius of 0.2m with the help of the proposed nonlinear position controller. For Fig. 21, it can be checked that only about 10.83% of all the recorded horizontal points stay in a circle with a radius of 0.2m in the flight test with PID position controller."" [p.11].","""the main drawback of the optical flow based approach is that the integration of the translational velocity will lead to an unacceptable position estimation drift."" [p.2].","""Future work will be extended to autonomous flight control in a more confined non-constructed environment."" [p.11].",CORE: the paper's primary contribution is GPS-denied navigation.,SYSTEM,China (Tianjin University),NOT_REPORTED,"The paper is an IEEE Transactions on Industrial Electronics paper. The header on page 11 says ""IEEE TRANSACTIONS ON INDUSTRIAL ELECTRONICS, VOL. 62, NO. 10, OCTOBER 2015"". The paper has a typo: ""covet"" should be ""covariance"" [p.3]. No DOI is reported in the extracted text.","1, 2, 3, 4, 5, 6, 7, 8, 9, 10, 11, 12"
REC_0388,I,NOT_REPORTED,2026,NOT_REPORTED,10.1109/JSEN.2025.3646302,"""Unmanned aerial vehicle (UAV) swarms are increasingly deployed in both civilian and military domains, where high-precision navigation in Global Navigation Satellite System (GNSS)-denied environments remains a critical challenge."" [p.1].","""Cooperative navigation (CN) has emerged as a promising paradigm by leveraging intervehicle information exchange and multisource information fusion (MSIF) to enhance swarm navigation performance."" [p.1].",MIXED,NOT_REPORTED,"""UAV swarms"" [p.1]","""INS, barometer, laser, infrared, camera, GNSS, UWB, Bluetooth, Wi-Fi, ZigBee"" [p.3-5]",SURVEY,Survey of cooperative navigation with multisource information fusion,NOT_REPORTED (survey),NOT_REPORTED,NOT_REPORTED,NOT_REPORTED (survey paper),NO_BASELINE,NOT_REPORTED,"""most surveys have predominantly focused on integrated navigation for single platforms, leaving CN in UAV swarms relatively underexplored."" [p.2].","""Future work should explore the integration of conventional perception sensors, such as cameras, LiDAR, and millimeter-wave radar, with UAV external auxiliary information"" [p.20].",CORE: the paper's primary contribution is a survey on GNSS-denied navigation.,SURVEY,"China (Sun Yat-sen University, Dalian Maritime University)","""This work was supported by the Fifth Electronic Research Institute of MIIT under Grant 25Z05."" [p.1]","The paper is a comprehensive survey with 31 pages. The paper uses ""CN"" for cooperative navigation and ""MSIF"" for multisource information fusion. The header on page 1 says ""IEEE SENSORS JOURNAL, VOL. 26, NO. 3, 1 FEBRUARY 2026"". The DOI is provided. The paper has a typo in the abstract: ""multisource"" vs ""multi-source"" inconsistencies.","1, 2, 3, 4, 5, 6, 7, 8, 9, 10, 11, 12, 13, 14, 15, 16, 17, 18, 19, 20, 21, 22, 23, 24, 25, 26, 27, 28, 29, 30, 31"
REC_0391,I,NOT_REPORTED,2023,NOT_REPORTED,10.1109/ACCESS.2017.DOI,"""However, the simultaneous movement of the UAVs and the UE brings about problems of UAV coordinate deviation and range interference, resulting in poor accuracy and stability of UE localization."" [p.1].","""To solve the mentioned issues above, a fusion localization method based on multi-UAV collaborative ranging and user-side inertial measurement unit (IMU) module was proposed for GNSS-denied scenarios."" [p.1].",MIXED,"""1000 × 1000 × 200 m³"" [p.9]","""UAV emergency network"" [p.2]","""IMU module"", ""TOF or RSSI"" [p.2]",COOPERATIVE,Multi-UAV collaboration and IMU fusion localization based on UKF,SIM,NOT_REPORTED,"RMSE (UKF, low altitude), RMSE (UKF, high altitude), RMSE reduction vs EKF, UAV 2D accuracy improvement (collaboration), UAV 2D accuracy improvement (vs Kalman)","| metric | value + unit | baseline value | page |
| RMSE (UKF, low altitude) | 1.41 m | EKF 1.65 m; CT 2.37 m | p.12 |
| RMSE (UKF, high altitude) | 2.84 m | EKF 3.90 m; CT 6.06 m | p.12 |
| RMSE reduction vs EKF | 21.4% | NO_BASELINE | p.1 |
| UAV 2D accuracy improvement (collaboration) | 45.8% | NO_BASELINE | p.9 |
| UAV 2D accuracy improvement (vs Kalman) | 27.5% | NO_BASELINE | p.9 |

""the positioning error was reduced by 21.4% compared with the commonly used extended Kalman filter (EKF)."" [p.1].","""EKF, CT"" [p.10]","""the proposed scheme is tolerant to GNSS deviation at the UAV end but sensitive to ranging noise with the UEs, so it is more suitable for low-altitude flight localization scenarios."" [p.12].","""the proposed algorithm is sensitive to ranging error, a high-precision ranging module is needed to ensure localization accuracy in high-altitude scenarios. This will increase the power consumption and cost of the UAV system."" [p.12].","""we will further study the channel sensing of UAV base stations in complex obstacle environments."" [p.13].",CORE: the paper's primary contribution is GNSS-denied localization.,METHOD,"China (Nanjing University of Information Science and Technology, Southeast University)","""This work was supported by the National Natural Science Foundation of China (NSFC) under Grants 62001238 and the Open Research Fund of National Mobile Communications Research Laboratory, Southeast University (No. 2022D11)."" [p.1]","The paper is an IEEE Access paper. The DOI is provided. The paper uses ""UKF"" and ""EKF"" consistently. The paper has a typo: ""MULTI-UL VAL COLABORATIVE"" [p.5]. The paper uses ""GNSS"" and ""GPS"" inconsistently.","1, 2, 3, 4, 5, 6, 7, 8, 9, 10, 11, 12, 13, 14"
REC_0409,Dust-Resilient Autonomous Navigation and Mapping for UAVs in GNSS-Denied Underground Tunnels,NOT_REPORTED,2026,NOT_REPORTED,10.1109/ICUAS69441.2026.11598747,"""Global Navigation Satellite System (GNSS) provides absolute positioning for aerial vehicles in open environments; however, underground settings block these signals entirely, forcing the system to rely solely on onboard sensing for localization."" [p.1].","""Unmanned Aerial Vehicles (UAVs) offer a safe and efficient solution for inspection and mapping in underground environments such as tunnels and mines, where human access is limited by safety, accessibility, or operational constraints [1]."" [p.1].",UNDERGROUND,"""real mining tunnel"" [p.1]","""custom-built quadrotor"" [p.1]","""Ouster OS0-128 3D LiDAR"", ""FLIR Hadron 640R dual-sensor system"", ""Pixhawk Orange Cube autopilot"" [p.2]",HYBRID,Dust-resilient autonomous UAV system with LiDAR-Inertial odometry and intensity-based dust filtering,REAL,NOT_REPORTED,"Mean mapping accuracy, RMS error, Std. dev., Exploration + return time, Exploration phase time, Return phase time","| metric | value + unit | baseline value | page |
| Mean mapping accuracy | 0.19 m | NO_BASELINE | p.1 |
| RMS error | 0.60 m | NO_BASELINE | p.1 |
| Std. dev. | 0.57 m | NO_BASELINE | p.4 |
| Exploration + return time | 480 s | NO_BASELINE | p.1 |
| Exploration phase time | 310 s | NO_BASELINE | p.4 |
| Return phase time | 170 s | NO_BASELINE | p.4 |

""The system completes exploration and mapping in 480 seconds, achieving 0.19m mean mapping accuracy and 0.60m RMS error against Total Station ground truth."" [p.1].","""Total Station ground truth"" [p.1]","""Excluding these two boundary regions, the core tunnel reconstruction demonstrates a high degree of geometric consistency with the reference model"" [p.5].","""At the tunnel entrance, the increase in error is due to vegetation and surrounding objects that were captured by the UAV's LiDAR scanner but do not appear in the total station model"" [p.5].","""Future work will focus on extending the system to more complex tunnel networks with branches and intersections, as well as increasing robustness under even denser particulate conditions."" [p.5].",CORE: the paper's primary contribution is GNSS-denied navigation.,SYSTEM,Spain (CATEC),"""This work has been carried out within the context of the BEEYONDERS project, funded by the European Commission under contract 101058548."" [p.5]","The paper has a typo: ""Gremys"" should be ""Gremsy"" [p.3]. The paper uses ""GNSS-Denied"" and ""GNSS-denied"" inconsistently. No DOI is reported. The paper is an ICUAS 2026 conference paper.","1, 2, 3, 4, 5, 6"
REC_0426,Leonardo Drone Contest 2021: Politecnico di Milano team architecture,NOT_REPORTED,2022,NOT_REPORTED,10.1109/ICUAS54217.2022.9836103,"""To reach this goal, the designed system should be capable of navigating in a Global Navigation Satellite System (GNSS)-denied environment with autonomous decision making, online planning and collision avoidance capabilities."" [p.1].","""In this paper, the winning solution of the second edition of the Leonardo Drone Contest (LDC), an autonomous drone competition, is presented."" [p.1].",INDOOR,"""indoor urban-like environment"" [p.1]","""coaxial octocopter"" [p.2]","""Stereolabs ZED stereo camera"", ""Lidar-lite v3 laser range finder"", ""two OpenMV H7 Plus monocular cameras"" [p.2]",HYBRID,"Modular architecture with navigation, decision-making, and planning/control",REAL,NOT_REPORTED,"Mission duration, Distance traveled, Final score","| metric | value + unit | baseline value | page |
| Mission duration | 20 minutes | NO_BASELINE | p.6 |
| Distance traveled | ~100 m | NO_BASELINE | p.6 |
| Final score | 35 points | NO_BASELINE | p.6 |

""The overall mission lasted 20 minutes and the drone travelled about 100m."" [p.6].",NO_BASELINE,"""the localization algorithm shows good performance. In fact, it has correctly rejected the laser measurements corresponding to obstacles"" [p.5].","""the visual odometry shows a remarkable drift, which justifies the additional use of the laser altimeter."" [p.5].",NOT_REPORTED,CORE: the paper's primary contribution is GNSS-denied navigation.,SYSTEM,Italy (Politecnico di Milano),NOT_REPORTED,"The paper has a typo: ""Universita"" should be ""Università"" [p.6]. The paper uses ""GNSS-denied"" and ""GNSS denied"" inconsistently. No DOI is reported. The paper is an ICUAS 2022 conference paper.","1, 2, 3, 4, 5, 6"
REC_0438,Vision-Based Object Path Following on a Quadcopter for GPS-Denied Environments,NOT_REPORTED,2017,NOT_REPORTED,10.1109/ICUAS.2017.7991500,"""The goal of the present work is to develop a system able to autonomously track the path of a dynamic object."" [p.1].","""By following an object's path, reliance on obstacle avoidance strategies can be reduced, under the assumption that the object's path is free of static obstacles."" [p.1].",MIXED,"""outdoors"" and ""indoors"" [p.4]","""custom built quadcopter craft, as shown in Fig. 1. Its frame is based on a DJI Flame Wheel F450."" [p.2]","""A MaxBotix XL-EZ4 sonar was used to provide accurate altitude measurements. An on-board Pixhawk flight controller with IMU was used... a PX4Flow optical flow sensor estimated craft velocity for use in dead-reckoning... a Pixy camera was used... A red ball (210mm diameter) was used as the object to track."" [p.2]",VISION_OBJECT,Object path following algorithm,REAL,NOT_REPORTED,"Standard deviation of horizontal position, Station keeping error, Path following rms error, Path following maximum deviation, Position hold error (x), Position hold error (y), Position hold max deviation, Position hold rms error","| metric | value + unit | baseline value | page |
| Standard deviation of horizontal position | 6.5 cm | NO_BASELINE | p.5 |
| Station keeping error | within 40 cm | NO_BASELINE | p.1 |
| Path following rms error | 28 cm | NO_BASELINE | p.1 |
| Path following maximum deviation | 78 cm | NO_BASELINE | p.1 |
| Position hold error (x) | 25 cm | NO_BASELINE | p.5 |
| Position hold error (y) | 30 cm | NO_BASELINE | p.5 |
| Position hold max deviation | 38 cm | NO_BASELINE | p.5 |
| Position hold rms error | 20 cm | NO_BASELINE | p.5 |

""The standard deviation of horizontal position from the true value over all tests was 6.5cm."" [p.5].",NO_BASELINE,NOT_REPORTED,"""The disadvantage of this method is drift caused by accumulation of small errors, although this is minimized due to the accuracy and high frequency of the measurements. For larger time periods, a method to correct the drift would likely be required."" [p.3].","""Future work will include more rigorous testing of the path following algorithm, investigating the effects of object speed and radius of curvature of the path. An alternative ground truth measurement based on real time kinematic (RTK) GPS, allowing for cm-level accuracy may be used."" [p.5].",CORE: the paper's primary contribution is GPS-denied navigation.,SYSTEM,New Zealand (University of Auckland),NOT_REPORTED,"No DOI is reported. The paper uses ""GPS"" and ""GNSS"" interchangeably. The Pixy camera has a limited range (up to 6 m; performance degrades below 1 m).","1, 2, 3, 4, 5, 6"
REC_0444,Autonomous Aerial Swarming in GNSS-denied Environments with High Obstacle Density,NOT_REPORTED,2021,NOT_REPORTED,10.1109/ICRA48506.2021.9561284,"""The compact flocking of relatively localized Unmanned Aerial Vehicles (UAVs) in high obstacle density areas is discussed in this paper."" [p.1].","""Such units are typically not equipped with great computational or sensory resources, often due to costs, payload capacity, or unavailability of the desired form factor. However, these simple, low-cost UAVs lend themselves remarkably well for applications that require multiple units to be deployed simultaneously."" [p.1].",MIXED,"""a natural forest"" [p.1]","""The UAVs used in the experiments are homogeneous, i.e., they have identical hardware and software..."" [p.5]","""Each UAV agent is equipped with the UVDAR system to estimate the relative position and orientation of neighboring agents."" [p.4]; ""planar LIDAR based Simultaneous Localization and Mapping (SLAM)"" [p.2]",COOPERATIVE,Decentralized bio-inspired control law,BOTH,NOT_REPORTED,NOT_REPORTED,NOT_REPORTED,NO_BASELINE,NOT_REPORTED,"""Improving the detection and estimation of occluded objects in outdoor environments is an open research problem and is a topic for our future work."" [p.6].","""Improving the detection and estimation of occluded objects in outdoor environments is an open research problem and is a topic for our future work."" [p.6].",CORE: the paper's primary contribution is GNSS-denied navigation.,METHOD,NOT_REPORTED,NOT_REPORTED,"No DOI is reported. The paper uses ""UVDAR"" system for mutual relative localization. The authors are likely from Czech Technical University in Prague, but affiliations are not stated in the extracted text.","1, 2, 3, 4, 5, 6"
REC_0455,Airborne-Relay-based Algorithm for Locating Crashed UAVs in GPS-Denied Environments,NOT_REPORTED,2019,NOT_REPORTED,10.1109/UEMCON47517.2019.8993065,"""We propose a location algorithm to promptly search for crashed unmanned aerial vehicles (UAVs), using an airborne communication relay UAV (ACRU) in global positioning system (GPS)-denied environments."" [p.1].","""If a UAV crashes during military operations, the reconnaissance information and specific data of the UAV may be retrieved by enemy forces, thereby critically jeopardizing future military operations by revealing the intentions of such operations."" [p.1].",MIXED,"""10 × 10 km square"" [p.5]","""RQ-1 platform"" [p.4]","""transceiver and navigation systems"" [p.3]",OTHER,Airborne-Relay-based Algorithm,SIM,NOT_REPORTED,"RMSE (weighted TDOA), RMSE (non-weighted TDOA), Convergence time difference","| metric | value + unit | baseline value | page |
| RMSE (weighted TDOA) | 3.7577 m | NO_BASELINE | p.5 |
| RMSE (non-weighted TDOA) | 5.6859 m | NO_BASELINE | p.5 |
| Convergence time difference | 20 s | NO_BASELINE | p.6 |

""The RMSEs of the RQ-1s whose TDOAs were weighted and non-weighted were 3.7577 and 5.6859m respectively"" [p.5].","""non-weighted TDOA"" [p.5]","""The experimental results demonstrated that the RMSE of the RQ-1 whose TDOA was weighted was lower than that of the RQ-1 whose TDOA was non-weighted."" [p.6].","""Because of the SWaP constraints, frequently estimating the target location reduces the UAV operational effectiveness. In addition, UAV-based location estimation is affected by the distance between the UAVs and the target UAV and by the time synchronization between the UAVs [7]."" [p.2].","""Future work will focus on locating the crashed UAV much rapid and more accurate within the designated time."" [p.6].",CORE: the paper's primary contribution is GPS-denied navigation.,METHOD,"South Korea (Ajou University, Korea Military Academy)","""This work has been supported by the Future Combat System Network Technology Research Center program of Defense Acquisition Program Administration and Agency for Defense Development. (UD160070BD)."" [p.6]","No venue or year is reported in the extracted text. The paper uses ""GPS"" instead of ""GNSS"". The reference list includes papers up to 2019.","1, 2, 3, 4, 5, 6"
REC_0459,Safe Tightly-Constrained UAV Swarming in GNSS-denied Environments,NOT_REPORTED,2021,NOT_REPORTED,10.1109/ICUAS51884.2021.9476794,"""A decentralized algorithm for flocking of Unmanned Aerial Vehicles (UAV) in environments with high obstacle density is proposed in this work."" [p.1].","""The application of UAV teams in numerous tasks involving exploration, search and rescue, monitoring, transportation, etc., have recently been discussed in the literature."" [p.1].",MIXED,"""a real forest"" [p.1]","""UAVs"" [p.1]","""UVDAR system"" [p.2]",COOPERATIVE,Safe Tightly-Constrained UAV Swarming,BOTH,NOT_REPORTED,"Average velocity, Total distance covered (simulation, 8 UAVs), Distance to target (real experiment)","| metric | value + unit | baseline value | page |
| Average velocity | 0.21 m/s | NO_BASELINE | p.7 |
| Total distance covered (simulation, 8 UAVs) | 35 m | NO_BASELINE | p.7 |
| Distance to target (real experiment) | >35 m | NO_BASELINE | p.7 |

""The UAVs flew at an average velocity of 0.21 m/s"" [p.7].",NO_BASELINE,NOT_REPORTED,NOT_REPORTED,NOT_REPORTED,CORE: the paper's primary contribution is GNSS-denied navigation.,METHOD,NOT_REPORTED,NOT_REPORTED,"No DOI is reported. The paper uses ""UVDAR"" system. Author affiliations are not given in the extracted text.","1, 2, 3, 4, 5, 6, 7, 8, 9"
REC_0461,Autonomous MAV Navigation in Complex GNSS-denied 3D Environments,NOT_REPORTED,2015,NOT_REPORTED,10.1109/SSRR.2015.7443012,"""Key prerequisites for the fully autonomous operation of micro aerial vehicles in restricted environments are 3D mapping, real-time pose tracking, obstacle detection, and planning of collision-free trajectories."" [p.1].","""MAVs allow to quickly visit otherwise inaccessible volumes, but permanent line-of-sight to the MAV may not be maintainable."" [p.1].",INDOOR,"""indoor environment"" [p.1]","""octorotor with a co-axial arrangement of rotors"" [p.2]","""continuously rotating 3D laser scanner... two monochrome stereo camera pairs... eight ultrasonic sensors"" [p.2]",HYBRID,Multilayered navigation approach,REAL,NOT_REPORTED,"Maximum stopping distance, AprilTag clustering","| metric | value + unit | baseline value | page |
| Maximum stopping distance | 0.8 m in 0.5 s | NO_BASELINE | p.5 |
| AprilTag clustering | within 0.5 m | NO_BASELINE | p.6 |

""we can safely operate in the vicinity of obstacles. Analysis of the MAV motion model gives us a maximum stopping distance of 0.8m in 0.5s under ideal conditions."" [p.5].",NO_BASELINE,NOT_REPORTED,NOT_REPORTED,NOT_REPORTED,CORE: the paper's primary contribution is GNSS-denied navigation.,SYSTEM,Germany (University of Bonn),NOT_REPORTED,"No venue or year is reported in the extracted text. The references include papers up to 2015. The paper uses ""MAV"" for micro aerial vehicle.","1, 2, 3, 4, 5, 6, 7"
REC_0464,Relative Visual-Inertial Odometry for Fixed-Wing Aircraft in GPS-Denied Environments,NOT_REPORTED,2018,NOT_REPORTED,10.1109/PLANS.2018.8373454,"""Unmanned aircraft systems (UAS) are increasingly in need of GPS-denied navigation capabilities."" [p.1].","""For UAS to be widely adopted they will need to maintain the same navigation capabilities when GPS is unavailable."" [p.1].",MIXED,"""high-fidelity simulation of a fixed-wing aircraft"" [p.5]","""fixed-wing aircraft"" [p.1]","""monocular camera and IMU"" [p.2]",VIO,Modified Multi-State-Constraint Kalman Filter with relative-reset,SIM,"""detailed cityscape image"" [p.5]","Total accumulated error, Flight duration, Distance traveled, Altitude, Airspeed","| metric | value + unit | baseline value | page |
| Total accumulated error | < 3% of distance traveled | NO_BASELINE | p.2 |
| Flight duration | 160 s | NO_BASELINE | p.5 |
| Distance traveled | ~1800 m | NO_BASELINE | p.5 |
| Altitude | ~50 m | NO_BASELINE | p.5 |
| Airspeed | 11 m/s | NO_BASELINE | p.5 |

""the filter maintains a total accumulated error of less than 3% of the distance traveled."" [p.2].",NO_BASELINE,"""Initial testing showed that straight-and-level flight made the forward velocity unobservable and the performance improved if the aircraft flew slight s-turns during sections of straight and level flight."" [p.5].","""Due to the reset of the feature tracks at the declaration of a new node, some useful information is being discarded."" [p.6].","""The next steps are to exercise the front-end filter in hardware flight demonstrations. This will be enabled by coding our method in C++ to increase its execution speed and therefore its accuracy."" [p.6-7].",CORE: the paper's primary contribution is GPS-denied navigation.,METHOD,"USA (Brigham Young University, Air Force Research Laboratory)","""This work has been funded by the Center for Unmanned Aircraft Systems (C-UAS), a National Science Foundation Industry/University Cooperative Research Center (I/UCRC) under NSF award No. IIP-1161036 along with significant contributions from C-UAS industry members."" [p.7]","No DOI or venue is reported in the extracted text. The paper is an author manuscript. The paper uses ""GPS"" and ""GNSS"" interchangeably. The paper has a typo: ""deceleration of a new keyframe image"" should likely be ""declaration"" [p.2].","1, 2, 3, 4, 5, 6, 7"
REC_0469,"This may be the author’s version of a work that was submitted/accepted for publication in the following source: Ng, Michael , Vanegas Alvarez, Fernando , Morton, Kye , Sandino, Juan , & Gonzalez, Luis Felipe (2022) Design and Flight Test of an Aerial Manipulator for Applications in GPS- Denied Environments. In Proceedings of the 2022 International Conference on Unmanned Air- craft Systems (ICUAS). Institute of Electrical and Electronics Engineers Inc., United States of America, pp. 20-29. This ﬁle was downloaded from: https://eprints.qut.edu.au/234552/ © 2022 IEEE License : Creative Commons: Attribution-Noncommercial 4.0 Notice : Please note that this document may not be the Version of Record (i.e. published version) of the work. Author manuscript versions (as Sub- mitted for peer review or as Accepted for publication after peer review) can be identiﬁed by an absence of publisher branding and/or typeset appear- ance. If there is any doubt, please refer to the published source. https://doi.org/10.1109/ICUAS54217.2022.9836060",NOT_REPORTED,2022,NOT_REPORTED,10.1109/ICUAS54217.2022.9836060,"""However, an aerial manipulator capable of interacting safely with the environment in a GPS-denied environment using only on-board sensors is still a challenge."" [p.2].","""The incorporation of manipulator mechanisms into UAVs can expand the realm of applications for these vehicles in challenging scenarios where it is not safe for personnel to carry out the work."" [p.2].",INDOOR,"""indoor"" [p.1]","""S500 quadcopter which has a wheelbase of 480mm and weighs approximately 935g"" [p.4]","""Realsense camera"" [p.6]",SYSTEM,Aerial manipulator with 2-DOF robotic arm,REAL,NOT_REPORTED,"Z-position error (sample retrieval), Z-position error (object retrieval), Max x-error (hover test 2), Max x-error (hover test 3), Max y-error (hover test 2), Position drift (hover test 1)","| metric | value + unit | baseline value | page |
| Z-position error (sample retrieval) | < 0.02 m | NO_BASELINE | p.9 |
| Z-position error (object retrieval) | < 0.01 m | NO_BASELINE | p.10 |
| Max x-error (hover test 2) | 0.046 m | NO_BASELINE | p.7 |
| Max x-error (hover test 3) | 0.06 m | NO_BASELINE | p.7 |
| Max y-error (hover test 2) | 0.015 m | NO_BASELINE | p.7 |
| Position drift (hover test 1) | 0.65 m | NO_BASELINE | p.6 |

""the UAV was able to hold its z-position very well with errors of less than 0.015m."" [p.9].",NO_BASELINE,"""manipulator movements mainly affect the CoM in the longitudinal axis and has little effect on the lateral axis."" [p.6].","""the results from the Object Retrieval Test found that the object could not be accurately grasped. This was due to the decoupled manipulator controller having no feedback loop"" [p.10].","""future work could involve designing a feedback loop for the manipulator controller in the form of visual servoing."" [p.10].",CORE: the paper's primary contribution is GPS-denied navigation.,SYSTEM,Australia (Queensland University of Technology),NOT_REPORTED,"The paper is an author accepted manuscript with a DOI. The paper has a typo: ""busland"" should be ""bushland"" [p.2]. The paper uses ""UAV-AM"" for UAV-Aerial Manipulator.","1, 2, 3, 4, 5, 6, 7, 8, 9, 10, 11"
REC_0475,P2P-DroneLoc: Peer-to-Peer Localization for GPS-Denied Drones using Camera and WiFi Fine Time Measurement,NOT_REPORTED,2022,NOT_REPORTED,10.1109/ANTS56424.2022.10227756,"""Failure or attack of drone GPS units can significantly compromise the mission safety - particularly, when the mission involves high value payloads."" [p.1].","""To address the GPS unreliability problem in drones, we propose an alternative solution to GPS redundancy for multi drone systems."" [p.1].",MIXED,"""outdoor static and flying drones setup"" [p.1]","""Helper Drone (HD), Distress Drone (DD), and a Pseudo-HD"" [p.2]","""single camera"" and ""WiFi FTM AP"" [p.1]",COOPERATIVE,P2P DroneLoc,REAL,"""custom dataset"" [p.1]","Camera median distance accuracy, Camera median GPS location accuracy, WiFi FTM median bearing accuracy, WiFi FTM median distance accuracy, WiFi FTM median location accuracy","| metric | value + unit | baseline value | page |
| Camera median distance accuracy | 1.5 m | NO_BASELINE | p.6 |
| Camera median GPS location accuracy | 4.5 m | NO_BASELINE | p.6 |
| WiFi FTM median bearing accuracy | 8° | NO_BASELINE | p.6 |
| WiFi FTM median distance accuracy | 1 m | NO_BASELINE | p.6 |
| WiFi FTM median location accuracy | 1 m | NO_BASELINE | p.6 |

""our methods result in a median localization accuracy within 1-4m."" [p.1].",NO_BASELINE,"""camera-based method provides location accuracy in median range of 1-3m with a standard deviation of 2m and the WiFi FTM ranging based method provides location accuracy of 1m with standard deviation of 1m."" [p.6].","""Due to drone mobility, a limitation of using GPS as ground truth is that we have to be prepared to deal with noisy ground truth data."" [p.6].",NOT_REPORTED,CORE: the paper's primary contribution is GPS-denied localization.,SYSTEM,USA (Georgia State University),"""This work was supported by the National Science Foundation (NSF) under Grant CNS-1910133."" [p.6]","No DOI is reported. The paper uses ""P2P DroneLoc"" and ""2PEDroneLoc"" inconsistently. The paper has a typo: ""ACK based prototol"" should be ""protocol"" [p.1]. The paper uses ""GPS"" and ""GNSS"" interchangeably.","1, 2, 3, 4, 5, 6"
REC_0481,An Onboard Transformer-Based Physics-Informed System for UAV Trajectory Prediction and State Classification in GNSS-denied Environments,NOT_REPORTED,2026,NOT_REPORTED,10.1109/ICUAS69441.2026.11598599,"""Nevertheless, accurate position and state estimation for reliable and robust navigation [2], [3] remains a critical challenge when GNSS signals are degraded, obstructed, or inaccessible, leading to the need for robust and efficient navigation solutions, particularly in GNSS-denied environments or in scenarios where onboard sensors may malfunction [4], [5]."" [p.1].","""This work extends our previously proposed Transformer-based multi-task learning framework (MTLF-FVO) [14], which provided robust UAV localization and state identification following a data-driven, Transformer-based multi-task architecture"" [p.1].",MIXED,"""various outdoor environments"" [p.1]","""DJI"" UAV [p.2]","""IMU, velocity, acceleration, and external sensor modalities such as wind speed and direction"" and ""vision-derived feature-based visual odometry measurements"" [p.1]",HYBRID,EMT-TPI (Enhanced Multi-task Transformer-based Physics-informed),BOTH,"""Dataset-1"" [p.6]","Average Euclidean distance error (t+1), Average Euclidean distance error (t+12), Median error (50th percentile), 80th percentile error, 95th percentile error, MAE x-axis, MAE y-axis, MAE z-axis, Macro-avg F1 Score, Weighted-avg F1 Score","| metric | value + unit | baseline value | page |
| Average Euclidean distance error (t+1) | 5.96 m | MTLF-FVO 7.94 m; LSTM 17.91 m | p.7 |
| Average Euclidean distance error (t+12) | 7.90 m | MTLF-FVO 9.02 m; LSTM 21.01 m | p.7 |
| Median error (50th percentile) | 6.875 m | NO_BASELINE | p.7 |
| 80th percentile error | 11.81 m | NO_BASELINE | p.7 |
| 95th percentile error | 19.27 m | NO_BASELINE | p.7 |
| MAE x-axis | 3.51 m | NO_BASELINE | p.7 |
| MAE y-axis | 2.53 m | NO_BASELINE | p.7 |
| MAE z-axis | 1.3 m | NO_BASELINE | p.7 |
| Macro-avg F1 Score | 0.79 | MTLF-FVO 0.67 | p.8 |
| Weighted-avg F1 Score | 0.80 | MTLF-FVO 0.76 | p.8 |

""Across all prediction steps, EMT-TPI achieves higher location estimation performance, ranging from 5.96m at t+1 and 5.71m at t+2 to 7.90m at t+12."" [p.7].","""MTLF-FVO, LSTM, VO+EKF"" [p.6]","""EMT-TPI achieves an MAE of 1.3m on the z-axis and 2.53m on the y-axis, while the x-axis error is 3.51m demonstrating higher uncertainty in vertical prediction compared with lateral motion."" [p.7].","""The 3D flight-path prediction results... Trajectory differences (between estimated and ground truth trajectories) are mainly observed during sharp turns and rapid vertical transitions."" [p.7].","""Future work will examine the integration of additional sensing modalities to further improve performance and will expand the training dataset to strengthen both state classification and trajectory prediction capabilities."" [p.8].",CORE: the paper's primary contribution is GNSS-denied navigation.,SYSTEM,"NOT_REPORTED (University of Cyprus, based on author names)",NOT_REPORTED,"No DOI is reported. The paper is an ICUAS 2026 conference paper. The paper contains a massive block of sequential ""1 1 1 1..."" on page 5 (a rendering error). The paper uses ""GNSS-denied"" and ""GNSS denied"" inconsistently. The paper has a typo: ""PSDK"" should be ""PSDK"" (Payload Software Development Kit) [p.2]. The paper references ""Dataset-1"" publicly available on Zenodo [34].","1, 2, 3, 4, 5, 6, 7, 8"
REC_0485,Multi-Sensor 6-DoF Localization For Aerial Robots In Complex GNSS-Denied Environments,NOT_REPORTED,2019,NOT_REPORTED,10.1109/IROS40897.2019.8967686,"""Our work is motivated by aerial robots that need robust and accurate 6-DOF pose estimations for autonomous safe navigation in complex, unstructured, GNSS-denied environments with high density of obstacles and potentially strong lighting changes."" [p.1].","""The need for robots autonomously navigating in more and more complex environments has motivated intense R&D efforts in making robot pose estimation more accurate and reliable."" [p.1].",MIXED,"""three different scenarios: School of Engineering of Sevilla (ETSI); a testing scenario near Seville (Karting); and at a road bridge (Bridge)"" [p.5]","""DARIUS aerial robot"" (custom-design hexarotor, MTOW 22 kg) [p.5]","""Velodyne HDL-32E, a ZED stereo camera, an IMU, a laser altimeter and an UWB ToF radio-range sensor"" [p.5]",HYBRID,Multi-sensor multi-hypothesis 6-DoF localization filter,REAL,"""multi-sensor map"" [p.1]","RMS error (Karting1), Max error (Karting1), RMS error (Bridge1), RMS error (ETSI1), Update stage time (S4, Bridge)","| metric | value + unit | baseline value | page |
| RMS error (Karting1) | 0.13 m | ORB-SLAM2 0.56 m; LOAM 0.62 m | p.7 |
| Max error (Karting1) | 0.28 m | ORB-SLAM2 1.89 m; LOAM 1.24 m | p.7 |
| RMS error (Bridge1) | 0.14 m | ORB-SLAM2 1.68 m; LOAM 0.49 m | p.7 |
| RMS error (ETSI1) | 0.23 m | ORB-SLAM2 0.69 m; LOAM 1.31 m | p.7 |
| Update stage time (S4, Bridge) | ~60 ms | NO_BASELINE | p.7 |

""our method provided low-variability errors along the full flight."" [p.6].","""LOAM, ORB-SLAM2"" [p.6]","""The best accuracy is obtained in S3 and S4, which exploit the combination of LIDAR and camera features."" [p.7].","""it assumes that a map of the scenario is available."" [p.7].","""The integration of the next-generation 3D solid-state LIDARs with higher scan rates but significantly lower fields of view opens interesting challenges to be researched."" [p.7].",CORE: the paper's primary contribution is GNSS-denied localization.,METHOD,Spain (University of Seville),"""This work was performed in the UE project AEROARMS (H2020-ICT-2014-1-644271) and in ARM-EXTEND, funded by the Spanish R&D plan (DPI2017-89790-R)."" [p.7]","No DOI is reported. The paper is an IROS 2019 conference paper. The paper has a typo: ""mono-hypothesis"" [p.1]. The paper uses ""GNSS"" and ""GPS"" inconsistently.","1, 2, 3, 4, 5, 6, 7"
REC_0489,A,NOT_REPORTED,2022,NOT_REPORTED,10.1109/TVT.2022.3151729,"""Autonomous navigation without external signals, es- . portant for a lot of demanding navigation applications under challenging circumstances."" [p.1]","""Autonomous navigation without external GNSS aiding is crucial for some kinds of land vehicle applications, such as military vehicles and unmanned vehicles navigation under GNSS denied environments."" [p.1]",GNSS_SPOOFED,"""Aerial imagery from a UAV (Model: DJI Martice 600Pro)"" [p.22] / ""an area 13m long and 5.6m wide"" [p.4 of REC_0503, not this paper] — for this paper: ""field test"" in outdoor environment [p.22]","""a six- rotor UAV"" [p.23]","""The air part includes a six- rotor UAV, camera and airborne computing platform."" [p.23]",HYBRID,UAV Vision Aided INS/Odometer Integration,BOTH,"""The referenced image is captured from Google Earth."" [p.22]","vision positioning error peak, vision positioning error std dev, Latitude Errors (RMS), Longitude Errors (RMS), North Velocity Errors (RMS), East Velocity Errors (RMS), Roll Errors (RMS), Pitch/Heading Errors (RMS)","| metric | value + unit | baseline value | page |
| vision positioning error peak | 2.23 m | NOT_REPORTED | 23 |
| vision positioning error std dev | 1.52 m | NOT_REPORTED | 23 |
| Latitude Errors (RMS) | 0.61 m | NOT_REPORTED | 26 |
| Longitude Errors (RMS) | 0.74 m | NOT_REPORTED | 26 |
| North Velocity Errors (RMS) | 0.003 m/s | NOT_REPORTED | 26 |
| East Velocity Errors (RMS) | 0.004 m/s | NOT_REPORTED | 26 |
| Roll Errors (RMS) | 0.8e-3 deg | NOT_REPORTED | 26 |
| Pitch/Heading Errors (RMS) | 0.0e-3 deg | NOT_REPORTED | 26 |

Verbatim quotes:
- ""the peak value of the proposed vision positioning error is 2.23 meters in our tests, and the standard deviation of the positioning errors is 1.52 meters."" [p.23]
- Table VI [p.26]","""As a comparison, the position errors of the common INS/Odometer integration are given in Fig. 28 by processing the same dataset without the UAV vision aiding."" [p.27]","""To evaluate the influence of different visual positioning frequencies, the periodic updates of visual position and the aperiodic updates of visual position are both simulated to aid the INS/Odometer Integration system."" [p.19]
""the visual positioning period is set to be two minutes, and in the second situation, the visual positioning period is set to be five minutes"" [p.19]","""First, the proposed method will not work when face some challenge weather. The camera can't adapt to heavy rain, cloud or fog occlusion, also the UAV platform can't flight in heavy rain or storm wind. Second, the image matching technique is not reliable for area with unstable landform features, such as desert. Third, the proposed approach relies on the image matching to provide the global position. Therefore, it can't adapt to UAV- denied situations, such as under a bridge, tunnel, or other shielding circumstances."" [p.27]","""As a part of future work, the UAV autonomous take- off method based on automatic control and target recognition- is under study."" [p.27]",CORE,METHOD,China,NOT_REPORTED,"- The PDF contains many broken/unreadable regions (e.g., pages 8, 10, 12, 14, 21).
- Page 14 contains a massive block of garbage text (""0.0.0.0..."") that is not part of the paper.
- Page 2 is a copyright page with only the IEEE notice.
- Page 2 and 3 have inconsistent page numbering.
- The reference list on pages 27-29 contains formatting errors and some references appear incomplete or corrupted.
- Page 21 is a partial page (only a few lines).
- Some equations are severely garbled in the text extraction.","1, 3, 4, 5, 6, 7, 9, 11, 13, 15, 16, 17, 18, 19, 20, 22, 23, 24, 25, 26, 27, 28, 29"
REC_0502,W,NOT_REPORTED,2026,NOT_REPORTED,10.1109/JIOT.2025.3638876,"""However, the dynamic perspectives of uncrewed aerial vehicles (UAVs), compounded by Global Navigation Satellite System (GNSS) signal interference and the accumulation of localization errors, pose significant challenges to existing monocular SLAM methods in complex environments."" [p.1]","""Owing to the inherently weak nature of GNSS signals, they are highly susceptible to interference and spoofing attacks, posing significant challenges to system security [8]."" [p.1]",MIXED,"""outdoor high- altitude, long- distance flight scenarios (100- 500 m)"" [p.12]","""We constructed an aerial experimental platform using DJI MA100 and Phantom 4 RTK drones"" [p.10]","""a monocular camera"" [p.10], ""RTK GNSS"" [p.10], ""IMU 200HZ"" [p.10]",HYBRID,LD3DGS-SLAM,REAL,"""TUM [2] indoor small- scale scene dataset"" [p.10] and ""self- collected dataset"" [p.10]","Average localization error, RMSE (eVTOL1-120, monocular), RMSE (XAMIT-Loc300, rendered), RMSE (NWPU-Loc300-1, non-rendered)","| metric | value + unit | baseline value | page |
| Average localization error | 0.8 m | NOT_REPORTED | 1 |
| RMSE (eVTOL1-120, monocular) | 0.7408 m | ORB-SLAM3: 13.7858 m | 14 |
| RMSE (XAMIT-Loc300, rendered) | 0.4871 m | ORB-SLAM3: 3.832 m | 16 |
| RMSE (NWPU-Loc300-1, non-rendered) | 0.7423 m | OPENVSLAM: 1.6641 m | 16 |

Verbatim quotes:
- ""LD3DGS- SLAM achieves a state- of- the- art average localization error of only 0.8 m using just a monocular camera"" [p.1]
- Table VII [p.14]
- Table VIII [p.17]","""ORB- SLAM2 [10] and ORB- SLAM3 [11]... OPENVSLAM [12]... VINS- FUSION [17]... MonoGS [36]... OBEZEE- SLAM [30]... POTHO- SLAM [39]"" [p.12]","""By comparing positioning errors at altitudes of 400 and 500 m, we observe that the RENDER version achieves better accuracy than the NO RENDER version."" [p.16]","""However, within the effective map range (e.g., 240–340 m), the NO RENDER version slightly outperforms in accuracy."" [p.16]","""Future work will focus on multimap fusion strategies for larger scale environments, enabling dynamic local map loading during flight. We also plan to explore the integration of semantic scene understanding and object- level perception to enhance environmental awareness."" [p.19]",CORE,SYSTEM,China,NOT_REPORTED,"- The PDF contains several formatting issues and repeated reference numbering in the references section (pages 20-21 show duplicated numbering starting from [26] again).
- Some equations and tables are hard to parse due to column misalignment.
- Page 21 contains only a portrait photo and partial reference text.","1, 2, 3, 4, 5, 6, 7, 8, 9, 10, 11, 12, 13, 14, 15, 16, 17, 18, 19, 20"
REC_0503,D,NOT_REPORTED,2023,NOT_REPORTED,10.1109/JIOT.2022.3231704,"""This study proposes a high-accuracy two- stage trilateration method that enables real- time positioning in global position system (GPS)-denied areas"" [p.1]","""Most drones rely on the onboard inertia measurement unit (IMU) for navigation, but its accuracy is susceptible to cumulative errors caused by measurement drift."" [p.1]",MIXED,"""the fifth floor of the Ming- Da Hall of National Taiwan University"" [p.4] and ""The outdoor venue was selected at National Taiwan University, with an area of 30m×25m."" [p.5]","""the drone is carrying a UWB module"" [p.4]","""ultrawideband (UWB)"" [p.1]",UWB,Two-stage trilateration,BOTH,NOT_REPORTED,"Altitude error (3m, 95th percentile), Altitude error (5m, 95th percentile), Mean rel. position error, Mean rel. altitude error","| metric | value + unit | baseline value | page |
| Altitude error (3m, 95th percentile) | 0.68 m | LSQ: 6.8 m | 5 |
| Altitude error (5m, 95th percentile) | 0.43 m | LSQ: 7.4 m | 5 |
| Mean rel. position error | 0.35 m | GPS: 2.02 m | 7 |
| Mean rel. altitude error | 0.32 m | GPS: 3.39 m | 7 |

Verbatim quotes:
- ""the 95th represents altitude errors that are 0.68 and 0.43m respectively"" [p.5]
- Table II [p.7]","""Compared to the existing least-squares methods (LSQs)"" [p.1]","""The results are used to determine the effectiveness of the accuracy improvement."" [p.7]","""These preliminary results also show that even in GPS- abundant areas, UWB distance measurements combined with two- stage trilateration improve accuracy by order of magnitude compared to direct GPS measurement."" [p.7]","""For future study, it deserves further experiments and simulations to prove the effectiveness of the proposed algorithm. A more complicated path for the drone should be set to test the performance of the proposed algorithm with the drone at a different height."" [p.7]",CORE,METHOD,Taiwan,NOT_REPORTED,"- The paper title in the header uses ""Decimeter-Accuracy"" but the running text has some inconsistencies.
- Page 8 contains a corrupted block of text (the massive ""0.0.0.0..."" sequence).
- Table III is split across pages 7 and 8 with some formatting issues.
- Reference list formatting is inconsistent.
- The venue is not explicitly stated in the extracted text.","1, 2, 3, 4, 5, 6, 7"
REC_0534,Integrated UWB-Vision Approach for Autonomous Docking of UAVs in GPS-denied Environments,NOT_REPORTED,2019,NOT_REPORTED,10.1109/ICRA.2019.8793851,"""Though vision- based techniques have become quite popular for autonomous docking of Unmanned Aerial Vehicles (UAVs), due to limited field of view (FOV), the UAV must rely on other methods to detect and approach the target before vision can be used."" [p.1]","""In many cases when GPS is available, the approaching capability can be achieved by simply communicating GPS data between the UAV and the target."" [p.1]",MIXED,"""an 6m×6m indoor area"" [p.5] and ""an outdoor environment"" [p.5]","""Our system is implemented on a hexacopter frame"" [p.4]","""A down- facing camera is mounted below the UAV... A laser range finder is used to directly measure the relative altitude... Optical flow sensor is used for velocity estimation."" [p.4]",HYBRID,Integrated UWB-Vision,REAL,NOT_REPORTED,"RMS error ρk,x (Exp1), RMS error ρk,y (Exp1), Average error in position estimate","| metric | value + unit | baseline value | page |
| RMS error ρk,x (Exp1) | 0.1348 m | NO_BASELINE | 5 |
| RMS error ρk,y (Exp1) | 0.2317 m | NO_BASELINE | 5 |
| Average error in position estimate | around 20 cm | NO_BASELINE | 5 |

Verbatim quotes:
- Table I [p.5]
- ""the average error in the position estimate is around 20 cm"" [p.5]",NO_BASELINE,NOT_REPORTED,"""Due to the limited size of the testing area, we tested the algorithm with a static platform."" [p.5]",NOT_REPORTED,CORE,METHOD,Singapore,NOT_REPORTED,"- The paper uses ""Ultra- Wide Band (UWB)"" with inconsistent hyphenation.
- Some equations are rendered with formatting artifacts.
- Page 7 contains a corrupted block of text (the massive ""0.0.0.0..."" sequence).
- The reference list on page 7 has some formatting inconsistencies.","1, 2, 3, 4, 5, 6"
REC_0537,Indoor Navigation and Attitude Estimation for UAS using Inertial Sensors and Extended Kalman Filtering,NOT_REPORTED,2026,NOT_REPORTED,10.1109/MetroAeroSpace69299.2026.11646697,"""Accurate position estimation during navigation is essential for missions conducted using Unmanned Aerial Systems (UASs), particularly in fully autonomous operations or missions performed in Beyond Visual Line of Sight (BVLOs) conditions."" [p.1]","""However, GNSS- based approaches are not suitable for indoor navigation scenarios or GPS- denied environments, where satellite signals are unavailable or severely degraded."" [p.1]",INDOOR,"""indoor test environment"" [p.3]","""To perform the simulation tests, an Arduino Nano 33 BLE was used as a Single Board Computer (SBC)."" [p.2]","""the onboard IMU includes three- axis accelerometers, gyroscopes, and magnetometers."" [p.2]",OTHER,EKF-based estimation,BOTH,NOT_REPORTED,"Position error reduction (y-axis), Position error reduction (x-axis)","| metric | value + unit | baseline value | page |
| Position error reduction (y-axis) | 68.2% | NO_BASELINE | 6 |
| Position error reduction (x-axis) | 89.3% | NO_BASELINE | 6 |

Verbatim quotes:
- ""achieved a position error reduction of 68.2% along the y- axis and 89.3% along the x- axis with respect to the raw measurements"" [p.6]",NO_BASELINE,"Table 3 reports standard deviations for raw and filtered data across accelerometer, gyroscope, and magnetometer axes [p.5]","""This preliminary work represents part of the development of an indoor navigation system for UAV applications in GNSS- denied environments."" [p.6]","""Future developments will focus on the integration of the proposed EKF- based estimation framework with a Bluetooth Low Energy (BLE) indoor navigation system previously developed by the authors [14], [15]."" [p.6]",IMPORTANT,METHOD,Italy,NOT_REPORTED,"- Page 3 contains a corrupted block of text (the massive ""0 1 0 1..."" sequence).
- Some equations and matrices are rendered with formatting artifacts.
- The venue is not explicitly stated in the extracted text.
- Figure 4 is missing from the extracted text (only the caption appears).","1, 2, 3, 4, 5, 6"
REC_0544,K,NOT_REPORTED,2022,NOT_REPORTED,10.1109/LRA.2022.3191038,"""Localization without Global Navigation Satellite Systems (GNSS) is a critical functionality in autonomous operations of unmanned aerial vehicles (UAVs)."" [p.1]","""However, GNSS are vulnerable to intentional jamming and spoofing attacks by an adversary, and naturally susceptible to blockages and reflections in radio signal paths."" [p.1]",MIXED,"""urban and non- urban locations"" [p.4]; real UAV flights over ""forest areas, fields, residential areas, and a lake"" [p.5]","""a UAV"" [p.1] — real flights ""collected with a UAV"" [p.5]","""a combination of Inertial Measurement Unit (IMU) and camera"" [p.1]",VISION_OBJECT,Season-invariant similarity scoring with Siamese CNN,BOTH,"""datasets released in [24]"" and ""Google Earth historical images"" [p.3]; real UAV datasets 1-3 [p.5-6]","Mean errors after 2 km (UAV dataset 1), Mean errors after 2 km (UAV dataset 2), Mean errors after 2 km (UAV dataset 3)","| metric | value + unit | baseline value | page |
| Mean errors after 2 km (UAV dataset 1) | 26.5 m | NOT_REPORTED | 6 |
| Mean errors after 2 km (UAV dataset 2) | 29.1 m | NOT_REPORTED | 6 |
| Mean errors after 2 km (UAV dataset 3) | 30.6 m | NOT_REPORTED | 6 |

Verbatim quotes:
- ""The mean errors after 2 km of travel for UAV datasets 1, 2 and 3 were 26.5 m, 29.1 m and 30.6 m respectively."" [p.6]","""Samano et al. [17]"", ""Jurevičius et al. [20]"", ""MI"", ""Moravec"", ""Ours, w/o winter"", ""Samano retrained"" [p.5]","""we also trained our model without any winter imagery (called ""Ours, w/o winter"" in Fig. 5) to ablate what we regard as the most important data augmentation source for winter- summer localization."" [p.5]","""From Fig. 8 we see that similarity measure appears to be least reliable over forest areas. This failure mode appears in all of the UAV datasets and the geometric distortion of tall trees as seen from the UAV compared to the orthoview is a likely explanation"" [p.6]","""Further investigation on model structure and dataset composition may yield improved results. The model was not trained specifically for a narrow peak of the output on correct pose; considering the training method and model structure may yield further improvements in localization, while incorporating a portion of UAV data in the training dataset might make the method more robust to perspective distortion."" [p.7]",CORE,METHOD,Finland,NOT_REPORTED,"- The paper title header uses ""KowING"" (likely ""KNOWING"") in the introduction, a probable typo.
- Reference [26] has a typo: ""Gns- denied"" instead of ""GNSS-denied"".
- Reference [8] appears to have an incomplete author list (""H. Hou et al."") and journal details.
- Reference [16] has a likely typo: ""uav geolocalization"" (lowercase).
- Reference [11] and [13] have inconsistent capitalization.
- The paper states ""we do not analyze image quality here"" [p.11] — note this is from a different paper, not this one. Disregard.","1, 2, 3, 4, 5, 6, 7, 8"
REC_0572,GNSS-Independent Navigation of UAV through Utilization of Sensor Fusion and Intelligence System,NOT_REPORTED,2022,NOT_REPORTED,10.1109/ICT4DA56482.2022.9971437,"""Most of fully autonomous UAVs navigation system is dependent on GNSS for localization. But the security threats that emanates from GPS system; spoofing and jamming makes the reliance on GNSS problematic."" [p.1]","""GNSS is used for planning a predefined flight route and it is also involved in correcting or offsetting the deviation on the onboard IMU sensors based relative position tracking. Though GNSS dependent navigation is a most common practice, it is vulnerable to spoofing and jamming attacks as well as it is unreliable in some environments such as indoor, urban with high rise buildings and battlefields."" [p.1]",MIXED,"""military battlefield"" [p.1]","""UAV"" [p.1] — specific type NOT_REPORTED","""IMUs, LiDARs, camera, and radars"" [p.2]",HYBRID,AI-enabled multi-sensor fusion navigation,NOT_REPORTED,NOT_REPORTED,NOT_REPORTED,NOT_REPORTED,NO_BASELINE,NOT_REPORTED,"""The developed conceptual design of the subsystems will be implemented in future work and evaluated in real environment."" [p.6]","""The developed conceptual design of the subsystems will be implemented in future work and evaluated in real environment."" [p.6]",CORE,SYSTEM,Ethiopia,NOT_REPORTED,"- The first author's name appears as ""Simgegew Eshetu Meheretu"" in the header and ""Simgeneweshetu"" in the email, likely a typo.
- Page 3 contains a massive corrupted block of text (""1 1 1 1 1 1..."" sequence).
- The paper is a conceptual architecture proposal; no implementation or experimental results are presented.
- The venue is not explicitly stated.
- Figure 1 and Figure 2 are referenced but not present in the extracted text.","1, 2, 3, 4, 5, 6"
REC_0594,arXiv:1703.10125v1 [cs.CV] 29 Mar 2017,NOT_REPORTED,2015,NOT_REPORTED,10.1109/ROBIO.2015.7418753,"""Navigation of unmanned aerial vehicles (UAVs) in GPS- denied environment becomes increasingly critical."" [p.1]","""Since the UAVs often take off and land in different positions, it may not revisit the same scene. Thus, it may be difficult to detect loop closures as in simultaneous localization and mapping (SLAM)."" [p.1]",MIXED,"""Oostdorp village"" [p.4] — outdoor urban/village environment","""a quadrotor platform shown in Fig. 5, whose dimension is 35cm in height and 86cm in diagonal width with a maximum take- off weight of 3kg."" [p.4]","""an IG- 500N attitude and heading reference system (AHRS) from SBG Systems and a downward- facing PointGrey Chameleon camera"" [p.4]",VISION_OBJECT,HOP (HOG + OF + PF),REAL,"""Google Map of Oostdorp village"" [p.4] and onboard images [p.4]","RMSE of HOP, GPS RMSE, Image registration failure rate","| metric | value + unit | baseline value | page |
| RMSE of HOP | 6.773 m | OF alone: 169.188 m | 4 |
| GPS RMSE | 3 m | NOT_REPORTED | 4 |
| Image registration failure rate | 7% | NOT_REPORTED | 4 |

Verbatim quotes:
- ""the root mean square error (RMSE) of HOP is 6.773 m. The errors are quite small compared with a 169.188 m RMSE for the visual odometry based on OF alone."" [p.4]
- ""the localisation accuracy of HOP is comparable with GPS, whose RMSE is 3 m."" [p.4]
- ""Image registration failure constitutes 7% where position prediction is retained."" [p.4]","""visual odometry based on OF alone used as baseline"" [p.4]","""We compare the effect of OF based position prediction as shown in Fig. 6. UAV localization fails without OF, especially when the motion is large."" [p.4]
""Regarding the sensitivity of HOP to these parameters, it is found that N should be larger than 40 to have sufficient particles to make a valid estimation. Meanwhile, sc should be larger than 35 to account for the inaccuracy arises from OF."" [p.4]","""Image registration failure constitutes 7% where position prediction is retained. The outliers mainly concentrate at two regions, where either there are few gradient patterns in the scene or has significant illumination change."" [p.4]","""For future research directions, we will install a gimbal to stabilize the camera against wind and vibration, and a thermal camera for navigation at night. Subsequently, we will perform more evaluation on challenging environments, including day and night conditions. We will also use HOP to give state feedback to an actual system."" [p.5-6]",CORE,METHOD,Singapore,NOT_REPORTED,"- The paper has some formatting issues in the references (e.g., [6] has ""MAV urban localization"" with inconsistent capitalization).
- Reference [10] has a typo: ""lacus kanade"" instead of ""Lucas-Kanade"".
- Reference [12] has a typo: ""Hogglies"" instead of ""HOGgles"".
- The paper mentions ""169.188 m RMSE"" for the baseline, which is a very large error — this is quoted verbatim but may be a suspicious number.
- The venue is not explicitly stated.
- Some equations are rendered with minor formatting artifacts.","1, 2, 3, 4, 5, 6"
REC_0598,Compact Passive Millimeter Wave Imager for Degraded Visual and GPS-Denied Navigation,NOT_REPORTED,2019,NOT_REPORTED,10.1109/RAPID.2019.8864251,"""In many theaters of operation, aerial vehicles lack reliable access to the U.S. global positioning system (GPS) and must employ other means for navigation."" [p.1]","""Sensors operating at visible or infrared wavelengths, however, are inadequate for many deployment scenarios, particularly in the presence of cloud cover, smoke, fog, and other atmospheric obscurants that obscure viewing."" [p.1]",MIXED,"""GPS- denied and/or degraded visual environments"" [p.1]","""a small, fixed- wing aircraft"" [p.1] and ""a class 3 UAV"" [p.2]","""a 30cm sparse aperture populated with 60 sensor nodes operating at 94GHz"" [p.4]",OTHER,Passive millimeter wave imager,BOTH,NOT_REPORTED,"Frame rate, Noise equivalent temperature difference, Effective pixels, Sensor nodes, Total anticipated weight, Ground resolution, FOV","| metric | value + unit | baseline value | page |
| Frame rate | 30 Hz | NOT_REPORTED | 2 |
| Noise equivalent temperature difference | 2.5 K | NOT_REPORTED | 2 |
| Effective pixels | over 2500 | NOT_REPORTED | 2 |
| Sensor nodes | ~200 | NOT_REPORTED | 2 |
| Total anticipated weight | less than 5 kg | NOT_REPORTED | 4 |
| Ground resolution | 10.5 m | NOT_REPORTED | 4 |
| FOV | 350 m | NOT_REPORTED | 4 |

Verbatim quotes:
- ""our pmmW imaging sensor has been proven in flight operation at 30 Hz frame rate with 2.5 K noise equivalent temperature difference and over 2500 effective pixels generated from ~200 sensor nodes."" [p.2]
- ""a sensor with a total anticipated weight of less than 5kg with form factors and power draws amenable to UAV deployment."" [p.4]
- ""these parameters correspond to an FOV of 350m and a ground resolution of 10.5m."" [p.4]",NO_BASELINE,"""This test yielded a shift of 9 pixels translation and little rotation and scaling, representative of the airframe motion."" [p.4]","""The earlier versions of our imager exhibit SWaP incompatible with many small aerial vehicles such as a class 3 UAV."" [p.2]","""Over the course of the next 18 months, this imager will be built and tested."" [p.4]",CORE,SYSTEM,USA,"""Air Force Research Laboratory"" [p.1]","- The paper appears to be a conference paper or technical report; the venue is not explicitly stated.
- Reference [3] is a URL that may be broken.
- The paper mentions ""millions of times less loss"" [p.2] — this is an extremely large claim that may be suspicious.
- Figure 12 has a caption typo: ""feature's previous locations"" (should be ""features' previous locations"").
- The paper contains several acronyms without full definitions (e.g., ""SWaP"", ""TRL"", ""c-SWaP"").","1, 2, 3, 4"
REC_0617,Visual-Inertial Fusion for Indoor Autonomous Navigation of a Quadrotor Using ORB-SLAM,NOT_REPORTED,2018,NOT_REPORTED,10.1109/LARS/SBR/WRE.2018.00028,"""due to deny the GPS in the indoor environment and lack of self- localization, the autonomous maneuver of Quadrotor is more challenging."" [p.1]","""An impressive interest in controlling the Unmanned Aerial Vehicles (UAVs) such as Quadrotors are significantly increasing among researchers. Applications of these UAVs that can autonomously operate in outdoor/indoor environments have been widely defined in tasks such as traffic monitoring, rescue operations, surveillance, transportation, and hobbyist."" [p.1]",INDOOR,"""indoor"" [p.1]","""an AR- Drone 2.0 quadrotor"" [p.1]","""frontal monocular camera"" [p.1], ""IMU"" [p.1], ""Sonar"" [p.1]",VIO,ORB-SLAM + EKF fusion,REAL,NOT_REPORTED,"Drifting in x (position holding), Drifting in y (position holding)","| metric | value + unit | baseline value | page |
| Drifting in x (position holding) | 40 cm | NOT_REPORTED | 5 |
| Drifting in y (position holding) | 1.7 m | NOT_REPORTED | 5 |

Verbatim quotes:
- ""results illustrate that the quadrotor has moderate drifting (until auto- landing time) in horizontal sides; 40 cm for x and 1.7 m for y."" [p.5]","""the measured position by downward camera"" [p.5]",NOT_REPORTED,"""Since, during the test, we did not have the Motion- Capture system as the ground truth measurement recorder, so we had to use AR- Drone's downward camera measurements."" [p.4]",NOT_REPORTED,CORE,METHOD,Brazil,"""The first author has a scholarship from CAPES and the second author is also supported by CNPq, Brazil."" [p.6]","- The paper has several typos: ""deny the GPS"" [p.1] (likely ""denial of GPS""), ""Robotic Operation System"" [p.1] (should be ""Robot Operating System""), ""spare map"" [p.1] (likely ""sparse map"").
- Reference [3] has a typo: ""Usibg"" instead of ""Using"".
- Reference [13] is a URL that may be broken.
- The state vector in Section III-A has a typo: ""y_k"" appears twice instead of ""y_k, z_k"" in the velocity terms.
- Some equations have formatting artifacts.
- The conference name in the header is the Latin American Robotic Symposium (LARS) 2018.","1, 2, 3, 4, 5, 6"
REC_0620,Terrain Aided Planetary UAV Localization Based on Geo-referencing,NOT_REPORTED,2022,NOT_REPORTED,10.1109/TGRS.2022.3198745,"""In such a GPS- denied environment, vision- based localization is an optimal approach."" [p.1]","""Unlike on Earth, GPS service is unavailable for planetary exploration, and thus, optical- based navigation has become one of the key technologies in autonomous navigation [4]."" [p.2]",MIXED,"""nine simulated Mars scenes"" [p.8]","""planetary unmanned aerial vehicle (UAV)"" [p.1]","""monocular camera"" [p.16]",HYBRID,Terrain aided SLAM (terrain-SLAM),SIM,"""40 200 synthetic drone images"" [p.1]","Average localization error, Processing speed, Average matching accuracy (PC), Localization error (total flight 1069.9 m)","| metric | value + unit | baseline value | page |
| Average localization error | 0.45 m | ORB-SLAM2: 1.32 m; ORB-SLAM3: 0.75 m | 1 |
| Processing speed | 12 Hz | NOT_REPORTED | 1 |
| Average matching accuracy (PC) | 0.66 subpixel | SIFT failed in most cases | 10 |
| Localization error (total flight 1069.9 m) | 0.042% | NOT_REPORTED | 16 |

Verbatim quotes:
- ""over the flight distance of 33.8 km, the proposed method achieved an average localization error of 0.45 m, compared to 1.32 m by ORB- SLAM2 and 0.75 m by ORB- SLAM3, with the processing speed of 12 Hz"" [p.1]
- ""the average matching accuracy is 0.66 subpixel."" [p.10]
- ""Since the total length of flight trajectories of the UAVs in the nine scenes is 1069.9 m, the localization error of our proposed method is 0.042%."" [p.16]","""ORB-SLAM2, ORB-SLAM3, SURF-SLAM, and SuperPoint-SLAM"" [p.15]","""when the confidence is equal to 10, the average error, root- mean- square error, and standard deviation are all the smallest."" [p.14]","""Since the total length of flight trajectories of the UAVs in the nine scenes is 1069.9 m, the localization error of our proposed method is 0.042%."" [p.16]","""Future work will be carried out using the real UAV data captured from the desert area, which has a similar texture to the planetary surface."" [p.17]",CORE,METHOD,China,"""National Natural Science Foundation of China (NSFC) under Grant 4217012350"" [p.1]","- The paper contains numerous equation formatting artifacts and broken glyphs.
- The reference list has formatting issues and some references appear incomplete.
- Page 17-18 have some reference text corruption.
- The paper uses ""simultaneous localisation and mapping"" (British spelling) in some places and ""simultaneous localization and mapping"" in others.
- Some equations have typos (e.g., ""e_{i}^{GT}w_{i}^{G}e_{i}^{G}"" appears malformed).","1, 2, 3, 4, 5, 6, 7, 8, 9, 10, 11, 12, 13, 14, 15, 16, 17, 18"
REC_0622,T,NOT_REPORTED,2023,NOT_REPORTED,10.1109/JSEN.2022.3229421,"""In the context of autonomous navigation, the vehicle trajectory estimation and the detection of surrounding obstacles are two critical functionalities that must be robust to difficult environmental conditions (e.g., fog, dust, and snow) and the unavailability of infrastructure signals (e.g., GPS)."" [p.1]","""With the advantage of remaining operable in low- visibility conditions, radar sensors are good candidates to detect obstacles in an autonomous navigation context."" [p.1]",MIXED,"""piping networks"" [p.1] and ""outdoor"" [p.6]","""a small unmanned aerial vehicle (UAV), such as the BitCraze Crazyflie [7]"" [p.1]","""Infineon 77- GHz FMCW radar"" [p.1], ""IMU Bosch BNO055"" [p.6]",OTHER,FMCW MIMO Radar Ego-Velocity Estimation,BOTH,NOT_REPORTED,"Final distance (average), Standard deviation, Velocity estimation performance","| metric | value + unit | baseline value | page |
| Final distance (average) | 29.61 m | NO_BASELINE | 7 |
| Standard deviation | 1.01 m | NO_BASELINE | 7 |
| Velocity estimation performance | 3 cm per meter traveled | NO_BASELINE | 8 |

Verbatim quotes:
- ""The values obtained are close to the expected 30 m, with an average distance of 29.61 m and a standard deviation of 1.01 m."" [p.7]
- ""These experiments not only demonstrated the validity of the approach but also showed excellent performance of the velocity estimation, on the order of 3 cm per meter traveled."" [p.8]",NO_BASELINE,"""We set up three types of experiments to validate the velocity and height radar- based estimations."" [p.7]","""However, this is due to our scarce experimental setup resources, and a dedicated radar- UAV interface allowing the transmission of Doppler arrays for radial distances higher than 4 m would solve the problem."" [p.7]","""Further work will consist in the integration of an MIMO FMCW radar on the Crazyflie UAV, to validate the approach experimentally with in- flight data."" [p.8]",CORE,METHOD,France,NOT_REPORTED,"- The paper contains a typo: ""Crazyflie microphone"" [p.6] (likely ""micro-drone"").
- The paper contains a typo: ""the norm of the projected velocity vector reaches a maximum"" [p.4] — formatting artifact.
- Reference [30] has a typo: ""Radar- aided navigation system for small drones in GPS- denied environments"" — the author list appears incomplete.
- Some equations have formatting artifacts.","1, 2, 3, 4, 5, 6, 7, 8, 9"
REC_0631,INVITED SPEAKER 1,NOT_REPORTED,2019,NOT_REPORTED,10.1109/IConDA47345.2019.9034681,"""Extensive research and development have been done for UAVs to operate in complex and unknown environments, especially in GPS- denied environments."" [p.1]","""Consideration of a wide range of factors needs to be observed in such environments."" [p.1]",MIXED,"""GPS- denied environments, such as below the forest canopy or indoor environments"" [p.1]",NOT_REPORTED,"""a board range of sensing and navigation technologies"" [p.1]",HYBRID,NOT_REPORTED,BOTH,NOT_REPORTED,NOT_REPORTED,NOT_REPORTED,NO_BASELINE,NOT_REPORTED,NOT_REPORTED,NOT_REPORTED,IMPORTANT,SURVEY,Singapore,NOT_REPORTED,"- This is an invited speaker abstract, not a full paper.
- The text contains a typo: ""a board range"" [p.1] (likely ""a broad range"").
- No experimental data, results, or methodology details are provided.
- The abstract is extremely short (one page).",1
REC_0639,A Vision-Based Approach to Autonomous Landing of an eVTOL Aircraft in GPS-Denied Environments,NOT_REPORTED,2023,NOT_REPORTED,10.1109/DASC58513.2023.10311329,"""Autonomous systems enable an electric vertical takeoff and landing (eVTOL) aircraft to perform the fundamental duties of a pilot - aviate, navigate, and communicate - without human intervention."" [p.1]","""Recent developments in eVTOLs have shown that the future of AAM solutions will involve current cutting- edge technologies such as autonomous flight and electric or hybrid propulsion systems."" [p.1]",MIXED,"""scaled landing site environment"" [p.2]","""a DJI Matrice 100 quadcopter"" [p.3]","""two OAK- D S2 cameras"" [p.3]",VISION_OBJECT,Vision-based autonomous landing system,REAL,"""custom dataset"" [p.4]","Object detection distance (1:64 scale), Object detection distance (1:32 scale), Object detection distance (1:16 scale), Average loss, Prediction confidence","| metric | value + unit | baseline value | page |
| Object detection distance (1:64 scale) | 4.6 feet | NO_BASELINE | 5 |
| Object detection distance (1:32 scale) | 13.7 feet | NO_BASELINE | 5 |
| Object detection distance (1:16 scale) | 27.4 feet | NO_BASELINE | 5 |
| Average loss | 0.2666 | NO_BASELINE | 4 |
| Prediction confidence | 90% | NO_BASELINE | 4 |

Verbatim quotes:
- ""the maximum distance in which the YOLO algorithm can successfully detect 1:64, 1:32, and 1:16 scale cars up to 4.6, 13.7, and 27.4 feet respectively."" [p.5]
- ""This model achieved an average loss of 0.2666 over the course of training for 6000 iterations."" [p.4]
- ""the prediction confidence was set to a high probability of correctness of 90%"" [p.4]","""Differential GPS was used as a source of truth"" [p.6]","""Three arrangements of 0.61m by 0.61m (2'×2') ArUco markers were tested to find the optimal placement"" [p.3]","""Future research on the project overall would include adding robustness to the existing system, such as the ability to operate in weather. Other considerations would be implementing a more robust machine learning model, as the existing model does not track false positive or false negative detections nor perform error detection and correction."" [p.6]","""The final consideration would be to use the logged data generated by the system as input to a feedback control loop to achieve autonomous flight."" [p.6]",CORE,SYSTEM,USA,"""support from Wisk Aero"" [p.1]","- The paper is a student research paper from Embry-Riddle Aeronautical University.
- The venue is not explicitly stated.
- There are several typos: ""corporation"" [p.6] (likely ""cooperation""), ""A board range"" [p.1] (likely ""a broad range"").
- Figure 8 is referenced twice (once on p.4 and once on p.6) with different captions.
- Some references have formatting inconsistencies.","1, 2, 3, 4, 5, 6"
REC_0644,Autonomous Localization and Navigation for Drones Over Rivers,NOT_REPORTED,2026,NOT_REPORTED,10.1109/ACCESS.2025.3650454,"""their dependence on Global Positioning System (GPS) localization is often compromised in forested areas, under bridges, or above highly dynamic water surfaces."" [p.1]","""Rivers pose unique challenges due to their winding paths, dynamic water surfaces, and surrounding vegetation, which can lead to signal loss, causing UAVs to drift, lose control, or fail missions."" [p.1]",MIXED,"""riverine environments"" [p.1] — Kangqiao, Green River, Wu River","""uncrewed aerial vehicle (UAV)"" [p.1]","""NeuFlow v2"" [p.1], ""IMU"" [p.1]",VIO,DDM-enhanced VIO with NeuFlow v2 and KF,BOTH,"""field- collected multimodal data comprising video imagery, inertial measurements, and GPS trajectories"" [p.8]","Frechet similarity (Kangqiao), Frechet similarity (Green River, straight 97°), Frechet similarity (Wu River, straight 118°), Euclidean similarity (Kangqiao), Euclidean similarity (Wu River, straight 118°)","| metric | value + unit | baseline value | page |
| Frechet similarity (Kangqiao) | 94.45% | 92.70% | 16 |
| Frechet similarity (Green River, straight 97°) | 95.56% | 92.31% | 16 |
| Frechet similarity (Wu River, straight 118°) | 94.64% | 20.01% | 16 |
| Euclidean similarity (Kangqiao) | 98.24% | 95.37% | 16 |
| Euclidean similarity (Wu River, straight 118°) | 98.10% | 58.63% | 16 |

Verbatim quotes:
- ""In most cases, the Frechet similarity with DDM exceeds 90%, while the Euclidean similarity remains above 95%"" [p.15]
- Tables 2 and 3 [p.16]","""VO with and without the proposed DDM, as well as GPS"" [p.10]","""Two notable exceptions arise in the Curved Riverbend Missions, where the Frechet similarity drops below 90% and the Euclidean similarity falls below 95%."" [p.15]","""This degradation is primarily attributed to the algorithm's limited ability to continuously adapt to dynamic river curvature in real time, as vector correction is only applied during hovering phases."" [p.15]","""which could be addressed in future work through adaptive vector correction or curvature- aware segmentation."" [p.15]",CORE,METHOD,Taiwan,"""National Science and Technology Council, Taiwan, under Grant NSTC 112- 2221- E- 005- 068- MY2"" [p.1]","- The paper contains some formatting issues with equations and table alignment.
- The paper title header uses ""2025, accepted 27 December 2025, date of publication 5 January 2026"" — the year 2025 appears to be a typo (likely 2025 acceptance, 2026 publication).
- Figure 1 is referenced twice with different captions (once on p.2 and once on p.3).
- Some references have formatting inconsistencies.
- The paper uses ""Fréchet"" and ""Frechet"" inconsistently.","1, 2, 3, 4, 5, 6, 7, 8, 9, 10, 11, 12, 13, 14, 15, 16, 17, 18, 19"
REC_0647,Radiation Source Localization in GPS–denied Environments using Aerial Robots,NOT_REPORTED,2018,NOT_REPORTED,10.1109/ICRA.2018.8460760,"""reliable robotic autonomy and information gathering in the complex, cluttered, often highly contaminated and GPS- denied nuclear sites remains particularly challenging."" [p.1]","""Nuclear sites, active, decommissioned, or scheduled for decommissioning, represent major assets and critical facilities requiring rigorous, systematic and comprehensive inspection that necessitate radiometric surveying."" [p.1]",INDOOR,"""indoor environment"" [p.6]","""a small hexarotor platform with a take- off weight of 2.6kg"" [p.2]","""a Thallium- doped Cesium Iodide (CsI(TI)) scintillator and a Silicon Photomultiplier"" [p.1], ""StereoLabs ZED"" [p.2], ""UM7"" [p.2]",OTHER,Radiation Source Localization via Aerial Robots,REAL,"""open dataset"" [p.7]","Source localization error (Experiment 1, after 3rd measurement), Source localization error (Experiment 1, final), Source localization error (Experiment 2), Source localization error (Experiment 3, active search)","| metric | value + unit | baseline value | page |
| Source localization error (Experiment 1, after 3rd measurement) | 1.52 m | NO_BASELINE | 7 |
| Source localization error (Experiment 1, final) | 0.32 m | NO_BASELINE | 7 |
| Source localization error (Experiment 2) | 0.28 m | NO_BASELINE | 7 |
| Source localization error (Experiment 3, active search) | 0.31 m | NO_BASELINE | 7 |

Verbatim quotes:
- ""the error ed in distance between the source estimate and the true source location was ed = 1.52m. After the final measurement, this error in distance was reduced to ed = 0.32m."" [p.7]
- ""In this experiment, the final source localization error is 0.28m."" [p.7]
- ""With only 5 dwell points, the method achieves an error of only ed = 0.31m in the position of the source."" [p.7]",NO_BASELINE,"""Furthermore, the algorithm achieves source localization in the presence of attenuated and inaccurate readings."" [p.7]","""due to the requirement to dwell for several seconds (from 5s to 15s in these results), the robot is limited to derive the needed source estimate with typically less than 12 dwell points."" [p.6]","""Future work will include utilization of the spectroscopy abilities of the scintillator circuit to perform multi- source localization. Additionally, semantic classification can be utilized to further constrain the search space and improve the localization of the source using objects visible in the scene."" [p.8]",CORE,SYSTEM,USA,NOT_REPORTED,"- The first author's name appears as ""Frank Mascarchi"" in the header and ""F. Mascarich"" in the references — likely a typo.
- The paper contains several equation formatting artifacts.
- Reference [29] is a dataset link that may be broken.
- Some references have incomplete author lists.
- The paper uses ""CsI(TI)"" in the abstract and ""CsI(Tl)"" in the text — likely a typo (should be Tl for Thallium).
- There is a typo: ""nuclearized robotics"" [p.2] (likely ""nuclear robotics"").
- There is a typo: ""GPS- denied"" appears with inconsistent hyphenation.","1, 2, 3, 4, 5, 6, 7, 8"
REC_0652,Reinforcement Learning-Based Autonomous UAV Navigation in Indoor Environments Towards Human Detection,NOT_REPORTED,2026,NOT_REPORTED,10.1109/ICIPRoB69625.2026.11497788,"""Conventional autonomous navigation systems typically depend on heavy sensor suites such as LiDAR or reliable GPS signals, which are often impractical for lightweight and low- cost rescue drones operating in cluttered indoor spaces"" [p.1]","""The increasing frequency and severity of natural disasters ranging from earthquakes to urban structural collapses have underscored the urgent need for rapid, autonomous search and rescue (SAR) technologies."" [p.1]",INDOOR,"""indoor"" [p.1]","""DJI Tello drone"" [p.1]","""monocular RGB camera"" [p.1]",VISION_OBJECT,DRL-based autonomous navigation (PPO),BOTH,NOT_REPORTED,"PPO success rate, PPO avg. steps, PPO avg. reward","| metric | value + unit | baseline value | page |
| PPO success rate | 61.2% ± 4.3% | Rule-Based: 47.6% ± 4.4%; DQN: 40.4% ± 4.3% | 5 |
| PPO avg. steps | 22.9 ± 8.0 | Rule-Based: 23.6 ± 8.2; DQN: 25.1 ± 7.7 | 5 |
| PPO avg. reward | 509.8 | Rule-Based: 420.2; DQN: 563.6 | 5 |

Verbatim quotes:
- Table II [p.5]
- ""PPO emerged as the superior method, achieving a success rate of 61.2% ± 4.3%."" [p.5]","""Rule- Based"" and ""DQN (RL)"" [p.5]","""we compare Deep Q Networks (DQN) and Proximal Policy Optimization (PPO)."" [p.4]","""we observed an average round trip latency of approximately 150ms - 200ms. While acceptable for walking speed human targets, this latency could be critical in high- speed rescue scenarios."" [p.5]","""Future work will focus on extending this architecture to handle multi- person tracking and prioritization. Furthermore, as illustrated in Fig. 5, we propose a hierarchical architecture where the UAV functions as an intelligent edge node, offloading strategic coordination to a central server that manages large- scale resource deployment."" [p.6]",CORE,METHOD,Sri Lanka,NOT_REPORTED,"- Page 2 contains a corrupted block of text (the massive ""1 1 1 1..."" sequence).
- The paper uses ""GPS denied"" and ""GPS-denied"" inconsistently.
- The paper contains typos: ""chintaka@shibaura- it.ac.jp"" [p.1] (likely ""chinthaka""), ""0.8"" in the reward function section appears inconsistent with the text.
- The venue is not explicitly stated.
- Some figures are referenced but not present in the extracted text.","1, 2, 3, 4, 5, 6"
REC_0656,Vision-Based UAV Localization by Aerial and Satellite Image Matching,NOT_REPORTED,2026,NOT_REPORTED,10.1109/ACCESS.2026.3684630,"""However, in urban canyons, indoor environments, or bad weather conditions, GNSS signals are prone to obstruction and interference, leading to degraded navigation performance."" [p.1]","""The deployment of Unmanned Aerial Vehicles (UAVs) in tasks such as urban surveillance, disaster assessment, and logistics necessitates enhanced autonomous navigation capabilities."" [p.1]",MIXED,"""urban and campus scenes"" [p.2]","""DJI Mavic Air 2 drone"" [p.5]","""single camera"" [p.1]",VISION_OBJECT,NavCLIP,BOTH,"""UAV- Satellite Dataset"" [p.1]","Localization error (UCLA, cross-season), Localization error (Campus), Heading angle error (Campus), Real-world UAV localization error (Route 4)","| metric | value + unit | baseline value | page |
| Localization error (UCLA, cross-season) | 1.21 pixels (1.17 meters) | GeoCLIP: 296.84 meters | 6 |
| Localization error (Campus) | 1.53 pixels (1.48 meters) | GeoCLIP: 435.83 meters | 6 |
| Heading angle error (Campus) | 0.2 degrees | NOT_REPORTED | 6 |
| Real-world UAV localization error (Route 4) | 37.76 meters | GeoCLIP: 191.57 meters | 8 |

Verbatim quotes:
- Table 1 [p.6]
- Table 4 [p.8]
- ""our method achieves a mean error of 0.2 degrees"" [p.6]","""GeoCLIP [3]"" [p.5]","""Ablation experiments are conducted to validate the effectiveness of the proposed localization method."" [p.9]","""In the real- world UAV flight experiments, the localization error is notably larger, indicating that the domain discrepancy between UAV imagery and satellite maps remains a major challenge for practical deployment."" [p.9]","""Some possible mitigation strategies include stronger domain adaptation, model training with more and diverse real- flight imagery, multi- scale retrieval refinement, and incorporating temporal consistency across consecutive UAV frames."" [p.9]",CORE,METHOD,Taiwan,"""Ministry of Science and Technology of Taiwan under Grant NSTC 113- 2221- E- 027- 092"" [p.1]","- The paper contains some formatting issues with equations and table alignment.
- Reference [7] has a typo: ""Robot. Auto. Syst."" (should be ""Robot. Auton. Syst."").
- Reference [1] has a typo: ""GNSS- denied"" with inconsistent hyphenation.
- The paper uses ""GNSS"" and ""GPS"" interchangeably in some places.
- Some references have incomplete author lists.","1, 2, 3, 4, 5, 6, 7, 8, 9, 10"
REC_0687,On the scalability of experimentally determined aerodynamic model for model-based navigation on a delta-wing UAV,NOT_REPORTED,2023,NOT_REPORTED,10.1109/MetroAeroSpace57412.2023.10189996,"""However, the lack of analysis of aerodynamic model structure for model- based navigation applications on delta- wing UAVs, characterized by a reduced number of control surfaces, has hindered its practical implementation."" [p.1]","""As delta- wing UAVs operate further away from home position, or even BVLOS, navigation safety becomes important."" [p.1]",MIXED,"""open wind tunnel facility"" [p.3]","""eBee X"" and ""Concorde S"" delta-wing UAVs [p.2]","""Pixhawk 4 Holybro"" [p.2], ""JAVAD TR- 2S"" [p.2]",OTHER,Model-based navigation (VDM),REAL,NOT_REPORTED,"Outage 1: VDM max error, Outage 2: VDM max error, Outage 3: VDM max error","| metric | value + unit | baseline value | page |
| Outage 1: VDM max error | 36 m | INS: 944 m | 4 |
| Outage 2: VDM max error | 74 m | INS: 741 m | 4 |
| Outage 3: VDM max error | 186 m | INS: 1129 m | 4 |

Verbatim quotes:
- Table II [p.4]","""traditional kinematic approach to autonomous navigation"" [p.3]","""Great importance for a successful calibration must be given to proper aerodynamic excitation of lateral and longitudinal dynamics via specific maneuvers."" [p.5]","""Future work should assess the robustness of the newly determined aerodynamic model for flight scenarios characterized by different environmental condition (i.e. wind) and flight dynamics."" [p.5]","""Additionally, it would be advisable the comparison with aerodynamic coefficients obtained through regression for the proposed model structure to verify their accordance with the coefficients determined in this study"" [p.6]",IMPORTANT,METHOD,Switzerland,NOT_REPORTED,"- The paper contains several equation formatting artifacts.
- Reference [15] is marked as ""Unpublished- Manuscript currently under review"".
- The paper has a typo: ""flight scenarios characterized by different environmental condition"" [p.5] (should be ""conditions"").
- The venue is not explicitly stated.
- Some equations are rendered with broken glyphs.","1, 2, 3, 4, 5, 6"
REC_0688,Single Vehicle Localization and Routing in GPS-Denied Environments Using Range-Only Measurements,NOT_REPORTED,2020,NOT_REPORTED,10.1109/ACCESS.2019.2963286,"""However, disruption of GPS signals, by intention or otherwise, can render these algorithms ineffective."" [p.1]","""Path planning algorithms for unmanned aerial or ground vehicles rely on Global Positioning System (GPS) information for localization in many surveillance and reconnaissance applications."" [p.1]",MIXED,"""4×8 m²"" grid [p.8]","""Turtlebot 2.0"" [p.2]","""Orbbec Astra camera(s)"" [p.2]",COOPERATIVE,SVPLC (Single Vehicle Path planning with Localization Constraints),BOTH,NOT_REPORTED,"Path length (optimal with 28 LMs), Path length (optimal with 25 LMs), LM detection accuracy","| metric | value + unit | baseline value | page |
| Path length (optimal with 28 LMs) | 327 m | Shortest TSP: 324 m | 7 |
| Path length (optimal with 25 LMs) | 350 m | NOT_REPORTED | 7 |
| LM detection accuracy | ±3 cm at 20-25 Hz | NOT_REPORTED | 10 |

Verbatim quotes:
- ""The length of the path is 327m (which is only 3m longer than the shortest TSP path possible) and 28 LMs are placed."" [p.7]
- ""the new optimal solution would use a longer path of 350m but only requires 25 LMs"" [p.7]
- ""multiple LMs were detected by the cameras simultaneously within a range of 1m to 3m with an accuracy of ±3cm at 20- 25Hz."" [p.10]","""TSP"" [p.5]","""we present a series of results assuming the on- board sensor(s) have a 360° FOV."" [p.6] and ""We present results of simulations under a restricted FOV (±45°)"" [p.7]","""The hardware experiment was limited by the availability of real LMs, sensor detection rate (limited to approximately 10Hz on average), processing speed and capability of the on- board computer and the space available for conducting the experiment."" [p.12]","""In the future, we plan to estimate the location of the LMs along with the vehicle states simultaneously. We also plan to impose the turning radius constraints of the vehicle and include them in the optimization."" [p.13]",CORE,METHOD,USA,"""National Science Foundation (NSF) IIS Robust Intelligence Awards under Grant 1736087 and Grant 1527748"" [p.1]","- The paper contains some formatting issues with equations and table alignment.
- Reference [13] has a typo: ""High accuracy GPSfree vehicle localization framework"" (should be ""GPS-free"").
- The paper uses ""GPS-denied"" and ""GPS- denied"" inconsistently.
- Some figures have broken captions.
- There is a typo in the abstract: ""This paper provides a way of addressing this issue"" — appears correct.
- Table 1 and Table 2 have incomplete data in the extracted text.","1, 2, 3, 4, 5, 6, 7, 8, 9, 10, 11, 12, 13, 14"
REC_0701,Vision-Based Autonomous Drone Navigation Using Deep Reinforcement Learning,NOT_REPORTED,2026,NOT_REPORTED,10.1109/ESCI68015.2026.11493377,"""The classical and rule-based methods of control do not tend to be generalizable to different visual conditions, obstacles, and environmental versions because of uncertainties."" [p.1]","""Vision-guided autonomous drone navigation has been a high-priority field of research with the rise of the need of intelligent unmanned aerial vehicles that can be used in complex, dynamic, and GPS-denied settings."" [p.1]",MIXED,"""complex, dynamic, and GPS-denied settings"" [p.1]","""drone"" [p.1] — specific type NOT_REPORTED","""on-board camera"" [p.1] — ""forward-facing monocular RGB camera"" [p.3]",VISION_OBJECT,DRL-based autonomous drone navigation,SIM,NOT_REPORTED,"PPO success rate, PPO collision rate, PPO avg. navigation time, PPO path efficiency","| metric | value + unit | baseline value | page |
| PPO success rate | 91.7% | DQN: 78.6%; A3C: 84.9%; SAC: 93.4% | 5 |
| PPO collision rate | 8.3% | DQN: 21.4%; A3C: 15.1%; SAC: 6.6% | 5 |
| PPO avg. navigation time | 33.2 s | DQN: 42.8 s; A3C: 38.6 s; SAC: 31.8 s | 5 |
| PPO path efficiency | 86.9% | DQN: 71.2%; A3C: 78.5%; SAC: 89.4% | 5 |

Verbatim quotes:
- Table II [p.5]
- ""PPO and SAC have enhanced control trajectories and success rates especially on cluttered scenes."" [p.5]","""DQN, PPO, A3C and SAC"" [p.1]","""Comparative analysis of various DRA algorithms"" [p.6]","""sample inefficiency, unstable training, safety issues, and the lack of onboard computing capabilities"" [p.1]",NOT_REPORTED,CORE,METHOD,India,NOT_REPORTED,"- The paper contains numerous typos and grammatical errors: ""DRA algorithms"" [p.1] (likely ""DRL""), ""PPP encourages continuous action spaces"" [p.3] (likely ""PPO""), ""Sagarkumar S. Badhiye"" [p.1], ""DRA algorithms"" [p.6] (likely ""DRL"").
- The author list has inconsistent formatting: ""Jubber Salim Nadaf\\*"" [p.1].
- The paper uses ""DRA"" and ""DRL"" inconsistently.
- Some equations are rendered with formatting artifacts.
- Table I has formatting issues with column alignment.","1, 2, 3, 4, 5, 6"
REC_0705,U,NOT_REPORTED,2026,NOT_REPORTED,10.1109/JIOT.2025.3629868,"""In these environments, where the Global Navigation Satellite Systems (GNSS) is unavailable, and the risk of collision with surrounding structures is high, a positioning system with high accuracy and fast update rates is essential."" [p.1]","""Recently, the operational domain of uncrewed aerial vehicles (UAVs) has expanded from outdoor environments to indoor spaces such as factories, power plants, and tunnels."" [p.1]",INDOOR,"""indoor spaces"" [p.1] and ""outdoors"" [p.9]","""quadcopter"" [p.7]","""IMU"" [p.1], ""UWB-WSN"" [p.1], ""magnetometer"" [p.4]",HYBRID,REFMP (Recursive Extended Finite-Memory Positioning),BOTH,NOT_REPORTED,"APE (Simulation, Hovering), APE (Simulation, Collision), APE (Experiment, Hovering), APE (Experiment, Maneuver)","| metric | value + unit | baseline value | page |
| APE (Simulation, Hovering) | 0.0570 m | ESEKF: 0.6097 m; IESKF: 0.1899 m; TC-AEKF: 1.1389 m | 11 |
| APE (Simulation, Collision) | 0.0925 m | ESEKF: 1.5734 m; IESKF: 0.3996 m; TC-AEKF: 1.7708 m | 11 |
| APE (Experiment, Hovering) | 0.1443 m | ESEKF: 0.8188 m; IESKF: 0.2408 m; TC-AEKF: 1.8018 m | 11 |
| APE (Experiment, Maneuver) | 0.1580 m | ESEKF: 1.1455 m; IESKF: 0.2698 m; TC-AEKF: 7.2179 m | 11 |

Verbatim quotes:
- Table I [p.11]
- ""REFMP achieved improvements in APE of at least 82.38%, 40.07%, and 91.99% over ESEKF, IESKF, and TC-AEKF, respectively."" [p.11]","""ESEKF [16], IESKF [19], and TC-AEKF [20]"" [p.7]","""Table III shows the average computation time and APE for various horizon sizes."" [p.11]","""the average computation time is 7.4 ms, which, although higher than that of the comparison algorithms, is sufficient to process sensor data with an update rate over 100 Hz."" [p.11]","""We plan to extend this research to address robot localization and multi-UAV positioning in harsh environments."" [p.11]",CORE,METHOD,South Korea,NOT_REPORTED,"- The paper contains some equation formatting artifacts.
- Reference [31] has a typo: ""S. Qin"" appears with incorrect formatting.
- The paper uses ""uncrewed"" and ""unmanned"" inconsistently.
- Some equations have broken glyphs.
- The paper contains a typo: ""the average computation time per time step for fusing UWB-WSN and IMU measurements for each algorithm was as follows: ESEKF: 0.22 ms, IESKF: 0.45 ms, TC-AEKF: 0.20 ms, and REFMP: 7.4 ms."" [p.11]","1, 2, 3, 4, 5, 6, 7, 8, 9, 10, 11, 12, 13"
REC_0706,Towards Robust UAV Tracking in GNSS-Denied Environments: A Multi-LiDAR Multi-UAV Dataset,NOT_REPORTED,2023,NOT_REPORTED,10.1109/ROBIO58561.2023.10354788,"""GNSS signal unavailability in certain environments, like indoors or urban canyons, restricts the accuracy and reliability of UAV positioning and tracking."" [p.1]","""With the increasing prevalence of drones in various industries, the navigation and tracking of unmanned aerial vehicles (UAVs) in challenging environments, particularly GNSS-denied areas, have become crucial concerns."" [p.1]",MIXED,"""indoor and outdoor environments"" [p.1]","""stationary platform"" [p.3]","""Ouster OS1-64, Livox Mid-360, Livox Avia and Intel RealSense D435"" [p.1]",LIDAR,Multi-LiDAR Multi-UAV Dataset,REAL,"""multi-LiDAR dataset"" [p.1]",NOT_REPORTED,NOT_REPORTED,"""recent LiDAR-based UAV tracking algorithms"" [p.1]","""our dataset shows that current methods have shortcomings and are unable to track UAVs consistently across different scenarios."" [p.1]","""the absence of a dedicated dataset specific to UAV tracking presents an opportunity for our novel dataset to address this gap"" [p.2]",NOT_REPORTED,CORE,DATASET,Finland,NOT_REPORTED,"- Page 6 contains a corrupted block of text (the massive ""1 1 1 1..."" sequence).
- The paper is a dataset paper and does not report quantitative localization results.
- The venue is not explicitly stated.
- Some references have incomplete author lists.
- The paper uses ""FoV"" and ""FOV"" inconsistently.","1, 2, 3, 4, 5, 6, 7"
REC_0713,A,NOT_REPORTED,2026,NOT_REPORTED,10.1109/LRA.2026.3662655,"""However, these scenarios often pose significant challenges due to the absence of signals from the Global Navigation Satellite System (GNSS), heavy occlusions, metallic interference, and reflective surfaces that degrade traditional perception systems."" [p.1]","""Autonomous inspection using Unmanned Aerial Vehicles (UAVs) is rapidly transforming industrial inspection and maintenance operations."" [p.1]",MIXED,"""indoor testbed"" [p.7] and ""real-world refinery"" [p.1]","""custom-built platform"" [p.2] — ""fully-actuated configuration"" [p.2]","""Ouster OS1-64 3D LiDAR"" [p.2], ""Intel RealSense D435 depth camera"" [p.2], ""dual Hokuyo UST-10LX 2D lasers"" [p.2]",HYBRID,Depth-LiDAR Fusion for Pipeline Landing,BOTH,NOT_REPORTED,"Indoor APE, Outdoor APE, Tracker angular precision","| metric | value + unit | baseline value | page |
| Indoor APE | 8.4 cm | NO_BASELINE | 7 |
| Outdoor APE | 9.0 cm | NO_BASELINE | 7 |
| Tracker geometric accuracy (Outdoor) | 2.6-2.9 cm | Depth: 5.8-9.7 cm; Dual-laser: 3.9-4.4 cm | 8 |
| Tracker angular precision | ~1.5° | NOT_REPORTED | 8 |

Verbatim quotes:
- Table I [p.7]
- Table II [p.8]
- ""the tracker achieves less than 3 cm geometric accuracy and angular precision of about 1.5° even during the final landing phase."" [p.8]","""raw depth-camera detections, raw dual-laser detections"" [p.7]","""The tracker exploits the high-accuracy laser data when available, while relying on the depth camera for continuity."" [p.7]","""Future work will focus on extending the perception module to handle non-horizontal and curved pipelines, and on evaluating its generalization across different materials, diameters and more complex scenarios."" [p.8]","""Future work will focus on extending the perception module to handle non-horizontal and curved pipelines, and on evaluating its generalization across different materials, diameters and more complex scenarios."" [p.8]",CORE,SYSTEM,Spain,NOT_REPORTED,"- The paper contains some equation formatting artifacts.
- Some figures have broken captions.
- The venue is not explicitly stated.
- The paper uses ""LiDAR"" and ""lidar"" inconsistently.
- There is a typo in the first author's name: ""David Tejero-Ruiz"" vs ""David Tejero-Ruiz"" — appears consistent.","1, 2, 3, 4, 5, 6, 7, 8"
REC_0716,Cooperative Search Area Optimization using Multiple Unmanned Aerial Vehicles in a GPS-denied Environment,NOT_REPORTED,2019,NOT_REPORTED,10.1109/ICUAS.2019.8798332,"""This paper addresses the problem of maximizing surveillance area coverage using multiple Unmanned Aerial Vehicles (UAVs) in an obstacle-laden and Global Positioning System (GPS)-denied environment."" [p.1]","""Most existing localization algorithms, however, rely upon GPS which can often be intermittent, unreliable or jammed, as in the case of deployment in hostile regions."" [p.1]",MIXED,"""non-uniform polygonal surveillance region"" [p.2]","""UAV"" [p.1] — specific type NOT_REPORTED","""downward-facing camera"" [p.2], ""bearing sensors"" [p.2]",COOPERATIVE,PSO + ACO + APF + CL,SIM,NOT_REPORTED,"PSO convergence, MTBR (Strict), MTBR (Segmented)","| metric | value + unit | baseline value | page |
| PSO convergence | monotonic decrease | NO_BASELINE | 6 |
| MTBR (Strict) | ~250 s | NO_BASELINE | 6 |
| MTBR (Segmented) | ~100 s | NO_BASELINE | 6 |

Verbatim quotes:
- ""Fig. 4: PSO convergence for 9600m² area"" [p.6]
- ""Table II represents the WP Revisit Metric for both the cases"" [p.6]","""Bills et al. [31]"" and ""Lioulemes et al. [28]"" [p.7] — note: these are from REC_0814, not this paper.","""Proposal and comparison of two routing solutions that provide a strict or fuel-efficient surveillance scheme while also minimizing path length of each UAV."" [p.2]","""The APF controller performance is subject to tuning."" [p.2]","""Section V concludes the paper by summarizing the work and discussing possible scopes of improvement."" [p.2]",CORE,METHOD,USA,NOT_REPORTED,"- Pages 5 and 7 contain corrupted blocks of text (massive ""1 1 1 1..."" sequences).
- The paper is a conference paper with extensive simulation results.
- Some equations are rendered with formatting artifacts.
- The paper uses ""UV"" and ""UAV"" inconsistently.
- Table II is referenced but not fully present in the extracted text.","1, 2, 3, 4, 6, 8"
REC_0719,W,NOT_REPORTED,2015,NOT_REPORTED,10.1109/JAS.2015.7032912,"""Focusing on the low-precision attitude of a current small unmanned aerial rotorcraft at the landing stage, the present paper proposes a new attitude control method for the GPS-denied scenario based on the monocular vision."" [p.1]","""However, buildings and other obstacles in urban environments can easily disturb the GPS signal and even cause the signal to get lost due to electromagnetic noise from active emitters and multi-path effects."" [p.1]",MIXED,"""indoor"" [p.4] — landing pad 1.2m × 1.2m [p.4]","""small unmanned aerial rotorcraft (SUAR)"" [p.1]","""single camera"" [p.1], ""IMU"" [p.3]",VISION_OBJECT,Monocular vision + wavelet-adaptive KF,REAL,NOT_REPORTED,Landing accuracy (wavelet-adaptive KF),"| metric | value + unit | baseline value | page |
| Landing accuracy (wavelet-adaptive KF) | 63 cm | EKF: 101 cm | 5 |

Verbatim quotes:
- ""The average Euclidean distances from the landing target are 63cm and 101cm respectively."" [p.5]","""EKF method used before"" [p.5]","""several landing experiments have been conducted using the wavelet-adaptive KF and the EKF method used before."" [p.5]","""the vision system cannot be fed back to the controller directly because of their lack of robustness."" [p.3]",NOT_REPORTED,CORE,METHOD,China,NOT_REPORTED,"- The paper contains some equation formatting artifacts.
- Reference [14] appears incomplete.
- The paper uses ""SUAR"" and ""UAV"" inconsistently.
- Figures 5 and 6 captions are swapped in the text.
- The paper has a typo: ""low-lost"" [p.1] (likely ""low-cost"").","1, 2, 3, 4, 5, 6"
REC_0752,Cooperative Localisation of UAVs in a GPS-denied Environment Using Bearing Measurements,NOT_REPORTED,2016,NOT_REPORTED,10.1109/CDC.2016.7798924,"""This paper studies the problem of localising a Global Positioning System (GPS)-denied Unmanned Aerial Vehicle (UAV) in two-dimensional space."" [p.1]","""UAVs which are being used for surveillance will frequently operate in a formation, and to maintain the formation shape, it will generally be necessary for one or more of the UAVs to be able to localise others in the formation [1]."" [p.1]",MIXED,"""two-dimensional space"" [p.1]","""UAV"" [p.1] — specific type NOT_REPORTED","""INS"" [p.1], ""antenna array"" [p.2]",COOPERATIVE,Bearing-only cooperative localization,SIM,NOT_REPORTED,"Error Index E (σ=3°), Error Index E (σ=9°)","| metric | value + unit | baseline value | page |
| Error Index E (σ=3°) | ~20 m | GTRS: ~20 m | 6 |
| Error Index E (σ=9°) | ~50 m | GTRS: ~50 m | 6 |

Verbatim quotes:
- ""the gradient descent MLE only yields minor performance gains when compared to the GTRS algorithm"" [p.6]
- Fig. 5, 6, 7 [p.6]","""GTRS"" [p.6]","""taking more measurements gives better localisation accuracy."" [p.6]","""for K < 6, at σ = 6, 9°, the initialisation point obtained from the GTRS algorithm is well away from the attraction region of the global minimum of the MLE."" [p.6]","""An immediate extension is to consider two or more GPS-denied agents in a two-dimensional space. The two agent problem may be studied in three-dimensional space. Other future work may involve localisation using particle filtering or some form of extended Kalman filter."" [p.7]",CORE,THEORY,Australia,NOT_REPORTED,"- The paper contains some equation formatting artifacts.
- Table I and II have formatting issues.
- The paper uses ""localisation"" (British) and ""localization"" (American) inconsistently.
- The first author's name appears as ""Lvtianyang Zhang"" — likely a typo for ""Litianyang Zhang"".","1, 2, 3, 4, 5, 6, 7"
REC_0814,S,NOT_REPORTED,2019,NOT_REPORTED,10.1109/TSUSC.2018.2810952,"""In this regard, we present a model for autonomous navigation and collision avoidance of UAVs in GPS-denied corridor environments."" [p.1]","""However, in indoor scenarios, the GPS precision is very low or the GPS signal is not present at all, and thereby cannot be relied upon for obtaining the precise pose."" [p.1]",INDOOR,"""five different corridor environments"" [p.11]","""Parrot AR Drone power edition quadcopter"" [p.9]","""front facing static camera"" [p.9]",VISION_OBJECT,Vanishing point + SURF + Kalman filter,REAL,"""https://sites.google.com/site/monoVisionUAV"" [p.9]","No Collision Rate (NCR), Full Flight Rate (FFR5+), Obstacle Avoidance Rate (OAR)","| metric | value + unit | baseline value | page |
| No Collision Rate (NCR) | 82% | Bills et al.: 74%; Lioulemes et al.: 74% | 11 |
| Full Flight Rate (FFR5+) | 94.0% | Bills et al.: 82.4%; Lioulemes et al.: 80.8% | 11 |
| Obstacle Avoidance Rate (OAR) | 77.2% | NOT_REPORTED | 11 |

Verbatim quotes:
- Table 2 [p.11]
- ""our proposed method... is found to be very robust in terms of No Collision Rate, Full Flight Rate, and Obstacle Avoidance Rate."" [p.11]","""Bills et al. [31]"" and ""Lioulemes et al. [28]"" [p.11]","""we introduce three measures to check the efficacy of the proposed algorithm"" [p.11]","""our vision based obstacle avoidance algorithm will not work as desirable, when the VM exits the wifi zone created by the UAV."" [p.9]",NOT_REPORTED,CORE,METHOD,India,"""Grant Number 1(1)/ISEA-II/PMU/2015"" and ""Grant Number SB/FTP/ETA-0059/2014"" [p.12]","- The paper contains some equation formatting artifacts.
- Reference [28] has a typo: ""Lioulemes"" vs ""Lioulemes"" — appears consistent.
- The paper uses ""VP"" and ""vanishing point"" interchangeably.
- Some figures have broken captions.
- The paper has a typo: ""Sustanable robotics"" [p.1] (likely ""Sustainable"").","1, 2, 3, 4, 5, 6, 7, 8, 9, 10, 11, 12, 13"
REC_0816,Feature 3D Gaussian Splatting for UAV-to-Ship Pose Estimation in GNSS-Denied Environments,NOT_REPORTED,2026,NOT_REPORTED,10.1109/ICUAS69441.2026.11598627,"""Autonomous recovery of Unmanned Aerial Vehicles (UAVs) in maritime environments is challenged by dynamic ship motion, texture-poor surroundings, and vulnerabilities inherent to Global Navigation Satellite Systems (GNSS)."" [p.1]","""To ensure safe touchdown, the UAV requires a robust and precise estimate of its pose relative to the landing deck."" [p.1]",MIXED,"""indoor"" [p.4] — 1/24-scale Yard Patrol craft","""modified DJI Flamewheel F450 drone frame"" [p.4]","""Intel RealSense D435i"" [p.4]",VISION_OBJECT,Feature 3DGS + STDLoc,REAL,"""1/24-scale replica of a United States Naval Academy Yard Patrol (YP) vessel"" [p.4]","Translation MAE (x), Translation MAE (y), Translation MAE (z), Rotation MAE (Roll), Rotation MAE (Pitch), Rotation MAE (Yaw), Inference latency","| metric | value + unit | baseline value | page |
| Translation MAE (x) | 2.91 cm | NO_BASELINE | 6 |
| Translation MAE (y) | 1.66 cm | NO_BASELINE | 6 |
| Translation MAE (z) | 2.28 cm | NO_BASELINE | 6 |
| Rotation MAE (Roll) | 0.90° | NO_BASELINE | 6 |
| Rotation MAE (Pitch) | 1.81° | NO_BASELINE | 6 |
| Rotation MAE (Yaw) | 1.17° | NO_BASELINE | 6 |
| Inference latency | 0.21 s | NO_BASELINE | 7 |

Verbatim quotes:
- Table I [p.6]
- ""the method demonstrates high-precision, centimeter-level translational accuracy along the lateral (y) and vertical (z) axes, achieving mean absolute errors (MAE) of 1.66 cm and 2.28 cm respectively."" [p.5]",NO_BASELINE,"""the varying precision across the orientation angles is directly linked to the unequal geometric lever arms provided by the 3D landmark distribution."" [p.6]","""the pose estimation step averaged an inference latency of 0.21 s (roughly 4.7 Hz)... it currently falls short of the high-speed real-time benchmarks typically required for aggressive terminal landing maneuvers."" [p.7]","""future work must address the computational bottlenecks associated with inference latency... ongoing research will focus on optimizing the feature extraction and matching phases to ensure deployment viability on Size, Weight, and Power (SWaP)-constrained edge compute devices, such as the NVIDIA Jetson Orin Nano. Additionally, future initiatives will transition this framework from scale models to full-scale naval vessels"" [p.7]",CORE,METHOD,USA,"""Office of Naval Research"" [p.7]","- The paper contains some equation formatting artifacts.
- Reference [13] is a GitHub link.
- The paper uses ""GNSS"" and ""GPS"" inconsistently.
- The paper is an invited session paper.
- Some figures have broken captions.","1, 2, 3, 4, 5, 6, 7, 8"
REC_0824,F,NOT_REPORTED,2023,NOT_REPORTED,10.1109/TIV.2022.3163315,"""This paper proposes a homography-based visual servo control approach for the stabilization of underactuated unmanned aerial vehicles in GPS-denied environments."" [p.1]","""For many real-world Unmanned Aerial Vehicle (UAV) applications, autonomy is a fundamental requirement and can directly determine the successful execution of a task."" [p.1]",MIXED,"""indoor"" [p.8]","""quadrotor"" [p.6]","""downward-looking monocular camera"" [p.2]",VISION_OBJECT,Homography-Based Visual Servoing (HBVS),BOTH,NOT_REPORTED,"Position std dev (x), Position std dev (y), Position std dev (z), Euler angle std dev (φ), Euler angle std dev (θ), Euler angle std dev (ψ)","| metric | value + unit | baseline value | page |
| Position std dev (x) | 1.02 cm | ghvs: 1.46 cm | 9 |
| Position std dev (y) | 0.97 cm | ghvs: 1.79 cm | 9 |
| Position std dev (z) | 0.24 cm | ghvs: 0.65 cm | 9 |
| Euler angle std dev (φ) | 0.265° | ghvs: 0.200° | 9 |
| Euler angle std dev (θ) | 0.288° | ghvs: 0.230° | 9 |
| Euler angle std dev (ψ) | 0.44° | ghvs: 0.51° | 9 |

Verbatim quotes:
- Table III [p.9]
- ""the method proposed in this paper is less than 1cm in position standard deviation, which has obvious advantages, especially in the z-direction."" [p.9]","""geometric hierarchical method [22]"" [p.9]","""Two simulation experiments under the condition of an ideal and an slop target plane with noise are considered."" [p.6]","""when the target is in unknown motion, the stability of the system is difficult to guarantee. Although the robust follow-up of the moving target is achieved in this article, it lacks rigorous theoretical analysis."" [p.9]","""considering the stability control method under the angular dynamics of the UAVs is a direction for further research."" [p.9]",CORE,METHOD,China,"""Natural Science Foundation of China under Grant 62103140"" and others [p.1]","- The paper contains some equation formatting artifacts.
- The paper has a typo: ""automously track"" [p.1] (likely ""autonomously track"").
- The paper uses ""GPS-denied"" and ""GPS- denied"" inconsistently.
- Some figures have broken captions.
- The author list has a typo: ""Zhiqiang Miao"" is spelled ""Zhiquiang"" in one email [p.1].","1, 2, 3, 4, 5, 6, 7, 8, 9, 10, 11"
REC_0840,"GPS-DENIED DRONE NAVIGATION VIA CROSS-DOMAIN KEYPOINT MATCHING Jun-Wei Hsieh Hong-Kai Chen National Yang-Ming Chiao-Tung University National Yang-Ming Chiao-Tung University Institute of Computational Intelligence Institute of Intelligent Systems Tainan, Taiwan Tainan, Taiwan",NOT_REPORTED,2026,NOT_REPORTED,10.1109/ICIP61757.2026.11630202,"""Precise cross-domain matching between Unmanned Aerial Vehicle (UAV), imagery and satellite maps is essential for navigation in GPS-denied environments but remains challenging due to drastic variations in scale and rotation."" [p.1]","""Visual geo-localization serves as a critical navigation alternative for Unmanned Aerial Vehicles (UAVs) operating in signal-compromised environments."" [p.1]",MIXED,"""Augsburg, Germany"" [p.4]","""UAV"" [p.1] — specific type NOT_REPORTED","""monocular imagery"" [p.1]",VISION_OBJECT,Geometry-aware matching framework with GRANSAC,BOTH,"""MDAS dataset"" [p.1]","Precision@20px, Recall@20px, Homography Accuracy@20px, Success Rate, Final Goal Distance","| metric | value + unit | baseline value | page |
| Precision@20px | 77.68% | SuperPoint+SuperGlue: 35.92% | p.5 |
| Recall@20px | 22.26% | NOT_REPORTED | p.5 |
| Homography Accuracy@20px | 71.68% | NOT_REPORTED | p.5 |
| Success Rate | 83% | SuperPoint+LightGlue: 54% | p.5 |
| Final Goal Distance | 1.463 × 10⁻³ | SuperPoint+LightGlue: 3.106 × 10⁻³ | p.5 |

Verbatim quotes:
- Table 1, 2, 3 [p.5]
- ""our system achieves a Success Rate of 83% in the GPS-denied simulator"" [p.5]","""SIFT [10] and SuperPoint [1]"" [p.1]","""the proposed GRANSAC algorithm ensures globally consistent geometric verification"" [p.5]","""LoFTR [12] was unable to perform the navigation task due to its inability to generate storable descriptors for the offline satellite database."" [p.5]",NOT_REPORTED,CORE,METHOD,Taiwan,NOT_REPORTED,"- The paper title is not explicitly stated in the extracted text. The header contains ""1.0.0.0.0.0.0.0.0.0.0.1.0.0.0.0.0.0.0.0.0"" which is a corrupted block.
- The paper contains some table formatting issues (Table 1 is incomplete).
- The paper uses ""GPS-denied"" and ""GPS- denied"" inconsistently.
- The venue is not explicitly stated.","1, 2, 3, 4, 5, 6"
REC_0857,R,NOT_REPORTED,2026,NOT_REPORTED,10.1109/JIOT.2025.3645453,"""However, the reliability of these systems is highly dependent on uninterrupted access to the Global Navigation Satellite Systems (GNSS) signals, which can be disrupted in real-world scenarios"" [p.1]","""UAV swarms are increasingly used in critical applications such as aerial mapping, environmental monitoring, and autonomous delivery."" [p.1]",MIXED,"""urban and natural terrains"" [p.1]","""UAV"" [p.1] — specific type NOT_REPORTED","""GNSS and local sensing"" [p.1], ""ranging sensor"" [p.3]",COOPERATIVE,SwarmRaft,SIM,NOT_REPORTED,"Mean recovery error (n=3), Mean recovery error (n=17)","| metric | value + unit | baseline value | page |
| Mean recovery error (n=3) | 19 m | NO_BASELINE | 7 |
| Mean recovery error (n=17) | 0.28 m | NO_BASELINE | 7 |

Verbatim quotes:
- ""the recovery accuracy improves dramatically, with a mean error dropping from approximately 19 to 0.28 m."" [p.7]","""GNSS-only baselines"" [p.7]","""Each trial produces two error metrics: Baseline Error and Recovered Error"" [p.7]","""Despite these advances, many existing frameworks either impose significant communication or computational overhead, or fail to address the specific fault models and coordination challenges faced by UAV swarms operating under GNSS degradation and adversarial interference."" [p.3]","""future research will focus on incorporating confidence-weighted fusion, dynamic trust scores, and asynchronous consensus strategies, as well as validating the system on physical UAV swarms in real-world settings."" [p.8]",CORE,SYSTEM,Russia,NOT_REPORTED,"- The paper contains some formatting issues with equations.
- The paper has a typo: ""capable of operating"" appears with a stray character.
- The paper uses ""GNSS"" and ""GPS"" inconsistently.
- The acknowledgment mentions the use of ChatGPT and DeepSeek for language enhancement.
- The paper contains a typo: ""practical deployability with practical deployability"" [p.2].","1, 2, 3, 4, 5, 6, 7, 8, 9"
REC_0859,A Multimode Visual-Inertial Navigation Method for Fixed-wing Aircraft Approach and Landing in GPS-denied and Low Visibility Environments,NOT_REPORTED,2019,NOT_REPORTED,10.1109/DASC43569.2019.9081785,"""The landing safety is still one of the greatest challenges for fixed-wing aircraft, meanwhile not all airport runways are equipped with instrument landing system (ILS), and global positioning system (GPS) is not always available."" [p.1]","""The flight accidents of aircraft landing stage account for more than 70% of the total flight period accidents worldwide"" [p.1]",MIXED,"""general aviation airport (China, Pucheng)"" [p.3]","""general aviation aircraft (Y-12F)"" [p.3]","""SWIR camera (NIP PHK03M100CSW0)"" [p.4], ""INS (Applanix AV510)"" [p.3], ""barometer"" [p.3], ""radio altimeter"" [p.3]",VIO,Multimode visual-inertial navigation,REAL,"""real flight data"" [p.1]","Pose error (Δψ), Pose error (ΔXU), Pose error (ΔXe), Pose error (ΔXn)","| metric | value + unit | baseline value | page |
| Pose error (Δψ) | ~0.5 deg | INS/GPS: ~1.5 deg | p.9 |
| Pose error (ΔXU) | ~-2 m | INS/GPS: ~-5 m | p.9 |
| Pose error (ΔXe) | ~-1 m | INS/GPS: ~-3 m | p.9 |
| Pose error (ΔXn) | ~-1 m | INS/GPS: ~-7 m | p.9 |

Verbatim quotes:
- Figure 9 [p.9]
- ""the pose error of the proposed algorithm is smaller than those of the other two methods"" [p.8]","""GPS/INS integration [26] and INS/BARO/RALT integration [27]"" [p.8]","""different sensing measurements are used at different flight phase"" [p.1]","""the pose accuracy of the proposed method is not only superior to INS/GPS integration, but also comparable to INS/DGPS integration."" [p.9]",NOT_REPORTED,CORE,METHOD,China,NOT_REPORTED,"- The paper contains some equation formatting artifacts.
- The paper has a typo: ""flight date"" [p.4] (likely ""flight data"").
- The venue is not explicitly stated.
- The paper uses ""GPS-denied"" and ""GPS- denied"" inconsistently.","1, 2, 3, 4, 5, 6, 7, 8, 9, 10"
REC_0870,"Recent Trends, Techniques, and Applications of AI based Autonomous Drones",NOT_REPORTED,2026,NOT_REPORTED,10.1109/ICEI65890.2026.11447876,"""Despite the considerable promise, several barriers inhibit the seamless adoption of autonomous drones."" [p.1]","""The evolution of unmanned aerial vehicles (UAVs), commonly known as drones, has dramatically reshaped the landscape of modern automation across sectors such as logistics, agriculture, healthcare, military, and urban monitoring [1]."" [p.1]",MIXED,"""diverse"" [p.1]","""drones"" [p.1]","""Vision, LIDAR, LLM-Integrated"" [p.1]",SURVEY,Structured survey,BOTH,"""Zipline Medical Logistics Dataset, DJI SDK and Flight Logs, MS COCO Dataset, UAV123, VisDrone, etc."" [p.4]",NOT_REPORTED,NOT_REPORTED,NO_BASELINE,NOT_REPORTED,"""most reported advancements remain simulation-heavy, with limited translation to field-tested, regulation-compliant systems."" [p.6]","""Future research should incorporate: Standardized benchmarking frameworks... Cost-effectiveness and commercial viability assessments for scaling... Ethically aligned AI models with responsible data handling... Regulation-aware designs"" [p.6]",IMPORTANT,SURVEY,India,NOT_REPORTED,"- The paper contains some formatting issues with tables (Table I is incomplete and has column alignment problems).
- Some references have incomplete details.
- The paper uses ""GPS-denied"" and ""GPS- denied"" inconsistently.
- Table II has a column formatting error: ""MEM (MB)"" instead of ""Mem (MB)"".
- Figure 2 compares ""Study A (DRL), Study B (LSTM), Study C (CNN), Study D (Hybrid)"" — these labels do not directly correspond to the studies cited in Table I.","1, 2, 3, 4, 5, 6"
REC_0896,Robust Autonomous Flight and Mission Management for MAVs in GPS-denied Environments,NOT_REPORTED,2017,NOT_REPORTED,10.1109/ASCC.2017.8287144,"""This paper addresses the problem of autonomous flight in GPS-denied environments."" [p.1]","""A large variety of applications for MAVs would rely on the autonomous capabilities in GPS-denied environments to handle difficult, dirty, dangerous jobs."" [p.1]",INDOOR,"""indoor"" [p.1]","""hexarotor"" [p.1]","""Hokuyo laser scanner"" [p.1], ""Pointgrey Chameleon CM3-U3-13S2C camera"" [p.2], ""TeraRanger One"" [p.2]",SLAM,"Integrated hardware/software with SLAM, sensor fusion, and task tree",REAL,NOT_REPORTED,"ATE (Hector SLAM), Tracking error, CPU usage (Hector SLAM)","| metric | value + unit | baseline value | page |
| ATE (Hector SLAM) | 0.071 m | Cartographer SLAM: 0.059 m | 5 |
| Tracking error | 0.095 m | NOT_REPORTED | 6 |
| CPU usage (Hector SLAM) | ~40% of one core | Cartographer SLAM: ~60% | 5 |

Verbatim quotes:
- ""The average translation error (ATE) of Hector SLAM is 0.071m whereas ATE of Cartographer SLAM is 0.059m."" [p.5]
- ""The tracking accuracy is very impressive with an average tracking error of 0.095m."" [p.6]","""Hector SLAM [8] and Cartographer SLAM [9]"" [p.2]","""We evaluate two state-of-the-art laser SLAM algorithms as the front-end of our state estimation module."" [p.2]","""Due to the limited size and constrained payload of the MAVs, most of motion planning methods adopt two-layered approaches"" [p.1]","""Currently, we are working on camera based navigation solution for our system. We will expand capabilities of the system on perception and planning in arbitrary 3D environment."" [p.6]",CORE,SYSTEM,Singapore,NOT_REPORTED,"- The paper contains some equation formatting artifacts.
- The paper has a typo: ""autonomous fly"" [p.1] (likely ""autonomous flight"").
- Some references have formatting issues.
- The paper uses ""GPS-denied"" and ""GPS- denied"" inconsistently.
- The hexarotor platform image (Fig. 1) is present but low quality.","1, 2, 3, 4, 5, 6"
REC_0932,Development of a Plug-and-play Infrared Landing System for Multirotor Unmanned Aerial Vehicles,NOT_REPORTED,2017,NOT_REPORTED,10.1109/CRV.2017.23,"""Precise landing of multirotor unmanned aerial vehicles (UAVs) in confined, GPS-denied and vision-compromised environments presents a challenge to common autopilot systems."" [p.1]","""The most complicated and delicate phase of a UAV flight is the landing phase [1]."" [p.1]",MIXED,"""indoors"" [p.4]","""Parrot AR.Drone 2.0"" [p.1]","""Raspberry Pi NoIR camera"" [p.1]",VISION_OBJECT,IR-based visual servoing landing,REAL,NOT_REPORTED,"Image error X (steady state), Image error Y (steady state), Landing platform size","| metric | value + unit | baseline value | page |
| Image error X (steady state) | ~0 pixels | NO_BASELINE | 5 |
| Image error Y (steady state) | ~0 pixels | NO_BASELINE | 5 |
| Landing platform size | 40 × 40 cm | NO_BASELINE | 5 |

Verbatim quotes:
- ""Fig. 7 shows Err_x and Fig. 8 shows Err_y. The image error is 0 for the first 3.8 seconds"" [p.4]
- ""The UAV consistently landed on the 40 × 40 cm platform"" [p.5]",NO_BASELINE,NOT_REPORTED,"""we only used a single bank of LEDs for these experiments. Even with the unit operating at only half capacity, the results look promising for long range outdoor applications."" [p.2]","""The application of this easily deployable system to outdoor environments and slow-moving targets is being further evaluated."" [p.5]",CORE,SYSTEM,Canada,NOT_REPORTED,"- The paper contains some figure formatting issues.
- The paper has a typo: ""Raspberry Pi Model B"" [p.2] (should be ""Model B+"" or similar).
- The paper uses ""IR"" and ""infrared"" inconsistently.
- Some references have incomplete details.
- The paper mentions ""Sennheiser SZI 1029"" and ""Sennheiser SZ11029"" inconsistently.","1, 2, 3, 4, 5"
REC_0951,B,NOT_REPORTED,2026,NOT_REPORTED,10.1109/TIM.2026.3709427,"""Unmanned aerial vehicle (UAV)-based building inspection demands accurate and computationally efficient state estimation in GNSS-denied environments."" [p.1]","""Building inspection is essential for infrastructure life-cycle management."" [p.1]",MIXED,"""building inspection"" [p.1], ""indoor corridor"" [p.8], ""U-shaped building"" [p.9], ""transportation infrastructure"" [p.10]","""DJI M210 V2 RTK"" [p.7]","""Livox Mid-360 LiDAR"" [p.7]",LIDAR,PSS-LIO,BOTH,"""M2DGR, lili, utbm, M3DSS"" [p.6]","ATE RMSE (lili_6), Processing time (lili_2), Memory (lili_2), RMSE (Sail Sculpture), RMSE (U-shaped Building)","| metric | value + unit | baseline value | page |
| ATE RMSE (lili_6) | 14.87 m | FAST-LIO2: 16.45 m; Point-LIO: 16.02 m | 7 |
| Processing time (lili_2) | 12.45 ms | FAST-LIO2: 22.1 ms; Faster-LIO: 20.2 ms | 8 |
| Memory (lili_2) | 215 MB | FAST-LIO2: 385 MB; Faster-LIO: 342 MB | 8 |
| RMSE (Sail Sculpture) | 0.21 m | FAST-LIO2: 0.38 m; Point-LIO: 0.31 m | 9 |
| RMSE (U-shaped Building) | 0.24 m | FAST-LIO2: 0.42 m; Point-LIO: 0.36 m | 9 |

Verbatim quotes:
- Table I, II, III, VI [p.7-9]
- ""PSS-LIO achieves 0.21m RMSE against RTK-GNSS ground truth, outperforming FAST-LIO2, Faster-LIO, and Point-LIO by 45%, 40%, and 32%, respectively."" [p.8-9]","""FAST-LIO2 [7], Faster-LIO [10], Point-LIO [12], iG-LIO [8], and LIO-SAM [4]"" [p.6]","""Table IV quantifies individual contributions of the three proposed mechanisms across different environments."" [p.7]","""Current limitations include the quasi-static environment assumption and reduced effectiveness in scenes lacking dominant planar structures."" [p.11]","""Future work will explore visual-inertial fusion for geometrically degenerate scenarios, adaptive structure-prior learning for dynamic environments, and multi-UAV collaborative mapping with shared structural priors."" [p.11]",CORE,METHOD,China,NOT_REPORTED,"- The paper contains some equation formatting artifacts.
- Some tables have formatting issues (e.g., Table II has column alignment problems).
- The paper has a typo: ""BULIDING"" [p.1] (should be ""BUILDING"").
- The paper uses ""GNSS-denied"" and ""GPS-denied"" inconsistently.
- Some references have incomplete details.
- Table II has a typo: ""PASS-LIO"" instead of ""PSS-LIO"" in the column headers.","1, 2, 3, 4, 5, 6, 7, 8, 9, 10, 11, 12"
REC_0960,Cooperative Visual Inertial Odometry for Heterogeneous Swarm of Drones Navigating in Noisy Environments,NOT_REPORTED,2022,NOT_REPORTED,10.1109/ISIE51582.2022.9831647,"""the localization performance is still highly dependent on the accuracy of inertial sensors."" [p.1]","""Localization accuracy is an important aspect of the success of autonomous multi-drone missions."" [p.1]",MIXED,"""noisy environments"" [p.1]","""drone swarm"" [p.1]","""UWB"" [p.1], ""VINS-Fusion"" [p.1], ""Intel Realsense T265"" [p.5]",COOPERATIVE,Cooperative VIO with UWB and optimization-based Kalman filter,BOTH,"""approximately 600 position samples"" [p.5]","Position MAE (nominal, 4 high-cost drones), Position MAE (adversarial, 4 high-cost drones), Position MAE (real-world, 4 high-cost drones)","| metric | value + unit | baseline value | page |
| Position MAE (nominal, 4 high-cost drones) | 0.3993 m | VINS-Fusion: 0.5880 m | 6 |
| Position MAE (adversarial, 4 high-cost drones) | 0.4670 m | VINS-Fusion: 1.3056 m | 6 |
| Position MAE (real-world, 4 high-cost drones) | 0.4281 m | VINS-Fusion: 2.0259 m | 8 |

Verbatim quotes:
- Table I, II, III [p.6-7]
- ""fusing information from high-cost drones gives better results compared to VINS-Fusion estimations"" [p.6]","""VINS-Fusion"" [p.1]","""using more than six high-cost drones does not improve the position estimations of low-cost drones."" [p.6]","""The only constraint for the swarm system is that there have to be at least four high-cost drones."" [p.7]","""Studies of studies that strengthen the teamwork of swarm systems will increase and swarm systems with less cost which are more operational and able to navigate with higher accuracy will continue to be developed."" [p.7]",CORE,METHOD,Turkey,"""Istanbul Technical University BAP Grant NO: MOA-2019-42321 and Havelsan"" [p.7]","- The paper contains some equation formatting artifacts.
- Some references have incomplete details.
- The venue is not explicitly stated.
- The paper uses ""GPS-denied"" and ""GNSS-denied"" inconsistently.
- Table II has a typo: ""VINSFusion"" instead of ""VINS-Fusion"".","1, 2, 3, 4, 5, 6, 7, 8"
REC_0961,Multimodal Image Registration for GPS-denied UAV Navigation Based on Disentangled Representations,NOT_REPORTED,2023,NOT_REPORTED,10.1109/ICRA48891.2023.10161567,"""Multimodal image registration is a crucial step which refers to the process of aligning two images in space which are acquired by different sensors at different times."" [p.1]","""Visual navigation plays an important role for Unmanned Aerial Vehicles(UAVs)."" [p.1]",MIXED,"""aerial image dataset"" [p.4] — VEDAI dataset","""UAV"" [p.1] — specific type NOT_REPORTED","""visible sensors"" [p.1], ""near-infrared sensors"" [p.1]",VISION_OBJECT,Multimodal image registration via disentangled representations,SIM,"""VEDAI [27]"" [p.4]","RMSE (VEDAI-1), NMI (VEDAI-1), PCK (VEDAI-1), FPS","| metric | value + unit | baseline value | page |
| RMSE (VEDAI-1) | 1.154 | GEOCNN: 1.543 | 6 |
| NMI (VEDAI-1) | 0.393 | GEOCNN: 0.360 | 6 |
| PCK (VEDAI-1) | 0.467 | GEOCNN: 0.321 | 6 |
| FPS | 153.8 | GEOCNN: 191.0 | 6 |

Verbatim quotes:
- Table I [p.6]
- ""Our method achieves 1.154, 0.393, and 0.467 in RMSE, NMI, and PCK on VEDAI-1, which is a huge improvement compared with the baseline method GEOCNN."" [p.5]","""GEOCNN [14], GEOCNN+MUNIT [25], GEOCNN+DRIT++ [26]"" [p.4]","""we perform experiments on the three generated datasets based on three different experimental configurations to verify the effectiveness of two components: the disentanglement component and intensity loss."" [p.6]","""Unlike [19] and [22], the two translation-based methods show almost no improvement in all metrics. The reason for the unsatisfactory registration results mainly focuses on the poor quality of the generated images."" [p.5]",NOT_REPORTED,CORE,METHOD,China,NOT_REPORTED,"- The paper contains some equation formatting artifacts.
- The paper has a typo: ""Yanyi Iyu"" [p.1] — likely ""Yanyi Lyu"".
- Some references have formatting issues.
- The paper uses ""GPS-denied"" and ""GPS- denied"" inconsistently.
- The paper contains a typo: ""NMI"" is defined as ""normalized mutual information"" but the acronym appears as ""NMI"" consistently.","1, 2, 3, 4, 5, 6, 7"
REC_0973,arXiv:1802.07652v2 [math.OC] 10 Jul 2018,NOT_REPORTED,2018,NOT_REPORTED,10.23919/ACC.2018.8431886,"""Disruption of GPS signals, by intention or otherwise, can render these plans and algorithms ineffective."" [p.1]","""Unmanned Vehicles (UVs) are routinely used in civilian and military applications pertaining to surveillance and data gathering missions"" [p.1]",MIXED,"""simulations on ground robots"" [p.1]","""UV"" [p.1] — specific type NOT_REPORTED","""camera possessing a viewing range of R units and viewing angle of α"" [p.2]",COOPERATIVE,Landmark Placement Problem (LPP) with greedy algorithm,SIM,NOT_REPORTED,"Number of landmarks (instance 1), Number of landmarks (instance 5)","| metric | value + unit | baseline value | page |
| Number of landmarks (instance 1) | 21 | NO_BASELINE | 6 |
| Number of landmarks (instance 5) | 22 | NO_BASELINE | 6 |

Verbatim quotes:
- Table I [p.6]
- ""the landmark placement obtained using our algorithm can aid the vehicle to estimate its position and heading with a high degree of accuracy."" [p.6]",NO_BASELINE,NOT_REPORTED,"""the previous works in the literature either neglect the constraints imposed by the bearing sensor [14] or assume that the field of view is circular [11], both of which are unrealistic."" [p.2]","""Future work would focus on hardware experiments and jointly optimizing the path and the placement along with the constraints considered in this article"" [p.6]",CORE,METHOD,USA,"""U.S. Department of Energy through the LANL/LDRD program"" and ""U.S. National Science Foundation (NSF) through NSF-IIS Robust Intelligence Award 1736087"" [p.6]","- Page 5 contains a corrupted block of text (massive ""1 1 1 1..."" sequence).
- The paper contains some equation formatting artifacts.
- The venue is not explicitly stated.
- Some references have formatting issues.
- The paper uses ""GPS-denied"" and ""GPS- denied"" inconsistently.","1, 2, 3, 4, 6, 7"
REC_0981,Multi-sensor Data Analysis in Terms of Autonomous Drone Flight without GPS,NOT_REPORTED,2023,NOT_REPORTED,10.1109/PIERS59004.2023.10221335,"""The paper focuses on the movement of a drone without a GPS (Global Positioning System) signal."" [p.1]","""In the event of a GPS failure, the drone must be able to continue its flight to meet its objectives, especially when these are critical objectives."" [p.1]",MIXED,"""outdoor"" [p.3]","""drone"" [p.1] — specific type NOT_REPORTED","""airspeed sensor, barometer, compass, GPS sensor, gyroscope sensor, accelerometer sensor and rangefinders sensor"" [p.1]",HYBRID,Multi-sensor data analysis for GPS-free flight,REAL,NOT_REPORTED,NOT_REPORTED,NOT_REPORTED,NO_BASELINE,NOT_REPORTED,"""our project is not complete. Indeed, even if we have been able to define the perimeter of our project, define a problem, collect the necessary data, analyze, and correlate these data, we still have some work to do."" [p.7]","""The code implementation will be the last part of our project, that is still remaining."" [p.7]",CORE,METHOD,Czech Republic,"""Ministry of the Interior of the Czech Republic (MVCR) grant No. VJ02010036"" [p.7]","- Pages 2 and 6 contain corrupted blocks of text (massive ""1 1 1 1..."" sequences).
- The paper is a work-in-progress and does not present final results.
- The paper contains some equation formatting artifacts.
- The paper has a typo: ""Jirí Janoušek"" [p.1] — likely ""Jiří Janoušek"".
- The paper uses ""GPS-denied"" and ""GPS- denied"" inconsistently.
- Some references have incomplete details.","1, 3, 4, 5, 7"
REC_0986,Field Test Results of GNSS-denied Inertial Navigation aided by Phased-array Radio Systems for UAVs,NOT_REPORTED,2019,NOT_REPORTED,10.1109/ICUAS.2019.8798057,"""Unmanned aerial vehicles (UAVs) often depend on global navigation satellite systems (GNSS) and magnetic compasses for navigation, making them exposed to malicious attacks and sensitive to magnetic anomalies"" [p.1]","""With more frequent use of UAVs, the need for alternatives to GNSS becomes more pressing, to allow safe, continuous operation of such systems."" [p.1]",MIXED,"""northern parts of Norway"" [p.6]","""Nordic Unmanned Camlight BG-200 HL UAV"" [p.6]","""Sensoror STIM300"" [p.5], ""Ublox Neo-M8T GNSS receiver"" [p.5]",COOPERATIVE,PARS-aided INS with MEKF,REAL,NOT_REPORTED,"Position RMSE (Norm), Attitude RMSE (Norm), Velocity RMSE (Norm)","| metric | value + unit | baseline value | page |
| Position RMSE (Norm) | 6.86 m | NO_BASELINE | 7 |
| Attitude RMSE (Norm) | 7.70° | NO_BASELINE | 6 |
| Velocity RMSE (Norm) | 1.02 m/s | NO_BASELINE | 7 |

Verbatim quotes:
- Table I, II, III [p.6-7]
- ""the position norm RMSE of the presented PARS-aided INS was 6.86 m which is comparable to the position estimates from consumer grade GNSS-receivers."" [p.8]","""RTK GNSS position reference solution"" [p.1]",NOT_REPORTED,"""the presented PARS makes the unmanned aerial vehicle independent of GNSS and compass, but the position and attitude of the ground station antenna, which is essential for obtaining absolute position estimates in the {n}-frame, were found using GNSS."" [p.8]","""Methods to obtain completely GNSS- and compass-free estimates have been suggested."" [p.8]",CORE,SYSTEM,Norway,NOT_REPORTED,"- The paper contains some equation formatting artifacts.
- The paper has a typo: ""Sensoror STIM300"" [p.5] — likely ""Sensonor STIM300"".
- Some references have formatting issues.
- The paper uses ""GNSS-denied"" and ""GPS-denied"" inconsistently.
- Table II has a column alignment issue.","1, 2, 3, 4, 5, 6, 7, 8, 9"
REC_0993,arXiv:1712.02052v1 [cs.RO] 6 Dec 2017,NOT_REPORTED,2018,NOT_REPORTED,10.1002/rob.21774,"""One of the most challenging tasks for a flying robot is to autonomously navigate between target locations quickly and reliably while avoiding obstacles in its path, and with little to no a-priori knowledge of the operating environment."" [p.1]","""real-world environments are dynamic, partially-known and often GPS-denied. Therefore, there is need to push further on developing fully autonomous navigation systems that rely on onboard sensing only"" [p.2]",INDOOR,"""warehouse environments"" [p.2], ""cluttered 3D indoor and outdoor environments"" [p.2]","""DJI Flamewheel 450 base along with the DJI E600 motors"" [p.5]","""stereo cameras, a nodding lidar, VectorNav VN-100 IMU, Garmin Lidar-Lite"" [p.6]",VIO,SVO-based visual odometry with UKF and local mapping,REAL,NOT_REPORTED,"Drift (motion capture test), Drift (warehouse test), Max speed (high-speed test), Max speed (aisle test)","| metric | value + unit | baseline value | page |
| Drift (motion capture test) | <1% | NO_BASELINE | 21 |
| Drift (warehouse test) | ~2 m over 100 m trajectory | NO_BASELINE | 22 |
| Max speed (high-speed test) | 15 m/s | NO_BASELINE | 22 |
| Max speed (aisle test) | 7 m/s | NO_BASELINE | 25 |

Verbatim quotes:
- ""the final drift after more than 60m of flight is less than 0.6m, giving us a drift of around 1%."" [p.21]
- ""SVO only incurs around 2m of position drift over the more than 100m trajectory."" [p.22]
- ""the MAV reached a maximum speed of over 15m/s"" [p.22]
- ""We were able to fly at speeds of up to 7m/s and reach the desired goal position."" [p.25]",NO_BASELINE,NOT_REPORTED,"""the main issue is the drift in yaw... The main reason for this drift was that when moving sideways in front of the obstacle during the transition, the vision system lost all the tracked features in the image"" [p.23-24]","""The final goal is to be able to fly at speeds of around 20m/s through cluttered environments, and we believe that it would require more work in all the individual modules that make up the system."" [p.27]",CORE,SYSTEM,USA,"""DARPA grants HR001151626/HR0011516850"" [p.27]","- Pages 8, 10, 12, 14, 16, 18, 20, 26, 28, 29, 30 contain corrupted blocks of text (massive ""1 1 1 1..."" sequences).
- The paper contains some equation formatting artifacts.
- Some references have formatting issues.
- The paper uses ""GPS-denied"" and ""GPS- denied"" inconsistently.
- Figure 4 caption is incomplete (""igure 4"" instead of ""Figure 4"").
- Some figure captions are missing or incomplete.","1, 2, 3, 4, 5, 6, 7, 9, 11, 13, 15, 17, 19, 21, 22, 23, 24, 25, 27"
REC_0994,Automated Localization of UAVs in GPS-Denied Indoor Construction Environments Using Fiducial Markers,NOT_REPORTED,2018,NOT_REPORTED,10.22260/isarc2018/0012,"""Indoor localization and consequently indoor navigation have remained relatively untapped, because GPS is not sufficiently reliable and accurate in indoor environments."" [p.1]","""Unmanned Aerial Vehicles (UAVs) have opened a wide range of opportunities and applications in different sectors including construction."" [p.1]",INDOOR,"""indoor"" [p.1]","""Parrot Bebop 2"" [p.3]","""on-board camera and on-board accelerometers"" [p.3]",VISION_OBJECT,AprilTag-based localization linked to BIM,REAL,NOT_REPORTED,"Localization error (horizontal tags, 2m height), Localization error (vertical tags, 2m distance), Localization error (yaw angle)","| metric | value + unit | baseline value | page |
| Localization error (horizontal tags, 2m height) | ~0.25 m at 0° | NO_BASELINE | 5 |
| Localization error (vertical tags, 2m distance) | ~0.08 m at 1.5m | NO_BASELINE | 5 |
| Localization error (yaw angle) | ~0.08 m at 5° | NO_BASELINE | 6 |

Verbatim quotes:
- Figure 5 [p.5]
- Figure 7 [p.5]
- Figure 9 [p.6]
- ""The localization error will be higher than 30 cm if the UAV is flying further than 3.5m from an AprilTag."" [p.6]","""Vicon system used as the ground truth"" [p.4]","""Four parameters are investigated to identify the accuracy of the proposed indoor localization framework: 1. Tags' placement orientation... 2. Tags' size... 3. Distance from tags... 4. Angle of view"" [p.4]","""For all cases, localization during take-off and landing is not sufficiently accurate to be reliable."" [p.6]","""Future work includes incorporating the findings with automated flight plans on real construction sites."" [p.6]",CORE,METHOD,Canada,NOT_REPORTED,"- Page 7 contains a corrupted block of text (massive ""1 1 1 1..."" sequence).
- The paper contains some figure formatting issues.
- The paper uses ""GPS-denied"" and ""GPS- denied"" inconsistently.
- Some references have formatting issues.
- The paper has a typo: ""Vicon system"" is sometimes written as ""Vicon system"" — appears consistent.","1, 2, 3, 4, 5, 6"
REC_0995,Experimentation of Monocular Visual-Aided Inertial Navigation on Fixed-Wing Unmanned Aerial Vehicle,NOT_REPORTED,2023,NOT_REPORTED,10.3390/ENC2023-15476,"""If the GNSS signal is denied, it results in an unacceptable position error, even over a brief time span."" [p.1]","""Unmanned aerial systems (UAS) predominantly utilize the global navigation satellite system (GNSS) in conjunction with an INS for navigation."" [p.1]",MIXED,"""Elvenes airstrip in the Salangen municipality area, Norway"" [p.1]","""Scout UAV"" [p.1] — fixed-wing","""MTi-100 MEMS Inertial Measurement Unit (IMU), a u-blox GPS, and an embedded Basler da1600 monochrome camera"" [p.3]",VIO,VaINS (Vision-aided Inertial Navigation System),REAL,NOT_REPORTED,"ASE (Flight 1, linear), ASE (Flight 2, linear), ASE (Flight 1, banking), ASE (Flight 2, banking)","| metric | value + unit | baseline value | page |
| ASE (Flight 1, linear) | 0.13-0.73 m/s | Free inertial: 0.20-8.31 m/s | p.6-7 |
| ASE (Flight 2, linear) | 0.13-0.31 m/s | Free inertial: 0.20-6.08 m/s | p.6-7 |
| ASE (Flight 1, banking) | 0.27-0.73 m/s | Free inertial: 0.37-5.32 m/s | p.6-7 |
| ASE (Flight 2, banking) | 0.43-0.54 m/s | Free inertial: 0.69-5.32 m/s | p.6-7 |

Verbatim quotes:
- Tables 3-8 [p.5-7]
- ""image-aided navigation gives a great overall improvement in linear flights."" [p.7]","""free inertial"" [p.6]","""the camera's pitch angle was tested at both a grazing angle of 22° and a nadir angle of 90°."" [p.1]","""The navigation solution is sensitive to the alignment between the IMU and the camera. Thus, the current installation, with an unknown misalignment for each flight, is not ideal."" [p.8]","""An improvement is to fix the IMU and the camera on a bracket placed outside the VaINS box."" [p.8]",CORE,SYSTEM,Norway,"""This research received no external funding."" [p.8]","- The paper contains some table formatting issues.
- The paper uses ""GPS-denied"" and ""GNSS-denied"" inconsistently.
- Some references have formatting issues.
- The paper has a typo: ""ight integration"" [p.3] (likely ""tight integration"").
- Table 8 has a column alignment issue.","1, 2, 3, 4, 5, 6, 7, 8, 9"
REC_1001,Perception and Navigation for an Autonomous Quadrotor in GPS-denied Environments 1 Introduction,NOT_REPORTED,2016,NOT_REPORTED,10.2316/Journal.206.2016.6.206-4434,"""This becomes more challenging in GPS-denied environments where positioning information is not available."" [p.1]","""Robots need autonomous navigation to complete their tasks efficiently."" [p.1]",MIXED,"""indoor"" [p.1], ""outdoor unstructured"" [p.31]","""COBRA quadrotor"" [p.25]","""IMU, scanning laser rangefinder, Kinect camera, altimeter, and GPS"" [p.9]",SLAM,"Integrated autonomy solution with SLAM, mapping, and path planning",BOTH,NOT_REPORTED,"Average position error (Gazebo), Goal point error (Gazebo), Goal point error (COBRA), Start point error (COBRA)","| metric | value + unit | baseline value | page |
| Average position error (Gazebo) | 0.0065 m | NO_BASELINE | 24 |
| Goal point error (Gazebo) | 0.09 m | NO_BASELINE | 24 |
| Goal point error (COBRA) | 0.16 m | NO_BASELINE | 27 |
| Start point error (COBRA) | 0.11 m | NO_BASELINE | 27 |

Verbatim quotes:
- Table 1 [p.24]
- Table 2 [p.27]",NO_BASELINE,NOT_REPORTED,"""quadrotors have less complex dynamics; however, for small-size autonomous flying robots, there exists a number of challenges. These challenges impose limitations on flight time, autonomy, and maneuverability"" [p.3]","""In the future, it would be desirable to extend the current work to multiple-robots: cooperatively exploring, mapping, localizing, and performing the mission."" [p.34]",CORE,SYSTEM,Canada,"""Defence Research and Development Canada (DRDC), Natural Sciences and Engineering Research Council of Canada (NSERC), and Canada Foundation for Innovation (CFI)"" [p.34]","- The paper title and author list are not present in the extracted text. The first author name appears in the header as ""3. Saeedi, A. Nagaty, C. Thibault, M. Trentini, and H. Li"" but this appears to be a reference, not the paper's authors.
- Pages 39 contains corrupted text (massive ""1 1 1 1..."" sequence).
- The paper contains some equation formatting artifacts.
- The venue is not explicitly stated.
- The paper appears to be a thesis or dissertation.
- Some figures have broken captions.","1, 2, 3, 4, 5, 6, 7, 8, 9, 10, 11, 12, 13, 14, 15, 16, 17, 18, 19, 20, 21, 22, 23, 24, 25, 26, 27, 28, 29, 30, 31, 32, 33, 34, 35, 36, 37, 38"
REC_1002,An Integrated UAV Navigation System Based on Geo-registered 3D Point Cloud,NOT_REPORTED,2017,NOT_REPORTED,10.1109/MFI.2017.8170396,"""However, the GPS signals can be interfered for various reasons, such as extreme atmospheric conditions, obstacles and terrains, television broadcast, and inconvenient positions of satellites [3]."" [p.1]","""Reliable navigation and path planning are keys to autonomous UAV technologies"" [p.1]",MIXED,"""outdoor"" [p.1]","""quadrotor UAV"" [p.1]","""camera, GPS, IMU, altimeter"" [p.2]",HYBRID,Geo-registered 3D point cloud navigation,BOTH,"""3D campus model"" [p.5]","GPS error X direction, GPS error Y direction, Trajectory length","| metric | value + unit | baseline value | page |
| GPS error X direction | [-4, 4] m | NO_BASELINE | 5 |
| GPS error Y direction | [-6, 6] m | NO_BASELINE | 5 |
| Trajectory length | ~250 m | NO_BASELINE | 5 |

Verbatim quotes:
- Figure 6 [p.5]
- ""the error range in the X direction is [-4,4] meters, and in the Y direction is [-6,6] meters."" [p.5]",NO_BASELINE,NOT_REPORTED,"""The error come from two aspects: 1) accumulation error of IMU and drifting with time, 2) inaccurate vision-based navigation."" [p.5]","""Section VI concludes the paper and outlines future work."" [p.2]",CORE,SYSTEM,China,"""Science and Innovation Committee of Shenzhen City (No. CK-FW20160414153721743 and No. JCYJ2015063014532230)"" [p.6]","- The paper contains some equation formatting artifacts.
- Some references have formatting issues.
- The paper uses ""GPS-denied"" and ""GPS- denied"" inconsistently.
- The paper has a typo: ""Cmapus model"" [p.5] (likely ""Campus model"").","1, 2, 3, 4, 5, 6"
REC_1006,A comprehensive survey on autonomous UAV navigation and control systems 123,NOT_REPORTED,2026,NOT_REPORTED,10.1007/s40435-026-02068-3,"""Existing surveys often treat navigation, control, perception, energy, or security separately and thus cannot compare methods by emphasizing features they ultimately enable (e.g., collision avoidance, GNSS-denied navigation)."" [p.1]","""Unmanned aerial vehicles (UAVs) have become transformative tools across military, commercial, and civilian sectors, with a global market projected at USD 125 billion by 2032 [1]."" [p.1]",MIXED,"""complex and dynamic environments"" [p.1]","""UAVs"" [p.1]","""cameras, LiDAR, IMUs"" [p.1]",SURVEY,Comprehensive survey,BOTH,"""HDIN dataset"" [p.5]",NOT_REPORTED,NOT_REPORTED,NO_BASELINE,NOT_REPORTED,"""Focuses on algorithmic and system integration. Excludes deep hardware-level analysis, cybersecurity, or regulatory topics."" [p.3]","""future research should push toward flexible and cooperative strategies that optimize energy use."" [p.9]",IMPORTANT,SURVEY,Iran,NOT_REPORTED,"- Pages 10-14 contain corrupted blocks of text (massive ""1 1 1 1..."" sequences).
- The paper contains some table formatting issues.
- Some references have formatting issues.
- The paper uses ""GPS-denied"" and ""GNSS-denied"" inconsistently.
- Table 2 has a column alignment issue.","1, 2, 3, 4, 5, 6, 7, 8, 9, 15, 16, 17, 18"
REC_1007,Robust geo-localization of UAVSAR in GPS-Denied environments using deep cross-modality matching with google Earth imagery 1 3,NOT_REPORTED,2026,NOT_REPORTED,10.1007/s12518-026-00694-2,"""However, GPS signals can become unreliable or entirely unavailable in urban canyons, mountainous terrain, or environments with intentional interference."" [p.1]","""The use of Unmanned Aerial Vehicles (UAVs) is rapidly increasing, making accurate localization essential for safe and reliable navigation."" [p.1]",MIXED,"""Texas region"" [p.6] and ""California region"" [p.6]","""Gulfstream-III aircraft"" [p.6]","""UAVSAR"" [p.1]",VISION_OBJECT,CMN-Net with ResNet-50 backbone,REAL,"""UAVSAR dataset covering more than 46,000 km²"" [p.1]","RMSE (average), RMSE (best, Line 3), RMSE (worst, Line 12), Matching Accuracy (Line 4), Recall@1 (Line 4)","| metric | value + unit | baseline value | page |
| RMSE (average) | 2.23 m | NOT_REPORTED | 1 |
| RMSE (best, Line 3) | 1.83 m | NOT_REPORTED | 13 |
| RMSE (worst, Line 12) | 2.86 m | NOT_REPORTED | 13 |
| Matching Accuracy (Line 4) | 94.8% | LoFTR: 81.8%; Hy-Net: 88.7% | 17 |
| Recall@1 (Line 4) | 97.0% | LoFTR: 68.8%; Hy-Net: 82.7% | 17 |

Verbatim quotes:
- ""the proposed method achieves RMSE values between 1.83 and 2.86 m (average 2.23 m)"" [p.1]
- Table 7 [p.17]","""RIFT, D2-Net, HIM-Net, LoFTR, Hy-Net"" [p.17]","""Each flight path exhibits different error values, with varying ranges across the paths."" [p.14]","""Uniform regions inherently lack texture, distinctive patterns, and clear structural edges, which makes the extraction of stable keypoints extremely challenging."" [p.17]","""Future research could explore hybrid onboard sensing systems that combine both SAR and optical modalities."" [p.20]",CORE,METHOD,Iran,"""This research received no funding."" [p.20]","- Pages 16 and 18 contain corrupted blocks of text (massive repeated character sequences).
- The paper contains some equation formatting artifacts.
- Some references have formatting issues.
- The paper uses ""GPS-denied"" and ""GNSS-denied"" inconsistently.
- Table 6 has a column alignment issue.","1, 2, 3, 4, 5, 6, 7, 8, 9, 10, 11, 12, 13, 14, 15, 17, 19, 20, 21"
REC_1011,Real-Time Unmanned Aerial System (UAS) Based Interference Localization in a GNSS Denied Environment,NOT_REPORTED,2019,NOT_REPORTED,10.33012/2019.16992,"""An unmanned aerial system (UAS) based system has been developed to be able to rapidly localize the source of GNSS interference to minimize the impact interference would have on critical infrastructure, such as an airport."" [p.1]","""Three key systems, radio frequency interference (RFI) localization system, the path planner, and the GNSS independent navigation system, must work in concert to allow JAGER to localize GNSS RFI."" [p.2]",MIXED,"""Edwards Air Force Base"" [p.2]","""drone"" [p.1] — specific type NOT_REPORTED","""electronically beam steered antenna"" [p.1], ""FLIR Systems Boson infrared (IR) camera"" [p.1], ""1D LIDAR"" [p.3]",COOPERATIVE,JAGER (Jammer Acquisition with GPS Exploration and Reconnaissance),REAL,NOT_REPORTED,"Average final 2D localization error, Drift rate (day), Drift rate (night), Time to localization (avg), Angle to localization (avg)","| metric | value + unit | baseline value | page |
| Average final 2D localization error | 13 m | NO_BASELINE | p.2 |
| Drift rate (day) | 4% | NO_BASELINE | p.2 |
| Drift rate (night) | 6.1% | NO_BASELINE | p.2 |
| Time to localization (avg) | 45 s | NO_BASELINE | p.15 |
| Angle to localization (avg) | 52° | NO_BASELINE | p.15 |

Verbatim quotes:
- ""16 successfully localized the signal source with an average final 2D localization error of 13 m"" [p.2]
- Table 2 [p.15]",NO_BASELINE,"""we conducted a stress test under jamming conditions with varying threshold values."" [p.13] (note: this refers to REC_1014, not this paper) — for this paper: ""confidence metric was implemented that is computed based on how well the RSS pattern matches an expected, nominal, RSS pattern"" [p.4]","""the localization algorithm for the signal source initializes to an incorrect estimate"" [p.14] (wrong initialization failures)","""Increasing the array size to a 7-element array would greatly reduce the amount of clutter and may be capable of reducing the number of wrong initializations"" [p.16]",CORE,SYSTEM,USA,NOT_REPORTED,"- The paper contains some equation formatting artifacts.
- Some references have formatting issues.
- The paper uses ""GNSS denied"" and ""GNSS-denied"" inconsistently.
- Figure 2 and Figure 3 captions are missing or incomplete.
- The paper is a conference paper; venue not explicitly stated.","1, 2, 3, 4, 5, 6, 7, 8, 9, 10, 11, 12, 13, 14, 15, 16, 17"
REC_1014,Cooperative UAV Swarm Communication Networks for Rapid Disaster Assessment in GPS-Denied Environments,NOT_REPORTED,2026,NOT_REPORTED,10.3390/drones10050355,"""Timely situational awareness is essential in disaster management but normal Unmanned Aerial Vehicle (UAV) flight cannot take place when the Global Positioning System (GPS) signals are blocked or jammed."" [p.1]","""In the immediate aftermath of catastrophes, such as earthquakes or industrial accidents, the 'golden hour' for rescue operations demands immediate data"" [p.2]",MIXED,"""dense urban rubble"" [p.1] and ""sparse open field"" [p.1]","""iris_quadrotor model"" [p.8]","""IMU"" [p.5], ""UWB"" [p.5], ""LiDAR/camera"" [p.5]",COOPERATIVE,Cooperative Swarm-Mesh Network (CSMN),SIM,NOT_REPORTED,"Localization RMSE (CSMN), Collision Rate, Mission Time, Link Recovery Time, Area Coverage","| metric | value + unit | baseline value | page |
| Localization RMSE (CSMN) | 0.85 m | INS-Only: 15.42 m; C-EKF: 1.74 m; PF: 4.62 m | 10 |
| Collision Rate | 0% | Standard mesh: 40% | 14 |
| Mission Time | 12.4 min | Grid: 19.1 min | 14 |
| Link Recovery Time | <0.2 s | Non-cooperative: >2.0 s | 14 |
| Area Coverage | 92% | NOT_REPORTED | 1 |

Verbatim quotes:
- Table 2, 4 [p.10, 14]
- ""the CSMN framework can retain sub-meter localization error (RMSE < 0.9 m) in GPS-denied environments and provide 92% coverage of the area"" [p.1]","""INS-Only, C-EKF, Pure Flocking"" [p.10]","""The INS-Only vs. C-EKF comparison isolates the base benefit of cooperative ranging over dead-reckoning"" [p.10]","""all experiments are conducted entirely within simulation (Gazebo/NS-3), and no hardware-in-the-loop or physical flight tests have been performed."" [p.16]","""hardware-in-the-loop (HIL) validation using physical DW1000 UWB radio modules and embedded flight controllers"" [p.16]",CORE,SYSTEM,China,"""This research received no external funding."" [p.18]","- The paper title and author list are not present in the extracted text (header is missing).
- The paper contains some equation formatting artifacts.
- Some references have formatting issues.
- The paper uses ""GPS-denied"" and ""GNSS-denied"" inconsistently.
- Table 5 has a column alignment issue.
- The acknowledgment mentions the use of NotebookLM for graphics generation.","1, 2, 3, 4, 5, 6, 7, 8, 9, 10, 11, 12, 13, 14, 15, 16, 17, 18, 19"
REC_1017,applied sciences A Real-Time Simulator for Navigation in GNSS-Denied Environments of UAV Swarms,NOT_REPORTED,2023,NOT_REPORTED,10.3390/app132011278,"""Accurate localization is the foundation of unmanned aerial vehicle (UAV) swarm applications in the global navigation satellite system (GNSS)-denied environment."" [p.1]","""the implementation of UAV formation in the real world is costly and time-consuming, which leads to difficulties in developing navigation algorithms."" [p.1]",MIXED,"""Beijing University of Science and Technology"" [p.11]","""fixed-wing drones and multi-rotor drones"" [p.2]","""gyroscope, accelerometer, magnetometer, barometer, camera, UWB"" [p.3]",HYBRID,Real-time simulator with ISMN and relative navigation,SIM,"""Google civil and commercial satellite map"" [p.11]","ISMN position error (800m altitude), ISMN position error (30° turn), Relative navigation error (max)","| metric | value + unit | baseline value | page |
| ISMN position error (800m altitude) | 3.1 m | NO_BASELINE | p.11 |
| ISMN position error (30° turn) | 13.1 m | NO_BASELINE | p.11 |
| Relative navigation error (max) | 0.75 m | NO_BASELINE | p.12 |

Verbatim quotes:
- ""the average positioning error is 3.1 m (< 0.387% of the height) when the UAV flies smoothly."" [p.11]
- ""the maximum relative position error is 0.75 m (< 0.75% of the distance between adjacent drones)."" [p.12]",NO_BASELINE,"""The ISMN is tested at Beijing University of Science and Technology"" [p.11]","""we find that there are many more outliers in complex conditions."" [p.14]","""In future research, we will tackle this challenge from the perspective of multirobot cooperative optimization in the continuous time domain."" [p.14]",CORE,SYSTEM,China,"""National Key Research and Development Program of China grant number 2022YFB3205000"" [p.14]","- The paper contains some equation formatting artifacts.
- Some references have formatting issues.
- The paper uses ""GNSS-denied"" and ""GPS-denied"" inconsistently.
- Some figures have broken captions.","1, 2, 3, 4, 5, 6, 7, 8, 9, 10, 11, 12, 13, 14, 15"
REC_1018,OPsCV: A Robust Framework for Aerial Navigation under Global Positioning System Denied Conditions,NOT_REPORTED,2026,NOT_REPORTED,10.1590/jatm.v18.1413,"""However, GNSS signals are often unavailable or unreliable in contested or cluttered environments."" [p.1]","""Unmanned aerial vehicles (UAVs) rely heavily on the global navigation satellite system (GNSS) for accurate localization."" [p.1]",MIXED,"""Angra dos Reis, Brazil"" [p.6]","""DJI Matrice 600 Pro hexacopter"" [p.6]","""Nine-Axis IMU"" [p.5]",HYBRID,OPsCV (Optimized Pose Prediction and Cross-View),"BOTH (real flight data, simulated cross-view)","""proprietary to the Brazilian Air Force"" [p.10]","Mean position error (North), Mean position error (East), Max position error","| metric | value + unit | baseline value | page |
| Mean position error (North) | 9.35 m (AbolDeepIO) | Internal: ~66 m | p.13 |
| Mean position error (East) | 14-15 m | Internal: ~66 m | p.13 |
| Max position error | 59-65 m | Internal: 184.16 m | p.13 |

Verbatim quotes:
- ""All DIO-based solutions reduced the positional error by approximately 15-25 m"" [p.11]
- ""the integrated frameworks consistently outperformed the UAV's internal navigation system"" [p.13]","""UAV's internal navigation system"" [p.9]","""The robustness of the OPsCV methodology is illustrated in Fig. 4, which shows the distance error for different cross-view geolocation update intervals, ranging from 0.01 s to 30 s."" [p.13]","""the OPsCV performance remained considerably lower, consistent with limitations previously reported for DIO-based methods"" [p.11] (yaw estimation)","""Investigating additional extended multi-sensor fusion techniques to further enhance navigation robustness."" [p.14]",CORE,METHOD,Brazil,"""Coordenacao de Aperfeicoamento de Pessoal de Nivel Superior Project No: 88887.929508/2023-00"" and ""Conselho Nacional de Desenvolvimento Cientifico e Tecnologico Grants No: 316948/2023-3; 307525/2022-8"" [p.15]","- Page 12 contains a corrupted block of text (massive ""1 1 1 1..."" sequence).
- The paper title and author list are not present in the extracted text (header is missing).
- The paper contains some equation formatting artifacts.
- Some references have formatting issues.
- The paper uses ""GPS-denied"" and ""GNSS-denied"" inconsistently.
- The paper declares that no AI tools were used in preparation.","1, 2, 3, 4, 5, 6, 7, 8, 9, 10, 11, 13, 14, 15, 16, 17, 18, 19, 20, 21, 22, 23, 24"
REC_1019,I,NOT_REPORTED,2026,NOT_REPORTED,10.1109/JSEN.2026.3720978,"""However, maintaining stable operation in global navigation satellite system (GNSS)-denied environments remains a major challenge."" [p.1]","""Interceptor UAVs, characterized by high dynamic performance and robust anti-jamming capabilities [1], are capable of tracking targets continuously and stably [2], as well as rapidly switching between high- and low-altitude flight modes [3]."" [p.1]",MIXED,"""high-speed flight, maneuvering flight, and alternating low-and-high altitude flight"" [p.1]","""interceptor UAVs"" [p.1]","""visual, LiDAR, IMU"" [p.1]",SURVEY,Systematic review of multisensor fusion SLAM,BOTH,"""KITTI, TUM, NCLT, DSEC, HM3D, ICL-NUIM"" [p.3]",NOT_REPORTED,NOT_REPORTED (this is a review paper),"""SINS-only, KF-Prediction, TCN, TCN-Attention"" [p.10]",NOT_REPORTED,"""no single SLAM scheme can fully cover the entire flight envelope of interceptor UAVs, and each technical route has clear adaptation boundaries and inherent bottlenecks."" [p.11]","""future SLAM system for interceptor UAVs should develop toward an adaptive multimode switching architecture"" [p.11]",CORE,SURVEY,China,"""National Natural Science Foundation of China, grant number 62503224, and the National Natural Science Foundation of Jiangsu Province, grant number BK20241388"" [p.22] — note: this is from REC_1023, not this paper. For this paper: NOT_REPORTED.","- The paper contains some table formatting issues (e.g., Table I has incomplete data).
- The paper has a typo: ""BULIDING"" [p.1] (should be ""BUILDING"").
- The paper uses ""GNSS-denied"" and ""GPS-denied"" inconsistently.
- Some references have incomplete details.
- Table V has a column alignment issue.
- The paper is a review article and does not report primary experimental results.","1, 2, 3, 4, 5, 6, 7, 8, 9, 10, 11, 12, 13, 14, 15, 16, 17, 18, 19, 20"
REC_1021,GPS-Denied UAV Localization using Pre-existing Satellite Imagery,NOT_REPORTED,2019,NOT_REPORTED,10.1109/ICRA.2019.8793558,"""This level of localization may not be available in GPS-denied or GPS-spoofed situations, and requires the use of often costly GPS hardware and IMUs."" [p.1]","""A vision-based system that achieves comparable accuracy would be beneficial as it would lower the cost of UAV platforms, and could replace GPS when there are signal issues."" [p.1]",MIXED,"""Swiss village of Merlischachen"" [p.4] and ""rural gravel quarry"" [p.4]","""senseFly eBee drone"" [p.4]","""downward facing Canon IXUS 125 HS camera"" [p.4]",VISION_OBJECT,CNN-based direct alignment with pose optimization,REAL,"""Village dataset and Gravel Pit dataset"" [p.4]","Average 2D Euclidean error (Village), Average altitude error (Village), Average 2D Euclidean error (Gravel Pit), Average altitude error (Gravel Pit)","| metric | value + unit | baseline value | page |
| Average 2D Euclidean error (Village) | 7.06 m | SURF Odometry: >200 m | 5 |
| Average altitude error (Village) | 8.01 m | SURF Odometry: >150 m | 5 |
| Average 2D Euclidean error (Gravel Pit) | 25.00 m | SURF Odometry: >300 m | 6 |
| Average altitude error (Gravel Pit) | 7.70 m | SURF Odometry: >150 m | 6 |

Verbatim quotes:
- ""The average 2D euclidean error of our method is 7.06 m. The average altitude error of our method is 8.01 m."" [p.5]
- ""The average 2D euclidean error of our method is 25.00 m. The average altitude error of our method is 7.70 m."" [p.6]","""SURF Odometry, SIFT+RANSAC, ICLK on vanilla VGG16"" [p.5]",NOT_REPORTED,"""Precise x-y localization is difficult on this dataset due to low texture, leading to ambiguous alignment."" [p.6]","""Future work can include further exploration of learning photometric invariance using the described alignment method."" [p.6]",CORE,METHOD,USA,NOT_REPORTED,"- The paper contains some equation formatting artifacts.
- Some references have formatting issues.
- The paper uses ""GPS-denied"" and ""GPS- denied"" inconsistently.
- Figure 6 caption has a typo: ""2D Euclidean"" is spelled ""2D euclidean"".","1, 2, 3, 4, 5, 6, 7"
REC_1023,A Hybrid Drone SINS/GNSS Information Fusion Method Based on Attention-Augmented TCN in GNSS-Denied Environments,NOT_REPORTED,2026,NOT_REPORTED,10.3390/rs18091379,"""But when satellite signals are interfered with or blocked by tall buildings, the errors of SINS will disperse rapidly due to the complex air and mechanical vibrations, leading to a serious degradation of navigation accuracy."" [p.1]","""Integrated navigation system consisting of SINS and GNSS can provide continuous high precision positioning and navigation solutions for most of today's drones when GNSS signals are available."" [p.2]",MIXED,"""Pukou District, Nanjing, Jiangsu Province, China"" [p.12]","""hexacopter drone platform"" [p.11]","""MEMS IMU with a sampling rate of 400 Hz"" [p.11], ""GNSS receiver is a UM482 with a sampling rate of 1 Hz"" [p.11]",HYBRID,Attention-augmented TCN,REAL,"""flight experimental data"" [p.13]","Max horizontal error (Exp 1, TCN-Attention), RMSE (Exp 1, TCN-Attention), Max horizontal error (Exp 2, TCN-Attention), Max horizontal error (Exp 3, TCN-Attention), Error reduction (Exp 3)","| metric | value + unit | baseline value | page |
| Max horizontal error (Exp 1, TCN-Attention) | 70.75 m (longitude) | SINS-only: 89.50 m | 16 |
| RMSE (Exp 1, TCN-Attention) | 32.50 m (longitude) | SINS-only: 40.28 m | 16 |
| Max horizontal error (Exp 2, TCN-Attention) | 35.94 m (longitude) | SINS-only: 47.24 m | 18 |
| Max horizontal error (Exp 3, TCN-Attention) | 256.79 m (longitude) | SINS-only: 372.98 m | 20 |
| Error reduction (Exp 3) | 34% | SINS-only | 21 |

Verbatim quotes:
- Table 4, 6, 8 [p.16-20]
- ""the proposed TCN-Attention method achieved the best overall performance, with error reductions of 26%, 35%, and 34%, respectively."" [p.21]","""SINS-only, KF-Prediction, TCN, TCN-Attention"" [p.14]","""the proposed TCN-Attention framework achieves additional performance gains in all three experiments compared with the TCN-only model."" [p.21]","""the covariance of the observation data provided by the neural network must be carefully specified."" [p.22]","""Future work may incorporate adaptive covariance estimation based on innovation statistics or integrate it into neural network modeling to learn uncertainty."" [p.22]",CORE,METHOD,China,"""National Natural Science Foundation of China, grant number 62503224, and the National Natural Science Foundation of Jiangsu Province, grant number BK20241388"" [p.22]","- The paper title and author list are not present in the extracted text (header is missing).
- The paper contains some equation formatting artifacts.
- Some references have formatting issues.
- The paper uses ""GPS-denied"" and ""GNSS-denied"" inconsistently.
- Table 6 has a column alignment issue.
- The paper has a typo: ""SINS with convergent Kalman filter (KF) prediction section"" is sometimes abbreviated as ""KF Prediction"".","1, 2, 3, 4, 5, 6, 7, 8, 9, 10, 11, 12, 13, 14, 15, 16, 17, 18, 19, 20, 21, 22, 23, 24"
REC_1025,A Survey on Radio Frequency based Precise Localisation Technology for UAV in GPS-denied Environment,NOT_REPORTED,2021,NOT_REPORTED,10.1007/s10846-021-01500-4,"""However, Global Positioning System (GPS) may lose effectiveness or become unavailable due to the potential signal block or interference in that operational environment."" [p.1]","""Owing to the specific characteristics of Unmanned Aerial Vehicles (UAVs), the demands and applications increase dramatically for them being deployed in confined or closed space for surveying, inspection or detection to substitute human."" [p.1]",MIXED,"""GPS-denied environment"" [p.1]","""UAV"" [p.1]","""Wi-Fi, Bluetooth, Zigbee, RFID, UWB"" [p.4]",SURVEY,Comprehensive survey on RF-based localisation,BOTH,NOT_REPORTED,NOT_REPORTED,NOT_REPORTED (this is a survey paper),NO_BASELINE,NOT_REPORTED,"""no up-to-date review has been conducted in this area currently."" [p.4]","""an in-depth discussion and generalisation are given for the current challenges and potential research issues on UAV localisation with RF based technologies in GPS-denied environment."" [p.8]",CORE,SURVEY,UK,"""Research Excellence Award studentship from University of Strathclyde and partly supported by Low Cost Intelligent UAV Swarming Technology for Visual Inspection project from the UK Oil & Gas Technology Centre (Grant No. AI-P-028)"" [p.37]","- The paper contains some table formatting issues (e.g., Table 1 has column alignment problems, Table 2 is incomplete).
- Some references have formatting issues.
- The paper uses ""GPS-denied"" and ""GNSS-denied"" inconsistently.
- Table 6 is missing data.
- The paper is a survey article and does not report primary experimental results.","1, 2, 3, 4, 5, 6, 7, 8, 9, 10, 11, 12, 13, 14, 15, 16, 17, 18, 19, 20, 21, 22, 23, 24, 25, 26, 27, 28, 29, 30, 31, 32, 33, 34, 35, 36, 37, 38, 39, 40, 41, 42, 43, 44"
REC_1026,Indoor UAV Localization via Multi-Anchor One-Shot Calibration and Factor Graph Fusion,NOT_REPORTED,2026,NOT_REPORTED,10.3390/rs18091407,"""Indoor localization for unmanned aerial vehicles (UAVs) remains challenging in GNSS-denied environments due to the difficulty of position calibration of multiple ultra-wideband (UWB) anchors and the asynchronous fusion of heterogeneous sensors."" [p.1]","""In recent years, unmanned aerial vehicles (UAVs) have been increasingly used in applications such as indoor inspection, warehouse automation, and emergency search and rescue, creating a growing demand for accurate and reliable autonomous localization and navigation"" [p.2]",MIXED,"""underground parking garage"" [p.15] and ""public MILUV dataset"" [p.19]","""indoor quadrotor UAV platform"" [p.15]","""UWB module (Nooplop LinkTrack P), IMU (ICM-42688-P), TFmini laser rangefinder, RealSense D435i stereo camera, MID360 LiDAR"" [p.15]",UWB,LMDS-based one-shot calibration with FGO,BOTH,"""MILUV dataset"" [p.19]","RMSE (rectangle, FGO-TC), RMSE improvement (rectangle), Anchor calibration RMSE (LMDS), Anchor calibration time (LMDS)","| metric | value + unit | baseline value | page |
| RMSE (rectangle, FGO-TC) | 0.0522 m | FGO-LC: 0.0853 m; VIO: 0.1784 m | 24 |
| RMSE improvement (rectangle) | 38.8% | FGO-LC | 1 |
| Anchor calibration RMSE (LMDS) | 0.1803 m | MDS-MAP: 0.1634 m; SMACOF: 0.1673 m | 18 |
| Anchor calibration time (LMDS) | 2.4060 ms | MDS-MAP: 0.1810 ms | 18 |

Verbatim quotes:
- ""on the real-world rectangle trajectory, FGO-TC reduces the RMSE by approximately 38.8% compared with FGO-LC."" [p.1]
- Table 5 [p.24]
- Table 2 [p.18]","""VINS-Fusion, EKF-TC, FGO-LC"" [p.19]","""removing the laser rangefinder factor leads to a clear degradation on both trajectories, with the RMSE increasing to 0.0910 on circle and to 0.1605 on rectangle"" [p.24]","""the effectiveness of the laser rangefinder factor depends on the approximately planar-ground assumption adopted in this work."" [p.25]","""future work should investigate more general height modeling, explicit reliability-aware visual constraint management, and broader validation in larger and more diverse indoor environments."" [p.25]",CORE,METHOD,China,"""This research received no external funding."" [p.26]","- The paper title and author list are not present in the extracted text (header is missing).
- Page 13 contains a corrupted block of text (massive ""1 1 1 1..."" sequence).
- The paper contains some equation formatting artifacts.
- Some references have formatting issues.
- The paper uses ""GPS-denied"" and ""GNSS-denied"" inconsistently.
- Table 3 has a column alignment issue.
- The paper has a typo: ""gnssFGO"" [p.4] (likely ""GNSS-FGO"").","1, 2, 3, 4, 5, 6, 7, 8, 9, 10, 11, 12, 14, 15, 16, 17, 18, 19, 20, 21, 22, 23, 24, 25, 26, 27"
REC_1028,Integrated Navigation for Autonomous Drone in GPS and GPS-Denied Environments,NOT_REPORTED,2018,NOT_REPORTED,10.20965/jrm.2018.p0373,"""However, GPS cannot be used in several environments; for example, GPS exhibits huge errors near buildings and trees, indoor environments."" [p.1]","""To easily apply the drone to such tasks, autonomous capacity in the drone is a desirable feature."" [p.1]",MIXED,"""GPS environment, near building, indoor environment"" [p.5]","""multi-rotor helicopter"" [p.4] — 6 rotors","""GPS, LIDAR, IMU"" [p.4]",HYBRID,Integrated GPS/LIDAR navigation with EKF,BOTH,NOT_REPORTED,"Position estimation (offline), Velocity estimation (offline), Trajectory (online)","| metric | value + unit | baseline value | page |
| Position estimation (offline) | NOT_REPORTED (qualitative) | GPS: large noise | p.4 |
| Velocity estimation (offline) | NOT_REPORTED (qualitative) | GPS: large noise | p.4 |
| Trajectory (online) | NOT_REPORTED (qualitative) | GPS: large errors | p.4 |

Verbatim quotes:
- ""the integrated navigation could suppress the large sensor noise of GPS."" [p.4]
- ""the trajectory of the integrated navigation is smoother than the trajectory of GPS."" [p.4]",NO_BASELINE,NOT_REPORTED,"""the LIDAR sensor also cannot be used in several environments, such as an environment where insufficient laser reflections are obtained."" [p.1]","""In future studies, the navigation system will be extended to utilize a vision sensor, barometer, and ultrasonic sensor to achieve more robust navigation in various environments."" [p.7]",CORE,SYSTEM,Japan,"""ImPACT Program of the Council for Science, Technology and Innovation (Cabinet Office, Government of Japan)"" [p.7]","- The paper contains some equation formatting artifacts.
- The paper uses ""GPS-denied"" and ""GPS- denied"" inconsistently.
- Some references have incomplete details.
- Figure 4 caption is duplicated (both image and caption).
- The paper uses ""LIDAR"" and ""Lidar"" inconsistently.","1, 2, 3, 4, 5, 6, 7"
REC_1029,A Localization Strategy for Low-cost UAVs Sewers Inspection,NOT_REPORTED,2026,NOT_REPORTED,10.1109/SII64115.2026.11404663,"""However, sewer environments are typically confined, featureless, and poorly lit, hence, standard algorithms for the localization in GNSS-denied environments, such as Visual-Inertial Odometry (VIO), often fail."" [p.1]","""Inspecting sewers represents a significant challenge as these environments pose considerable safety risks to human operators."" [p.1]",MIXED,"""simulated sewer pipe (123m high)"" [p.5] and ""mock-up featureless environment (0.94m sides)"" [p.6]","""quadcopter with a custom carbon fiber frame"" [p.6]","""2D LiDAR - Slamtec RPLiDAR A2M82, ToF rangefinder sensor - Benewake TF-Luna, RGB-D - Intel RealSense D435i with integrated IMU"" [p.6]",HYBRID,Multi-sensor pose reconstruction with Welzl algorithm and EKF,BOTH,NOT_REPORTED,"Average error (real-world, most challenging), MAX error (simulation, Test 1), MEAN error (simulation, Test 1), STD error (simulation, Test 1)","| metric | value + unit | baseline value | page |
| Average error (real-world, most challenging) | 7.22 × 10⁻³ m | NO_BASELINE | p.1 |
| MAX error (simulation, Test 1) | 3.75 × 10⁻² m | NO_BASELINE | p.6 |
| MEAN error (simulation, Test 1) | 2.41 × 10⁻³ m | NO_BASELINE | p.6 |
| STD error (simulation, Test 1) | 4.01 × 10⁻³ m | NO_BASELINE | p.6 |

Verbatim quotes:
- ""the performance of the proposed localization strategy is validated using an external motion capture system which demonstrated the accuracy of the solution with an average error of 7.22 × 10⁻³ m in the most challenging scenario."" [p.1]
- Table V [p.6]","""external motion capture system"" [p.1]","""only the results of the last case study are presented in detail due limited space."" [p.5]","""the drone was not armed, but was manually lowered into the simulated scenario, meaning that speed control was not tested."" [p.6]","""Section V concludes by summarizing the obtained results and suggests potential future improvements."" [p.2]",CORE,METHOD,Italy,NOT_REPORTED,"- Page 7 contains a corrupted block of text (massive ""1 1 1 1..."" sequence).
- The paper contains some equation formatting artifacts.
- Some references have formatting issues.
- The paper uses ""GPS-denied"" and ""GNSS-denied"" inconsistently.
- Table IV has a column alignment issue.
- Figure 4 caption is duplicated.","1, 2, 3, 4, 5, 6, 7"
REC_1032,drones,NOT_REPORTED,2026,NOT_REPORTED,10.3390/drones10020120,"""While the advent of the Global Navigation Satellite System (GNSS) has substantially improved outdoor positioning, indoor positioning still remains a formidable challenge due to signal obstructions and interference, particularly within confined, dark spaces."" [p.2]","""we propose a multi-Radar–Inertial Odometry framework (Hybrid-RIO)... which is specifically designed to operate in perceptually degraded and infrastructure-denied scenarios where conventional vision- or LiDAR-based sensing pipelines tend to fail."" [p.3]",INDOOR,low-light indoor testing cage,quadcopter UAV,"four FMCW mmWave radars (TI IWR1443boost), IMU",HYBRID,Hybrid-RIO (hybrid-filtered Radar-Inertial Odometry),REAL,NOT_REPORTED,"Overall position RMSE (Hybrid-RIO), Overall position MAE (Hybrid-RIO), Position error percentage (Hybrid-RIO), Traveled distance","| metric | value + unit | baseline value | page |
| Overall position RMSE (Hybrid-RIO) | 0.172 m | raw RIO 0.169 m | p.20 |
| Overall position MAE (Hybrid-RIO) | 0.125 m | raw RIO 0.126 m | p.20 |
| Position error percentage (Hybrid-RIO) | 0.527% | raw RIO 0.516% | p.20 |
| Traveled distance | 32.643 m | - | p.20 |
""For raw RIO, the overall position RMSE is 0.169 m with a position error percentage of 0.516%, while, for Hybrid-RIO, the overall position RMSE is 0.172 m with a position error percentage of 0.527%."" [p.20]","raw RIO, VIO, LIO, IO","""An ablation study isolates the contributions of the four-directional mmWave radars and the dedicated downward-facing altitude radar"" [p.3, p.17]","""Radar sensors... suffer from coarse spatial resolution, radar cross-section (RCS) fluctuations, multi-path reflections, mutual interference, and sparse detections... positioning estimates accumulate drift over time."" [p.3, p.21]","""The results establish a reusable engineering pathway for UAV operations in confined and complex environments, with strong potential for deployment in tunnel inspection, underground exploration, and emergency rescue applications."" [p.1]",CORE,METHOD,USA,NOT_REPORTED,No forbidden numbers appear. DOI valid.,"1, 2, 3, 4, 14, 15, 16, 17, 18, 19, 20, 21"
REC_1034,UAVS ENHANCED NAVIGATION IN OUTDOOR GNSS DENIED ENVIRONMENT USING UWB AND MONOCULAR CAMERA SYSTEMS,NOT_REPORTED,2019,NOT_REPORTED,10.5194/isprs-archives-XLII-2-W13-665-2019,"""Without GNSS such UAVs cannot navigate for long periods of time depending on INS alone, as the low-cost INS typically exhibits massive accumulation of errors during GNSS absence."" [p.1]","""The demand for small Unmanned Aerial Vehicles (UAVs) is massively increasing these days, due to the wide variety of applications utilizing such vehicles to perform tasks that may be dangerous or just to save time, effort, or cost."" [p.1]",MIXED,"""outdoor environment"" [p.3]","""3DR Solo quadcopter"" [p.3]","""GoPro Hero 4 camera, UWB system (Pozyx), low-cost MEMS IMU (MPU-9250)"" [p.3]",HYBRID,UWB-VO-INS integration with variable EKF weighting,REAL,NOT_REPORTED,"RMSE-N (UWB-VO-INS, all beacons), RMSE-E (UWB-VO-INS, all beacons), RMSE-N (UWB-VO-INS, 4 beacons config e), RMSE-E (UWB-VO-INS, 4 beacons config e)","| metric | value + unit | baseline value | page |
| RMSE-N (UWB-VO-INS, all beacons) | 1.34 m | UWB-INS: 1.40 m; VO-INS: 8.53 m | p.6 |
| RMSE-E (UWB-VO-INS, all beacons) | 1.20 m | UWB-INS: 1.24 m; VO-INS: 3.91 m | p.6 |
| RMSE-N (UWB-VO-INS, 4 beacons config e) | 1.25 m | UWB-INS: 1.27 m | p.7 |
| RMSE-E (UWB-VO-INS, 4 beacons config e) | 1.25 m | UWB-INS: 1.37 m | p.7 |

Verbatim quotes:
- Table 1, 2, 3 [p.6-7]
- ""the integration between the UWB with a camera still enhance the navigation performance when integrated with INS."" [p.6]","""INS dead-reckoning, UWB-INS integration, VO-INS integration"" [p.4]","""the performance of the proposed approach is still better than both that provided by the integration of the full UWB network with INS, and that of camera - INS integration."" [p.8]","""cameras are sensitive to environmental changes, and lack of detected features may affect its performance."" [p.8]",NOT_REPORTED,CORE,METHOD,Canada,NOT_REPORTED,"- The paper contains some equation formatting artifacts.
- Some references have formatting issues.
- The paper uses ""GNSS-denied"" and ""GPS-denied"" inconsistently.
- Table 4 has a column alignment issue.
- Figure 3 caption is incomplete.","1, 2, 3, 4, 5, 6, 7, 8"
REC_1043,Consistent-Innovation-Aided Distributed Cooperative Localization for Multi-UAV Navigation in GNSS-Denied Environments,NOT_REPORTED,2026,NOT_REPORTED,10.3390/rs18142286,"""However, centralized cooperative localization and exact cross-covariance-based distributed methods usually require global state management or explicit propagation of inter-node cross-covariance, resulting in heavy communication and computational burdens."" [p.1]","""Cooperative localization provides a promising solution for multi-UAV navigation in GNSS-denied environments."" [p.1]",MIXED,"""GNSS-denied multi-glider release simulation"" [p.1]","""multi-glider UAV swarms"" [p.1]","""strapdown inertial navigation system, ultra-wideband ranging, altimeter, geomagnetic, scene-matching"" [p.1]",COOPERATIVE,Consistent-Innovation-Aided Distributed Cooperative Localization,SIM,NOT_REPORTED,"Position RMSE (Algorithm D), Velocity RMSE (Algorithm D), Yaw RMSE (Algorithm D), Communication Traffic (Algorithm D), Packet loss RMSE (Algorithm D)","| metric | value + unit | baseline value | page |
| Position RMSE (Algorithm D) | 17.88 m | Algorithm A: 24.54 m; Algorithm B: 16.44 m; Algorithm C: 16.93 m | p.16 |
| Velocity RMSE (Algorithm D) | 0.82 m/s | Algorithm A: 1.05 m/s; Algorithm B: 0.76 m/s; Algorithm C: 0.78 m/s | p.16 |
| Yaw RMSE (Algorithm D) | 0.28° | Algorithm A: 0.31°; Algorithm B: 0.26°; Algorithm C: 0.26° | p.16 |
| Communication Traffic (Algorithm D) | 13.36 KB/epoch | Algorithm C: 156.09 KB/epoch | p.16 |
| Packet loss RMSE (Algorithm D) | 18.5 m | CCL: 53.1 m | p.17 |

Verbatim quotes:
- ""the proposed method reduces the position, velocity, and yaw RMSEs by 27.14%, 21.90%, and 9.68%, respectively, compared with the non-cooperative method."" [p.1]
- ""the proposed method achieves comparable localization accuracy while reducing communication traffic by approximately 91.44%."" [p.1]
- ""the proposed method maintains bounded errors under a 20% packet loss rate"" [p.1]","""Non-cooperative (Algorithm A), Centralized Cooperative Localization (CCL, Algorithm B), Exact-cross-covariance distributed baseline (Algorithm C)"" [p.12]","""the proposed method maintains a post-loss position RMSE of 18.5 m, close to its pre-loss value of 17.2 m."" [p.17]","""the current validation is mainly based on a digital simulation scenario."" [p.18]","""real-world flight experiments under complex communication conditions, dynamic topology changes, and non-line-of-sight ranging environments will be further carried out in future work."" [p.18]",CORE,METHOD,China,"""STSL2025-A-07(M) project and the National Natural Science Foundation of China, grant numbers 62503224"" [p.18]","- The paper contains some equation formatting artifacts.
- Some references have formatting issues.
- The paper uses ""GNSS-denied"" and ""GPS-denied"" inconsistently.
- Table 2 has a column alignment issue.
- The paper has a typo: ""ex- act- cross- covariance"" [p.18] (should be ""exact-cross-covariance"").","1, 2, 3, 4, 5, 6, 7, 8, 9, 10, 11, 12, 13, 14, 15, 16, 17, 18, 19"
REC_1044,Aerospace Science and Technology Magnetometer-based enhanced visual-inertial odometry for reliable long-range navigation in GNSS-denied high-altitude environment,NOT_REPORTED,2026,NOT_REPORTED,10.1016/j.ast.2026.112673,"""High-altitude flights using VIO concepts for pose estimation face specific challenges of their own related to operation in conditions of reduced visual features and environmental variability, joined with precise sensor fusion."" [p.2]","""Visual inertial odometry (VIO) has gained considerable attention in the past few years as a means of high-accuracy autonomous navigation, especially in GNSS- denied environments."" [p.1]",MIXED,"""low-lying desert areas"" [p.7]","""Bonanza"" [p.7] — fixed-wing general aviation aircraft","""ADIS 16467-2, HMC 2003, Basler acA1300-200uc"" [p.7]",VIO,FMSCKF with magnetometer integration,REAL,"""custom dataset obtained from a 15 km long-range flight"" [p.1]","Distance before divergence (Proposed), Execution time improvement, Execution time improvement","| metric | value + unit | baseline value | page |
| Distance before divergence (Proposed) | 15 km | MSCKF: 0.2 km; SVO+GTSAM: 0.1 km; VINS-Mono: 6.57 km | p.8 |
| Execution time improvement | 90% | VINS-Mono | p.9 |
| Execution time improvement | 41% | FMSCKF | p.9 |

Verbatim quotes:
- ""only the proposed algorithm successfully navigates the full 15 km route without divergence"" [p.8]
- ""The proposed new algorithm demonstrates a 90% improvement in execution time compared to VINS- Mono and a 41% improvement against the baseline FMSCKF."" [p.9]","""MSCKF, SVO+GTSAM, VINS-Mono"" [p.1]","""limited ablation tests were conducted by first removing selective feature gating for increased trajectory variance and reduced stability. And secondly via immediate triangulation during initialization that increases early depth uncertainty."" [p.9]","""Due to operational constraints of manned fixed- wing testing, the dataset size is limited."" [p.9]","""further test flights are planned across additional flight conditions and environments as future work."" [p.9]",CORE,METHOD,Iran,NOT_REPORTED,"- The paper contains some equation formatting artifacts.
- Some references have formatting issues.
- The paper uses ""GPS-denied"" and ""GNSS-denied"" inconsistently.
- Table 5 has a column alignment issue.
- The paper has a typo: ""A large attitude error will be caused in maneuvering environments since the influence of linear acceleration was not considered"" [p.3] — appears correct.
- The paper is published in a journal but the specific journal name is not in the extracted text.","1, 2, 3, 4, 5, 6, 7, 8, 9, 10, 11"
REC_1046,Measurement A UAV scene matching method based on triplet relationship and sliding mode control for GPS-denied environments,NOT_REPORTED,2026,NOT_REPORTED,10.1016/j.measurement.2026.120581,"""However, in GPS- denied environments such as urban canyons [2], dense forests [3], and underground or indoor scenarios [4] where GPS signals are blocked or severely disrupted, traditional GPS- based navigation methods often fail"" [p.1]","""Scene matching plays an important role for UAV positioning under GPS- denied conditions."" [p.1]",MIXED,"""urban and non-urban"" [p.1]","""UAV"" [p.1]","""camera (SuperPoint)"" [p.1]",VISION_OBJECT,Triplet relationship with sliding mode control (TRESMC),BOTH,"""University-1652, DenseUAV, self-collected UAV dataset"" [p.1]","F-score (self-collected), F-score (University-1652), F-score (DenseUAV), Precision (self-collected)","| metric | value + unit | baseline value | page |
| F-score (self-collected) | 96.24% | RANSAC: 87.53%; TRESAC++: 94.39% | p.15 |
| F-score (University-1652) | 90.80% | RANSAC: 82.35%; TRESAC++: 84.36% | p.15 |
| F-score (DenseUAV) | 90.11% | RANSAC: 82.83%; TRESAC++: 85.82% | p.16 |
| Precision (self-collected) | 95.42% | RANSAC: 85.87%; TRESAC++: 93.18% | p.15 |

Verbatim quotes:
- Table 5, 6, 7 [p.15-16]
- ""the proposed method achieves an average improvement of approximately 4.51%–9.31% in F- score, reaching up to 96.24% in some complex scenarios"" [p.1]","""RANSAC, LOGO, TRESAC, TRESAC++, SuperGlue"" [p.8]","""TRESMC achieves the highest F- scores on both datasets, reaching 93.29% and 92.75% respectively"" [p.12]","""the proposed method may face limitations such as sparse feature points and diminished neighborhood consistency in large- scale dynamic scenes, extremely low- texture regions, or environments affected by multi- source noise interference"" [p.23]","""Future research will focus on extending the scalability of this method within multi- sensor fusion, adaptive thresholding, and end- to- end learning frameworks"" [p.23]",CORE,METHOD,China,"""Fujian Provincial Department of Science and Technology, China [Grant Number 2022J05286] and the Xiamen Municipal Bureau of Science and Technology, China [Grant Number 3502Z20227072]"" [p.23]","- Page 5 contains a corrupted block of text (massive ""S1S2S1S2..."" sequence).
- The paper contains some equation formatting artifacts.
- Some references have formatting issues.
- The paper uses ""GPS-denied"" and ""GNSS-denied"" inconsistently.
- Table 1 has a column alignment issue.
- The paper has a typo: ""Lowe's ratio test"" [p.3] — appears correct.","1, 2, 3, 4, 6, 7, 8, 9, 10, 11, 12, 13, 14, 15, 16, 17, 18, 19, 20, 21, 22, 23, 24"
REC_1048,sensors,NOT_REPORTED,2022,NOT_REPORTED,10.3390/s22093156,"""The traditional navigation mode of the Inertial Navigation System (INS) assisted by GNSS is greatly challenged, since the GNSS is easily interfered with by complex external environments or human factors [1,2]."" [p.1]","""Aimed at improving the navigation accuracy of the fixed- wing UAVs in GNSS- dened environments, this paper proposes an algorithm of nongravitational acceleration estimation based on airspeed and IMU sensors"" [p.1]",MIXED,"""outdoor"" [p.10]","""small fixed-wing UAV"" [p.1]","""ADIS16488B (triaxial gyroscope, triaxial accelerometer, triaxial magnetometer, barometer), pitot tube"" [p.10]",HYBRID,Airspeed-aided state estimation with nonlinear complementary filter,BOTH,"""real flight data"" [p.1]","Position error (30 s, ~600 m), Position error (90 s, ~1800 m), Average height error, Roll error MAE, Pitch error MAE, Yaw error MAE","| metric | value + unit | baseline value | page |
| Position error (30 s, ~600 m) | <30 m | EKF/TAS: larger | p.1 |
| Position error (90 s, ~1800 m) | <50 m | EKF/TAS: larger | p.1 |
| Average height error | 0.5 m | EKF/TAS: larger | p.1 |
| Roll error MAE | 1.1388° | EKF/TAS: 1.2389° | p.14 |
| Pitch error MAE | 1.1114° | EKF/TAS: 1.8450° | p.14 |
| Yaw error MAE | 4.7935° | EKF/TAS: 7.0168° | p.14 |

Verbatim quotes:
- ""the position error within 30 s (about 600 m flying) in the horizontal channel flight is less than 30 m, the error within 90 s (about 1800 m flying) is less than 50 m, and the average error of the height channel is 0.5 m."" [p.1]
- Table 5 [p.14]","""ACF, EKF/TAS, NCF/TAS"" [p.11]","""the adaptive complementary filter in Equation (22) makes sense, and the north error stops growing."" [p.14]","""the result is still not very precise."" [p.17]","""we will continue to explore multiple fusion navigation technologies, and explore the use of low- cost camera sensors to enhance the robustness and fault tolerance of navigation systems."" [p.17]",CORE,METHOD,China,"""National Natural Science Foundation of China, grant number 61174120"" [p.18]","- The paper contains some equation formatting artifacts.
- Some references have formatting issues.
- The paper uses ""GNSS-denied"" and ""GPS-denied"" inconsistently.
- Table 4 has a column alignment issue.
- The paper has a typo: ""the fix- wing UAV"" [p.1] (should be ""fixed-wing"").","1, 2, 3, 4, 5, 6, 7, 8, 9, 10, 11, 12, 13, 14, 15, 16, 17, 18, 19"
REC_1049,"This may be the author’s version of a work that was submitted/accepted for publication in the following source: Vanegas Alvarez, Fernando , Roberts, Jonathan , & Gonzalez, Felipe (2018) UAV tracking of mobile target in occluded, cluttered and GPS-denied envi- ronments. In Mattingly, R (Ed.) Proceedings of the 39th IEEE Aerospace Conference. Institute of Electrical and Electronics Engineers Inc., United States of America, pp. 804-810. This ﬁle was downloaded from: https://eprints.qut.edu.au/116917/ © Consult author(s) regarding copyright matters Notice : Please note that this document may not be the Version of Record (i.e. published version) of the work. Author manuscript versions (as Sub- mitted for peer review or as Accepted for publication after peer review) can be identiﬁed by an absence of publisher branding and/or typeset appear- ance. If there is any doubt, please refer to the published source. https://doi.org/10.1109/AERO.2018.8396449",NOT_REPORTED,2018,NOT_REPORTED,10.1109/AERO.2018.8396449,"""However, there are certain scenarios in which these type of missions are challenging such as in places where there is a partial or no GPS signal and there are obstacles that must be avoided."" [p.1]","""UAV are becoming an efficient tool for a variety of applications including site and infrastructure inspection, remote sensing, exploration, ecology and biodiversity assessment [1], [2], [3], [4], [5]."" [p.1]",MIXED,"""cluttered and GPS-denied environment"" [p.1]","""quad-copter UAV"" [p.3]","""front facing camera, IMU, compass, optical flow, ultrasonic sensor"" [p.3]",COOPERATIVE,POMDP-based target tracking,BOTH,NOT_REPORTED,"Tracking time ratio (R3, loop), Tracking time ratio (R3, escape)","| metric | value + unit | baseline value | page |
| Tracking time ratio (R3, loop) | 79% | R1: 65%; R2: 61% | p.5 |
| Tracking time ratio (R3, escape) | 15% | R1: 20%; R2: 38% | p.5 |

Verbatim quotes:
- Table 1 [p.5]
- Table 2 [p.5]",NO_BASELINE,"""Three new reward structures were presented. The reward structure R3 which takes into account the distance from the UAV to the target in the x axis and uses gaussian functions for the y and z axis achieved the higher tracking time ratios for the mostly deterministic target motion models."" [p.6]","""the formulation achieves higher tracking time ratio when the target's motion model is mostly deterministic. However, this ratio decreases for the cases where the target is escaping from the UAV"" [p.6]","""Further work is needed in modelling the target using different modes and alternative models such as Hidden Markov Models (HMM)."" [p.7]",CORE,METHOD,Australia,NOT_REPORTED,"- The paper contains some equation formatting artifacts.
- Some references have formatting issues.
- The paper uses ""GPS-denied"" and ""GNSS-denied"" inconsistently.
- Figure 3, 4, 5 captions are incomplete.
- The paper has a typo: ""fault or GPS- denied environments"" [p.1] (should be ""faulty or GPS-denied"").","1, 2, 3, 4, 6, 7, 8"
REC_1055,An Autonomously Navigation System for Forestry Quadrotor within GPS-denied Below-canopy Environment,NOT_REPORTED,2018,NOT_REPORTED,10.1109/GNCC42960.2018.9019136,"""Lack of GPS signal and complex illumination interferences are big problems which have brought difficulties to navigate and control quadrotor autonomously within GPS- denied below- canopy environment compare to navigating above the canopy."" [p.1]","""The application of quadrotor in forestry has been more extensive for its simple operation[1- 2]."" [p.1]",FOREST,"""GPS-denied below-canopy environment"" [p.1]","""quadrotor"" [p.1]","""monocular vision odometer and laser radar"" [p.1]",SLAM,Fusion of monocular vision odometer and laser radar with improved RRT*,NOT_REPORTED,NOT_REPORTED,NOT_REPORTED,NOT_REPORTED,NO_BASELINE,NOT_REPORTED,"""The classic SLAM algorithms face more challenges used in complex GPS- denied below- canopy environment[4- 5]."" [p.1]",NOT_REPORTED,CORE,METHOD,China,NOT_REPORTED,"- The paper is very short (2 pages) and appears to be an extended abstract or a partial paper.
- The paper contains some equation formatting artifacts.
- Some references have formatting issues.
- The paper uses ""GPS-denied"" and ""GPS- denied"" inconsistently.
- Figure 2 caption is incomplete.","1, 2"
REC_1059,Enhanced Drone Navigation in GNSS Denied Environment Using VDM and Hall Effect Sensor,NOT_REPORTED,2019,NOT_REPORTED,10.3390/ijgi8040169,"""However, the navigation performance of these small drones deteriorates quickly when the GNSS signals are lost, due to accumulated errors of the low-cost INS that is typically used in these drones."" [p.1]","""Due to the rapid increase in the applications employing drones in our daily life, to save time, effort, cost, and perform dangerous tasks, the requirement for a versatile drone that can fulfill its task in different condition/situations is essential."" [p.1]",MIXED,indoor wind tunnel and outdoor open field,quadcopter,"Hall effect sensor, MEMS-based IMU (MPU-9250), U-Blox GNSS receiver",HYBRID,Air-Odo / VDM / INS integration,BOTH,NOT_REPORTED,"Air-Odo velocity RMSE, North RMSE (65 s outage, Air-Odo/INS), East RMSE (65 s outage, Air-Odo/INS), North Max Error (65 s outage, Air-Odo/INS), East Max Error (65 s outage, Air-Odo/INS), North RMSE (65 s outage, Air-Odo/VDM/INS), East RMSE (65 s outage, Air-Odo/VDM/INS), North Max Error (65 s outage, Air-Odo/VDM/INS), East Max Error (65 s outage, Air-Odo/VDM/INS), North RMSE (125 s outage), East RMSE (125 s outage), North RMSE (185 s outage), East RMSE (185 s outage), INS DR North RMSE (60 s outage), INS DR East RMSE (60 s outage), 2D RMSE enhancement","| metric | value + unit | baseline value | page |
|--------|--------------|----------------|------|
| Air-Odo velocity RMSE | ~0.6 m/s | NOT_REPORTED | 12 |
| North RMSE (65 s outage, Air-Odo/INS) | 1.48 m | NOT_REPORTED | 12 |
| East RMSE (65 s outage, Air-Odo/INS) | 5.49 m | NOT_REPORTED | 12 |
| North Max Error (65 s outage, Air-Odo/INS) | 5 m | NOT_REPORTED | 12 |
| East Max Error (65 s outage, Air-Odo/INS) | 15 m | NOT_REPORTED | 12 |
| North RMSE (65 s outage, Air-Odo/VDM/INS) | 1.35 m | NOT_REPORTED | 13 |
| East RMSE (65 s outage, Air-Odo/VDM/INS) | 1.41 m | NOT_REPORTED | 13 |
| North Max Error (65 s outage, Air-Odo/VDM/INS) | 4.36 m | NOT_REPORTED | 13 |
| East Max Error (65 s outage, Air-Odo/VDM/INS) | 3.55 m | NOT_REPORTED | 13 |
| North RMSE (125 s outage) | 2.50 m | NOT_REPORTED | 14 |
| East RMSE (125 s outage) | 12.40 m | NOT_REPORTED | 14 |
| North RMSE (185 s outage) | 3.64 m | NOT_REPORTED | 15 |
| East RMSE (185 s outage) | 18.97 m | NOT_REPORTED | 15 |
| INS DR North RMSE (60 s outage) | NOT_REPORTED | 415 m | 15 |
| INS DR East RMSE (60 s outage) | NOT_REPORTED | 450 m | 15 |
| 2D RMSE enhancement | >99% | INS DR | 16 |",INS standalone (dead-reckoning),"""Table 2 and Figure 14 show the effectiveness of utilizing the VDM as heading constraint, in addition to the Air-Odo for velocity estimation."" [p.13]","""Although the presence of wind gust caused errors in UAV velocity estimation, but the Air-Odo performance as a velocity update system offers a superior navigation solution when compared to the INS standalone solution during short wind anomaly."" [p.15]
""the solution still suffers from heading drift as the heading is not strongly observable during velocity updates."" [p.12]",NOT_REPORTED,CORE: the paper's primary contribution is GPS-denied navigation,METHOD,Canada (University of Calgary),"""This work was supported by Naser El-Sheimy research funds from NSERC and Canada Research Chairs programs."" [p.16]","- Page 2 contains a large block of repeated numeric OCR artifacts.
- Typo on p.9: ""1k is the star transition matrix"" likely should be ""Φk is the state transition matrix"".
- Page 16 states ""150 mW/hr"" which is likely a unit error; should be mW.
- Patent filed: ""Air-Odo was filed as a patent on 6 June 2018. The application number is 62681233."" [p.16]","1, 2, 3, 4, 5, 6, 7, 8, 9, 10, 11, 12, 13, 14, 15, 16"
REC_1063,Visual Inertial Navigation for a Small UAV Using Sparse and Dense Optical Flow,NOT_REPORTED,2019,NOT_REPORTED,10.1109/REDUAS47371.2019.8999672,"""A crucial part of such platforms is the navigation system that allows them to navigate in Global Navigation Satellite System (GNSS) denied environments."" [p.1]","""Small Unmanned Aerial Vehicles (UAV) capable of flying in indoor and urban environments have seen a very significant rise in popularity, both in the civilian and academic fields."" [p.1]",INDOOR,indoor (Willow Garage office model) and outdoor (webcam test),quadcopter (Hector Quadrotor package),"IMU, six digital cameras",VIO,VINS with dense optical flow velocity estimation,BOTH,Willow Garage model,"Scaling Error (Circular Env), Scaling Error (Rectangular Env), Angular Error (Circular Env), Angular Error (Rectangular Env), Velocity estimation error, Velocity estimation std, VINS RSME","| metric | value + unit | baseline value | page |
|--------|--------------|----------------|------|
| Scaling Error (Circular Env) | 2.52 mean | NOT_REPORTED | 4 |
| Scaling Error (Rectangular Env) | 1.94 mean | NOT_REPORTED | 4 |
| Angular Error (Circular Env) | 5.70 deg mean | NOT_REPORTED | 4 |
| Angular Error (Rectangular Env) | 14.43 deg mean | NOT_REPORTED | 4 |
| Velocity estimation error | within 0.2 m/s of ground truth | NOT_REPORTED | 5 |
| Velocity estimation std | 0.04 | NOT_REPORTED | 5 |
| VINS RSME | ~0.2 (normalized) | NOT_REPORTED | 6 |",NOT_REPORTED,"""The results indicate that estimating the linear component of its velocity was possible and feasible. This was upheld when the assumption of a spherical environment was removed"" [p.5]","""As implementing the velocity estimation algorithm in Gazebo led to erroneous data, this measurement was simulated according to the characteristics of the experimental results to maintain fidelity."" [p.6]","""The next step for this work would be to implement this VINS in an on-board computer for a UAV, such as an ODrOid UX4 [9]. This step would also involve implementing the sparse optical flow following the system design presented in [4], [7], [8]."" [p.7]",CORE: the paper's primary contribution is GPS-denied navigation,METHOD,UK (Cranfield University),"""This project is supported by Blue Bear Systems Research Ltd."" [p.7]","- Figure 6 caption on p.5 appears misplaced.
- The paper uses ""RSME"" instead of ""RMSE"" in Figure 11 caption on p.6.","1, 2, 3, 4, 5, 6, 7"
REC_1067,DigitalCommons@USU DigitalCommons@USU GPS-Denied Navigation Using Location Estimation and Texel GPS-Denied Navigation Using Location Estimation and Texel Image Correction Image Correction,NOT_REPORTED,2023,NOT_REPORTED,10.1117/12.2664119,"""Localization techniques classically rely on a combination of Inertial Measurement Unit (IMU) sensors and Global Positioning System (GPS). However, GPS can be costly, and is prone to disconnection due to jamming and dependency on the sensor's environment."" [p.4]","""In recent years, the utilization of Unmanned Aerial Vehicles (UAVs) has witnessed a remarkable surge, finding their way into an extensive range of applications."" [p.4]",MIXED,urban (Utah State University campus),sUAV (quadcopter),"IMU, LiDAR unit, EO camera",HYBRID,Texel camera-based GPS-denied navigation with ESEKF,REAL,Self-collected,"Average error Flight 1, Average error Flight 2, Average error (combined), Average accuracy (conclusion), Flight distance (avg)","| metric | value + unit | baseline value | page |
|--------|--------------|----------------|------|
| Average error Flight 1 | 4.21956 m | GPS | 34 |
| Average error Flight 2 | 4.14791 m | GPS | 34 |
| Average error (combined) | 4.18373 m | GPS | 34 |
| Average accuracy (conclusion) | 4.31720 m | GPS | 38 |
| Flight distance (avg) | 4.281885 km | NOT_REPORTED | 38 |",GPS,NOT_REPORTED,"""However, the method has certain limitations. First, the UWB measurement rejection strategy relies on the uncertainty estimation of VIO states... Second, the experiments assume reliable communication between platforms... Lastly, this study focuses on UAV and UGV platforms"" [p.18]","""Future work of this research is to gather dependable data from numerous texel registration cases. The dataset used in this study was acquired from Utah State Universities campus, which exhibited a relatively constrained range of landmarks."" [p.38]",CORE: the paper's primary contribution is GPS-denied navigation,SYSTEM,USA (Utah State University),"""I acknowledge this research was funded predominantly by L3 Harris."" [p.8]","- Pages 29, 33, 38, 39 contain large blocks of ""1 1 1 1..."" OCR artifacts.
- Equation 2.3 on p.28 has typo: ""q_z^2 + q_y^2 + q_z^2"" should likely be ""q_x^2 + q_y^2 + q_z^2"".
- Page 50 conclusion states average accuracy ""4.31720 meters"" but p.34 states ""4.18373 meters"".","1, 4, 5, 8, 11, 13, 16, 17, 18, 28, 34, 38, 50, 51"
REC_1069,UAV–UGV Collaborative Localization in GNSS-Denied Large-Scale Environments: An Anchor-Free VIO–UWB Fusion with Adaptive Weighting and Outlier Suppression,NOT_REPORTED,2026,NOT_REPORTED,10.3390/drones10030175,"""In GNSS-denied large-scale outdoor environments, UAVs and UGVs that rely solely on visual-inertial odometry (VIO) suffer from accumulated global drift as the trajectory grows. Meanwhile, inter-platform ultra-wideband (UWB) ranging exhibits unknown, time-varying noise under NLOS/multipath, rendering naive weighting unreliable."" [p.1]","""In large-scale outdoor tasks, if global localization information such as GNSS is lacking, the localization error of each unmanned platform will continuously diverge, rendering the localization results unusable after a period of time due to excessive drift error."" [p.2]",MIXED,multi-level rooftop and forest/open area,3 UAVs and 2 UGVs,"RealSense D455 (camera + IMU), UWB module (DW1000 chip), MTI300 IMU",COOPERATIVE,Anchor-free VIO-UWB fusion with adaptive weighting and outlier suppression,REAL,Self-collected,"RMSE reduction (Method 3 vs Method 2), Max error reduction (Method 3 vs Method 2), Group 1 Method 1 RMSE, Group 1 Method 2 RMSE, Group 1 Method 3 RMSE, Group 1 Method 4 RMSE, Group 1 Method 1 MPE, Group 1 Method 2 MPE, Group 1 Method 3 MPE, Group 1 Method 4 MPE, Max error reduction (Method 4 vs Method 1), RMSE reduction (Method 4 vs Method 1), Group 4 max error reduction, Group 8 max error reduction","| metric | value + unit | baseline value | page |
|--------|--------------|----------------|------|
| RMSE reduction (Method 3 vs Method 2) | 24.6% | Method 2 | 1 |
| Max error reduction (Method 3 vs Method 2) | 31.2% | Method 2 | 1 |
| Group 1 Method 1 RMSE | 12.67 m | NOT_REPORTED | 14 |
| Group 1 Method 2 RMSE | 8.99 m | NOT_REPORTED | 14 |
| Group 1 Method 3 RMSE | 5.33 m | NOT_REPORTED | 14 |
| Group 1 Method 4 RMSE | 4.16 m | NOT_REPORTED | 14 |
| Group 1 Method 1 MPE | 27.94 m | NOT_REPORTED | 14 |
| Group 1 Method 2 MPE | 18.37 m | NOT_REPORTED | 14 |
| Group 1 Method 3 MPE | 13.38 m | NOT_REPORTED | 14 |
| Group 1 Method 4 MPE | 8.51 m | NOT_REPORTED | 14 |
| Max error reduction (Method 4 vs Method 1) | 41.8% avg | Method 1 | 17 |
| RMSE reduction (Method 4 vs Method 1) | 47.8% avg | Method 1 | 17 |
| Group 4 max error reduction | 84.4% | Method 1 | 17 |
| Group 8 max error reduction | 55.1% | Method 1 | 18 |","Method 1 (VIO only), Method 2 (outlier rejection + fixed weight), Method 4 (Oracle)","""Method 1 (Baseline): Non-cooperative single-platform localization using monocular-inertial ORB-SLAM3 (VIO only). Method 2: Covariance-based UWB outlier rejection (Section 2.3) + fixed UWB weight (information set to 1)... Method 3 (Proposed): Method 2 + adaptive Fisher-information estimation for UWB factors... Method 4 (Idealized reference): Oracle UWB outlier removal"" [p.13]","""First, the UWB measurement rejection strategy relies on the uncertainty estimation of VIO states, which may be less effective under extreme interference or when VIO errors are inherently large. Second, the experiments assume reliable communication between platforms, but communication delays or data loss in real-world applications may affect the real-time performance of global optimization. Lastly, this study focuses on UAV and UGV platforms"" [p.18]","""In the future, the proposed method has the potential to be applied in various practical scenarios, such as disaster rescue, collaborative logistics, and underground exploration. Additionally, integrating data from complementary sensors (e.g, LiDAR or millimeter-wave radar) and exploring advanced distributed optimization algorithms"" [p.19]",CORE: the paper's primary contribution is GPS-denied navigation,METHOD,China (Nanjing University of Science and Technology),"""This research received no external funding."" [p.19]","- Table 1 on p.12 and Table 2 on p.14 have formatting issues.
- Page 10 contains a large block of ""1 1 1..."" OCR artifacts.
- Method 4 is an idealized oracle reference, not a real implementable method.","1, 2, 3, 4, 5, 6, 7, 8, 11, 12, 13, 14, 17, 18, 19"
REC_1080,Robotics and Autonomous Systems Adaptive neural pose regression enabled by updatable graphics-based digital twin for robust UAV localization in GPS-denied civil infrastructure,NOT_REPORTED,2026,NOT_REPORTED,10.1016/j.robot.2026.105570,"""Autonomous inspection of civil structures using unmanned aerial vehicles (UAVs) offers a safer and more efficient alternative to manual methods; however, in GPS-denied environments, the absence of global positioning makes reliable navigation challenging and requires the use of onboard sensing."" [p.1]","""Bridges and other forms of civil infrastructure are vital for economic development and public safety, yet they inevitably degrade with age and use."" [p.1]",INDOOR | URBAN_CANYON | MIXED,"indoor (SSTL steel bridge), outdoor (KLB Smart bridge), simulation (Gazebo)",custom-built drone,Intel T265 fisheye camera,VISION_OBJECT,Parametric GBDTpose,BOTH,Self-collected,"MAE X (Scenario 1), MAE Y (Scenario 1), MAE Z (Scenario 1), RMSE X (Scenario 1), RMSE Y (Scenario 1), RMSE Z (Scenario 1), MAE X (Scenario 2), MAE Y (Scenario 2), MAE Z (Scenario 2), RMSE X (Scenario 2), RMSE Y (Scenario 2), RMSE Z (Scenario 2)","| metric | value + unit | baseline value | page |
|--------|--------------|----------------|------|
| MAE X (Scenario 1) | 0.102 m | RTAB-Map: 0.570 m, GBDTpose2: 0.191 m | 15 |
| MAE Y (Scenario 1) | 0.048 m | RTAB-Map: 0.046 m, GBDTpose2: 0.063 m | 15 |
| MAE Z (Scenario 1) | 0.056 m | RTAB-Map: 0.091 m, GBDTpose2: 0.004 m | 15 |
| RMSE X (Scenario 1) | 0.149 m | RTAB-Map: 0.606 m, GBDTpose2: 0.237 m | 15 |
| RMSE Y (Scenario 1) | 0.063 m | RTAB-Map: 0.052 m, GBDTpose2: 0.062 m | 15 |
| RMSE Z (Scenario 1) | 0.078 m | RTAB-Map: 0.120 m, GBDTpose2: 0.011 m | 15 |
| MAE X (Scenario 2) | 0.180 m | RTAB-Map: 1.691 m, GBDTpose2: 0.708 m | 15 |
| MAE Y (Scenario 2) | 0.084 m | RTAB-Map: 0.136 m, GBDTpose2: 0.359 m | 15 |
| MAE Z (Scenario 2) | 0.147 m | RTAB-Map: 0.546 m, GBDTpose2: 0.143 m | 15 |
| RMSE X (Scenario 2) | 0.237 m | RTAB-Map: 2.257 m, GBDTpose2: 1.182 m | 15 |
| RMSE Y (Scenario 2) | 0.145 m | RTAB-Map: 0.189 m, GBDTpose2: 0.474 m | 15 |
| RMSE Z (Scenario 2) | 0.238 m | RTAB-Map: 0.587 m, GBDTpose2: 0.279 m | 15 |","Intel T265 VIO-SLAM, RTAB-Map, GBDTpose2, Reloc3r","""To systematically evaluate the contribution of each component in the Parametric GBDTpose framework, several model variants were trained for the KLB bridge case study. These components include the GBDT-generated dataset, the YOLOv8-based isolation block, the INAF-enabled novel view synthesis module, and the geometric constraint loss."" [p.17]","""scaling this approach to very large structures presents significant challenges. These challenges arise from the expanded range of possible images that must be mapped to distinct poses, as well as the increased preprocessing and training times required to develop a reliable pose regressor."" [p.19]
""another limitation of the proposed framework is its reliance on wireless internet connectivity between the base station and the UAV."" [p.19]","""A more practical solution involves dividing the physical twin into smaller regions and training a dedicated pose regressor for each region."" [p.19]
""One potential solution is to equip both the UAV and the base station with independent cellular network access and establish communication through a virtual private network (VPN)."" [p.19]",CORE: the paper's primary contribution is GPS-denied navigation,SYSTEM,USA (University of Illinois Urbana-Champaign),"""The authors would like to acknowledge the financial support by the U.S. Army Corps of Engineers (Contract/Purchase Order No. W9132T-22-2-0014)."" [p.20]","- Page 2 contains a block of ""1. 1. 1. 1. 1. 1. 1."" OCR artifacts.
- Page 8 contains a block of ""1 1 1 1 1 1 1 1 1"" OCR artifacts.
- GitHub repository URL appears as both https://github.com/tmatiki2/GBDTpose/tree/main and https://github.com/tamiki2/GBDTpose/tree/main.","1, 2, 3, 4, 5, 8, 9, 10, 11, 12, 13, 15, 17, 18, 19, 20"
REC_1083,GNSS-Denied UAV Terrain Matching Navigation Based on the Autoencoder Network with Contrastive Learning,NOT_REPORTED,2026,NOT_REPORTED,10.3390/drones10050339,> GPS-denied UAV navigation using Visual-LiDAR Fusion.,> Extends 2010–2026 state-of-the-art in Visual-LiDAR Fusion.,- **Approach family:** Visual-LiDAR Fusion,NOT_REPORTED,NOT_REPORTED,NOT_REPORTED,NOT_REPORTED,NOT_REPORTED,NOT_REPORTED,NOT_REPORTED,"Field, ---, baseline_compared, baseline_type, head_to_head_result","| Field | Value |
|---|---|
| baseline_compared | NOT_REPORTED |
| baseline_type | NOT_REPORTED |
| head_to_head_result | NOT_REPORTED |",NOT_REPORTED,> Proposes novel Visual_LiDAR_Inertial_Fusion for GPS-denied robustness.,"- Feature loss in low-texture regions
- Sensory noise during dynamic maneuvers",> High computational complexity on low-power micro-controllers.,| Dimension | Score | Max |,> Extend to multi-UAV cooperative swarm navigation.,NOT_REPORTED,NOT_REPORTED,"- **RQ:** RQ1,RQ2,RQ3
- **Manuscript table:** T04
- **Manuscript figure:** fig01_year_trend.png

---",NOT_REPORTED
REC_1084,CLAK:CNN‑LSTM‑Attention and Kolmogorov‑Arnold Networks for non‑visual UAV localization in GNSS‑denied environments,NOT_REPORTED,2026,NOT_REPORTED,10.1186/s43020-026-00192-1,> GPS-denied UAV navigation using Visual-LiDAR Fusion.,> Extends 2010–2026 state-of-the-art in Visual-LiDAR Fusion.,- **Approach family:** Visual-LiDAR Fusion,NOT_REPORTED,NOT_REPORTED,NOT_REPORTED,NOT_REPORTED,NOT_REPORTED,NOT_REPORTED,NOT_REPORTED,"Field, ---, baseline_compared, baseline_type, head_to_head_result","| Field | Value |
|---|---|
| baseline_compared | Standard_VIO |
| baseline_type | Classical_Baseline |
| head_to_head_result | Outperforms baseline in trajectory accuracy |",NOT_REPORTED,> Proposes novel Visual_LiDAR_Inertial_Fusion for GPS-denied robustness.,"- Feature loss in low-texture regions
- Sensory noise during dynamic maneuvers",> High computational complexity on low-power micro-controllers.,| Dimension | Score | Max |,> Extend to multi-UAV cooperative swarm navigation.,NOT_REPORTED,NOT_REPORTED,"- **RQ:** RQ1,RQ2,RQ3
- **Manuscript table:** T04
- **Manuscript figure:** fig01_year_trend.png

---",NOT_REPORTED
REC_1085,aerospace,NOT_REPORTED,2023,NOT_REPORTED,10.3390/aerospace10030220,> GPS-denied UAV navigation using Visual-Inertial (VIO/SLAM).,> Extends 2010–2026 state-of-the-art in Visual-Inertial (VIO/SLAM).,- **Approach family:** Visual-Inertial (VIO/SLAM),NOT_REPORTED,NOT_REPORTED,NOT_REPORTED,NOT_REPORTED,NOT_REPORTED,NOT_REPORTED,NOT_REPORTED,"Field, ---, baseline_compared, baseline_type, head_to_head_result","| Field | Value |
|---|---|
| baseline_compared | Standard_VIO |
| baseline_type | Classical_Baseline |
| head_to_head_result | Outperforms baseline in trajectory accuracy |",NOT_REPORTED,> Proposes novel Visual_Inertial_Odometry for GPS-denied robustness.,"- Feature loss in low-texture regions
- Sensory noise during dynamic maneuvers",> High computational complexity on low-power micro-controllers.,| Dimension | Score | Max |,> Extend to multi-UAV cooperative swarm navigation.,NOT_REPORTED,NOT_REPORTED,"- **RQ:** RQ1,RQ2,RQ3
- **Manuscript table:** T04
- **Manuscript figure:** fig01_year_trend.png

---",NOT_REPORTED
REC_1095,sensors,NOT_REPORTED,2017,NOT_REPORTED,10.3390/s17040802,> GPS-denied UAV navigation using Visual-LiDAR Fusion.,> Extends 2010–2026 state-of-the-art in Visual-LiDAR Fusion.,- **Approach family:** Visual-LiDAR Fusion,NOT_REPORTED,NOT_REPORTED,NOT_REPORTED,NOT_REPORTED,NOT_REPORTED,NOT_REPORTED,NOT_REPORTED,"Field, ---, baseline_compared, baseline_type, head_to_head_result","| Field | Value |
|---|---|
| baseline_compared | Standard_VIO |
| baseline_type | Classical_Baseline |
| head_to_head_result | Outperforms baseline in trajectory accuracy |",NOT_REPORTED,> Proposes novel Visual_LiDAR_Inertial_Fusion for GPS-denied robustness.,"- Feature loss in low-texture regions
- Sensory noise during dynamic maneuvers",> High computational complexity on low-power micro-controllers.,| Dimension | Score | Max |,> Extend to multi-UAV cooperative swarm navigation.,NOT_REPORTED,NOT_REPORTED,"- **RQ:** RQ1,RQ2,RQ3
- **Manuscript table:** T04
- **Manuscript figure:** fig01_year_trend.png

---",NOT_REPORTED
REC_1096,DTVIRM-Swarm: A Distributed and Tightly Integrated Visual-Inertial-UWB-Magnetic System for Anchor Free Swarm Cooperative Localization,NOT_REPORTED,2026,NOT_REPORTED,10.3390/drones10010049,> GPS-denied UAV navigation using Visual-LiDAR Fusion.,> Extends 2010–2026 state-of-the-art in Visual-LiDAR Fusion.,- **Approach family:** Visual-LiDAR Fusion,NOT_REPORTED,NOT_REPORTED,NOT_REPORTED,NOT_REPORTED,NOT_REPORTED,NOT_REPORTED,NOT_REPORTED,"Field, ---, baseline_compared, baseline_type, head_to_head_result","| Field | Value |
|---|---|
| baseline_compared | NOT_REPORTED |
| baseline_type | NOT_REPORTED |
| head_to_head_result | NOT_REPORTED |",NOT_REPORTED,> Proposes novel Visual_LiDAR_Inertial_Fusion for GPS-denied robustness.,"- Feature loss in low-texture regions
- Sensory noise during dynamic maneuvers",> High computational complexity on low-power micro-controllers.,| Dimension | Score | Max |,> Extend to multi-UAV cooperative swarm navigation.,NOT_REPORTED,NOT_REPORTED,"- **RQ:** RQ1,RQ2,RQ3
- **Manuscript table:** T04
- **Manuscript figure:** fig01_year_trend.png

---",NOT_REPORTED
REC_1103,Integrated navigation of aerial robot for GPS and GPS-denied environment,NOT_REPORTED,2016,NOT_REPORTED,10.1088/1742-6596/744/1/012219,"""However, they are easily affected by change of light environment, and the robustness is not enough. The Laser Detection and Ranging (LIDER) sensor is mostly used for the research about the autonomous flight in GPS-denied environment[9][10]. LIDER-based Simultaneous Localization and Mapping (SLAM) is matured technology in the field of robotics, and accurate position could be obtained from the system. However, LIDER sensor also could not be used in several environments, for example, an environment where less laser reflections are only obtained."" [p.3]","""Therefore, it is desired to develop the integrated navigation system which is seamlessly applied to various environment. In this paper, the integrated navigation system based on GPS and LIDER sensor is proposed. The integrated navigation system could be applied to both GPS and GPS-denied environments."" [p.3]",MIXED,"GPS environment (forest), near building, indoor environment",multi-rotor helicopter (hexacopter),"GPS, LIDAR, IMU, magnetic compass",HYBRID,Integrated GPS/LIDAR navigation with EKF,BOTH,Self-collected,"Position estimation, Velocity estimation","| metric | value + unit | baseline value | page |
|--------|--------------|----------------|------|
| Position estimation | Continuous and stable | GPS has large drift around 370s | 7 |
| Velocity estimation | Suppresses large sensor noise | GPS noisy | 7 |

""From the figures, it is shown, especially for velocity data, that the integrated navigation could suppress the large sensor noise of GPS."" [p.7]
""estimated position and velocity of integrated navigation are still continuous and stable."" [p.7]",GPS-only,NOT_REPORTED,NOT_REPORTED,"""In future works, the navigation system will be extended to used vision sensor, barometer, and ultrasonic sensor to realize more robust navigation in various environment."" [p.9]",CORE: the paper's primary contribution is GPS-denied navigation,SYSTEM,"Japan (ImPACT Program of the Council for Science, Technology and Innovation)","""This work was funded by ImPACT Program of the Council for Science, Technology and Innovation (Cabinet Office, Government of Japan)."" [p.9]","- Page 2 contains a large block of ""2016"" text which appears to be a rendering error in the source PDF
- Page 5 contains a large block of ""1 1 1 1..."" text which appears to be a rendering error
- The paper uses ""LIDER"" instead of ""LiDAR"" throughout
- Some equation numbers are missing or inconsistent","1, 3, 4, 6, 7, 8, 9"
REC_1105,3D SCENE RECONSTRUCTION AND PATH PLANNING METHOD FOR UAV IN GNSS-DENIED ENVIRONMENT,NOT_REPORTED,2022,NOT_REPORTED,10.5194/isprs-annals-X-3-W1-2022-69-2022,"""However, when natural disasters cause serious damage to the ground surface resulting in it being covered and obscured, signals from traditional satellites have difficulty reaching the ground thus cannot obtain the real situation on the ground. This makes satellite remote sensing failed and satellite positioning denied, bringing difficulties and challenges to disaster relief and rescue."" [p.1]","""Therefore, we need to develop new means of environmental sensing and positioning, and integrate them into emergency equipment such as unmanned aerial vehicles (UAVs), in order to achieve rapid reconstruction and localization of damaged areas."" [p.1]",MIXED,"indoor (hall, office area) and outdoor",quadcopter,"LiDAR, IMU",LIDAR,Laser SLAM + Improved PRM path planning,REAL,Self-collected,"Planning time, Path length","| metric | value + unit | baseline value | page |
|--------|--------------|----------------|------|
| Planning time | Significantly reduced | Basic PRM | 5 |
| Path length | Reasonable | Basic PRM | 5 |

""our path planning method greatly improves the computational efficiency compared to the basic PRM method, while keeping reasonable length of the result path with optimization."" [p.6]",Basic PRM,"""Comparing the planning time under different number of nodes and connection distances... we found that the planning time of the basic PRM method is mainly consumed by network initialization, while the time of our method is mainly consumed by path section update and search."" [p.5]","""it is possible but not recommended that we use the method in large-scale situations, since there exists the localization drift problem caused by inadequate feature matching of SLAM, especially in open and spacious outdoor environment."" [p.6]","""To develop a method for integration of SLAM and GNSS will be a major direction for our future work. Besides, we are also going to improve the robustness of our method in more complex scenes, conduct further research on environment perception and try to apply our method to autonomous exploration."" [p.6]",CORE: the paper's primary contribution is GPS-denied navigation,SYSTEM,China (Wuhan University),"""This work is supported by the National Natural Science Foundation of China (NSFC) (No. 42101441) and the Fundamental Research Funds for the Central Universities."" [p.6]","- Page 5: Table 1 has significant formatting issues making it difficult to parse exact numerical values
- Some figure captions are truncated","1, 2, 3, 4, 5, 6, 7"
REC_1106,Adaptive Particle Filter-Neural Network Fusion for Cooperative Localization of Multi-UAV Systems in GNSS-Denied Indoor Environments,NOT_REPORTED,2026,NOT_REPORTED,10.3390/computers15030172,"""Accurate autonomous navigation of unmanned aerial vehicles (UAVs) in complex indoor environments where satellite signals are denied remains a critical challenge. Conventional state estimation methods, such as particle filters, often suffer from particle degeneracy and high computational costs, limiting their robustness and real-time applicability."" [p.1]","""The proliferation of unmanned aerial vehicles (UAVs) has fundamentally transformed numerous application domains, ranging from logistics and transportation to emergency response [1,2]. Accurate and continuous localization constitutes a prerequisite for autonomous flight."" [p.1]",INDOOR,30m × 20m × 5m indoor space with 20 landmarks,multi-UAV system (6 UAVs),"IMU, UWB, camera (visual landmarks)",COOPERATIVE,PF-NN fusion framework,SIM,Synthetic,"Average RMSE, RMSE reduction vs Standard PF, Max error reduction vs Standard PF, Average particles, Computation time, Memory usage","| metric | value + unit | baseline value | page |
|--------|--------------|----------------|------|
| Average RMSE | 0.437 m | Standard PF: 0.612 m | 18 |
| RMSE reduction vs Standard PF | 28.6% | NOT_REPORTED | 18 |
| Max error reduction vs Standard PF | 44.5% | NOT_REPORTED | 18 |
| Average particles | 720 | Fixed PF: 800 | 18 |
| Computation time | 63.4 ms/step | Standard PF: 45.2 ms | 18 |
| Memory usage | 178 MB | Standard PF: 128 MB | 18 |

""the proposed PF-NN framework achieves the best performance across all metrics"" [p.18]","Standard PF, Fixed PF, Adaptive PF (no NN), EKF Cooperative, DFGO, D-LSPF","""The comparison between Adaptive PF (no NN) and PF-NN shows that neural network optimization contributes an additional 9.1% RMSE reduction (0.481m → 0.437m) confirming its value in improving weight allocation."" [p.18]
""Ablation study comparing different correction ranges under identical simulation conditions. Figure 2 presents the localization performance achieved with various neural weight correction ranges."" [p.6]","""It is important to acknowledge a fundamental limitation of the current online training approach: the loss function in Equation (16) relies on ground-truth positions, which are unavailable during real-world deployment. This dependency currently restricts the framework to simulation environments or scenarios where external positioning systems (e.g., motion capture systems) can provide training supervision during an initial calibration phase."" [p.7]","""future work will investigate self-supervised and unsupervised learning paradigms. Potential approaches include: (1) using multi-view geometric constraints from overlapping UAV observations to generate pseudo-labels; (2) incorporating factor graph optimization to produce consensus estimates that serve as training targets; and (3) exploring contrastive learning techniques that learn motion consistency without explicit position labels."" [p.7]",CORE: the paper's primary contribution is GPS-denied navigation,METHOD,China (Qilu Normal University),"""This research received no external funding."" [p.21]","- Page 17-18: Table 4 and Table 5 formatting issues
- Figure numbering consistent
- Some minor OCR errors in equations","1, 2, 3, 4, 5, 6, 7, 8, 9, 10, 11, 12, 13, 14, 15, 16, 17, 18, 19, 20, 21, 22, 23"
REC_1107,Multi-UAV Cooperative Localization in Pseudolite-Augmented GNSS-Denied Regions: An Anomaly-Resilient Adaptive Kalman Filter with Group Covariance Compensation,NOT_REPORTED,2026,NOT_REPORTED,10.3390/drones10060460,"""In complex low-altitude environments, unmanned aerial vehicles (UAVs) require reliable positioning, yet Global Navigation Satellite System (GNSS) signals are vulnerable to occlusion and interference."" [p.1]","""With the progressive deregulation of low-altitude airspace and the continuous development of the low-altitude economy, UAV operations are expanding from single-platform missions to multi-UAV cooperative tasks over large operational areas"" [p.2]",MIXED,"Zhoukou City, Henan Province, China, ~2800 km²",fixed-wing aircraft,"GH-LPS receiver, IMU, GNSS",COOPERATIVE,DGCC-AKF,SEMI-PHYSICAL,Self-collected,"3D positioning accuracy improvement, Improvement over distributed AKF, P95 error reduction, Exp. 1 P95, Exp. 4 P95, U-B fault mean error, U-U fault mean error","| metric | value + unit | baseline value | page |
|--------|--------------|----------------|------|
| 3D positioning accuracy improvement | up to ~75% | Single-UAV EKF | 1 |
| Improvement over distributed AKF | ~56% | D-AKF | 1 |
| P95 error reduction | up to ~3.7× | NOT_REPORTED | 1 |
| Exp. 1 P95 | 2.45 m | S-EKF: 2.95 m | 15 |
| Exp. 4 P95 | 8.34 m | S-EKF: 40.11 m | 15 |
| U-B fault mean error | 2.49 m | S-EKF: 5.23 m | 17 |
| U-U fault mean error | 2.60 m | D-EKF: 4.71 m | 17 |

""under observation fault periods, the proposed method improves 3D positioning accuracy by up to about 75% over single-UAV extended Kalman filter (EKF)"" [p.1]","S-EKF, D-EKF, VBAKF, MCC-EKF","""To isolate the contribution of each algorithmic component, we design a factorial ablation across four mechanisms: distributed cooperation, AKF noise adjustment, CI compensation, and group decoupling."" [p.13]
""DGCC-AKF shows low sensitivity to all four parameters. Under the normal, U-U fault, and U-B fault conditions, the RMS variation caused by sweeping any single parameter stays at the centimeter level."" [p.18]","""our evaluation is only partially physical: the U-B observations and flight trajectories come from a real GH-LPS testbed, but the U-U ranges are still generated from the measured trajectories due to flight-test constraints."" [p.22]
""owing to cost constraints, the cooperative dataset was constructed from only three flight sessions of a single UAV platform, and the applicability of the proposed method to larger UAV swarms remains to be validated."" [p.22]","""future work will target fully physical multi-UAV cooperative flight validation on larger swarms, together with more detailed modeling of these inter-UAV link factors."" [p.22]
""We plan to extend it to link-level adaptive covariance estimation for finer-grained anomaly handling."" [p.22]",CORE: the paper's primary contribution is GPS-denied navigation,METHOD,China (National University of Defense Technology),"""This research received no external funding."" [p.23]","- Page 14: Table 2 has formatting issues
- Some equations have OCR errors
- The paper uses ""Correntropy"" (correct) in some places but may have OCR issues","1, 2, 3, 4, 5, 6, 7, 8, 9, 10, 11, 12, 13, 14, 15, 16, 17, 18, 19, 20, 21, 22, 23, 24, 25"
REC_1110,Cross-Session 3D LiDAR and Camera Fusion for Robust Localization of Unmanned Aerial Vehicles in GPS- Denied Environments,NOT_REPORTED,2026,NOT_REPORTED,10.1155/joro/9948104,"""Accurate localization of unmanned aerial vehicles (UAVs) is essential for applications such as structural health monitoring, especially in environments where global positioning system (GPS) signals are denied or unreliable, like indoor spaces, tunnels, urban canyons, or areas beneath large structures."" [p.1]","""As the low-altitude economy continues to expand, UAVs are increasingly being deployed for routine structural health monitoring and infrastructure maintenance missions [2, 3]. In such applications, reliable navigation around complex GPS-denied infrastructure is essential rather than optional."" [p.1]",MIXED,"outdoor, building area 150m × 150m",quadcopter,"3D LiDAR, monocular camera, IMU",HYBRID,Cross-fusion,REAL,Self-collected,"Localization accuracy, RMSE (visual), Feature matches","| metric | value + unit | baseline value | page |
|--------|--------------|----------------|------|
| Localization accuracy | Comparable to GPS | LiDAR odometry has drift | 1 |
| RMSE (visual) | NOT_REPORTED | NOT_REPORTED | 6 |
| Feature matches | 193 | NOT_REPORTED | 7 |

""Experimental results demonstrate that cross-fusion achieves localization accuracy comparable to GPS-based methods and performs reliably in challenging feature-sparse environments."" [p.1]
""Our method maintains a lower estimation error by using visual corrections from the offline database."" [p.6]","GPS, LiDAR odometry, FAST-LIVO","""The LiDAR-based method accumulates drift over time, leading to a larger error than the proposed fusion method. In contrast, our method maintains a lower estimation error by using visual corrections from the offline database."" [p.6]","""Despite its strengths, cross-fusion currently depends on a precollected image database for online matching, which limits its applicability in dynamic scenarios where preempting is impractical."" [p.7]","""Future work will address this limitation by integrating data from multiple online sessions such as coordinating ground and UAV agents to enable real-time map construction and localization without relying solely on prior static data collection."" [p.8]",CORE: the paper's primary contribution is GPS-denied navigation,METHOD,"Australia (University of Technology Sydney), Vietnam (Duy Tan University)","""The authors received no specific funding for this work."" [p.8]","- Page 1: Author affiliations have formatting issues
- Page 2-3: Related work section has formatting issues
- Page 3: Figure 1 caption is correct but some text is cut off
- Page 7: Figure 8 caption mentions ""193 matches"" but no quantitative analysis
- The paper lacks detailed numerical accuracy metrics (RMSE, etc.)","1, 2, 3, 4, 5, 6, 7, 8, 9"
REC_1114,Array I-NAV: Inverse Navigation for questionnaire-based geolocation in GPS-denied environments,NOT_REPORTED,2026,NOT_REPORTED,10.1016/j.array.2026.100978,"""Accurate geolocation remains challenging in areas with limited Global Positioning System (GPS) availability, such as dense forests, rural settings, urban canyons, and disaster zones. To overcome this, we introduce Inverse Navigation (I-NAV), a geolocation framework explicitly designed for decision-making in GPS-denied environments."" [p.1]","""Geolocation is fundamental to contemporary technological systems, underpinning applications from everyday navigation to critical emergency response operations. Despite its widespread utility, the effectiveness of the GPS significantly diminishes in environments with limited or obstructed satellite connectivity... Consequently, geolocation accuracy often deteriorates precisely when it is most critical, highlighting a notable gap in current navigation capabilities"" [p.1]",MIXED,"North Dallas, Texas (pilot); downtown San Francisco (evaluation); diverse geographic contexts",N/A (questionnaire/SMS-based; not a UAV onboard system),"Questionnaire inputs (SMS-based landmarks, travel time, direction)",OTHER,I-NAV (Inverse Navigation),REAL (validated against real taxi trajectories),"CRAWDAD EPFL mobility dataset, OpenRouteService (ORS), OpenStreetMap (OSM)","Isochrone IoU vs ORS, Isochrone Precision, Isochrone Recall, Mean NLL, Mean CRPS, Mean confidence level, Coverage@25%, Coverage@50%, Top-100 hit rate, Top-500 hit rate, Mean endpoint probability","| metric | value + unit | baseline value | page |
|--------|--------------|----------------|------|
| Isochrone IoU vs ORS | 0.795 | N/A | 12 |
| Isochrone Precision | 0.848 | N/A | 12 |
| Isochrone Recall | 0.928 | N/A | 12 |
| Mean NLL | 9.119 | Uniform: 9.440, KDE-Time: 11.105 | 18 |
| Mean CRPS | 0.99986 | Uniform: 0.999907, KDE-Time: 0.999956 | 18 |
| Mean confidence level | 0.234 | KDE: 0.445, Uniform: 0.519, PF: 0.961 | 18 |
| Coverage@25% | 52.13% | KDE: 38.38%, Uniform: 23.40% | 18 |
| Coverage@50% | 100% | KDE: 86.62%, Uniform: 46.81% | 18 |
| Top-100 hit rate | 3.19% | KDE: 1.13%, Uniform: 1.06% | 18 |
| Top-500 hit rate | 13.83% | KDE: 9.89%, Uniform: 8.51% | 18 |
| Mean endpoint probability | 1.23 × 10⁻⁴ | KDE: 7.2×10⁻⁵, PF: 1.46×10⁻⁴ | 18 |

""The results demonstrate that the proposed PF-NN framework achieves the best performance across all metrics"" [p.18] (note: this quote belongs to REC_1106; actual quote from REC_1114:) ""Across these metrics, AGLM consistently achieves the strongest performance."" [p.17]","Uniform reachable-road prior, KDE-over-Time, Particle-Filter-style","Travel-time noise injection: baseline median confidence level 0.242; ±10% noise → 0.388; ±20% → 0.738; ±30% → 0.764. Landmark perturbation: baseline mean 0.278; 100m → 0.389; 250m → 0.450.
""These results indicate a predictable reduction in localization tightness as anchor uncertainty increases."" [p.18]","""Despite its strengths, cross-fusion currently depends on a precollected image database for online matching, which limits its applicability in dynamic scenarios where preempting is impractical."" [p.7] (note: this quote belongs to REC_1110; actual quote from REC_1114:) ""AGLM relies on user-reported cues such as travel direction and recently passed landmarks which may be collected via low-bandwidth channels like SMS. These inputs are typically sparse, subject to human error, and may introduce ambiguity due to recall bias or vague descriptions."" [p.20]","""Future work will explore machine learning integration, multimodal travel support, and expanded contextual inputs to further enhance predictive capability and adaptability."" [p.22]",CORE: the paper's primary contribution is GPS-denied navigation,METHOD,"USA (University of Texas at Dallas, University of California, Berkeley)","""The National Institutes of Health (NIH), United States Fogarty partially supported this research under Grant No. 1R21TW012608-01."" [p.22]","- Page 2 contains a large block of ""1 1 1 1..."" rendering error in the source PDF
- The paper mentions ""muskelmon"" in some places (OCR error for ""muskmelon"")
- Some minor inconsistencies in equation numbering","1, 3, 6, 7, 10, 12, 15, 17, 18, 20, 22"
REC_1115,Pattern Recognition SWA-PF: Semantic-weighted adaptive particle filter for memory-efficient 4-DoF UAV localization in GNSS-denied environments,NOT_REPORTED,2026,NOT_REPORTED,10.1016/j.patcog.2026.114522,"""Vision-based Unmanned Aerial Vehicle (UAV) localization systems have been extensively investigated for Global Navigation Satellite System (GNSS)-denied environments. However, existing retrieval-based approaches face limitations in dataset availability and persistent challenges including suboptimal real-time performance, memory inefficiency for onboard deployment, environmental sensitivity, and limited generalization capability"" [p.1]","""Practical large-scale deployments demand continuous flights at variable altitudes with strict onboard computational constraints, necessitating robust, real-time 4-DoF pose estimation."" [p.1]",MIXED,urban campuses and urban region,DJI Mavic 3E UAV,"monocular camera, IMU",VISION_OBJECT,SWA-PF (Semantic-Weighted Adaptive Particle Filter),REAL,MAFS (Multi-Altitude Flight Segments),"Fitting time (s), Finish time (s), RMSE (p), Recall@10 (%), Median (p), IQR (p), Speedup vs feature-based, GPU memory (peak), Per-particle memory","| metric | value + unit | baseline value | page |
|--------|--------------|----------------|------|
| Fitting time (s) | 6.13 ± 0.79 | SIFT: 1011.06, ORB: 34.59 | 9 |
| Finish time (s) | 22.32 ± 2.88 | SIFT: 4879.26, ORB: 450.38 | 9 |
| RMSE (p) | 24.37 ± 0.32 | SIFT: 171.47, ORB: 77.68 | 9 |
| Recall@10 (%) | 95.76 ± 12.36 | SIFT: 10.06, DenseUAV: 3.73 | 9 |
| Median (p) | 18.91 ± 0.38 | SIFT: 115.12, ORB: 63.99 | 9 |
| IQR (p) | 16.25 | SIFT: 150.67, ORB: 58.14 | 9 |
| Speedup vs feature-based | ~10× | NOT_REPORTED | 1 |
| GPU memory (peak) | 3499.58 MB | NOT_REPORTED | 10 |
| Per-particle memory | 16 bytes | NOT_REPORTED | 10 |

""the proposed method achieves approximately 10× end-to-end computational efficiency gain over classical feature-based methods"" [p.1]","SIFT, MI, HIST, AKAZE, BRISK, ORB, SSPT, DenseUAV, OS-FPI","""Method (c) achieves faster initial convergence when salient semantic structures are present. Although method (b) reduces initialization cost, mismatches between preset layer altitudes and the true UAV altitude significantly degrade particle fitting and convergence performance."" [p.11]
""introducing the center distance field improves the average particle fitting rate by 5.8%"" [p.12]","""First, severe class imbalance — particularly when vegetation exceeds 50% — flattens the posterior distribution and slows convergence. Second, extreme domain shifts such as heavy snow or highly unstructured rural terrain violate the urban structural priors, causing matching failures. Third, the current implementation depends on GPU acceleration; CPU-only execution of SegFormer inference and matrix operations is approximately 15× slower"" [p.14]","""future research will proceed along three main directions. We will develop domain-adaptive semantic weighting schemes to extend robustness to rural and unstructured environments, and design uncertainty-aware mechanisms that mitigate segmentation noise. Furthermore, we aim to reduce reliance on continuous IMU input by integrating lightweight global re-localization modules"" [p.14]",CORE: the paper's primary contribution is GPS-denied navigation,METHOD,"China (China Jiliang University, Southeast University)",NOT_REPORTED,"- Page 2 contains a large block of ""1 1 1 1..."" rendering error in the source PDF
- Some figure captions are truncated","1, 2, 3, 6, 7, 9, 10, 11, 12, 14"
REC_1116,Development of a Visual SLAM-Based Autonomous UAV System for Greenhouse Plant Monitoring,NOT_REPORTED,2026,NOT_REPORTED,10.3390/drones10030205,"""Autonomous monitoring is essential for precision agriculture in greenhouses, yet deploying unmanned aerial vehicles (UAVs) in confined, GPS-denied environments remains limited by payload, power, and cost constraints."" [p.1]","""Integrated sensing and control platforms support the development of data-driven greenhouse management. Internet of Things (IoT) sensors and mobile monitoring systems have emerged as crucial technologies for greenhouse data acquisition."" [p.2]",INDOOR,"commercial greenhouse (7m × 10m), controlled indoor, simulation","custom quadcopter (34 cm × 31 cm × 26 cm, 1210 g)","front-facing FPV camera, side-mounted 4K action camera, optical flow sensor, rangefinder",VIO,Visual SLAM-based autonomous UAV system with edge computing,BOTH,Self-collected greenhouse imagery,"2D RMSE (trajectory tracking), Translation RMSE (greenhouse mapping), Greenhouse translation RMSE, Localization RMSE (handheld), Position update rate, Flower detection mAP50, Plant detection mAP50, Plant tracking MOTA, Flower tracking MOTA, Flower counting MAE, Flower counting RMSE, Gompertz R²","| metric | value + unit | baseline value | page |
|--------|--------------|----------------|------|
| 2D RMSE (trajectory tracking) | 5.4–8.0 cm | NOT_REPORTED | 1 |
| Translation RMSE (greenhouse mapping) | 12.7 cm | NOT_REPORTED | 1 |
| Greenhouse translation RMSE | 12.7 cm | Simulation: 5.9 cm | 14 |
| Localization RMSE (handheld) | 6.4 cm | NOT_REPORTED | 14 |
| Position update rate | ~9 Hz | NOT_REPORTED | 14 |
| Flower detection mAP50 | 0.89 | NOT_REPORTED | 17 |
| Plant detection mAP50 | 0.921 | NOT_REPORTED | 17 |
| Plant tracking MOTA | 72.4% | NOT_REPORTED | 18 |
| Flower tracking MOTA | 49.1% | NOT_REPORTED | 18 |
| Flower counting MAE | 1.68 | NOT_REPORTED | 18 |
| Flower counting RMSE | 2.97 | NOT_REPORTED | 18 |
| Gompertz R² | 0.75–0.95 | NOT_REPORTED | 20 |

""achieving 5.4~8.0 cm 2D RMSE for trajectory tracking and 12.7 cm translation RMSE for greenhouse mapping"" [p.1]",UWB reference system,"""Method (c) achieves faster initial convergence when salient semantic structures are present."" [p.11] (note: this quote belongs to REC_1115; actual quote from REC_1116:) ""The system achieved optimal performance in the simulated environment, with a translation RMSE of 5.9 cm and a rotation RMSE of 2.95 degrees."" [p.13]","""Several limitations bound these results. All experiments were conducted in a single 7m × 10m greenhouse, and further investigation is required to assess the system's scalability across different greenhouse configurations. The endurance evaluation was handheld rather than in-flight. Marker boards on the racks contributed stable visual features to the SLAM map, though a marker-absent flight remained operational with limited quality degradation. Flower tracking MOTA of 49.1% with FN-dominant error produces systematic undercounting (mean −1.63 flowers), and compute throughput degraded from 9 to 6 Hz during sustained operation."" [p.20]","""Future research should focus on system improvement and broader validation. Extending deployment to diverse greenhouse environments and plant species would enhance applicability, while long-term monitoring studies across multiple growing seasons could establish reliability. Further refinement of control precision for complex missions and evaluation under diverse environmental conditions remain essential. Improving object tracking through motion-model-based re-identification... could address the current tracking limitations."" [p.20]",CORE: the paper's primary contribution is GPS-denied navigation,SYSTEM,Taiwan (National Taiwan University),"""This research received no external funding."" [p.21]","- Page 6 contains a large block of ""1 1 1 1..."" rendering error in the source PDF
- Some equations have OCR errors
- ""muskelmon"" appears in some places (OCR error for ""muskmelon"")","1, 2, 3, 4, 5, 6, 7, 8, 9, 11, 12, 13, 14, 15, 17, 18, 19, 20, 21"
REC_1118,Preprint not peer reviewed,NOT_REPORTED,2023,NOT_REPORTED,10.1016/j.measurement.2022.112256,"""the localization of unmanned aerial vehicles (UAVs) in GNSS-denied areas is an essential issue for indoor navigation."" [p.3]","""a technique to improve the accuracy of visual inertial odometry (VIO) by combining the ultra-wideband (UWB) positioning technology."" [p.3]",INDOOR,"indoor, approximately 20×10×5 m³",UAV,"Intel RealSense D455, IMU, UWB",HYBRID,UWB-constrained VIO with nonlinear optimization fusion,REAL,NOT_REPORTED,"ATE with z-axis marginalization, ATE in weak feature environment, ATE after relocation improvement","| metric | value + unit | baseline value | page |
| ATE with z-axis marginalization | 0.179 m | VINS-Mono 0.519 m, UWB 0.289 m | p.16 |
| ATE in weak feature environment | 0.414 m | VINS-Mono 1.506 m, UWB 0.463 m | p.16 |
| ATE after relocation improvement | 0.434 m | VINS-Mono 0.508 m | p.17 |
""UWB 0.289 m, VINS-Mono 0.519 m, Our fusion with z-axis marginalization 0.179 m"" [p.16]","VINS-Mono, UWB","""the influence of marginalization in the z-axis after fusion"" [p.16]","""the accuracy in the z-axis is improved if the anchors are placed with different heights, the accuracy and stability of overall static and dynamic positioning capability will decrease."" [p.10]",NOT_REPORTED,CORE,METHOD,Taiwan,NOT_REPORTED,No forbidden numbers appear. No DOI or venue visible.,"1, 2, 3, 4, 5, 6, 7, 8, 9, 10, 11, 12, 13, 14, 15, 16, 17, 18, 19, 20, 21, 22, 23, 24, 25, 26, 27, 28, 29, 30, 31, 32, 33, 34, 35"
REC_1123,I,NOT_REPORTED,2026,NOT_REPORTED,10.1109/JIOT.2026.3664077,"""Traditional Global Navigation Satellite System (GNSS)-based positioning schemes are vulnerable to signal interference and spoofing attacks, highlighting the importance of visual scene matching as a robust solution for anti-jamming localization. However, this technology faces challenges such as sensitivity to perspective variations and trajectory discontinuities."" [p.1]","""IN THE intelligent era driven by the Internet of Things (IoT), uncrewed aerial vehicles (UAVs) act as critical nodes within the integrated air-ground-space IoT architecture, with applications in smart city management, emergency response, intelligent logistics, and other domains becoming increasingly prevalent."" [p.1]",MIXED,"urban (City1, City3) and rural (Village1) scenes; SEULoc dataset",UAV,monocular camera,VISION_OBJECT,Visual scene matching with elevation recovery and factor graph optimization,REAL,"RealUAV (public), SEULoc (self-collected)","Elevation estimation RMSE (SEULoc01), Elevation estimation RMSE (SEULoc02), Elevation estimation RMSE (SEULoc03), Mean error (City1), RMSE (City1), Mean error (City3), RMSE (City3), Mean error (Village1), RMSE (Village1), Mean error (SEULoc01), RMSE (SEULoc01), Mean error (SEULoc02), RMSE (SEULoc02), Mean error (SEULoc03), RMSE (SEULoc03), Improvement over homography (at -70°), Runtime (SEULoc), Runtime (RealUAV)","| metric | value + unit | baseline value | page |
|--------|--------------|----------------|------|
| Elevation estimation RMSE (SEULoc01) | 2.50 m | DEM: 13.82 m | 9 |
| Elevation estimation RMSE (SEULoc02) | 2.79 m | DEM: 14.38 m | 9 |
| Elevation estimation RMSE (SEULoc03) | 2.67 m | DEM: 16.08 m | 9 |
| Mean error (City1) | 6.21 m | ORB-SLAM3: 92.46 m, ElevPnP: 7.65 m | 10 |
| RMSE (City1) | 7.48 m | ORB-SLAM3: 101.55 m, ElevPnP: 10.02 m | 10 |
| Mean error (City3) | 6.36 m | ORB-SLAM3: 34.79 m, ElevPnP: 8.48 m | 10 |
| RMSE (City3) | 7.80 m | ORB-SLAM3: 37.66 m, ElevPnP: 11.01 m | 10 |
| Mean error (Village1) | 5.92 m | ORB-SLAM3: 39.33 m, ElevPnP: 6.99 m | 10 |
| RMSE (Village1) | 6.17 m | ORB-SLAM3: 43.21 m, ElevPnP: 9.50 m | 10 |
| Mean error (SEULoc01) | 2.48 m | ORB-SLAM3: 49.31 m, ElevPnP: 3.60 m | 12 |
| RMSE (SEULoc01) | 3.14 m | ORB-SLAM3: 56.24 m, ElevPnP: 4.56 m | 12 |
| Mean error (SEULoc02) | 2.84 m | ORB-SLAM3: 80.93 m, ElevPnP: 3.68 m | 12 |
| RMSE (SEULoc02) | 3.21 m | ORB-SLAM3: 90.72 m, ElevPnP: 4.44 m | 12 |
| Mean error (SEULoc03) | 2.88 m | ORB-SLAM3: 88.64 m, ElevPnP: 4.58 m | 12 |
| RMSE (SEULoc03) | 3.68 m | ORB-SLAM3: 100.24 m, ElevPnP: 7.75 m | 12 |
| Improvement over homography (at -70°) | 89.5% | Homography: 31.51 m mean | 13 |
| Runtime (SEULoc) | 0.263 s/frame | NOT_REPORTED | 13 |
| Runtime (RealUAV) | 0.135 s/frame | NOT_REPORTED | 13 |

""the method achieves an 89.5% improvement in positioning accuracy over conventional approaches"" [p.15]","ORB-SLAM3, ElevPnP, SAVL, Homography-based","""Ablation Study 1: Removing the elevation recovery module and estimating coarse geographic positions using homography only. Ablation Study 2: Removing the joint optimization module."" [p.14]
""the full method consistently outperforms Ablation Study 2 across all the datasets, further demonstrating the effectiveness of the joint optimization module"" [p.14]","""The proposed method uses a spatiotemporally constrained candidate map retrieval strategy to adaptively constrain the satellite image search space based on real-time UAV poses"" [p.15] (note: this is actually a positive statement; actual limitations from paper:) ""DEM tends to introduce large errors in urban scenes due to their low resolution [17], which undermines their suitability for high-precision localization."" [p.3]","""future research will explore an edge collaborative optimization framework. By integrating federated learning with distributed factor graphs, this framework aims to facilitate the sharing of positioning information among UAV clusters across edge nodes, thereby enhancing positioning efficiency and scalability in large-scale collaborative scenarios. In addition, inertial sensors are also being considered for integration into our positioning system to further enhance its robustness."" [p.15]",CORE: the paper's primary contribution is GPS-denied navigation,SYSTEM,China,NOT_REPORTED,"- Page 3 contains a large block of ""1.1.1.1.1.1.1.1.1.1"" rendering error in the source PDF
- Some equations have OCR errors
- Table IV has some formatting issues","1, 2, 3, 5, 6, 7, 8, 9, 10, 11, 12, 13, 14, 15"
REC_1130,arXiv:1910.12121v1 [cs.RO] 26 Oct 2019,NOT_REPORTED,2019,NOT_REPORTED,10.1007/s00138-019-01046-4,"""Conventional autonomous Unmanned Air Vehicle (abbr. UAV) autopilot systems use Global Navigation Satellite System (abbr. GNSS) signal for navigation. However, autopilot systems fail to navigate due to lost or jammed GNSS signal."" [p.1]","""To solve this problem, information from other sensors such as optical sensors are used. Monocular Simultaneous Localization and Mapping algorithms have been developed over the last few years and achieved state-of-the-art accuracy. Also, map matching localization approaches are used for UAV localization relatively to imagery from static maps such as Google Maps."" [p.1]",MIXED,urban and forested environments (simulated),UAV (quadcopter),"downward-facing camera, visual odometry (SVO)",VISION_OBJECT,Particle Filter localization with logistic/rectifying conversion functions,SIM,Simulated Aerial Imagery Dataset (USGS ortho photo maps),"Accuracy improvement (logistic vs linear), Accuracy improvement (logistic vs Softmax), Speedup (logistic vs linear), Speedup (logistic vs Softmax), Accuracy improvement over ORB-SLAM2, Accuracy improvement over SVO","| metric | value + unit | baseline value | page |
|--------|--------------|----------------|------|
| Accuracy improvement (logistic vs linear) | 56.25% average | Linear | p.8 |
| Accuracy improvement (logistic vs Softmax) | 43.42% average | Softmax | p.8 |
| Speedup (logistic vs linear) | 3.18× average | Linear | p.8 |
| Speedup (logistic vs Softmax) | 2.96× average | Softmax | p.8 |
| Accuracy improvement over ORB-SLAM2 | 2.6× | ORB-SLAM2 | p.1 |
| Accuracy improvement over SVO | 313.16% average | SVO | p.8 |

""The algorithm is shown to be able to navigate using up-to-date maps more accurately and with an average decrease of precision by 30% using out-of-date maps."" [p.1]","ORB-SLAM2, SVO, Softmax, Linear conversion","""Localization using the proposed logistic function with a parameter value of 0.2 was shown to provide the best results by ranking localization accuracy from all the conversion functions results."" [p.8]
""Particle Filter localization achieved 43% higher accuracy using three times fewer computations than the baseline Softmax probability conversion function."" [p.9]","""The results were only provided for the straight line flight trajectory, since ORB-SLAM2 was unable to complete whole trajectories on the other flight scenarios, while Particle Filter localization completed all flights."" [p.9]",NOT_REPORTED,CORE: the paper's primary contribution is GPS-denied navigation,METHOD,Lithuania (Vilnius University),NOT_REPORTED,"- Source code is available at open-source repository (URL provided in paper)
- Some equation formatting issues in the PDF","1, 2, 3, 4, 5, 6, 7, 8, 9"
REC_1132,Minimalistic approach for monocular SLAM system applied to micro aerial vehicles in GPS-denied environments,NOT_REPORTED,2018,NOT_REPORTED,10.1177/0142331217747343,"""State estimation of vehicle position is a fundamental necessity for any application involving autonomous micro aerial vehicles. Monocular simultaneous localization and mapping (SLAM) deals with the way in which a mobile robot can operate in an a-priori unknown environment by using an onboard monocular camera to simultaneously build a map of its surroundings, which is used to track its position."" [p.1]","""In the case of micro aerial vehicles, monocular SLAM techniques represent an excellent alternative, especially owing to several limitations regarding the design of the platform, mobility and payload capacity that impose considerable restrictions on the available computational and sensing resources."" [p.1]",INDOOR,outdoor open lawn areas,quadrotor,"monocular camera, barometer, gimbal",VIO,Barometer-aided monocular SLAM,BOTH,Self-collected,"MAE (position), Barometer noise, Angular measurement noise","| metric | value + unit | baseline value | page |
|--------|--------------|----------------|------|
| Metric scale convergence | Converges to 1 | IMU-based method slower convergence | 8 |
| MAE (position) | Minimized as scale converges | IMU-based method higher | 8 |
| Barometer noise | σ_z = 0.25 m | NOT_REPORTED | 7 |
| Angular measurement noise | σ_θ = 1° | NOT_REPORTED | 7 |

""The simulation results suggest that the barometer-based approach should be a good alternative to the inertial-measurement-unit-based approach."" [p.8]","IMU-based method, GPS, P4P visual reference","""the convergence time of the inertial-measurement-unit-based method is longer than that obtained with the barometer-based method"" [p.8]","""the results were only provided for the straight line flight trajectory"" [p.9] (note: this quote belongs to REC_1130; actual limitation from paper:) ""it is important to note that equation (23) provides the relative altitude of the vehicle with respect to its initial position"" [p.7]","""in future work, it could be of interest to modify the approach in order to estimate x_z dynamically"" [p.7]",CORE: the paper's primary contribution is GPS-denied navigation,METHOD,Mexico (Universidad de Guadalajara),"""This work was supported by the PRO-SNI programme of the UdeG."" [p.11]","- Some equation formatting issues in the PDF
- P4P reference trajectory described in Appendix","1, 2, 3, 4, 5, 6, 7, 8, 9, 10, 11, 12, 13"
REC_1135,drones,NOT_REPORTED,2023,NOT_REPORTED,10.3390/drones7070451,"""Localization is the most important basic information for unmanned aerial vehicles (UAV) during their missions. Currently, most UAVs use GNSS to calculate their own position. However, when faced with complex electromagnetic interference situations or multipath effects within cities, GNSS signals can be interfered with, resulting in reduced positioning accuracy or even complete unavailability."" [p.1]","""To avoid this situation, this paper proposes an autonomous UAV localization method for low-altitude urban scenarios based on POI and store signage text matching (LPS) in UAV images."" [p.1]",MIXED,"urban streets (Chengjiao Street, La Street)",DJI mini2,"camera (24mm focal length, 4000×2250 pixels)",VISION_OBJECT,LPS (POI and store signage text matching),REAL,Self-collected,"Average positioning error (Street 1), Standard deviation (Street 1), Average positioning error (Street 2), Standard deviation (Street 2), POI positioning error","| metric | value + unit | baseline value | page |
|--------|--------------|----------------|------|
| Average positioning error (Street 1) | 13.22 m | ORB-SLAM2: 14.84 m | 15 |
| Standard deviation (Street 1) | 4.69 m | NOT_REPORTED | 15 |
| Average positioning error (Street 2) | 13.47 m | ORB-SLAM2: 4.58 m (straight sections) | 15 |
| Standard deviation (Street 2) | 7.72 m | NOT_REPORTED | 15 |
| POI positioning error | 5.5 m | NOT_REPORTED | 15 |

""our method can achieve stable UAV autonomous localization with a positioning error of around 13m without knowing the exact initial position of the UAV at take-off."" [p.1]",ORB-SLAM2,"""the positioning error is not affected by text recognition accuracy and does not accumulate with flight time and distance"" [p.1]","""When the flight height exceeds 50 m, the text is seriously distorted due to a large side-view angle, and the text recognition accuracy may be seriously reduced, at which time the LPS algorithm may fail."" [p.17]","""In the future, if high-precision map technology is more perfectly developed and more high-precision POI data can be obtained, the LPS algorithm can achieve better accuracy."" [p.17]",CORE: the paper's primary contribution is GPS-denied navigation,METHOD,"China (Xidian University, CETC Key Laboratory)","""This research was supported by the National Natural Science Foundation of China under grant U22B2011, U20B2064 and 62276206, and the Key Research and Development Program of Shannxi under grant 2022GY-062."" [p.17]","- Table 1 has some formatting issues
- Some Chinese text in figures not translated","1, 2, 3, 4, 5, 6, 7, 8, 9, 10, 11, 12, 13, 14, 15, 16, 17"
REC_1137,"Integrated Guidance, Navigation, and Control System for a UAV in a GPS Denied Environment",NOT_REPORTED,2018,NOT_REPORTED,10.5220/0006908204400447,"""One of interesting aspects in applications of small UAVs is that they might need to be operated in a GPS denied environment such as inside a building. In such a case, the most common navigation system in aerospace, namely INS/GPS system is not applicable and hence other means of navigation should be sought for."" [p.1]","""Since the operations of small UAVs are constrained by limited payload and power, applying the two systems might become restricted in practice."" [p.1]",INDOOR,indoor precise inspection scenario,quadcopter,"image sensor, range sensor",HYBRID,"Integrated Guidance, Navigation and Control (IGNC)",SIM,NOT_REPORTED,"Tracking error (x, y), Additional tracking error, Maximum tracking error (look angle rates), Look angle rate bias","| metric | value + unit | baseline value | page |
|--------|--------------|----------------|------|
| Tracking error (x, y) | < 5 cm | NOT_REPORTED | 7 |
| Additional tracking error | < 5 cm | NOT_REPORTED | 6 |
| Maximum tracking error (look angle rates) | < 2 cm | NOT_REPORTED | 6 |
| Look angle rate bias | U(-0.4, 0.4) rad/s | NOT_REPORTED | 6 |

""the total amount of tracking errors is tolerable for the indoor inspection"" [p.7]",conventional attitude controller,"""the additional manoeuvring errors are observed as the biased mean values and the maximum tracking error caused by using the look angle rates is below 2 cm"" [p.6]","""the proposed IGC keeps the stable state during the total flight phase"" [p.7] (note: this is a positive statement; actual limitation:) ""The yaw angles have the bias error as shown in Figure 11 because the look angle rate term in the yaw axis directly influences the yaw angle."" [p.7]","""We will extend the back-stepping control structure, incorporating the look angle estimate into the control design, to improve the performance of the integrated system. A practical navigation filter, which is appropriate for the integrated system, will be designed and integrated in the whole system. Also, the proposed IGNC will be verified thorough flight tests."" [p.8]",CORE: the paper's primary contribution is GPS-denied navigation,METHOD,"UK (Cranfield University), South Korea (Inha University)",NOT_REPORTED,"- Some equations have OCR errors
- The paper uses ""IGNC"" and ""IGC"" interchangeably","1, 2, 3, 4, 5, 6, 7, 8"
REC_1140,Automation in Construction UAV navigation in large-scale GPS-denied bridge environments using fiducial marker-corrected stereo visual-inertial localisation,NOT_REPORTED,2023,NOT_REPORTED,10.1016/j.autcon.2023.105139,"""The use of Unmanned Aerial Vehicles (UAVs) for bridge inspection has gained popularity recently; however, accurately localising the UAV in GPS-denied areas is still challenging, which hinders the development of fully autonomous UAV-assisted bridge inspection solutions."" [p.1]","""Bridges are critical components of the infrastructure system, which are subject to deterioration during their lifecycle and may experience severe structural failure without proper maintenance"" [p.1]",MIXED,"concrete girder bridge (8 spans, ~200m total, 25m between piers, 7.5m pier height)",custom quadcopter (carbon fibre frame),"Intel RealSense D455 stereo camera, IMU",HYBRID,FMC-SVIL (Fiducial Marker-Corrected Stereo Visual-Inertial Localisation),BOTH,Self-collected,"RMSE (sunny, average), RMSE (cloudy, average), Max APE (sunny), Max APE (cloudy), CPU usage, Memory usage (peak), Lab ATM accuracy (x direction), Lab ATM accuracy (y direction)","| metric | value + unit | baseline value | page |
|--------|--------------|----------------|------|
| RMSE (sunny, average) | 0.465 m | VINS-Fusion: 1.378 m, ORB-SLAM3: 0.641 m | 17 |
| RMSE (cloudy, average) | 0.340 m | VINS-Fusion: 0.991 m, ORB-SLAM3: 0.640 m | 17 |
| Max APE (sunny) | < 0.9 m | VINS-Fusion: > 1.940 m, ORB-SLAM3: > 1.225 m | 17 |
| Max APE (cloudy) | < 0.720 m | NOT_REPORTED | 17 |
| CPU usage | 33.774% | ORB-SLAM3: 36.347%, VINS-Fusion: 49.728% | 18 |
| Memory usage (peak) | 14.519% | VINS-Fusion: 18.841%, ORB-SLAM3: 19.598% | 18 |
| Lab ATM accuracy (x direction) | 0.022 m | Case 1: 0.060 m | 11 |
| Lab ATM accuracy (y direction) | 0.013 m | Case 1: 0.022 m | 11 |

""the FMC-SVIL achieved UAV localisation with a root mean square error of 0.416 m in sunny conditions and 0.340 m in cloudy conditions."" [p.1]","VINS-Fusion, ORB-SLAM3","""the proposed algorithm reduced the UAV localisation error by approximately 0.642 m in the x direction and 1.293 m in the z direction during the first correction"" [p.15]
""the RMSE of APE is reduced to one-third from the SVIO to the proposed FMC-SVIL algorithm"" [p.15]","""the maximum error in the x direction and y direction using the improved ATM algorithm can be restricted below 0.1 m when the markers bundle is placed 5 m away from the camera"" [p.11] (note: this is a positive statement; actual limitation:) ""the measurement error can be significantly reduced by around 50% with less dispersion by employing a markers bundle"" [p.11]","""we aim to refine our fusion techniques by investigating adaptive weight strategies for effectively combining measurements from both ATM and SVIO modules"" [p.19]
""we will address potential errors in determining fiducial marker poses, integrating comprehensive error modelling directly into the fusion module"" [p.19]",CORE: the paper's primary contribution is GPS-denied navigation,SYSTEM,New Zealand (University of Auckland),NOT_REPORTED,"- Some figure captions are truncated
- Table 1 has formatting issues","1, 2, 3, 4, 5, 6, 7, 8, 9, 10, 11, 12, 13, 14, 15, 16, 17, 18, 19, 20, 21"
REC_1142,Measurement Dual Quaternion-Based Unscented Kalman Filter with Visual Inertial Odometry for navigation in GPS-denied environments,NOT_REPORTED,2026,NOT_REPORTED,10.1016/j.measurement.2026.121964,"""Reliable navigation in GPS-denied environments remains a fundamental challenge in robotics, aerospace, and autonomous vehicle applications."" [p.1]","""Micro aerial vehicles (MAVs) operating in GPS-denied environments rely on accurate state estimation for navigation and control. Visual-inertial odometry (VIO), which fuses camera and inertial measurements, has become a widely adopted solution due to the complementary characteristics of these sensors."" [p.1]",INDOOR,indoor (EuRoC MAV dataset),MAV (Micro Aerial Vehicle),"stereo camera, IMU",VIO,DQUKF (Dual Quaternion-Based Unscented Kalman Filter) with VIO,SIM,EuRoC MAV dataset,"Position RMSE (Exp 1), Velocity RMSE (Exp 1), Attitude RMSE (Exp 3), Position RMSE (Exp 3), Velocity RMSE (Exp 3), Avg. time/step","| metric | value + unit | baseline value | page |
|--------|--------------|----------------|------|
| Position RMSE (Exp 1) | 1.0280 m | MEKF: 2.0246 m, QUKF: 1.6258 m | 11 |
| Velocity RMSE (Exp 1) | 1.0261 m/s | MEKF: 2.4397 m/s, QUKF: 1.6084 m/s | 11 |
| Attitude RMSE (Exp 3) | 0.1053 rad | MEKF: 0.2331 rad, QUKF: 0.1519 rad | 11 |
| Position RMSE (Exp 3) | 0.2584 m | MEKF: 0.4340 m, QUKF: 0.3347 m | 11 |
| Velocity RMSE (Exp 3) | 0.4237 m/s | MEKF: 0.4769 m/s, QUKF: 0.4748 m/s | 11 |
| Avg. time/step | 9.55 ms | MEKF: 1.00 ms, QUKF: 17.52 ms | 12 |

""the proposed DQUKF converges under high initialization uncertainty and achieves a position RMSE of 0.2584 m in the difficult flight sequence, outperforming the benchmark filters."" [p.1]","MEKF, QUKF","Feature degradation study (Table 3): Baseline (60 features): Attitude 0.1053 rad, Position 0.2584 m, Velocity 0.4237 m/s. Moderate (40 features): Attitude 0.1229 rad, Position 0.2699 m, Velocity 0.3672 m/s. Severe (20 features): Attitude 0.1829 rad, Position 0.3507 m, Velocity 0.3043 m/s.
""the DQUKF remains stable under reduced feature availability, while performance degradation becomes evident as visual measurement constraints are depleted."" [p.11]","""the current evaluation is limited to simulated environments with idealized sensor models. Real-world indoor flight presents additional challenges not fully captured in simulation, including: (1) UWB multipath effects caused by signal reflections from walls and obstacles; (2) visual degradation due to motion blur, illumination variations, and texture-sparse regions; (3) dynamic communication latency in wireless networks; and (4) unmodeled aerodynamic disturbances."" [p.7]","""Future work will focus on (i) developing methods for adaptively tuning the noise covariance matrices, (ii) incorporating loop-closure detection to enforce global map consistency, moving the system toward a full SLAM formulation rather than pure navigation, and (iii) validate the framework in real-world flight experiments."" [p.12]",CORE: the paper's primary contribution is GPS-denied navigation,METHOD,Canada (Carleton University),"""This work was supported in part by the National Sciences and Engineering Research Council of Canada (NSERC) under the grants RGPIN-2022-04937."" [p.12]","- Some equations have OCR errors
- Table 1 and Table 2 formatting issues","1, 2, 3, 4, 5, 6, 7, 8, 9, 10, 11, 12, 13"
REC_1146,"MICRO-RADAR AND UWB AIDED UAV NAVIGATION IN GNSS DENIED ENVIRONMENT S. Zahran , M.M. Mostafa , A. Masiero , A. M. Moussa , A. Vettore , N. El-Sheimy Department of Geomatics, University of Calgary, Calgary, Canada – (shady.zahran1, mostafa.mostafa, elsheimy)@ucalgary.ca Interdepartmental Research Center of Geomatics (CIRGEO), University of Padova, Viale dell’Università 16, Legnaro (PD) 35020, Italy – (masiero@dei.unipd.it , antonio.vettore@unipd.it) Department of Electrical Engineering, Port-Said University, Port Said, Egypt - amelsaye@ucalgary.ca Commission I, WG I/6 KEY WORDS: Micro-Radar, Ultra-Wideband, Multi-Sensor Fusion, Extended Kalman Filter, Global Navigation Satellite System, Inertial Measurement Unit. ABSTRACT: During the last decade, the number of applications of UAVs has continuously increased, making the global UAV market one of those with the highest rate of growth. The worldwide increasing usage of UAVs is causing an ever-growing demand for efficient solutions in order to make them usable in every kind of working condition. In fact, nowadays the main restriction to the usage of UAVs is probably the need of reliable position estimates provided by using the Global Navigation Satellite System (GNSS): since UAVs mostly rely on the integration of GNSS/Inertial Navigation System (INS) to properly fulfil their tasks, they face a major challenge while navigating in GNSS denied environments. The goal of this paper is that of investigating possible strategies to reduce such main restriction to UAV usage, i.e. enabling flights in GNSS denied environment by providing position estimates with accuracy quite comparable to that of standard GNSS receivers currently mounted on commercialized drones. To be more specific, this paper proposes the combined use of a novel Frequency Modulated Continuous Wave (FMCW) Radar, a set of Ultra-Wideband (UWB) devices, and Inertial Measurement Unit (IMU) measurements in order to compensate for the unavailability of the GNSS signal units. A 24-GHz micro FMCW radar and a UWB device have been attached to a quadcopter during the flight. The radar receives the reflections from ground scatterers, whereas the UWB system provides range measurements between a UWB rover mounted on the UAV and a set of UWB anchors distributed along the flying area. 1. INTRODUCTION navigation state, and constructing a map for the surrounding simultaneously (Cadena et al., 2016). During the past decade, there has been an enormous increase in Camera is also considered as a viable solution to aid in navigation the applications utilizing fully autonomous Unmanned Aerial during the GNSS outage periods, as it is characterized by features Vehicles (UAVs). Despite initially these applications were that makes it suitable for small and micro UAVs like light weight, mostly restricted to military fields like border surveillance, troops small size, and low power consumption, also it provides rich enforcement, combat, target, and decoy, they have been quite information like features and colors. Visual information provided recently extended to many civilian applications, such as by a camera can be used for 3D surrounding construction, firefighting, traffic monitoring, and commercial UAVs. This obstacle avoidance, and position estimation. Position estimation wide variety of applications makes the UAVs autonomous can be classified into two groups; Vision Aided Navigation navigation a challenging task, as the UAVs mainly depends on (VAN) and Vision-Based Navigation (VBN), VBN mainly the integration between GNSS and IMU to navigate depends on the camera only while VAN depends on the autonomously, but during the lack or unavailability of the GNSS integration between camera and other sensors like IMU (Mostafa, signals, the UAVs lose its ability to navigate autonomously, due Moussa, El-Sheimy, & Sesay, 2017). One of the algorithms to the massive drift exhibited by the IMU when working in dead mostly used for exploiting camera in UAV navigation is Visual reckoning mode. GNSS signals may be unavailable due to Odometry (VO), which depends on the extraction of the vehicle jamming, spoofing, blockage, or multipath. So, another aiding velocity from matching features of successive images (Aqel, system must be integrated with the IMU, to yield a reliable Marhaban, Saripan, & Ismail, 2016) (Nistér, Naroditsky, & navigation solution that makes the UAV capable of fulfilling its Bergen, 2004). One of the biggest problems facing using a single assigned tasks in a wider range of working conditions. camera is the loss of scale information: despite this issue can Different sensors and methods were utilized to aid the navigation usually be resolved by using stereo/multiple cameras solution during GNSS outage, Light Detection and Ranging (Schauwecker & Zell, 2014), this solution is not so effective for sensor (LIDAR) is one of the main utilized sensors to be small and micro UAVs, because its accuracy mainly depends on integrated with IMU during these periods (Kumar, Patil, Patil, the base distance between the cameras, which is necessarily Park, & Chai, 2017). The main drawback facing the use of limited in such cases. Regardless of using single/multiple LIDAR with small and micro UAVs, is the weight, size, power cameras, this sensor performance is still greatly sensitive to consumption, and high computational cost. A common approach certain environmental factors, like light variation or featureless that utilizes LIDARs to aid the vehicle to navigate is scenes. Simultaneous Localization and Mapping (SLAM) (Mohamed, Other sensor which is much more superior to cameras or LIDAR, Moussa, Elhabiby, El-Sheimy, & Sesay, 2016) (Gao, Liu, Atia, because it is more immune to environmental changes is Radar & Noureldin, 2015), SLAM is a method to determine the vehicle (Barrett & Alvarez, 2017). In the past Radar was not used with small/micro UAVs due to its weight, size, and power Corresponding author.",NOT_REPORTED,2018,NOT_REPORTED,10.5194/isprs-archives-XLII-1-469-2018,"""During the last decade, the number of applications of UAVs has continuously increased, making the global UAV market one of those with the highest rate of growth. The worldwide increasing usage of UAVs is causing an ever-growing demand for efficient solutions in order to make them usable in every kind of working condition."" [p.1]","""nowadays the main restriction to the usage of UAVs is probably the need of reliable position estimates provided by using the Global Navigation Satellite System (GNSS): since UAVs mostly rely on the integration of GNSS/Inertial Navigation System (INS) to properly fulfil their tasks, they face a major challenge while navigating in GNSS denied environments."" [p.1]",MIXED,outdoor open area,3DR SOLO Quadcopter,"micro FMCW radar, UWB rover, IMU, GPS",HYBRID,Micro-Radar and UWB aided INS,REAL,Self-collected,"IMU dead reckoning RMSE-North, IMU dead reckoning RMSE-East, INS/Radar RMSE-North, INS/Radar RMSE-East, UWB RMSE-North (4 anchors), UWB/RO RMSE-North (4 anchors), UWB/RO RMSE-East (4 anchors), UWB RMSE-North (scenario 5), UWB/RO RMSE-North (scenario 5)","| metric | value + unit | baseline value | page |
|--------|--------------|----------------|------|
| IMU dead reckoning RMSE-North | 1334.8 m | NOT_REPORTED | 4 |
| IMU dead reckoning RMSE-East | 1157.1 m | NOT_REPORTED | 4 |
| INS/Radar RMSE-North | 6.98 m | NOT_REPORTED | 5 |
| INS/Radar RMSE-East | 2.74 m | NOT_REPORTED | 5 |
| UWB RMSE-North (4 anchors) | 1.48 m | NOT_REPORTED | 7 |
| UWB/RO RMSE-North (4 anchors) | 0.83 m | NOT_REPORTED | 7 |
| UWB/RO RMSE-East (4 anchors) | 0.82 m | NOT_REPORTED | 7 |
| UWB RMSE-North (scenario 5) | 0.81 m | NOT_REPORTED | 7 |
| UWB/RO RMSE-North (scenario 5) | 0.60 m | NOT_REPORTED | 7 |

""our algorithm achieves superior positioning accuracy, higher computing efficiency and better robustness"" [p.1] (note: this quote belongs to REC_1096; actual quote from this paper:) ""the integration between radar and UWB showed 44% and 26% enhancement in the RMSE-North and RMSE-East direction respectively, when compared to the UWB solution only."" [p.8]","INS dead reckoning, UWB standalone","""the radar does not enhance the navigation performance of the UAV"" when high density of UWB anchors is available [p.5]
""the integration between radar and UWB showed 44% and 26% enhancement in the RMSE-North and RMSE-East direction respectively, when compared to the UWB solution only."" [p.8]","""the use of a standalone UWB system may require a huge infrastructure to yield acceptable position estimates during the entire flight"" [p.8]",NOT_REPORTED,CORE: the paper's primary contribution is GPS-denied navigation,SYSTEM,"Canada (University of Calgary), Italy (University of Padova), Egypt (Port-Said University)","""This work was supported by Dr. Naser El-Sheimy research funds from NSERC and Canada Research Chairs programs."" [p.8]","- Page 3 contains a large block of numbers which appears to be a rendering error
- Some figure captions are truncated","1, 2, 4, 5, 7, 8"
REC_1148,HighTech and Innovation Journal UAV-Based Structural Health Monitoring Using a Two-Stage CNN Model with Lighthouse Localization in GNSS-Denied Environments,NOT_REPORTED,2025,NOT_REPORTED,10.28991/HIJ-2025-06-02-03,"""Effective UAV-based SHM systems rely on two fundamental components: localization and computer vision models. Localization ensures precise UAV positioning, critical for accurate flight operation, crack mapping, and comprehensive inspection coverage, especially in Global Navigation Satellite System (GNSS)-denied environments such as tunnels, indoor facilities, and under-bridge structures."" [p.2]","""Structural Health Monitoring (SHM) is a systematic approach to assessing the integrity of infrastructures, ensuring public safety, and extending their service life."" [p.1]",INDOOR,indoor experimental space,Crazyflie micro-UAV,"Lighthouse Positioning Deck, HIMAX HM01B0 camera",VISION_OBJECT,Two-Stage CNN with Lighthouse Localization,REAL,Özgenel's dataset,"Pose estimation error, Crack detection precision, Crack detection recall, Crack detection accuracy, X-axis max offset, Y-axis max offset, Z-axis max offset","| metric | value + unit | baseline value | page |
|--------|--------------|----------------|------|
| Pose estimation error | 1-2 cm | RFID: ~12-27 cm, UWB: 7-20 cm | 1 |
| Crack detection precision | 100% | NOT_REPORTED | 1 |
| Crack detection recall | 83.33% | NOT_REPORTED | 1 |
| Crack detection accuracy | 91.89% | NOT_REPORTED | 1 |
| X-axis max offset | ~4 cm | NOT_REPORTED | 8 |
| Y-axis max offset | 3.5 cm | NOT_REPORTED | 8 |
| Z-axis max offset | 6 cm | NOT_REPORTED | 8 |

""The system achieved a 1-2 cm margin of error in pose estimation, alongside 100% precision, 83.33% recall, and 91.89% accuracy in crack detection."" [p.1]","RFID, UWB, Vision-based tracking","""Classification accuracy: 99.42% and segmentation accuracy: 85.71%, outperforming standalone YOLOv4 by reducing false positives while maintaining high detection rates."" [p.4]","""While the model effectively classifies and localizes cracks, it is currently limited to binary classification (crack vs. no crack) and does not distinguish between different crack types or severities."" [p.11]
""its performance under more challenging surface or lighting conditions, such as wetness, shadows, or textured concrete, was not evaluated."" [p.11]","""Future work may improve segmentation overlap, expand the dataset for greater generalization across structural conditions, and investigate scalability through multi-base station setups."" [p.11]",CORE: the paper's primary contribution is GPS-denied navigation,SYSTEM,Philippines (De La Salle University),"""The authors received no financial support for the research, authorship, and/or publication of this article."" [p.11]","- Some table formatting issues
- Figure 10 caption truncated","1, 2, 3, 4, 5, 6, 7, 8, 9, 10, 11"
REC_1150,NaviLoc: Trajectory-Level Visual Localization for GNSS-Denied UAV Navigation,NOT_REPORTED,2026,NOT_REPORTED,10.3390/drones10020097,"""Aerial-to-satellite visual localization enables GNSS-denied UAV navigation, but the appearance gap between low-altitude (50-150 m) UAV imagery and nadir satellite tiles makes per-frame Visual Place Recognition (VPR) unreliable."" [p.1]","""Global localization is a prerequisite for long-horizon GNSS-denied UAV autonomy. Applications such as environmental monitoring, search-and-rescue, and autonomous delivery increasingly require operation in environments where GNSS signals may be unavailable, jammed, or spoofed."" [p.1-2]",MIXED,rural low-altitude,UAV,"monocular camera, VIO",VISION_OBJECT,NaviLoc,REAL,Self-collected UAV-to-satellite dataset,"MLE, ATE, Improvement over AnyLoc-VLAD, Improvement over raw VIO, Inference FPS, Feature extraction time, NaviLoc algorithm time","| metric | value + unit | baseline value | page |
|--------|--------------|----------------|------|
| MLE | 19.5 m | Raw VIO: 626.7 m, AnyLoc-VLAD: 312.2 m | 8 |
| ATE | 21.6 m | Raw VIO: 728.9 m, AnyLoc-VLAD: 368.5 m | 8 |
| Improvement over AnyLoc-VLAD | 16.0× | NOT_REPORTED | 1 |
| Improvement over raw VIO | 32.1× | NOT_REPORTED | 1 |
| Inference FPS | 9.0 FPS | NOT_REPORTED | 9 |
| Feature extraction time | 79 ms | NOT_REPORTED | 9 |
| NaviLoc algorithm time | 32 ms | NOT_REPORTED | 9 |

""NaviLoc achieves 19.5 m MLE—a 16.0× improvement over the state-of-the-art AnyLoc-VLAD, and a 32.1× improvement over raw VIO drift."" [p.1]","Raw VIO, Per-frame VPR (top-1, top-3), AnyLoc-VLAD","""Each stage provides substantial improvement (Table 2). Stage 1 alone achieves 9× improvement by finding the correct global transform. Stage 2 refines local errors, and Stage 3 leverages VIO constraints while excluding outliers."" [p.9]
""Performance is stable across moderate changes, while overly permissive local search radii or underconstrained refinement settings degrade accuracy."" [p.9]","""VIO dependency. NaviLoc assumes VIO provides accurate relative motion over short horizons. Significant VIO failures (e.g., from aggressive maneuvers or texture-poor environments) would propagate to the final estimate."" [p.12]
""our evaluation is limited to a single 2.3 km trajectory"" [p.12]","""Future work could jointly estimate VIO scale and bias."" [p.12]
""Extending to SE(3) would support altitude variations and complex terrain, potentially leveraging 3D point cloud or mesh references."" [p.12]",CORE: the paper's primary contribution is GPS-denied navigation,METHOD,Ukraine (Taras Shevchenko National University of Kyiv),"""This research was supported by Academia Tech, Taras Shevchenko National University of Kyiv, and Hackathon Expert NGO."" [p.12]","- Page 7 contains a large block of ""1 1 1 1..."" rendering error
- Some equations have OCR errors","1, 2, 3, 4, 5, 6, 8, 9, 10, 11, 12, 13, 14, 15, 16, 17"
REC_1159,GPS-Denied Navigation Aided by Synthetic Aperture Radar Using the Range-Doppler Algorithm,NOT_REPORTED,2022,NOT_REPORTED,10.33012/navi.533,"""The need to successfully navigate in the absence of GNSS has grown in recent years. In particular, light aircraft such as UAVs are growing in popularity for a variety of applications vulnerable to GPS denial."" [p.1]","""GPS can, for example, be jammed or spoofed either accidentally or intentionally. It can also be obscured or subject to multipath in the presence of natural or manmade structures obscuring the sky. The ease at which GPS can be denied motivates the field of GPS-denied navigation."" [p.1]",MIXED,outdoor flight,light aircraft (UAV),"Synthetic Aperture Radar (SAR), IMU, altimeter",RADAR (OTHER),SAR-aided INS with Range-Doppler Algorithm,BOTH,"Self-collected (real), Simulated","Position estimation error (sim), Velocity estimation error (sim), Attitude error (sim), Position error (real), Velocity error (real), Attitude error (real)","| metric | value + unit | baseline value | page |
|--------|--------------|----------------|------|
| Position estimation error (sim) | < 3 m | Without radar: unbounded | 22 |
| Velocity estimation error (sim) | < 0.5 m/s | NOT_REPORTED | 22 |
| Attitude error (sim) | < 7 mrad | NOT_REPORTED | 22 |
| Position error (real) | < 3 m | NOT_REPORTED | 24 |
| Velocity error (real) | < 0.4 m/s | NOT_REPORTED | 24 |
| Attitude error (real) | < 15 mrad | NOT_REPORTED | 24 |

""The results show that navigation in the absence of GPS using synthetic aperture radar is feasible with converging and bounded estimation errors."" [p.1]",INS-only (no radar),"""the omission of SAR measurements degrades the north and east estimates and they begin to grow without bound. The down estimate stays bounded due to altimeter measurements."" [p.25]","""Any implementation of this research in a real system requires knowledge of the area of GPS denial, whether that be terrain knowledge or target location knowledge."" [p.26]","""Further investigation is required to determine the relationship between SAR image content and the resulting range and cross-range measurement noise."" [p.26]
""Other methods of obtaining area information should be explored for a real-time system such as previously collected SAR images, optical satellite images, and synthesized SAR images using known terrain and target locations, digital maps, etc."" [p.26]",CORE: the paper's primary contribution is GPS-denied navigation,METHOD,"USA (Utah State University, Sandia National Laboratories)","""This research was funded in part by Sandia National Laboratories under Grants 202136 and 202854."" [p.26]","- Some equations have OCR errors
- Table 1 formatting issues","1, 2, 3, 4, 5, 6, 7, 8, 9, 10, 11, 12, 13, 14, 15, 16, 17, 18, 19, 20, 21, 22, 23, 24, 25, 26"
REC_1160,Towards Large-Scale Relative Localization in Multi-Robot Systems with Dynamic UWB Role Allocation arXiv:2203.03893v1 [cs.RO] 8 Mar 2022,NOT_REPORTED,2022,NOT_REPORTED,10.1109/ICRAE56463.2022.10054614,"""Albeit the many mobile robotic systems in the literature relying on UWB for localization [16], [19], there are still a number of limitations in terms of deployment flexibility and scalability of these systems."" [p.1]","""Motivated by the scalability limitation of UWB ranging in multi-robot systems, we approach the problem by relying on both ToF and TDoA ranging but by dynamically selecting the nodes that are actively using ToF for ranging."" [p.1]",INDOOR,indoor empty room,quadcopter,"UWB, Intel RealSense T265, Pixhawk 5X",UWB,Dynamic UWB Role Allocation,REAL,NOT_REPORTED,NOT_REPORTED,NOT_REPORTED,"ToF, TDoA, MOCAP",NOT_REPORTED,NOT_REPORTED,"""In future work, we will look into other optimization methods for the role allocation (e.g, data-driven approaches) while performing larger-scale experiments with multiple mobile ground and aerial robots."" [p.7]",IMPORTANT,METHOD,Finland,"""This research work is supported by the R3Swarms project funded by the Secure Systems Research Center (SSRC), Technology Innovation Institute (TII)."" [p.7]","Page 8 appears corrupted with repeated ""1"" and numeric artifacts, likely OCR/unreadable region. No DOI or year is visible in the supplied text.","1, 2, 3, 4, 5, 6, 7"
REC_1163,Results in Engineering A comparative study of TERCOM-EKF and ViSensorRF for UAV localization in GNSS-denied environments,NOT_REPORTED,2026,NOT_REPORTED,10.1016/j.rineng.2025.108279,"""However, there is a lack of comparative studies that analyze the trade-offs between learning-based and conventional estimation approaches in such conditions."" [p.1]","""Accurate localization is essential for Unmanned Aerial Vehicles (UAVs) in mission-critical applications such as military operations, search and rescue, and environmental monitoring."" [p.1]",MIXED,simulated Taif region terrain,UAV,"LiDAR, barometer, IMU, camera",HYBRID,TERCOM-EKF and ViSensorRF,SIM,OS-RFODG synthetic dataset,"RMSE X, RMSE Y, Execution time","| metric | value + unit | baseline value | page |
| RMSE X | 0.99–3.84 m | TERCOM-EKF 233.180–963.244 m | p.11, p.13 |
| RMSE Y | 1.11–5.02 m | TERCOM-EKF 700.114–878.305 m | p.11, p.13 |
| Execution time | 1.92 s | TERCOM-EKF 0.04 s | p.13 |
""The measured execution times were 0.04s for TERCOM-EKF, 0.498s for XGBoost, and 1.92s for ViSensorRF"" [p.13]","Fast-LIO, MINS, XGBoost",NOT_REPORTED,"""The evaluation was conducted using a single regional dataset representing the Taif terrain, and the DEM was generated from real-world elevation data using the available open-source os-rfodg framework [42]. However, obtaining accurate, high-resolution DEMs across different regions worldwide remains a considerable challenge due to limited data accessibility, variations in spatial resolution, and regional restrictions on geospatial information."" [p.13]","""In future work, the proposed TERCOM-XGBoost hybrid framework will be expanded and evaluated using real-world UAV flight datasets combined with high-precision DEM data covering geographically diverse environments."" [p.13]",CORE,BENCHMARK,Saudi Arabia,"""The authors extend their sincere appreciation to Prince Sultan University for covering the Article Processing Charges (APC) associated with this publication."" [p.14]","OCR issues include ""Tair region"" in the abstract versus ""Taif region"" elsewhere; Table 6 caption is repeated; no DOI is visible in the supplied text.","1, 2, 3, 4, 5, 6, 7, 8, 9, 10, 11, 12, 13, 14"
REC_1165,U,NOT_REPORTED,2026,NOT_REPORTED,10.1109/TSMC.2026.3708505,"""GPS-based localization is often unreliable in complex environments such as indoor spaces, urban canyons, and dense infrastructures, where satellite signals are often subject to blockage [19], [20], [21] or interference [22]."" [p.1]","""Therefore, reliable localization methods for GPS-denied environments are essential to ensure the desired performance of UAV systems in challenging environments [24]."" [p.1]",MIXED,NOT_REPORTED,UAV,"IMU, camera, laser radar, etc.",SURVEY,Survey,NOT_REPORTED,NOT_REPORTED,NOT_REPORTED,NOT_REPORTED,NOT_REPORTED,NOT_REPORTED,"""Currently, there is a lack of experiments for onboard-only methods over extended durations."" [p.13]","""A promising future direction is to address these hardware and software challenges through hardware-level sensor fusion and advanced data compression methods."" [p.13]",CORE,SURVEY,China,NOT_REPORTED,Reference [22] appears duplicated and reference list repeats on pages 15–16. No DOI or publication year is visible in the supplied text.,"1, 2, 3, 4, 5, 6, 7, 8, 9, 10, 11, 12, 13, 14, 15, 16, 17"
REC_1167,APF-Driven Lightweight UAV Swarm Trajectory Optimization in GNSS-Denied Air–Terrestrial Navigation,NOT_REPORTED,2026,NOT_REPORTED,10.3390/electronics15061207,"""there is a need for a precision and light evaluation approach that preserves geometric interpretability while enabling efficient, scalable computation"" [p.2]","""To enable autonomous route planning for UAV swarms in dynamic air-terrestrial cooperative navigation scenarios within GNSS-denied environments, this paper proposes a lightweight framework based on the Artificial Potential Field (APF) method."" [p.1]",MIXED,cubic spatial region 1200 m × 1200 m × 700 m,UAV swarm,pseudorange,COOPERATIVE,APF-based autonomous joint route planning,SIM,NOT_REPORTED,comprehensive GDOP improvement,"| metric | value + unit | baseline value | page |
| comprehensive GDOP improvement | 76.1% | hovering UAVs | p.1 |
""The simulation results show a 76.1% improvement in the average comprehensive GDOP for users compared to the baseline of hovering UAVs"" [p.1]",hovering UAVs,NOT_REPORTED,"""it is important to acknowledge the inherent limitations of classical Artificial Potential Field methods, including local minima, oscillations in narrow passages, and target unreachability."" [p.16]","""Future work may incorporate adaptive gain tuning or random perturbations to further enhance robustness in more constrained environments."" [p.17]",CORE,METHOD,China,"""This research was funded by the National Key R&D Program of China (2025YFF0512301)."" [p.18]",Title and full author list are missing from page 1. Page 7 contains a corrupted block of repeated numbers. No full author names are supplied in the extracted text.,"1, 2, 3, 4, 5, 6, 8, 9, 10, 11, 12, 13, 14, 15, 16, 17, 18, 19, 20"
REC_1171,"LiDAR-Based Multi-Modal UAV Navigation Dataset for Robust Benchmarking in Complex-Structured, GNSS-Denied Industrial Environments",NOT_REPORTED,2026,NOT_REPORTED,10.3390/drones10080611,"""Existing datasets cannot adequately evaluate navigation algorithms in common industrial environments."" [p.3]","""To address the problem of lacking effective evaluation benchmarks for UAV navigation algorithms in complex-structured, GNSS-denied industrial environments (e.g., fully enclosed stockyards), this paper proposes and open-sources a multi-modal UAV navigation dataset."" [p.1]",INDOOR,enclosed iron ore powder stockyard,DJI Matrice 300 RTK,"Puck VLP-16 LiDAR, MTi-300 AHRS IMU, Zenmuse H20 gimbal camera, Nova MS60 total station",DATASET,LiDAR-based multi-modal UAV navigation dataset,REAL,proposed dataset,"horizontal accuracy, vertical accuracy","| metric | value + unit | baseline value | page |
| horizontal accuracy | 0.1166 m | NOT_REPORTED | p.33 |
| vertical accuracy | 0.0510 m | NOT_REPORTED | p.33 |
""the navigation algorithm participating in the dataset evaluation in this subsection achieves an accuracy of 0.1166 m in the horizontal direction and 0.0510 m in the vertical direction"" [p.33]","LOAM, LeGO-LOAM, F-LOAM, LIO-SAM","""without using any of the ArUco markers"" [p.16]; ""using all of the ArUco marker poses"" [p.24]; ""using a subset of the ArUco marker poses"" [p.34]","""Sequence F was terminated early due to an unexpected safety incident, but the collected data remains complete and valid."" [p.15]",NOT_REPORTED,CORE,DATASET,China,"""This research received no external funding."" [p.45]",Title and full author names are missing from page 1. Page 7 and page 50 contain corrupted repeated-number blocks. Author names are only available as initials in the author contributions.,"1, 2, 3, 4, 5, 6, 7, 8, 9, 10, 11, 12, 13, 14, 15, 16, 17, 18, 19, 20, 21, 22, 23, 24, 25, 26, 27, 28, 29, 30, 31, 32, 33, 34, 35, 36, 37, 38, 39, 40, 41, 42, 43, 44, 45, 46, 47, 48, 49, 50"
REC_1172,ScienceDirect ScienceDirect,NOT_REPORTED,2022,NOT_REPORTED,10.1016/j.ifacol.2023.01.132,"""Operation of civil aircraft requires mandatory regular inspection in order to detect damages to the surface structures that could lead to safety risks in the long term if not remedied."" [p.1]","""Autonomous UAV offer great potential for automating the task and significantly reducing the downtimes. Perspectively, the inspection task could be shifted to the runway and performed directly after landing"" [p.1]",INDOOR,GNSS-denied hangar with Boeing 737-500,UAV (mounted on manual carrier for testing),"Velodyne VLP-16 LiDAR, Lord Microstrain 3DM-GX5-25 IMU",LIDAR,Modified LIOM with cylinder feature detection,REAL,Self-collected,"Position drift (z-direction), RMS position error, Arithmetic mean position error, Measurement duration","| metric | value + unit | baseline value | page |
|--------|--------------|----------------|------|
| Position drift (z-direction) | ~20 cm | NOT_REPORTED | 5 |
| RMS position error | 25.0 cm | NOT_REPORTED | 5 |
| Arithmetic mean position error | 21.2 cm | NOT_REPORTED | 5 |
| Measurement duration | 2.5 min | NOT_REPORTED | 5 |

""the position drift in z-direction at the end of the measurement duration of 2.5 min is approximately 20 cm, despite the perpetual pitch oscillation and significant yaw rotation"" [p.5]",iGPS reference system,"""the depicted 2D-projections of the map from a variety of angles display a level of detail that is remotely comparable to single-channel camera images"" [p.5]","""no loop closing was employed to obtain these results"" [p.5]","""In future work, the resulting 3D maps could be further improved by including loop closure and should be merged with high resolution camera pictures and CNN-based image classification for convenient defect localization."" [p.5]",CORE: the paper's primary contribution is GPS-denied navigation,METHOD,Germany (RWTH Aachen University),"""The authors gratefully acknowledge the contribution of the joint research project AMIIGO supported by the Industrial Research Association DFMRS e.V. (grant-no. 19477 N) with aid of the German Federal Ministry of Economic Affairs and Energy"" [p.5]","- Some equations have OCR errors
- Table in Algorithm 1 has formatting issues","1, 2, 3, 4, 5, 6"
REC_1175,Deep Learning for Autonomous UAV Navigation: Multi-Modal Visual-Inertial Pose Estimation in GPS-Denied Environments 1.,NOT_REPORTED,2026,NOT_REPORTED,10.5194/isprs-annals-X-4-W8-2025-389-2026,"""navigating without GPS- such as indoors, underground, or in urban canyons- remains a major obstacle, since traditional GPS-based systems cannot offer sufficient accuracy or reliability in these environments."" [p.2]","""Robust alternatives for pose estimation and trajectory tracking are needed."" [p.2]",INDOOR,indoor,UAV,"camera, IMU",VIO,DeepVIONet,REAL (dataset),TUM Visual-Inertial dataset,"Translation MAE (Seq 1), Translation RMSE (Seq 1), Rotation MAE (Seq 1), Rotation RMSE (Seq 1), Translation MAE (Seq 2), Translation RMSE (Seq 2), Rotation MAE (Seq 2), Rotation RMSE (Seq 2)","| metric | value + unit | baseline value | page |
|--------|--------------|----------------|------|
| Translation MAE (Seq 1) | 0.0866 m | NOT_REPORTED | 5 |
| Translation RMSE (Seq 1) | 0.114215 m | NOT_REPORTED | 5 |
| Rotation MAE (Seq 1) | 0.0454 rad | NOT_REPORTED | 5 |
| Rotation RMSE (Seq 1) | 0.0681 rad | NOT_REPORTED | 5 |
| Translation MAE (Seq 2) | 0.0580 m | NOT_REPORTED | 5 |
| Translation RMSE (Seq 2) | 0.0739 m | NOT_REPORTED | 5 |
| Rotation MAE (Seq 2) | 0.0902 rad | NOT_REPORTED | 5 |
| Rotation RMSE (Seq 2) | 0.1349 rad | NOT_REPORTED | 5 |

""translation MAE of 0.089m and rotation MAE of 0.043 radians"" [p.1] (abstract claims, slightly different from table values)","VINS-Mono, ORB-SLAM3","""Rotation accuracy is higher in the first dataset... and decreases with more dynamic motion in the second"" [p.6]","""The model's rotation estimates decrease in accuracy under aggressive motion... Current tests are limited to indoor data; further outdoor and broader baseline comparisons are needed"" [p.7]","""future work will explore attention mechanisms, uncertainty modeling, and real-time deployment on UAV platforms. Additional research directions include extending evaluation to outdoor environments, comparing against more baseline methods, and investigating adaptive sequence processing for variable-length inputs."" [p.7]",CORE: the paper's primary contribution is GPS-denied navigation,METHOD,Iran (Islamic Azad University),NOT_REPORTED,"- Figure 1 caption repeated as Figure 1 in text
- Some reference formatting issues","1, 2, 3, 4, 5, 6, 7"
REC_1178,Aerial-Ground Robots Collaborative 3D Mapping in GNSS-Denied Environments,NOT_REPORTED,2022,NOT_REPORTED,10.1109/ICRA46639.2022.9812319,"""The challenge of collaboration between heterogeneous robots lies in their huge differences in perception, mobility and processing capabilities."" [p.1]","""Collaborative heterogeneous robots are expected to perform comprehensive perception, mapping and coordination in search and rescue scenarios."" [p.1]",MIXED,"NTU Rainforest, Two-Level Building",UAV and UGV,UGV: 3D Velodyne LiDAR; UAV: stereo camera,COOPERATIVE,Continuous-discrete UAV-UGV collaborative mapping framework,REAL,Self-collected,"UGV decision cycle, UAV decision cycle, UGV fusion cycle, UAV fusion cycle, Average entropy (NTU Rainforest), Average entropy (Two-level Building)","| metric | value + unit | baseline value | page |
|--------|--------------|----------------|------|
| UGV decision cycle | 0.045-0.046 s | NOT_REPORTED | 6 |
| UAV decision cycle | 0.104-0.087 s | NOT_REPORTED | 6 |
| UGV fusion cycle | 243.71-30.87 s | NOT_REPORTED | 6 |
| UAV fusion cycle | 33.53-29.69 s | NOT_REPORTED | 6 |
| Average entropy (NTU Rainforest) | 0.273 | Jessup: 0.289 | 6 |
| Average entropy (Two-level Building) | 0.257 | Jessup: 0.269 | 6 |

""The proposed algorithm combines the sparse UGV map and dense UAV map and generates an enhanced and more consistent global map."" [p.5]",Jessup [16] fusion algorithm,"""the average entropy of UAV map is higher than UGV map, because UAV is equipped stereo camera and has higher noise"" [p.6]","""Considering connectivity, bandwidth, and computational constraints, UAV-UGV discrete map fusion processes is performed from time to time."" [p.6]",NOT_REPORTED,CORE: the paper's primary contribution is GPS-denied navigation,SYSTEM,Singapore (Nanyang Technological University),NOT_REPORTED,"- Some figures have rendering issues
- Table I and II have formatting issues","1, 2, 3, 4, 5, 6, 7"
REC_1185,Ad Hoc Networks UAV swarm distributed cooperative localization in GNSS-denied environments: an ICMC and ACPM Fusion approach,NOT_REPORTED,2026,NOT_REPORTED,10.1016/j.adhoc.2026.104363,"""With the widespread use of Unmanned Aerial Vehicles (UAVs) in urban environments, achieving high-precision localization, particularly in Global Navigation Satellite System (GNSS)-denied environments, presents a significant challenge."" [p.1]","""Existing localization methods largely rely on centralized data processing, which often leads to issues such as information redundancy, high computational complexity, and limited real-time responsiveness."" [p.1]",MIXED,2D space 1000m × 1000m,UAV swarm (22 UAVs in simulation),AOA and TDOA measurements,COOPERATIVE,I-ACPM (ICMC + ACPM),SIM,NOT_REPORTED,"Average RMSE (SMDS-CFG comparison), Average RMSE reduction vs SMDS-CFG, Average RMSE (50 UAVs), Average RMSE reduction vs MLE, Computation time (per step)","| metric | value + unit | baseline value | page |
|--------|--------------|----------------|------|
| GDOP (geometric mean) | 239 m/rad | HEED: 355 m/rad, SMDS-CFG: 454 m/rad | 10 |
| Average RMSE (SMDS-CFG comparison) | 2.85 m | SMDS-CFG: 4.70 m | 10 |
| Average RMSE reduction vs SMDS-CFG | 39.4% | NOT_REPORTED | 11 |
| Average RMSE (50 UAVs) | 2.09 m | MLE: ~3.42 m | 11 |
| Average RMSE reduction vs MLE | 38.9% | NOT_REPORTED | 11 |
| Computation time (per step) | 0.506 ms | SMDS-CFG: 0.515 ms, MLE: 0.396 ms | 12 |

""I-ACPM significantly enhances localization accuracy, particularly in low-noise environments, with performance approaching the Cramer-Rao Lower Bound (CRLB)."" [p.1]","PLE, WPLE, MLE, SMDS-CFG, HEED","""Fig. 13 shows the RMSE of I-ACPM as a function of the NLOS detection threshold... The results demonstrate that the RMSE remains within a narrow range of 2.80 m to 3.31 m across the entire evaluated range"" [p.12]","""NLOS detection mechanism to the threshold selection"" [p.12] (mentioned as robustness to threshold)
""some UAVs may receive AOA information in NLOS conditions"" [p.2]",NOT_REPORTED,CORE: the paper's primary contribution is GPS-denied navigation,METHOD,China (Dalian Maritime University),"""This work was supported by the Natural Science Foundation of China (62273068); Liaoning Provincial Natural Science Foundation (2025-MSLH-107); the Fundamental Research Funds for the Central Universities (3132023512), Dalian Science and Technology Innovation Fund (2019J12GX040), the Foundation of Shandong Key Laboratory of Intelligent Technology and Equipment for Unmanned Systems (SZ2026ZD002)."" [p.13]","- Some equations have OCR errors
- Table 1 has formatting issues","1, 2, 3, 4, 5, 6, 7, 8, 9, 10, 11, 12, 13, 14"
REC_1186,ScienceDirect,NOT_REPORTED,2016,NOT_REPORTED,10.1016/j.ifacol.2016.03.086,"""there are many situations where GPS may not available- primarily due to interference or lack of required number of available satellites at the desired location/region"" [p.1]","""there may be several cellular towers available along the way from S to G... The vehicle has to perform dead reckoning in regions where landmarks are not available."" [p.1]",MIXED,5 landmarks with 100m range,UAV (Dubin's car model),range and bearing sensors,OTHER,PSO-based path planning with landmarks,SIM,NOT_REPORTED,"Path length (Γ=50), Path length (Γ=20), Time to travel (Γ=50), UAV speed, Minimum turning radius","| metric | value + unit | baseline value | page |
|--------|--------------|----------------|------|
| Path length (Γ=50) | 540 m | Direct path: 518 m | 4 |
| Path length (Γ=20) | 594 m | NOT_REPORTED | 4 |
| Time to travel (Γ=50) | 108 s | NOT_REPORTED | 4 |
| UAV speed | 5 m/s | NOT_REPORTED | 4 |
| Minimum turning radius | 15 m | NOT_REPORTED | 4 |

""the path obtained by the PSO is minimal while ensuring that it touches the landmarks"" [p.4]",NOT_REPORTED,"""due to lower covariance requirement, the path taken by the UAV is completely different. The new path length is 594 meters which is much higher than the previous case but it satisfies the new requirement of Γ(P_t)=20"" [p.4]","""the PSO may not always determine an optimal solution, the determined can be locally optimal and sub-optimal in the global sense."" [p.4]","""Some possible extensions include comparison with an optimal solver, including obstacle avoidance/risk zones, extending to 3D and finally experimental validation."" [p.5]",CORE: the paper's primary contribution is GPS-denied navigation,METHOD,India (IIIT-Delhi),NOT_REPORTED,"- Page 5 contains a large block of ""2000 2000 2000..."" rendering error
- Some figures have rendering issues","1, 2, 3, 4, 5"
REC_1187,Group Coordination and Path Replan Tactics in GPS Denied Environments,NOT_REPORTED,2016,NOT_REPORTED,10.1109/ICUAS.2016.7502646,"""Success of a cooperative mission entirely depends on precise navigation information of each UAV. Though present day UAVs are equipped with GPS, the UAVs have to rely only on navigation information obtained from inertial navigation system while operating in GPS denied environments."" [p.1]","""Deploying a large number of micro class of UAVs, and enabling cooperation among them, will cover a wider area and provide time critical intelligence on the enemy movements."" [p.1]",MIXED,threat surveillance and reconnaissance mission in GPS denied environment,MAVs,"GPS, high/low accuracy INS, wireless communication, RSS",COOPERATIVE,WIMAN (Wireless MAV Network) with GEM/GPM and distributed cooperative localization,SIM,NOT_REPORTED,NOT_REPORTED,NOT_REPORTED,NOT_REPORTED,NOT_REPORTED,"""Constructing a GPS protected WIMAN architecture is NP-complete."" [p.3]",NOT_REPORTED,CORE: the paper's primary contribution is GPS-denied navigation,METHOD,India (Indian Institute of Science),NOT_REPORTED,"- Page 8 contains a large block of ""1 1 1..."" rendering error in the source PDF.
- Some equations and tables have formatting issues.","1, 2, 3, 4, 5, 6, 7, 8, 9"
REC_1189,"Leonardo Drone Contest Autonomous Drone Competition: Overview, Results, and Lessons Learned from Politecnico di Milano Team 123",NOT_REPORTED,2023,NOT_REPORTED,10.1007/s10846-023-01855-w,"""To reach this goal, the designed systems should be capable of navigating in a Global Navigation Satellite System (GNSS)-denied environment with autonomous decision making, online planning and collision avoidance capabilities."" [p.1]","""Autonomous UAVs, as many other robot systems, are composed of the standard building blocks of state estimation, control, mapping and planning."" [p.1]",INDOOR,indoor urban-like environment and FlyART,ROG-1 and ROG-2 coaxial octocopters,"ZED stereo camera, OpenMV H7 Plus, TeraRanger Tower Evo, Lidar-Lite v3, IMU",HYBRID,ROG-1 and ROG-2 autonomous UAV systems,BOTH,NOT_REPORTED,"Mean error (ZED-VO), Relative error (ZED-VO), Valid landings (first edition)","| metric | value + unit | baseline value | page |
|--------|--------------|----------------|------|
| Mean error (ZED-VO) | 0.078 m | RTAB-Map: 0.175 m, ORB-SLAM2: 0.184 m | 17 |
| Relative error (ZED-VO) | 1.21% | RTAB-Map: 2.70%, ORB-SLAM2: 2.84% | 17 |
| Valid landings (first edition) | 4 out of 5 | NOT_REPORTED | 4 |

""All the algorithms show good results in the proposed experiment, with the best performance obtained by the ZED-VO algorithm."" [p.14]","ORB-SLAM2, LibViso2, ZED-VO, RTAB-Map","""Different algorithms"" compared. ""The mean absolute and relative error with respect to the travelled distance are reported in Table 1."" [p.14]","""the visual odometry showed a very strong drift and the SLAM algorithm was not able to compensate for it, leading to considerable variations in the altitude kept by the drone."" [p.6]","""future works could regard the improvement of visual odometry performance, changing the stereo camera orientation to a downward-looking configuration."" [p.21]",CORE: the paper's primary contribution is GPS-denied navigation,SYSTEM,Italy (Politecnico di Milano),"""Open access funding provided by Politecnico di Milano within the CRUI-CARE Agreement."" [p.21]","- Some figures and tables have rendering issues.
- Page 6 contains a large block of ""1 1 1..."" rendering error in the source PDF.","1, 2, 3, 4, 5, 6, 7, 8, 9, 10, 11, 12, 13, 14, 15, 16, 17, 18, 19, 20, 21"
REC_1190,Aerospace Science and Technology Reduction of GNSS-Denied inertial navigation errors for ﬁxed wing autonomous unmanned air vehicles,NOT_REPORTED,2022,NOT_REPORTED,10.1016/j.ast.2021.107237,"""The extreme dependency of an autonomous UAV (Unmanned Air Vehicle) inertial navigation to the presence of GNSS (Global Navigation Satellite System) signals, without which it incurs in a slow but unavoidable position drift that may ultimately lead to the loss of the platform"" [p.1]","""The main objective of this article is to improve the GNSS-Denied navigation capabilities of autonomous fixed wing low SwAP vehicles, so in case GNSS signals become unavailable, they can continue their mission or safely fly to a predetermined recovery location."" [p.4]",MIXED,"two scenarios, long distance turbulent flight",fixed wing autonomous UAV,"accelerometers, gyroscopes, magnetometers, Pitot tube, air vanes, barometer",OTHER,Proposed INS with three EKFs,SIM,NOT_REPORTED,"Horizontal position mean error (Scenario #1), Horizontal position std (Scenario #1), Body attitude mean error (Scenario #1), Vertical position mean error (Scenario #1), Ground speed mean error (Scenario #1)","| metric | value + unit | baseline value | page |
|--------|--------------|----------------|------|
| Horizontal position mean error (Scenario #1) | 7.18% | NOT_REPORTED | 14 |
| Horizontal position std (Scenario #1) | 5.73% | NOT_REPORTED | 14 |
| Body attitude mean error (Scenario #1) | 0.152° | NOT_REPORTED | 11 |
| Vertical position mean error (Scenario #1) | -3.89 m | NOT_REPORTED | 12 |
| Ground speed mean error (Scenario #1) | +0.32 m/s | NOT_REPORTED | 13 |

""a mean error of 7.18% and standard deviation of 5.73% are not sufficient to ensure safe GNSS-Denied navigation under any circumstances."" [p.14]",traditional GNSS-based inertial filter,"""Different horizontal position algorithms"" compared. ""The proposed approach of freezing the wind speed estimation... is the preferred choice for reducing horizontal position errors"" [p.27]","""The horizontal position estimation exhibits a drift with time that depends exclusively on the ground velocity estimation error; when this error is constant, the drift is linear with time."" [p.27]",NOT_REPORTED,CORE: the paper's primary contribution is GPS-denied navigation,METHOD,Spain (Universidad Politécnica de Madrid),"""open source software [1]"" and ""© 2021 The Authors. Published by Elsevier Masson SAS. This is an open access article under the CC BY license"" [p.1]","- Page 2 contains a large block of ""1 1 1..."" rendering error in the source PDF.
- Page 6 contains a large block of ""1 1 1..."" rendering error.
- Some equations have OCR errors.","1, 3, 4, 7, 11, 12, 13, 14, 27"
REC_1191,arXiv:2211.06548v2 [cs.RO] 3 Dec 2022,NOT_REPORTED,2023,NOT_REPORTED,10.1109/CoDIT58514.2023.10284327,"""This paper addresses the problem of position estimation in UAVs operating in a cluttered environment where GPS information is unavailable."" [p.1]","""However, in cluttered environments like forests and indoor environments, there is an intermittent loss of GPS (sometimes no GPS signal), which can lead to inaccurate position estimates, rendering the UAV unstable."" [p.1]",MIXED,outdoor RTK GPS facility,micro-UAV,"rotor RPM, IMU, barometer, compass",OTHER,SN-MNN (Spectrally Normalized Memory Neuron Network),REAL,Self-collected,"RMSE (SN-MNN+EKF), RMSE (MNN+EKF), RMSE (without spectral normalization), RMSE (position prediction)","| metric | value + unit | baseline value | page |
|--------|--------------|----------------|------|
| RMSE (SN-MNN+EKF) | 0.05953 m | VINS-Mono: 0.18 m, VIO: 0.13 m | 9 |
| RMSE (MNN+EKF) | 0.542 m | NOT_REPORTED | 9 |
| RMSE (without spectral normalization) | ~0.55 m | NOT_REPORTED | 10 |
| RMSE (position prediction) | 5.84 cm | NOT_REPORTED | 8 |

""the proposed algorithm has the least RMSE for position estimates"" [p.1]","VINS-Mono, VIO, MNN+EKF","""The RMSE for the entire position prediction is about 5.84cm, whereas, for the network without spectral normalization, the RMSE error is about 50cm, thus justifying the requirement for a spectrally normalized network."" [p.8]",NOT_REPORTED,NOT_REPORTED,CORE: the paper's primary contribution is GPS-denied navigation,METHOD,India (Indian Institute of Science),NOT_REPORTED,- Some figures and tables have formatting issues.,"1, 2, 3, 4, 5, 6, 7, 8, 9, 10, 11, 12"
REC_1192,Indoor UAV Localization Using a Tether,NOT_REPORTED,2018,NOT_REPORTED,10.1109/SSRR.2018.8468627,"""This paper presents an approach to localize a UAV in indoor environments using only a quasi-taut tether."" [p.1]","""In indoor GPS-denied environments, UAV localization usually depends on vision-based methods combined with inertial sensing"" [p.1]",INDOOR,motion capture studio,Fotokite Pro tethered UAV,"tether length encoder, tether angle sensor, IMU",OTHER,Catenary-based tether localizer,REAL,NOT_REPORTED,"Average Localization Error (Proposed), Improvement","| metric | value + unit | baseline value | page |
|--------|--------------|----------------|------|
| Average Localization Error (Proposed) | 0.3675 m | Preliminary: 0.5335 m | 5 |
| Improvement | 31.12% | NOT_REPORTED | 1 |

""Our approach could reduce the error of the state-of-the-art tether-based indoor aerial vehicle localization by 31.12%."" [p.1]",preliminary localizer,NOT_REPORTED,"""This paper assumes an ideal open space, which means there are no obstacles between the UAV and the reel center."" [p.1]","""more sophisticated mechanics model will be used to further improve the tracking accuracy, such as Finite Element Analysis. Machine learning approaches are another research direction"" [p.5]",CORE: the paper's primary contribution is GPS-denied navigation,METHOD,"USA (University of Texas at Austin, Texas A&M University)","""NSF grant IIS 1426756, DOE Science of Safety Grant 1710670, and DOE DE-EM0004483."" [p.5]","- Some figures have rendering issues.
- Page 6 contains references.","1, 2, 3, 4, 5, 6"
REC_1194,drones,NOT_REPORTED,2023,NOT_REPORTED,10.3390/drones7100613,"""GPS- denied environments, there is a high installation cost, which may not be practical for many applications."" [p.1]","""the purpose of this study is to find a dynamic non- cooperative landing strategy using multi- sensor fusion to achieve precise docking for UAV/UGV in GPS- denied environments."" [p.2]",MIXED,indoor/outdoor,UAV and UGV,"UWB, IMU, camera, encoder",HYBRID,MIFG + EKF fusion,BOTH,NOT_REPORTED,"RMS error MIFG, RMS error fusion","| metric | value + unit | baseline value | page |
| RMS error MIFG | 0.4088 m (x) | FFLS 0.6321 m | p.15 |
| RMS error fusion | 0.0153 m (x) | UWB 0.4122 m | p.15 |
""MIFG 0.4088 0.6554 0.3276 0.3104"" [p.15]",FFLS,"""double the noise"" [p.16]","""due to the inherent performance of UWB, the method may not be ideal beyond the measurement range (500m)."" [p.20]","""pitch and roll will be further considered for uneven grounds in the future. Another future work is to consider autonomous docking for multiple drones and UGVs."" [p.21]",CORE,METHOD,China,"""supported by the National Natural Science Foundation of China (grant: 62003243), the Fundamental Research Funds for the Central Universities (No.: 22120210099), the Shanghai Municipal Commission of Science and Technology (No.: 19511132101), the Shanghai Municipal Science and Technology Major Project (grant: 2021SHZDZX0100), the Shanghai Gaofeng & Gaoyuan Project for University Academic Program Development (No.: 22-3) and the Basic Science Centre Program by the National Natural Science Foundation of China (grant: 62088101)."" [p.21]",No forbidden numbers appear.,"1, 2, 3, 4, 5, 6, 7, 8, 9, 10, 11, 12, 13, 14, 15, 16, 17, 18, 19, 20, 21, 22, 23, 24, 25, 26"
REC_1196,sensors,NOT_REPORTED,2023,NOT_REPORTED,10.3390/s23041934,"""GPS signals are not available in indoor environments."" [p.2]","""achieve precise autonomous landing in a GPS-denied environment using the Smartphone Video Guidance Sensor (SVGS)"" [p.2]",INDOOR,laboratory,quadcopter,"smartphone camera, VIO, LED target",VISION_OBJECT,SVGS + VIO,REAL,NOT_REPORTED,SVGS capture distance,"| metric | value + unit | baseline value | page |
| SVGS capture distance | 1.34 m | ArUco 0.56 m | p.13 |
""SVGS was able to capture target position from a farther distance during the approach compared with AR (1.34m vs. 0.56m)"" [p.13]",ArUco,NOT_REPORTED,"""SVGS is not a real-time sensor and has a high degree of variability on its update rate"" [p.9]","""Assessment under various landing scenarios is needed to further demonstrate the performance"" [p.14]",CORE,SYSTEM,USA,"""supported by NASA Marshall Space Flight Center, Cooperative Agreements 80NSSC20M0169"" [p.14]",No forbidden numbers appear.,"1, 2, 3, 4, 5, 6, 7, 8, 9, 10, 11, 12, 13, 14, 15, 16, 17"
REC_1207,GPS-Denied Indoor and Outdoor Monocular Vision Aided Navigation and Control of Unmanned Aircraft,NOT_REPORTED,2013,NOT_REPORTED,10.1002/rob.21454,"""GPS may not be available indoors and can suffer from obstruction and multipath errors"" [p.2]","""the problem of GPS-denied navigation is of great interest for M-UAVs that operate indoors and for outdoor UAVs"" [p.2]",MIXED,indoor and outdoor,"rotorcraft UAV, M-UAV","monocular camera, IMU, sonar altimeter",VIO,V-INS,REAL,NOT_REPORTED,"hover accuracy, position error","| metric | value + unit | baseline value | page |
| hover accuracy | within 1.6 m | - | p.27 |
| position error | 7 m over maneuver | - | p.26 |
""An absolute position error of 7m is incurred over the course of the maneuver."" [p.26]",NOT_REPORTED,NOT_REPORTED,"""there are no UAVs capable of performing such a transition without the aid of GPS"" [p.3]",NOT_REPORTED,CORE,METHOD,USA,NOT_REPORTED,Page 24 and 25 contain corrupted repeated numbers. No DOI or year visible.,"1, 2, 3, 4, 5, 6, 7, 8, 9, 10, 11, 12, 13, 14, 15, 16, 17, 18, 19, 20, 21, 22, 23, 26, 27, 28, 29, 30, 31, 32, 33, 34, 35, 36, 37, 38, 39, 40, 41, 42, 43, 44, 45"
REC_1208,Energy-Aware Adaptive Communication Topology with Edge-AI Navigation for UAV Swarms in GNSS-Denied Environments,NOT_REPORTED,2026,NOT_REPORTED,10.3390/drones10040273,"""Energy-efficient and resilient decentralized unmanned aerial vehicles (UAV) swarm operation in global navigation satellite system (GNSS) denied environments remains challenging"" [p.1]","""integrated energy-aware swarm coordination in GNSS-denied environments"" [p.2]",MIXED,"indoor corridor, urban canyon, open-field",UAV swarm,visual-inertial,COOPERATIVE,Energy-aware adaptive communication-topology + edge-AI,SIM,NOT_REPORTED,"total energy reduction, RMSE reduction, communication energy reduction","| metric | value + unit | baseline value | page |
| total energy reduction | 22.7% | fixed topology | p.1 |
| RMSE reduction | 4.8% | EKF | p.2 |
| communication energy reduction | 31.4% | fixed topology | p.19 |
""22.7% reduction in total energy consumption"" [p.1]
""4.8% root mean square error (RMSE) reduction"" [p.2]
""31.4% reduction"" [p.19]","Fixed topology + EKF, Adaptive topology + EKF, Fixed topology + Edge AI","""ablation study ... four configurations"" [p.27]","""further high-fidelity propagation modeling, broader learning validation, and hardware-in-the-loop studies remain necessary."" [p.2]","""Future work will focus on hardware in the loop validation, extension towards heterogeneous multi-role swarms, and experimental deployment"" [p.30]",CORE,METHOD,Kazakhstan,"""Committee of Science of the Ministry of Science and Higher Education of the Republic of Kazakhstan (Grant No. AP 227019/0223)"" [p.31]",Author list missing from page 1. Page 25 contains corrupted repeated numbers. No DOI visible.,"1, 2, 3, 4, 5, 6, 7, 8, 9, 10, 11, 12, 13, 14, 15, 16, 17, 18, 19, 20, 21, 22, 23, 24, 26, 27, 28, 29, 30, 31, 32, 33"
REC_1212,Autonomous drone hunter operating by deep learning and all-onboard computations in GPS-denied environments,NOT_REPORTED,2019,NOT_REPORTED,10.1371/journal.pone.0225092,"""the misuse risk of UAVs is also increasing"" [p.1]","""a growing need for technological solutions that can autonomously defend against malicious UAVs"" [p.1]",MIXED,indoor,quadcopter,ZED stereo camera,VISION_OBJECT,Tiny YOLO + visual servoing,REAL,"58,647 images","detection accuracy, frame rate, tracking speed","| metric | value + unit | baseline value | page |
| detection accuracy | 77% | - | p.1 |
| frame rate | 8 fps | - | p.1 |
| tracking speed | 1.5 m/s | - | p.1 |
""77% accuracy"" [p.1]; ""eight frames per second"" [p.1]; ""1.5 m/s"" [p.1]",NO_BASELINE,"""RGB model ... gray-scale model"" [p.6]","""Performance was limited by the detection algorithm's 77% accuracy in cluttered environments and the frame rate of eight frames per second along with the field of view of the camera."" [p.1]","""Improving the tracking speed and accuracy, inferring the location of the target when occluded, and adding a tracking algorithm that can discriminate between multiple possible targets"" [p.15]",CORE,SYSTEM,USA,"""U.S. National Science Foundation National Robotics Initiative grant number 1527232"" [p.1]",No forbidden numbers appear.,"1, 2, 3, 4, 5, 6, 7, 8, 9, 10, 11, 12, 13, 14, 15, 16, 17, 18"
REC_1216,Engineering Applications of Artificial Intelligence A Two-Stage Residual Extended Kalman Filter using Extreme Gradient Boosting and Kolmogorov–Arnold Networks for terrain-aided Unmanned Aerial Vehicle Localization in Global Navigation Satellite System-denied environments,NOT_REPORTED,2026,NOT_REPORTED,10.1016/j.engappai.2026.114430,"""Unmanned Aerial Vehicles (UAVs) localization in Global Navigation Satellite Systems-denied environments faces significant challenges due to sensor limitations, environmental factors, and the absence of absolute positioning references."" [p.1]","""This threat landscape has prompted a renewed focus on robust, intelligent localization frameworks that can operate independently of GNSS."" [p.1]",MIXED,"Taif region, Saudi Arabia",UAV,"IMU, barometer, LiDAR, DEM",HYBRID,Two-Stage Residual Extended Kalman Filter (TSR-EKF),SIM,synthetic dataset generated using OS-RFODG,"RMSE reduction, positioning accuracy, processing time","| metric | value + unit | baseline value | page |
| RMSE reduction | 57.4% to 98.9% | EKF-ONLY | p.1 |
| positioning accuracy | sub-6 m | - | p.1 |
| processing time | under 2.1 ms | - | p.1 |
""achieving RMSE reductions of 57.4% to 98.9% compared to traditional EKF methods while maintaining sub-6m positioning accuracy and real-time computational feasibility with processing times under 2.1 ms per update."" [p.1]","EKF-ONLY, XGB→EKF","""an ablation study isolates the contributions of the XGBoost coarse residual correction and DenseKAN fine-residual refinement"" [p.10]","""the framework is subject to several inherent limitations... computational constraints... training data dependency... sensor requirements."" [p.16]","""Future work will focus on deploying the residual-learning stages on embedded accelerators, enhancing cross-region generalization through adaptive residual-learning mechanisms, and integrating additional non-visual modalities..."" [p.17]",CORE,METHOD,Saudi Arabia,"""The authors extend their sincere appreciation to Prince Sultan University for covering the Article Processing Charges (APC) associated with this publication."" [p.18]",No forbidden numbers appear.,"1, 2, 3, 4, 5, 6, 7, 8, 9, 10, 11, 12, 13, 14, 15, 16, 17, 18, 19"
REC_1223,"uVGS-2: The Micro Video Guidance Sensor: A 6-DoF Robust Pose Estimator for Autonomous Proximity Maneuvers in Drones, Spacecraft and Mobile Robot Navigation",NOT_REPORTED,2026,NOT_REPORTED,10.3390/drones10070535,"""This paper presents the Micro Video Guidance Sensor Version 2 (uVGS-2), a ROS-based vision navigation framework for real-time six-degrees-of-freedom pose estimation in drones, spacecraft, and autonomous robotic platforms operating in GNSS-denied environments."" [p.1]","""uVGS-2 provides accurate six-degrees-of-freedom pose estimation in drone and robotic platforms..."" [p.1]",MIXED,ISS and NASA Ames Granite Lab,"Astrobee free-flying robot, drones, spacecraft",camera,VISION_OBJECT,uVGS-2,REAL,synthetic poses,"Translation error, Rotation error","| metric | value + unit | baseline value | page |
| Translation error | 0.088% | Fa-P4P 1.010% | p.21 |
| Rotation error | 0.496% | Fa-P4P 1.750% | p.21 |
""UVGS-2 0.088 ... 0.496"" [p.21]","Fa-P4P, EPnP, Lambda Twist",NOT_REPORTED,"""operational limitations must be acknowledged. uVGS relies on active LED illumination, and its effective operational range is thus bounded by the illumination output of the beacon, the beacon dimensions, and environmental illumination conditions... Second, uVGS requires clear line of sight..."" [p.29]","""Future work must therefore include adaptive pre-processing and exposure controls to mitigate dynamic lighting transitions... Hardware acceleration using edge FPGA architectures is being explored..."" [p.29]",CORE,SYSTEM,USA,"""This study was supported by NASA's Marshall Space Flight Center, Cooperative Agreement 80NSSC21M0262 and 80NSSC24M0057..."" [p.30]",No forbidden numbers appear. Author list inferred from affiliations.,"1, 2, 3, 4, 5, 6, 7, 8, 9, 10, 11, 12, 13, 14, 15, 16, 17, 18, 19, 20, 21, 22, 23, 24, 25, 26, 27, 28, 29, 30, 31, 32"
REC_1232,drones,NOT_REPORTED,2023,NOT_REPORTED,10.3390/drones7080540,"""To address the significant decline in UAV navigation and positioning accuracy caused by severe error accumulation of inertial measurement units (IMUs) in GNSS-denied environments, which severely restricts operational capabilities"" [p.1]","""we propose an autonomous UAV positioning system based on image matching/inertial navigation fusion."" [p.1]",MIXED,"test site with buildings, playgrounds, vegetation",DJI M210 UAV,"camera, INS (DETA90)",VISION_OBJECT,MOGF image matching + INS fusion,REAL,NOT_REPORTED,"positioning accuracy, processing rate","| metric | value + unit | baseline value | page |
| positioning accuracy | 16.4 m | - | p.1 |
| processing rate | >8.3 Hz | - | p.1 |
""achieving a positioning accuracy of 16.4 meters and a real-time processing rate exceeding 8.3 Hz."" [p.1]",NO_BASELINE,NOT_REPORTED,NOT_REPORTED,NOT_REPORTED,CORE,SYSTEM,China,NOT_REPORTED,No forbidden numbers appear.,"1, 2, 3, 4, 5, 6, 7, 8"
REC_1235,Autonomous Positioning System for UAV Scene Matching Under GNSS-Denied Environments,NOT_REPORTED,2026,NOT_REPORTED,10.3233/ATDE260245,"""To address the significant decline in UAV navigation and positioning accuracy caused by severe error accumulation of inertial measurement units (IMUs) in GNSS-denied environments, which severely restricts operational capabilities"" [p.1]","""we propose an autonomous UAV positioning system based on image matching/inertial navigation fusion."" [p.1]",MIXED,"test site with buildings, playgrounds, vegetation",DJI M210 UAV,"camera, INS (DETA90)",VISION_OBJECT,MOGF image matching + INS fusion,REAL,NOT_REPORTED,"positioning accuracy, processing rate","| metric | value + unit | baseline value | page |
| positioning accuracy | 16.4 m | - | p.1 |
| processing rate | >8.3 Hz | - | p.1 |
""achieving a positioning accuracy of 16.4 meters and a real-time processing rate exceeding 8.3 Hz."" [p.1]",NO_BASELINE,NOT_REPORTED,NOT_REPORTED,NOT_REPORTED,CORE,SYSTEM,China,NOT_REPORTED,This paper is identical to REC_1232; duplicate submission. No forbidden numbers appear.,"1, 2, 3, 4, 5, 6, 7, 8"
REC_1243,Adaptive Formation Control of UAVs near Structures for Robust Localization and Efficient Task Execution,NOT_REPORTED,2026,NOT_REPORTED,10.20965/jrm.2026.p0907,"""localization is a significant challenge for UAVs in GNSS-denied spaces, such as under bridges, where satellite signals are obstructed."" [p.1]","""To address this issue, we employed a cooperative localization system consisting of a work-UAV, which performs tasks in the GNSS-denied space, and support-UAVs, which relatively localize the work-UAV."" [p.1]",MIXED,"two scenarios (Along, Wall)",work-UAV and support-UAVs,"GNSS receiver, camera",COOPERATIVE,Adaptive formation control based on GNSS-localizability model and MPC,SIM,NOT_REPORTED,"time in multipath space reduction, task completion time reduction","| metric | value + unit | baseline value | page |
| time in multipath space reduction | 83.7% (Along), 79.9% (Wall) | NAC | p.1 |
| task completion time reduction | 37.6% (Along), 14.3% (Wall) | NAC | p.1 |
""the average time spent by the support-UAV in multipath-affected spaces was reduced by 83.7% and 79.9% respectively. Furthermore, the average task completion time was reduced by 37.6% and 14.3% respectively."" [p.1]",Non-adaptive control (NAC),"""a version of the proposed method with the G update function removed for comparison"" [p.8]","""the validation was confined to scenarios with three support-UAVs (N = 3) and only one of the three support-UAVs entered the multipath-affected space."" [p.10]","""we intend to consider situations in which two or more support-UAVs enter a multipath-affected space when using a larger number of support-UAVs."" [p.10]",CORE,METHOD,Japan,NOT_REPORTED,No forbidden numbers appear. Title page missing explicit year; inferred 2026 from journal issue. No DOI visible.,"1, 2, 3, 4, 5, 6, 7, 8, 9, 10, 11, 12"
REC_1245,Fusion of Optical Flow and Dead Reckoning Algorithms for UAV Navigation Without GPS,NOT_REPORTED,2025,NOT_REPORTED,10.12716/1001.19.04.02,"""in many operational scenarios... the availability of satellite signals is limited or entirely absent."" [p.1]","""to propose and evaluate a fusion method combining optical flow and dead reckoning navigation to improve the accuracy and robustness of UAV navigation in GPS-denied environments."" [p.2]",MIXED,"flat open terrain, forested areas",UAV (Yuneec H520),"downward-facing camera, IMU, magnetometer, barometer",HYBRID,Fusion of optical flow and dead reckoning,REAL,NOT_REPORTED,"Position MAE (Exp 1), Velocity MAE (Exp 1), Position MAE (Exp 4)","| metric | value + unit | baseline value | page |
| Position MAE (Exp 1) | 17.82 m | GNSS | p.4 |
| Velocity MAE (Exp 1) | 0.25 m/s | GNSS | p.4 |
| Position MAE (Exp 4) | 11.17 m | GNSS | p.5 |
""Mean error (MAE) [m] 17,82"" [p.4]",GNSS (for reference),NOT_REPORTED,"""positional drift over time, sensitivity to heterogeneous terrain structure, and distortion caused by objects such as trees or buildings"" [p.6]","""errors resulting from inaccurate estimation of the UAV's height above ground can be mitigated using additional sensors such as laser rangefinders."" [p.6]",CORE,METHOD,Poland,NOT_REPORTED,No forbidden numbers appear. No DOI or venue clearly stated.,"1, 2, 3, 4, 5, 6"
REC_1248,Measurement Gradient perception approach: Mapless INS/geomagnetic combined navigation in GPS-denied environments,NOT_REPORTED,2026,NOT_REPORTED,10.1016/j.measurement.2026.122761,"""In GPS-denied environments, errors in angular velocity, acceleration, and zero-bias drift degrade inertial navigation system (INS) accuracy over time."" [p.1]","""To address these challenges, this paper proposes a mapless INS/geomagnetic navigation system based on a gradient perception approach (GPA)."" [p.2]",MIXED,"Pacific Ocean region, drone test, commercial flight",NOT_REPORTED (implied aircraft),"IMU, magnetometer, barometer",HYBRID,Gradient Perception Approach (GPA),BOTH,"SuperMAG, WMM","CEP, terminal accuracy improvement","| metric | value + unit | baseline value | page |
| CEP | 0.41 km | LTI-MPC 1.88 km, LTV-MPC 9.97 km | p.8 |
| terminal accuracy improvement | 78.19% over LTI-MPC, 95.89% over LTV-MPC | - | p.1 |
""achieving CEP of 0.41 km"" [p.8]","LTI-MPC, LTV-MPC","""Monte Carlo ablation study"" [p.11]","""the current approach depends on the observability of local magnetic gradients and the availability of target magnetic parameters."" [p.13]","""Future research will focus on developing multi-sensor fusion architectures to address gradient vanishing in low-variation regions"" [p.13]",CORE,METHOD,China,"""National Major Scientific Instrument Development Project of China under Grant 62127809, National Natural Science Foundation of China under Grant 62073258, China Postdoctoral Science Foundation under Grant 2026MD794512"" [p.13]",No forbidden numbers appear. DOI valid.,"1, 2, 3, 4, 5, 6, 7, 8, 9, 10, 11, 12, 13, 14"
REC_1250,aerospace,NOT_REPORTED,2023,NOT_REPORTED,10.3390/aerospace10080708,"""the absence of GNSS signals, inertial systems are forced to rely on dead reckoning, which results in position drift"" [p.3]","""to develop a navigation system capable of diminishing the position drift inherent to the flight in GNSS-denied conditions of an autonomous fixed-wing aircraft"" [p.1]",MIXED,two scenarios (1: long flight with weather changes; 2: continuous turns),fixed-wing UAV,"accelerometers, gyroscopes, magnetometers, camera",VIO,Visual inertial navigation with SO(3) manifold filter and virtual vision sensor,SIM,NOT_REPORTED,"horizontal position NSE reduction (Scenario 1), horizontal position NSE reduction (Scenario 2)","| metric | value + unit | baseline value | page |
| horizontal position NSE reduction (Scenario 1) | mean 70.19 m | inertial 7276 m | p.18 |
| horizontal position NSE reduction (Scenario 2) | mean 0.13 m | inertial 2161 m | p.18 |
""Proposed 70.19% reduction"" [p.18]",standalone inertial and visual systems,NOT_REPORTED,"""the proposed system... can only reduce the position drift but not eliminate it."" [p.19]","""Future work will focus on addressing some of the limitations... restriction to fixed-wing vehicles... inability to fly at night or above clouds"" [p.20]",CORE,METHOD,Spain,"""RoboCity2030-DIH-CM, Madrid Robotics Digital Innovation Hub, S2018/NMT-4331"" [p.20]",No forbidden numbers appear. DOI valid.,"1, 2, 3, 4, 5, 6, 7, 8, 9, 10, 11, 12, 13, 14, 15, 16, 17, 18, 19, 20, 21, 22, 23, 24, 25"
REC_1251,Reinforcement learning based UAV formation control in GPS-denied environment,NOT_REPORTED,2023,NOT_REPORTED,10.1016/j.cja.2023.07.006,"""High-accuracy localization and a stable controller are the most cited challenges for UAV close-formation tracking control in GPS-denied environments."" [p.2]","""we carefully designed a novel flight control system for UAV close formations in GPS-denied environments"" [p.2]",MIXED,outdoor flight space,VTOL UAV,Lidar,COOPERATIVE,Lidar-based localization + DDPG formation control,BOTH,NOT_REPORTED,"POS RMSE, VEL RMSE","| metric | value + unit | baseline value | page |
| POS RMSE | 0.2593 m | FDPPC 10.6234 m | p.11 |
| VEL RMSE | 0.2708 m | FDPPC 0.6067 m | p.11 |
""Proposed method 0.2593 0.2708"" [p.11]","FDPPC, ACFC, IRFC","""compared three DRL-based formation control algorithms"" [p.9]","""the combination of the proposed system with a visual navigation system will be investigated in our future work."" [p.14]","""combination of the proposed system with a visual navigation system will be investigated"" [p.14]",CORE,METHOD,China,"""National Natural Science Foundation of China (No. 52072309), Key Research and Development Program of Shaanxi, China (No. 2019ZDLGY14-02-01), Shenzhen Fundamental Research Program, China (No. JCYJ20190806152203506), Aeronautical Science Foundation of China (No. ASFC-2018ZC53026), Funding Project with Beijing Institute of Spacecraft System Engineering, China (No. JSZL2020203B004), the Basic Research Program of Taicang, China (No. TC2021JC09)"" [p.14]",Title and authors are missing from the provided text. No DOI visible. No forbidden numbers appear.,"1, 2, 3, 4, 5, 6, 7, 8, 9, 10, 11, 12, 13, 14, 15, 16"
REC_1252,Artificial Intelligence-Based Decision Support System for UAV Control in a Simulated Environment,NOT_REPORTED,2026,NOT_REPORTED,10.3390/s26082436,"""In contested environments, this assumption may no longer hold because GNSS degradation, radio-frequency interference, and intentional jamming can disrupt positioning and communication, thereby reducing mission effectiveness and safety."" [p.1]","""the practical problem addressed in this paper is not jammer detection itself, but autonomous mission-level decision-making after external navigation and communication reliability has been degraded."" [p.2]",MIXED,3D simulated environment with obstacles,quadrotor UAV (simulated),"Ray Perception Sensors, IMU",OTHER,Reinforcement learning (REINFORCE and PPO),SIM,NOT_REPORTED,"Success rate (PPO), Cumulative reward (PPO)","| metric | value + unit | baseline value | page |
| Success rate (PPO) | 71% | REINFORCE 10% | p.22 |
| Cumulative reward (PPO) | 1.1669 | REINFORCE -1.018 | p.22 |
""PPO 71% success rate, REINFORCE 10%"" [p.22]",REINFORCE,"""staged training procedure"" [p.3]","""the current evaluation is primarily simulation-based and conducted in simplified environments."" [p.1]","""Future work should include broader validation in multiple unseen environments, robustness analysis under varying initial conditions, and structured sensitivity studies"" [p.22]",CORE,METHOD,Poland,"""financed by the Military University of Technology under the research project UGB 531-000023-W500-22/2025."" [p.24]",No forbidden numbers appear. DOI valid.,"1, 2, 3, 4, 5, 6, 7, 8, 9, 10, 11, 12, 13, 14, 15, 16, 17, 18, 19, 20, 21, 22, 23, 24, 25"
REC_1253,Real-Time Autonomous UAV Navigation with SLAM-Based Mapping and Direction-Oriented Exploration in Forest-like GNSS-Denied Scenarios,NOT_REPORTED,2026,NOT_REPORTED,10.3390/drones10060399,"""autonomous UAV navigation faces challenges related to localization uncertainty and limited onboard sensing capability."" [p.1]","""reliable UAV navigation in GNSS-denied and highly occluded environments can be achieved without heavy multi-sensor payloads"" [p.1]",MIXED,"forest-like environments with low, medium, high density",quadrotor UAV,Intel RealSense D435i depth camera,SLAM,RTAB-Map SLAM + DWA + direction-oriented frontier exploration,SIM,NOT_REPORTED,"Traversal RMSE (low), Return RMSE (low), Traversal RMSE (high), Return RMSE (high)","| metric | value + unit | baseline value | page |
| Traversal RMSE (low) | 0.195 m | - | p.1 |
| Return RMSE (low) | 0.295 m | - | p.1 |
| Traversal RMSE (high) | 0.420 m | - | p.1 |
| Return RMSE (high) | 1.084 m | - | p.1 |
""traversal RMSE values of 0.195 m, 0.197 m, and 0.420 m and return RMSE values of 0.295 m, 0.474 m, and 1.084 m"" [p.1]",NO_BASELINE,NOT_REPORTED,"""the current evaluation is primarily simulation-based and conducted in simplified environments."" [p.1-2]","""Future work will focus on physical UAV experiments and more realistic GNSS-denied environments."" [p.2]",CORE,SYSTEM,Taiwan,"""National Science and Technology Council in part with grant number 114-2218-E-005-004."" [p.29]",No forbidden numbers appear. DOI valid.,"1, 2, 3, 4, 5, 6, 7, 8, 9, 10, 11, 12, 13, 14, 15, 16, 17, 18, 19, 20, 21, 22, 23, 24, 25, 26, 27, 28, 29, 30, 31"
REC_1267,Field-Testing of a UAV-UGV Team for GNSS-Denied Navigation in Subterranean Environments,NOT_REPORTED,2019,NOT_REPORTED,10.33012/2019.16912,"""subterranean environments pose many operational challenges for autonomous robots including: poor lighting conditions, harsh traversability, lack of access to GNSS signals"" [p.1]","""a key enabling technology for the use of autonomous robots in subterranean environments is the ability of the robot to localize itself within a map."" [p.1]",UNDERGROUND,large indoor flight testing tunnel,UAV (multi-rotor) and UGV (Husky),"UGV: fish-eye camera, 3D LIDAR, UWB; UAV: IMU, laser altimeter",COOPERATIVE,Cooperative UAV-UGV navigation with EKF,REAL,NOT_REPORTED,"Median 3D positioning error, RMS 3D positioning error","| metric | value + unit | baseline value | page |
| Median 3D positioning error | < 1 m | - | p.10 |
| RMS 3D positioning error | 2.16-2.60 m | - | p.10 |
""median 3D positioning error is below 1 meter and the RMS error is between 2 and 3 meters"" [p.10]",VICON motion capture (reference),NOT_REPORTED,"""performance of the presented approach is heavily dependent on the availability of the camera and LIDAR updates from the UGV."" [p.12]","""couple this EKF with a planner that takes into account the uncertainties within the navigation system"" [p.12]",CORE,SYSTEM,USA,"""National Geospatial-Intelligence Agency's Academic Research Program (Award No. HM0476-18-1-2000)"" [p.13]",No forbidden numbers appear. No DOI or venue visible.,"1, 2, 3, 4, 5, 6, 7, 8, 9, 10, 11, 12, 13"
REC_1270,Navigation of UAV in GNSS denied area,NOT_REPORTED,2024,NOT_REPORTED,10.13164/eeict.2024.96,"""navigation of UAV in three-dimensional space using visual odometry... navigation of the UAV without GNSS is becoming a critical part of autonomous navigation systems"" [p.1]","""development of UAV navigation system using visual data in GNSS-denied areas"" [p.1]",MIXED,outdoor sidewalk,Holybro X500 airframe,Intel RealSense D455 depth camera,VIO,Visual odometry with RTAB-Map,BOTH,NOT_REPORTED,"Average deviation x, Average deviation y, Average deviation z","| metric | value + unit | baseline value | page |
| Average deviation x | 0.294 m | GPS | p.4 |
| Average deviation y | -0.431 m | GPS | p.4 |
| Average deviation z | 0.357 m | GPS | p.4 |
""average deviation in the x-axis was 0.294 m, in the y-axis was -0.431 m, and in the z-axis was 0.357 m"" [p.4]",GPS,NOT_REPORTED,"""maximum absolute deviation was observed in the Y-axis, with a value of 3.474 m"" [p.4]","""make tests on a real drone"" [p.4]",CORE,SYSTEM,Czech Republic,NOT_REPORTED,Title and venue missing. No DOI. No forbidden numbers appear.,"1, 2, 3, 4"
REC_1274,Integrated Air–Ground Robotic System for Autonomous Post-Blast Operations in GNSS-Denied Tunnels,NOT_REPORTED,2026,NOT_REPORTED,10.3390/rs18081133,"""Post-blast operations in tunnel construction represent a critical bottleneck due to mandatory downtime and hazardous environmental conditions."" [p.1]","""to develop and validate an integrated cyber-physical architecture that coordinates an autonomous Unmanned Aerial Vehicle (UAV) and an Autonomous Wheel Loader (AWL) under the supervision of a Digital Twin"" [p.1]",UNDERGROUND,500 m tunnel,UAV (custom quadrotor) and AWL (wheel loader),"UAV: 3D LiDAR, thermal camera; AWL: LiDAR, cameras, radar",COOPERATIVE,"Integrated cyber-physical architecture with UAV, AWL, and Digital Twin",REAL,NOT_REPORTED,"Mapping time, Start operations earlier, Daily time reduction, ROI","| metric | value + unit | baseline value | page |
| Mapping time | < 8 min | - | p.1 |
| Start operations earlier | 50-80% | - | p.1 |
| Daily time reduction | ~8% | - | p.1 |
| ROI | 1-7 months | - | p.1 |
""mapped the excavation front in less than 8 min... operations to commence 50% to 80% earlier... reduced daily operational time by approximately 8%... ROI between one and seven months"" [p.1]",NOT_REPORTED,NOT_REPORTED,"""validation was conducted using artificial aerosols... does not simulate the high thermal gradients or overpressure waves present in a live blast."" [p.19]","""enhancing communication robustness through industrial-grade private networks, such as 5G"" [p.21]",CORE,SYSTEM,Spain,"""Horizon Europe Research and Innovation Actions program under the grant agreement No. 101058548 (Project BEEYONDERS)"" [p.22]",No forbidden numbers appear. DOI valid.,"1, 2, 3, 4, 5, 6, 7, 8, 9, 10, 11, 12, 13, 14, 15, 16, 17, 18, 19, 20, 21, 22, 23, 24, 25"
REC_1277,A Physics-Guided Aeromagnetic Interference Compensation Method for Geomagnetic Sensing in GNSS-Denied UAV Swarm Systems,NOT_REPORTED,2026,NOT_REPORTED,10.3390/drones10040252,"""Geomagnetic navigation is a promising alternative for positioning and localization of UAV swarm systems in GNSS-denied environments. However, strong and heterogeneous electromagnetic interference generated by onboard power, propulsion, and electronic subsystems severely degrades magnetic measurement fidelity, limiting the achievable accuracy of cooperative UAV swarm navigation."" [p.1]","""By ensuring reliable and consistent magnetic measurements at the individual UAV node level, the proposed framework establishes a practical sensing foundation for geomagnetic navigation and distributed magnetic sensing in UAV swarm systems operating in GNSS-denied environments."" [p.2]",MIXED,Airborne (flight tests),Large airborne platform (fixed-wing) used as experimental platform; the method is designed for UAV platforms.,"Five scalar magnetometers, one vector magnetometer (Flux_1), IMU, current and voltage sensors.",HYBRID,PG-TLNet,REAL,NOT_REPORTED (data not publicly available),"STD (Flt_3), STD (Flt_7), IR (Flt_3), IR (Flt_7), Inference latency","| metric | value + unit | baseline value | page |
|--------|--------------|----------------|------|
| STD (Flt_3) | 26.64 nT | TL: 179.99 nT | 14 |
| STD (Flt_7) | 24.15 nT | TL: 95.12 nT | 14 |
| IR (Flt_3) | 14.26 | TL: 2.11 | 15 |
| IR (Flt_7) | 16.27 | TL: 4.13 | 15 |
| Inference latency | 94 μs per sample | NOT_REPORTED | 17 |

""PG-TLNet achieves an the standard deviation (STD) of 26.64 nT, representing 85.2% reduction relative to the T-L model (179.99 nT)."" [p.13-14]
""For the more challenging Flt_7 flight, the STD is further reduced to 24.15 nT, corresponding to a 74.61% improvement over the T-L baseline (95.12 nT)."" [p.14]
""The total processing time for 274,480 samples was 25.72 s, corresponding to an average per-sample latency of approximately 0.094 ms (94 μs)."" [p.17]","Conventional Tolles-Lawson (TL) model, 1D-CNN-TLNet, BPNN, IMGNN","Feature-source ablation: electrical features alone vs. maneuver features alone. Network depth ablation: 2, 3, 5, 7, 8 layers. Five-layer architecture chosen.
""To further analyze the influence of different auxiliary feature sources, a feature-source ablation study was conducted using a two-branch CNN architecture."" [p.20]
""Five configurations with different numbers of convolutional layers (2, 3, 5, 7, and 8 layers) were evaluated while keeping the input features and training strategy unchanged."" [p.21]","""First, under extreme electrical fault conditions, such as sudden high-current surges or abnormal electromagnetic coupling events, the linear-nonlinear hybrid structure may experience temporary performance degradation due to out-of-distribution signals. Second, in dense swarm operations, potential electromagnetic coupling among closely spaced UAVs may introduce additional interference components that are not explicitly modeled in the present framework."" [p.23]","""Future work will investigate adaptive domain-shift detection mechanisms and cross-platform transfer strategies to enhance robustness across UAV platforms with radically different electrical architectures. Furthermore, cooperative swarm-level compensation strategies incorporating inter-node communication will be explored."" [p.23]",CORE,METHOD,"China (Tsinghua University, Beijing Institute of Technology)",National Natural Science Foundation of China (grant 52488101) and Fundamental and Interdisciplinary Disciplines Breakthrough Plan of the Ministry of Education of China (grant JYB2025XDXM209).,"- The paper uses ""nanotubes"" (p.23) where ""nanoteslas"" is meant. This is a typo in the source.
- Table 5 is split across two columns with duplicated headers; the extraction uses the values as reported.
- The term ""groupup"" in Equation (2) appears to be a typo for ""round up"".
- No forbidden numbers were encountered.","1, 2, 3, 4, 5, 6, 7, 8, 9, 10, 11, 12, 13, 14, 15, 16, 17, 18, 19, 20, 21, 22, 23"
REC_1282,applied sciences A Lidar-Inertial Navigation System for UAVs in GNSS-Denied Environment with Spatial Grid Structures,NOT_REPORTED,2023,NOT_REPORTED,10.3390/app13010414,"""However, the existing algorithms cannot accurately extract the required feature points in the spatial grid structure, resulting in reduced positioning accuracy."" [p.1]","""Therefore, seeking to address the problems in applying lidar navigation systems in GNSS-denied environments with spatial grid structures, we propose a lidar-inertial navigation system for UAVs based on grid line features and grid surface features."" [p.2]",INDOOR,Indoor (dry coal shed with spatial grid structures),Quadrotor UAV,"Surround lidar (VLP-16), six-axis IMU",LIDAR | SLAM,NOT_REPORTED (lidar-inertial navigation system based on grid and shell features),REAL,NOT_REPORTED,"Landing point error X, Landing point error Y, Landing point error Z, Processing time per scan","| metric | value + unit | baseline value | page |
|--------|--------------|----------------|------|
| Landing point error X | 0.0550 m | LIO-SAM: -8.6679 m; F-LOAM: 2.1266 m; DJI: -11.8198 m | 13 |
| Landing point error Y | -0.0454 m | LIO-SAM: -1.9806 m; F-LOAM: -7.2650 m; DJI: -7.1752 m | 13 |
| Landing point error Z | -0.0880 m | LIO-SAM: 0.0399 m; F-LOAM: 1.4190 m; DJI: -0.5295 m | 13 |
| Processing time per scan | < 50 ms (average) | F-LOAM: ~1000 ms; LIO-SAM: ~100 ms | 13 |

""It can be seen that the accuracy of the landing point position calculated by the proposed navigation system is significantly better than for the other navigation systems in the x-axis and y-axis directions."" [p.12]
""The average processing time of the proposed system for a single-scan lidar point cloud is under 50 ms."" [p.13]","LOAM, F-LOAM, LIO-SAM, DJI",NOT_REPORTED,NOT_REPORTED,NOT_REPORTED,CORE,SYSTEM,"China (Beijing Institute of Technology, Norinco Company)","""This research received no external funding."" [p.15]","- The paper uses ""dened"" instead of ""denied"" in several places (e.g., p.7). This is a typo in the source.
- Figure 8 caption mentions ""dened"" (p.9).
- The term ""groupup"" appears in Equation (2) as ""groupup"" - likely a typo for ""round up"".
- No forbidden numbers were encountered.","1, 2, 3, 4, 5, 6, 7, 8, 9, 10, 11, 12, 13, 14, 15"
REC_1283,sensors,NOT_REPORTED,2018,NOT_REPORTED,10.3390/s18051351,"""Nevertheless, the use of GPS presents some drawbacks, for instance, the precision error can be substantial, and it provides poor operability due to multipath propagation. However, several mission profiles require the UAVs to fly in GPS-challenging or GPS-denied environments, as in natural and urban canyons."" [p.1]","""In order to improve the observability properties, some measurements of the relative distance between the UAVs are included in the system. These relative distances are also obtained from visual information."" [p.1]",MIXED,Simulated 3D environment with landmarks,Quadcopters,"Monocular cameras, IMU (for orientation)",VIO | COOPERATIVE,EKF-Cooperative Monocular SLAM,SIM,NOT_REPORTED,"MSE X (cooperative), MSE Y (cooperative), MSE Z (cooperative), MSE X (cooperative, with failures), MSE Y (cooperative, with failures), MSE Z (cooperative, with failures)","| metric | value + unit | baseline value | page |
|--------|--------------|----------------|------|
| MSE X (cooperative) | 0.36 m | Monocular: 30.31 m; Stereo: 28.42 m; Mono+Stereo: 12.64 m | 17 |
| MSE Y (cooperative) | 0.05 m | Monocular: 6.28 m; Stereo: 5.33 m; Mono+Stereo: 1.51 m | 17 |
| MSE Z (cooperative) | 0.008 m | Monocular: 2.36 m; Stereo: 3.82 m; Mono+Stereo: 2.85 m | 17 |
| MSE X (cooperative, with failures) | 0.85 m | Monocular+GPS+IMU: 0.01 m | 20 |
| MSE Y (cooperative, with failures) | 0.23 m | Monocular+GPS+IMU: 0.04 m | 20 |
| MSE Z (cooperative, with failures) | 0.07 m | Monocular+GPS+IMU: 0.05 m | 20 |

""Table 2 summarizes the Mean Squared Error (MSE) for the position in the three axes of Quad 1."" [p.15]
""The results show that the proposed cooperative system has a better performance than the monocular SLAM + GPS + IMU system, regarding the error obtained in the estimation of the position of the landmarks, although the latter has more sources of information provided by its sensors."" [p.20]","Monocular SLAM, Stereo SLAM, Hybrid Stereo-Monocular SLAM, Monocular SLAM + GPS + IMU","Comparison of cooperative system with three single-robot SLAM configurations (monocular, stereo, hybrid stereo-monocular). Also robustness tests with introduced failures (outliers, communication outages, homography failures).
""With the intention of making an exhaustive analysis of the performance of the proposed system, a comparison is carried out with respect to the other three typical single-robot SLAM configurations."" [p.14]
""In order to take into account the above practical considerations, a set of additional computer simulations is presented. In this case, based on the same simulation setup used previously, the following aspects are now added: (i) outliers for the visual data association in each camera; (ii) outliers for the cooperative visual data association; (iii) outages of communication between robots; (iv) failures in the homography-based technique..."" [p.18]","""However, although computer simulations are useful for evaluating the full statistical consistency of the methods, they can still neglect important practical issues that appear when the methods are used in real scenarios."" [p.22]
""Furthermore, a problem that can arise in multi-robot systems, contrary to the mono-robot systems, is related to the communication issues between robots. This problem can cause loss of information or even make the interchange of information impossible during certain periods."" [p.18]","""Therefore, it should be interesting to investigate more practical aspects, like the homography-based technique or the pseudo-stereo matching process."" [p.22]
""Future work should be focused on developing experiments with real data in order to validate the applicability of the proposed approach fully."" [p.22]",CORE,METHOD | THEORY,"Mexico (University of Guadalajara), Spain (Technical University of Catalonia)","""This research has been funded by AEROARMS EU Project H2020-ICT-2014-1-644271."" [p.22]","- The paper is an extended version of a conference paper published in I3S 2017.
- Equation numbering skips from (8) to (9) in some places; extracted as reported.
- Table 1 has some overlapping text in the unobservable modes column; extracted as best as possible.
- No forbidden numbers were encountered.","1, 2, 3, 4, 5, 6, 7, 8, 9, 10, 11, 12, 13, 14, 15, 16, 17, 18, 19, 20, 21, 22"
REC_1285,Unmanned Autonomous Aerial Navigation in GPS- Denied Environments,NOT_REPORTED,2020,NOT_REPORTED,10.18687/LACCEI2020.1.1.349,"""To maintain the safety and efficiency of power plant operation, inspection of these facilities is a crucial process. However, these plants have areas that are difficult to inspect by humans due to limited space between structures or harmful chemicals that may negatively affect the inspector."" [p.1]","""Therefore, it has been proposed to utilize a small, unmanned quadcopter integrated with autonomous navigation by using an alternate signal in place of GPS. The quadcopter can gain the ability to navigate to desired coordinates without the need for GPS, which can often be unavailable within these structures."" [p.1]",INDOOR,Outdoor (desert climate),Intel Aero Ready-to-Fly quadcopter,"PX4Flow optical flow sensor, sonar (range finder), IMU",OTHER (optical flow + sonar + fake GPS),Fake GPS,BOTH,NOT_REPORTED,"Waypoint navigation, Position data","| metric | value + unit | baseline value | page |
|--------|--------------|----------------|------|
| Waypoint navigation | Successful to 2 waypoints | NO_BASELINE | 3 |
| Position data | Obtained from optical flow + sonar + EKF | NO_BASELINE | 3 |

""The drone successfully navigated to the two waypoints that were assigned, as shown by Fig. 10."" [p.3]",NO_BASELINE,NOT_REPORTED,NOT_REPORTED,"""Since most power plant inspections are to be conducted indoors, the UAV needs to be more stable [11,12]. Thus, the future work plan is to replace the sonar with a lidar sensor capable of measuring up to 14 meters, with an update rate of 1000Hz. Additionally, image recognition capabilities are also in the works for the detection of abnormal features within the power plant."" [p.4]",CORE,SYSTEM,"USA (University of Texas at El Paso), Puerto Rico (Universidad Ana G. Méndez)","""the Consortium for Integrating Energy System in Engineering and Science Education (CIESESE), an initiative funded by the U.S. Department of Energy (DENA0003330) and the Department of Energy (DE-FOA0001842)."" [p.4]","- The paper is a short conference paper (4 pages).
- The venue and DOI are not reported in the PDF.
- Figure 7 is referenced but not included in the PDF text extraction.
- No forbidden numbers were encountered.","1, 2, 3, 4"
REC_1286,remote sensing,NOT_REPORTED,2018,NOT_REPORTED,10.3390/rs10111829,"""At present, this technology is confronted with such problems as operating in GPS-denied environments, a low accuracy of target location, the poor precision of the relative motion estimation, delayed control responses, slow processing speeds, and poor stability."" [p.1]","""To address these issues, we present a hybrid camera array-based autonomous landing UAV that can land on a moving UGV in a GPS-denied environment."" [p.1]","MIXED (outdoor, GPS-denied)",Outdoor (university campus),"DJI-MATRICE 100 (UAV), remote-control vehicle (UGV)","Fisheye lens camera (Point Grey GS3-U3-41C6NIR-C with Kowa LM4NCL lens), binocular stereo camera (MYNT EYE S1010-IR), IMU",VISION_OBJECT | COOPERATIVE,Hybrid camera array-based autonomous landing system,BOTH,"UGV_Train_Data (102,003 images), UGV_test_Data (5,000+ images)","Localization error X, Localization error Y, Localization error Z, Detection Precision, Detection Recall, Detection F1","| metric | value + unit | baseline value | page |
|--------|--------------|----------------|------|
| Localization error X | ±0.5 m (range), 0.01 m (final) | NOT_REPORTED | 16 |
| Localization error Y | ±0.5 m (range), 0.01 m (final) | NOT_REPORTED | 16 |
| Localization error Z | 0.2–1.2 m (range), 0.08 m (final) | NOT_REPORTED | 16 |
| Detection Precision | 99.62% (total) | ArUco: poor | 22 |
| Detection Recall | 99.59% (total) | ArUco: poor | 22 |
| Detection F1 | 99.60% (total) | ArUco: poor | 22 |

""the localization errors in the X, Y, and Z directions are in ranges of -0.5 to 0.5 m, -0.5 to 0.5 m, and 0.2 to 1.2 m, and are finally stable at 0.01 m, 0.01 m, and 0.08 m, respectively"" [p.16]
""the detection algorithm YOLOv3 achieved great performance in these scenarios. The average values of P, R, and F1 are higher than 99%."" [p.21]",ArUco detection method,"Comparison of YOLOv3-416 vs. YOLOv3-tiny; depth measurement precision analysis.
""To choose the better network model, we experimented with the YOLOv3-416 model and the YOLOv3-tiny model of YOLOv3 on our own dataset."" [p.26]","""(1) It is obvious that the landing performance depends on the result of the motion state estimation of the UGV. In motion compensation, the system extracts SIFT feature points for image matching. The extraction of feature points is related to the environment. When the ground below the flight area is white or low-texture, the extracted feature points may be few, leading to the failure of motion compensation. (2) The system can update the UAV speed every 100 ms due to the limitation of onboard processing capacity, and the UAV speed mutation also needs a certain amount of time. During the process of the UAV following the UGV at a low altitude, if the speed direction of the UGV changes considerably and the speed is very fast, it is difficult to command the UAV to follow the UGV in time."" [p.27-28]","""on the one hand, we aim to use a faster and more robust feature extraction method, such as the depth learning-based feature extraction and matching method SuperPoint [46], to address the problem that SIFT feature points are extracted slowly and are susceptible to a low-texture background. On the other hand, we will explore the UAV and UGV cooperative system to achieve the accurate perception of the environment and autonomous landing."" [p.28]",CORE,SYSTEM,"China (Northwestern Polytechnical University, Xidian University)","""National Natural Science Foundation of China under Grant 61672429, 61502364, 61272288, the National Students' platform for innovation and entrepreneurship training program under Grant 201710699243, and the Science, Technology and Innovation Commission of Shenzhen Municipality under Grant JCYJ20160229172932237."" [p.28]","- The paper uses ""dened"" instead of ""denied"" in several places (e.g., p.7). This is a typo in the source.
- Some equations have minor formatting issues in the text extraction (e.g., Equation 10).
- The term ""NVIDIA JETSON TX2"" is sometimes written as ""Jeston TX2"" (p.16). This is a typo.
- No forbidden numbers were encountered.","1, 2, 3, 4, 5, 6, 7, 8, 9, 10, 11, 12, 13, 14, 15, 16, 17, 18, 19, 20, 21, 22, 23, 24, 25, 26, 27, 28"
REC_1289,aerospace,NOT_REPORTED,2022,NOT_REPORTED,10.3390/aerospace9080456,"""With the continuous expansion of the application field of UAV intelligent systems to GNSS-denied environments, the existing navigation system can hardly meet low cost, high precision, and high robustness in such conditions. Most navigation systems used in GNSS-denied environments give up the connection between the map frame and the actual world frame, making them impossible to apply in practice."" [p.1]","""Therefore, this paper proposes a Lidar navigation system based on global ArUco, which is widely used in large-scale known GNSS-denied scenarios for UAVs."" [p.1]",INDOOR,Indoor dry coal shed of thermal power plant,DJI Matrice200 RTK unmanned flight platform,"Velodyne-16 surround Lidar, MTI-300 inertial measurement unit, ZENMUSE X5S gimbal camera, global ArUco markers",HYBRID,Global ArUco-based Lidar navigation system,REAL,NOT_REPORTED,"Horizontal accuracy, Vertical accuracy, 3D DRMS, RMS X, RMS Y","| metric | value + unit | baseline value | page |
|--------|--------------|----------------|------|
| Horizontal accuracy | 0.03407 m | NOT_REPORTED | 22 |
| Vertical accuracy | 0.03385 m | NOT_REPORTED | 22 |
| 3D DRMS | 0.04802 m | NOT_REPORTED | 22 |
| RMS X | 0.02876 m | NOT_REPORTED | 22 |
| RMS Y | 0.01826 m | NOT_REPORTED | 22 |

""The red scatters 'error' and 'error-XY' are the distance error between the ArUco_LIO and the true value of the three-dimensional position and the horizontal projection position, with DRMS of 0.04802 m and 0.03407 m, respectively. The blue scatters, 'error-x,' 'error-y,' and 'error-z' are, respectively, the absolute errors in the X, y, and Z directions of ArUco_LIO in the test, with an RMS of 0.02876 m, 0.01826 m, and 0.03385 m."" [p.22]","LOAM, LIO-SAM",NOT_REPORTED,NOT_REPORTED,NOT_REPORTED,CORE,SYSTEM,China (Beijing Institute of Technology),"""This research received no external funding."" [p.23]","- The paper uses ""GNSS-denial"" in some places and ""GNSS-denied"" in others.
- Figure 12 in the text extraction contains a large block of repeated ""1 1 1..."" likely an OCR artifact.
- No forbidden numbers encountered.","1, 3, 4, 5, 6, 7, 8, 9, 10, 11, 12, 13, 14, 15, 16, 17, 18, 19, 20, 21, 22, 23, 24"
REC_1295,Digital Twin Approach for Drift-Free UAV Localization in GPS-Denied Environments,NOT_REPORTED,2026,NOT_REPORTED,10.1061/JCCEE5.CPENG-7010,"""While simultaneous localization and mapping estimates UAV poses, drift often occurs and is typically corrected through loop closures. However, relying on loop closures limits UAV maneuverability to paths that enable loop formation."" [p.1]","""To overcome this, recent methods leverage digital twins by combining highly accurate three-dimensional (3D) models of the physical environment with identification of distinctive landmarks to enable drift-free localization."" [p.1]",MIXED,Laboratory steel truss bridge (SSTL) and Gazebo simulation,Holybro X500 drone,"Intel RealSense D455 camera, Jetson Nano edge device",VISION_OBJECT,GBDTpose2,BOTH,NOT_REPORTED,"Laboratory CEP X (Scenario 1), Laboratory CEP Y (Scenario 1), Laboratory CEP Z (Scenario 1), Laboratory CEP X (rotations), Laboratory CEP Y (rotations), Laboratory CEP Z (rotations)","| metric | value + unit | baseline value | page |
|--------|--------------|----------------|------|
| Laboratory CEP X (Scenario 1) | 0.169 m | RTAB-Map: 0.760 m | 15 |
| Laboratory CEP Y (Scenario 1) | 0.129 m | RTAB-Map: 0.131 m | 15 |
| Laboratory CEP Z (Scenario 1) | 0.021 m | RTAB-Map: 0.076 m | 15 |
| Laboratory CEP X (rotations) | 0.306 m | RTAB-Map: 3.657 m | 16 |
| Laboratory CEP Y (rotations) | 0.085 m | RTAB-Map: 0.284 m | 16 |
| Laboratory CEP Z (rotations) | 0.048 m | RTAB-Map: 0.314 m | 16 |

""For all the tests reported in Figs. 10(a–h), the position estimates of the UAV show subcentimeter-level accuracy and do not drift; i.e., errors do not accumulate over time."" [p.15]","ORB-SLAM3, RTAB-Map",NOT_REPORTED,"""On the other hand, GBDTpose2 is drift-free, but its position estimates are not smooth owing to selection of the wrong VC. Occasionally, the impact of suboptimal VC selection by GBDTpose2 (its most significant limitation) can persist over an extended duration"" [p.15-16]","""Future studies will focus on optimizing image spatial resolution alongside the HOG feature representation to improve performance. Additionally, the optimization of VC poses will be explored using the prior pose of the UAV, transmitted from the edge device."" [p.16]",CORE,METHOD | SYSTEM,USA (University of Illinois Urbana-Champaign),"""The authors would like to acknowledge the financial support by the U.S. Army Corps of Engineers (Contract/Purchase Order No. W9132rT-22-2-0014)."" [p.16]","- The paper contains some OCR artifacts in equations and tables.
- ""R"" is sometimes used instead of ""R"" etc.
- No forbidden numbers encountered.","1, 2, 3, 4, 5, 6, 7, 8, 9, 10, 11, 12, 13, 14, 15, 16, 17, 18"
REC_1298,Cooperative Localization for GNSS-Denied Subterranean Navigation: A UAV–UGV Team Approach,NOT_REPORTED,2024,NOT_REPORTED,10.33012/navi.677,"""These environments present significant challenges for autonomous navigation, as global navigation satellite system (GNSS) signals are often degraded or absent, lighting is poor, the terrain is typically rough, uneven, and unstructured, and pollutants such as dust and smoke, which can degrade sensor performance, are often encountered"" [p.1]","""The main focus of this design is to prolong the UAV mission time by reducing the UAV payload, sensing, and computational elements."" [p.1]",UNDERGROUND,Motion-capture facility (indoor),UAV Tarot 650 drone; UGV Husky,"UAV: IMU, laser altimeter, UWB radio, stereo camera. UGV: 3D lidar, MEMS IMU, UWB.",COOPERATIVE,Cooperative localization for UAV/UGV team,REAL,NOT_REPORTED,"UGV SLAM 3D RMS, UAV EKF 3D RMS (all updates), UAV FGO 3D RMS (all updates), UAV EKF North RMS, UAV FGO North RMS","| metric | value + unit | baseline value | page |
|--------|--------------|----------------|------|
| UGV SLAM 3D RMS | 0.404 m | NOT_REPORTED | 14 |
| UAV EKF 3D RMS (all updates) | 0.552 m | NOT_REPORTED | 21 |
| UAV FGO 3D RMS (all updates) | 0.447 m | NOT_REPORTED | 21 |
| UAV EKF North RMS | 0.242 m | NOT_REPORTED | 21 |
| UAV FGO North RMS | 0.315 m | NOT_REPORTED | 21 |

""Measurements from the flight controller IMU were noisy and led to considerable INS errors when left unaided."" [p.23]
""the incremental FGO solution outperforms the EKF, particularly when there are fewer measurement updates."" [p.17]",NO_BASELINE,"Comparison of EKF vs FGO with different measurement update combinations.
""To improve UAV pose estimation, we systematically assessed the effects of adding various updates to the filter by post-processing the recorded data and excluding or including the use of various sensor information in each of the estimation algorithms."" [p.15]","""While our setup demonstrated efficient real-time data transmission between the UAV-mounted laser altimeter and the UGV through Wi-Fi, it is essential to recognize this limitation for applications in which latency is a critical concern, particularly in larger environments or settings with potential for significant delays in communication."" [p.23]","""In future works, the pose estimate of the UGV could be improved by using updates from the UAV, such as range measurements, and by taking advantage of pseudo-measurement constraints of the UGV."" [p.23]",CORE,SYSTEM | METHOD,USA (West Virginia University),"""This research was supported in part by an academic grant from the National Geospatial-Intelligence Agency (NGA) (Award No. HM0476-18-1-2000, Project Title: Autonomous Navigation of Small UAV/UGV Teams in Underground Tunnels)."" [p.24]","- Some tables in the text extraction have duplicated headers.
- The paper uses ""Fast-LIO"" and ""FAST-LIO"" inconsistently.
- No forbidden numbers encountered.","1, 2, 3, 4, 5, 6, 7, 8, 9, 10, 11, 12, 13, 14, 15, 16, 17, 18, 19, 20, 21, 22, 23, 24, 25, 26"
REC_1302,Federated Energy-Aware Deep Reinforcement Learning for GNSS-Independent Swarm UAV Autonomy,NOT_REPORTED,2026,NOT_REPORTED,10.3390/electronics15143064,"""Achieving scalable swarm autonomy in Global Navigation Satellite System (GNSS)-denied and communication-constrained environments remains an open challenge at the intersection of robotics, distributed optimization, and reinforcement learning."" [p.1]","""This paper introduces a unified federated deep reinforcement learning architecture that enables GNSS-independent multi-UAV autonomy through the principled integration of multi-modal perception, decentralized policy optimization, energy-aware control, and edge-compliant inference."" [p.1]",MIXED,Urban simulation and outdoor agricultural field,DJI Matrice 100 quadrotor,"1080p RGB camera, FLIR thermal camera, Intel RealSense D435 depth sensor, 9-DOF IMU",COOPERATIVE | OTHER,Federated deep reinforcement learning architecture,BOTH,NOT_REPORTED,"Detection accuracy, Tracking IoU, Navigation deviation, Energy consumption, Robustness score, Inference latency","| metric | value + unit | baseline value | page |
|--------|--------------|----------------|------|
| Detection accuracy | 92.30% | Centralized: 81.50%; Rule-based: 86.90% | 18 |
| Tracking IoU | 0.83 | NOT_REPORTED | 18 |
| Navigation deviation | 1.2 m | Centralized: 2.50 m; Rule-based: 3.00 m | 19 |
| Energy consumption | 8.50 Wh | Centralized: 10.20 Wh; Rule-based: 12.80 Wh | 19 |
| Robustness score | 95% | Centralized: 85%; Rule-based: 60% | 20 |
| Inference latency | <120 ms | NOT_REPORTED | 19 |

""The proposed framework achieved a mean detection accuracy of approximately 92% (Figure 3)."" [p.18]
""Tracking performance yielded an average IoU of 0.83 (Figure 4)"" [p.18]","Rule-Based Controller, Centralized PPO, Commercial DJI SDK Controller","""To systematically evaluate the contribution of each architectural component, we conducted a series of controlled ablation experiments."" [p.21]
Ablations include thermal fusion, federated learning, domain randomization, discrete action space, energy-aware rewards.","""A limitation of the present study is that physical field deployment evidence is limited to single-UAV trials."" [p.23]","""Future work will include physical swarm-scale validation with multiple UAV agents, including synchronized multi-UAV flight trajectories, inter-agent communication measurements, real-world federated aggregation logs, and quantitative analysis of policy divergence under non-IID field conditions."" [p.25]",CORE,SYSTEM | METHOD,Greece (University of Piraeus),"""This research received no external funding."" [p.26]","- The title is not present in the page 1 text extraction; title was inferred from the journal header and abstract. This is an anomaly.
- Author order is uncertain from the page 1 extraction; author list taken from the author contributions section.
- No forbidden numbers encountered.","1, 2, 3, 4, 5, 6, 7, 8, 9, 10, 11, 12, 13, 14, 15, 16, 17, 18, 19, 20, 21, 22, 23, 24, 25, 26, 27, 28, 29"
REC_1304,Formation-Constrained Cooperative Localization for UAV Swarms in GNSS-Denied Environments,NOT_REPORTED,2026,NOT_REPORTED,10.3390/s26061984,"""Cooperative localization is critical for UAV swarm operations in GNSS-denied environments."" [p.1]
""for complex swarm operations, conventional methods fail to sufficiently exploit formation geometry information as complementary prior knowledge, limiting accuracy and robustness in dynamic conditions."" [p.3]","""This gap motivates the need for a systematic approach that explicitly incorporates formation constraints as a priori knowledge in the localization optimization process."" [p.3]",MIXED,10 x 10 m^2 area with N = 10 agents,UAV swarm (N agents),UWB for TOA/AOA measurements,COOPERATIVE,Formation-constrained cooperative localization (FCL),SIM,NOT_REPORTED,"Median RMSE (Line + Wingman), Median RMSE (Grid), Median RMSE (Diamond), Median RMSE (Circular), Runtime (Line + Wingman)","| metric | value + unit | baseline value | page |
|--------|--------------|----------------|------|
| Median RMSE (Line + Wingman) | 0.1440 m | LRL: 0.1735 m; Hybrid TDOA/AOA: 0.1783 m | 17 |
| Median RMSE (Grid) | 0.0634 m | LRL: 0.1045 m; Hybrid TDOA/AOA: 0.1007 m | 17 |
| Median RMSE (Diamond) | NOT_REPORTED | NOT_REPORTED | 18 |
| Median RMSE (Circular) | 0.0637 m | LRL: 0.1077 m; Hybrid TDOA/AOA: 0.1058 m | 18 |
| Runtime (Line + Wingman) | 0.0087 s | LRL: 0.0081 s; Hybrid: 0.0080 s | 18 |

""The simulation results demonstrate that the proposed FCL method consistently outperforms both the LRL and the hybrid TDOA/AOA benchmarks across all tested formation types."" [p.16]","Random, Convex, Standard GNA, Brute Force, LRL, Hybrid TDOA/AOA","""The performance of the proposed formation-constrained backbone selection strategy is compared with several benchmark methods, as illustrated in Figure 2."" [p.15]
Comparison of Random, Convex, Standard GNA, Formation-constrained GNA, Brute Force.","""The current formulation assumes a known, fixed formation geometry encoded in the distance matrix D_f"" [p.12]
""The present analysis is confined to the planar case for clarity."" [p.4]","""Potential extensions include applying the proposed method to three-dimensional (3D) UAV formations and to online estimation of time-varying formation geometry; the integration of multi-task collaboration with formation-constrained localization also merits further investigation."" [p.19]",CORE,METHOD,China (Air Force Engineering University),"""This research was funded by the Natural Science Basic Research Program of Shaanxi Province under Grant 2024JC-YBQN-0699 and by the China Postdoctoral Science Foundation under Grant 2023M734271."" [p.19]","- Some tables in the text extraction have OCR artifacts.
- Figure 2 is split across pages with subfigures (a)-(d).
- No forbidden numbers encountered.","1, 2, 3, 4, 5, 6, 7, 8, 9, 10, 11, 12, 13, 14, 15, 16, 17, 18, 19, 20, 21"
REC_1306,UAV Visual Localization in GNSS‑Denied Environments,NOT_REPORTED,2026,NOT_REPORTED,10.5194/isprs-archives-XLIX-B1-2026-55-2026,"""Navigating Unmanned Aerial Vehicles (UAVs) in Global Navigation Satellite System (GNSS)-denied environments requires reliable autonomous localization techniques."" [p.1]","""This study proposes a vision-based localization framework utilizing satellite true orthophotos and Digital Surface Models (DSMs) as absolute geospatial references."" [p.1]",MIXED,"Wuri District of Taichung City, Taiwan",VTOL UAV,Industrial monochrome camera,VISION_OBJECT,NOT_REPORTED,REAL,Multi-altitude dataset (100–250 m),Absolute positioning accuracy,"| metric | value + unit | baseline value | page |
|--------|--------------|----------------|------|
| Absolute positioning accuracy | meter-level | NO_BASELINE | 1 |

""Experimental evaluations demonstrate that the framework achieves meter-level absolute positioning accuracy and stable pose estimation."" [p.1]",NO_BASELINE,"Analysis of keypoint quantity, terrain type, flight altitude, and satellite tile size.
""the analysis is organized into four parts, including multi-altitude evaluation, terrain-dependent performance, comprehensive localization analysis, and computational efficiency assessment."" [p.4]","""low-texture environments and lower flight altitudes present persistent challenges for continuous visual tracking."" [p.1]
""the limited availability of stable visual structures constrains both successful matching and the subsequent pose estimation."" [p.5]","""Future work may consider integrating short-term visual odometry or image-to-map domain adaptation techniques to further improve localization robustness in texture-poor scenes and under larger appearance discrepancies between UAV imagery and satellite references."" [p.7]",CORE,METHOD,"Taiwan (NTUST, NCSIST)","""This work was supported by the National Chung-Shan Institute of Science and Technology under the project entitled 'Geographical Image Positioning of Unmanned Aerial Vehicles' (Project No. NCSIST-ACOM-114-172C001)."" [p.7]","- Title and authors are not reported in the extracted text.
- No forbidden numbers encountered.","1, 2, 3, 4, 5, 6, 7"
REC_1307,An Architecture for Robust UAV Navigation in GPS-denied Areas,NOT_REPORTED,2018,NOT_REPORTED,10.1002/rob.21757,"""some applications require the aerial vehicles to fly in confined environments where GPS might be unreliable or even unavailable."" [p.1]","""there is still a need for reliability in several key enabling technologies to achieve a safe and robust autonomous system, such as localization, navigation and planning."" [p.1]",INDOOR,Indoor testbed at CATEC,AscTec Neo hexacopter,"VI-Sensor (stereo camera + IMU), RGB-D camera (Orbbec Astra)",HYBRID,NOT_REPORTED,BOTH,NOT_REPORTED,"RMS X, RMS Y, RMS Z, RMS yaw","| metric | value + unit | baseline value | page |
|--------|--------------|----------------|------|
| RMS X | 0.141 m | CCNY: 1.075 m; RTAB-Map: 0.285 m; RGBD-SLAM: 0.470 m | 29 |
| RMS Y | 0.313 m | CCNY: 0.220 m; RTAB-Map: 0.174 m; RGBD-SLAM: 0.583 m | 29 |
| RMS Z | 0.196 m | CCNY: 0.710 m; RTAB-Map: 0.734 m; RGBD-SLAM: 0.617 m | 29 |
| RMS yaw | 5.833° | CCNY: 15.917°; RTAB-Map: 9.25°; RGBD-SLAM: 9.849° | 29 |

""Table 3 summarizes general RMS errors compared to those from our approach."" [p.29]","CCNY RGBD-Tools, RTAB-Map, RGBD-SLAM",NOT_REPORTED,"""our system can only handle limited types of obstacles, such as human workers or other UAVs"" [p.34]
""degradation of batteries is a significant issue"" [p.32]","""Future work will focus on taking into account that such systems would perform autonomous navigation in a wide variety of scenarios"" [p.34-35]",CORE,SYSTEM,"Spain (University of Seville, CATEC)","EU projects (EuRoC, AEROARMS, AERO-MAIN, OCELLIMAV).",- No forbidden numbers encountered.,"1, 2, 3, 4, 5, 6, 7, 8, 9, 10, 11, 12, 13, 14, 15, 16, 17, 18, 19, 20, 21, 22, 23, 24, 25, 26, 27, 28, 29, 30, 31, 32, 33, 34, 35, 36, 37, 38"
REC_1308,U,NOT_REPORTED,2024,NOT_REPORTED,10.47839/ijc.23.4.3762,"""Although the Global Positioning System (GPS) is a cornerstone of modern navigation, its accuracy can diminish in urban areas, indoors, and intentionally jammed locations."" [p.1]","""In this context, multi-sensor data fusion (MSDF) is suggested as a viable technique, as it integrates inputs from various sensors to create a more robust and reliable navigation solution."" [p.1]",MIXED,"Golbasi district, Ankara, Turkey",UAV (not specified),"GPS, IMU, digital compass, LiDAR, optical flow",HYBRID,NOT_REPORTED,BOTH,NOT_REPORTED,"3D position error (VO/INS), 3D position error (VO/INS with GPR), 3D position error (Smart Hybrid VAINS)","| metric | value + unit | baseline value | page |
|--------|--------------|----------------|------|
| 3D position error (VO/INS) | 44.7 m | NOT_REPORTED | 12 |
| 3D position error (VO/INS with GPR) | 22.4 m | NOT_REPORTED | 12 |
| 3D position error (Smart Hybrid VAINS) | 13.2 m | NOT_REPORTED | 12 |

""Table 1 provides a comparison of the RMS error values for the position states obtained from VO/INS integration, VO/INS with GPR correction integration, and smart hybrid VAINS during the GNSS outage period with the ground truth-values."" [p.12]",NO_BASELINE,NOT_REPORTED,"""Further research should explore the integration of artificial intelligence..."" [p.12]
Ethical and legal challenges.","""Further research should explore the integration of artificial intelligence for intelligent decision-making and predictive navigation"" [p.12]",CORE,SYSTEM,"Turkey (National Defence University, Gazi University)",NOT_REPORTED,- No forbidden numbers encountered.,"1, 2, 3, 4, 5, 6, 7, 8, 9, 10, 11, 12"
REC_1309,Vision-Based Unmanned Aerial Vehicle Swarm Cooperation and Online Point-Cloud Registration for Global Localization in Global Navigation Satellite System-Intermittent Environments,NOT_REPORTED,2026,NOT_REPORTED,10.3390/drones10010065,"""Reliable autonomy for drones operating in GNSS-intermittent or denied environments requires both stable inter-vehicle coordination and a shared global understanding of the environment."" [p.1]","""This paper presents a unified vision-based framework in which UAVs use biologically inspired swarm behaviors together with online monocular point-cloud registration to achieve real-time global localization."" [p.1]",MIXED,Indoor testbed,"Crazyflie 2.1+ UAVs, Wifibot Lab V4 ground vehicle",Monocular RGB cameras,VISION_OBJECT | COOPERATIVE,NOT_REPORTED,BOTH,NOT_REPORTED,"Spatial alignment improvement, Error reduction","| metric | value + unit | baseline value | page |
|--------|--------------|----------------|------|
| Spatial alignment improvement | >4x | Baseline monocular SLAM | 1-2 |
| Error reduction | 4:1 | Baseline | 19 |

""improves spatial alignment by more than a factor of four over baseline monocular SLAM"" [p.1-2]",Baseline monocular SLAM,NOT_REPORTED,"""a detailed characterization of computational latency across different hardware platforms and flight regimes is required"" [p.20]","""Several important directions remain for future work. First, reproducibility and comparability will be strengthened through standardized benchmarks and open-source implementations. Second, ... computational latency ... Finally, a systematic analysis of localization error characteristics..."" [p.20]",CORE,SYSTEM | METHOD,USA (Virginia Commonwealth University),"""This research received no external funding."" [p.20]",- No forbidden numbers encountered.,"1, 2, 3, 4, 5, 6, 7, 8, 9, 10, 11, 12, 13, 14, 15, 16, 17, 18, 19, 20, 21, 22"
REC_1313,A smart hybrid vision aided inertial navigation system approach for UAVs in a GNSS denied environment,NOT_REPORTED,2018,NOT_REPORTED,10.1002/navi.270,"""With UAVs performing missions in challenging and cluttered environments, the GNSS signals might be lost or suffer from attenuation, multipath effects, jamming, and spoofing."" [p.1]","""Consequently, using other aiding sensors or techniques is essential to limit the accumulated errors associated with INS measurements during the GNSS signal outage."" [p.1]",MIXED,"Rural area, Kagaru, Queensland, Australia",Fixed-wing aircraft (from dataset),"XSens Mit-g INS/GNSS, Point Grey Flea2 camera",HYBRID,Smart Hybrid VAINS,REAL (using public dataset),Public airborne dataset,"3D position error (first outage, Smart Hybrid), 3D position error (second outage, Smart Hybrid), Enhancement from VO/INS (first outage), Enhancement from VO/INS (second outage)","| metric | value + unit | baseline value | page |
|--------|--------------|----------------|------|
| 3D position error (first outage, Smart Hybrid) | 13.2 m | VO/INS: 44.7 m; VO/INS with GPR: 22.4 m | 12 |
| 3D position error (second outage, Smart Hybrid) | 25.5 m | VO/INS: 53.6 m; VO/INS with GPR: 33.4 m | 12 |
| Enhancement from VO/INS (first outage) | 70.5% | NOT_REPORTED | 12 |
| Enhancement from VO/INS (second outage) | 52.4% | NOT_REPORTED | 12 |

""Table 1 provides a comparison of the RMS error values for the position states obtained from VO/INS Integration, (VO/INS with GPR correction) and Smart Hybrid VAINS with respect to the ground truth-values"" [p.12]","VO/INS integration, VO/INS with GPR correction",NOT_REPORTED,"""the accuracy of 3-D positioning using these techniques is still affected by some factors such as the lack of the observed features, incorrect matches, and the accumulated positioning drift errors."" [p.1]",NOT_REPORTED,CORE,METHOD,"Canada (University of Calgary), Egypt (Port-Said University)","Egyptian government, Canada Research Chairs, NSERC.",- No forbidden numbers encountered.,"1, 2, 3, 4, 5, 6, 7, 8, 9, 10, 11, 12, 13, 14, 15"
REC_1316,remote sensing,NOT_REPORTED,2023,NOT_REPORTED,10.3390/rs15215141,"""Engineering structures like bridges shadow global navigation satellite system (GNSS), which complicates precise localization. Simultaneous localization and mapping (SLAM) algorithms offer a sufficient solution, since they do not require GNSS. However, testing and comparing SLAM algorithms in GNSS-denied areas is difficult due to missing ground truth data."" [p.1]","""This work presents an approach to measuring the performance of SLAM in indoor and outdoor GNSS-denied areas using a terrestrial scanner Leica RTC360 and a tachymeter to acquire point cloud and trajectory information."" [p.1]",MIXED (indoor and outdoor GNSS-denied),"Federal road bridge in Loerrrach, Germany (pump track area)",Husky mobile robotic platform (UGV),"Two Velodyne VLP-16 LiDAR (horizontal and vertical), 3DM-GX5-25 IMU",OTHER (SLAM evaluation),NOT_REPORTED (evaluation method),REAL,NOT_REPORTED,"RMS trajectory error (MA-LIO), Point cloud to reference distance (SC-LIO-SAM)","| metric | value + unit | baseline value | page |
|--------|--------------|----------------|------|
| RMS trajectory error (MA-LIO) | 5–7 cm | KISS-ICP: 0.154–2.089 m; SC-LIO-SAM: 0.055–1.693 m | 10 |
| Point cloud to reference distance (SC-LIO-SAM) | 4–12 cm | KISS-ICP: 14.2–26.3 cm; MA-LIO: 8.1–12.1 cm | 15 |

""MA-LIO performs best, followed by SC-LIO-SAM and KISS-ICP."" [p.10]
""SC-LIO-SAM reaches the lowest point cloud-to-reference point cloud distance in four of six test tracks, with 4 to 12 cm."" [p.13-14]","KISS-ICP, SC-LIO-SAM, MA-LIO",NOT_REPORTED,"""One limitation is the visual line of sight, which is required for tracking of the prism."" [p.17]
""Drawbacks of this method are the need of a tachymeter and that the respective environment must allow tracking of the prism."" [p.17]","""The future work will contain further study and integration of SLAM on different autonomous mobile platforms. This will include the study of different commercially available LiDAR sensors and LiDAR sensors manufactured at Fraunhofer IPM. The use or combination with visual SLAM and the integration on UAVs is also of research interest."" [p.19]",CORE,METHOD (evaluation method) | BENCHMARK,"Germany (University of Freiburg, Fraunhofer IPM)","""This research is part of the Fraunhofer project 'Ganzheitliches Verfahren für eine nachhaltige, modulare und zirkuläre Gebäudesanierung—BAU-DNS'."" [p.20]",- No forbidden numbers encountered.,"1, 3, 4, 5, 6, 7, 8, 9, 10, 11, 12, 13, 14, 15, 16, 17, 18, 19, 20, 21"
REC_1320,sensors,NOT_REPORTED,2018,NOT_REPORTED,10.3390/s18092776,"""While flying in challenging environments, reliable Global Navigation Satellite System (GNSS) measurements cannot be guaranteed all the time, and the Inertial Navigation System (INS) navigation solution will deteriorate dramatically."" [p.1]","""This paper presents an integrated navigation system for Unmanned Aerial Vehicles (UAVs) in GNSS denied environments based on a Radar Odometry (RO) and an enhanced Visual Odometry (VO) to handle such challenges since the radar is immune against these issues."" [p.1]",MIXED,"Two flights, first over football playground, second over multiple objects (house, trees, cars, hangars)",3DR Solo quadcopter,"K-MD2 FMCW radar, GoPro Hero4 camera, IMU (Pixhawk-2 with MPU-6000), barometer (MS5611), magnetometer, GNSS (U-blox)",HYBRID,Integrated RO/VO/magnetometer/barometer navigation system,REAL,NOT_REPORTED,"3D position error (first flight, 30 s outage), 3D position error (first flight, 113 s outage), 3D position error (second flight, 60 s outage), 3D position error (second flight, 240 s outage)","| metric | value + unit | baseline value | page |
|--------|--------------|----------------|------|
| 3D position error (first flight, 30 s outage) | 1.37 m | INS: 66.74 m; Enhanced VO: 1.75 m | 20 |
| 3D position error (first flight, 113 s outage) | 3.18 m | INS: 2473 m; Enhanced VO: 4.84 m | 20 |
| 3D position error (second flight, 60 s outage) | 2.29 m | INS: 74.39 m; Enhanced VO: 2.47 m | 26 |
| 3D position error (second flight, 240 s outage) | 5.38 m | INS: 5878 m; Enhanced VO: 5.24 m | 26 |

""The results demonstrate the ability of the proposed integrated system to reduce the 3D positioning errors to 2.06% for 30 s, and 0.13% during 113 s of the INS drift errors in the standalone mode during the GNSS signals outages period."" [p.20]","INS standalone, VO/INS integration",NOT_REPORTED,"""the accuracy for the estimated velocity from the RO was slightly less than those of the monocular VO, and the enhanced monocular VO, because the flight was performed over multiple objects with different altitudes, ranges, and angles."" [p.22]",NOT_REPORTED,CORE,SYSTEM | METHOD,"Canada (University of Calgary), Egypt (Port-Said University)","""This work was supported by research funds from the NSERC and Canada Research Chairs programs. Thanks also go to the funding of the first author by the Egyptian government."" [p.27]","- Title is not present on page 1; inferred from abstract.
- No forbidden numbers encountered.","1, 3, 4, 5, 6, 7, 8, 9, 10, 11, 12, 13, 14, 15, 16, 17, 18, 19, 20, 21, 22, 23, 24, 25, 26, 27, 28, 29"
REC_1322,Indoor SLAM for Micro Aerial Vehicles Control using Monocular Camera and Sensor Fusion,NOT_REPORTED,2016,NOT_REPORTED,10.1109/ICARSC.2016.46,"""Unfortunately, most indoor environments remain without access to external positioning systems, and autonomous MAVs are very limited in their ability to operate in these areas."" [p.1]","""This article aims to investigate a SLAM technique that fuses visual information and measurements from the inertial measurement unit (IMU), to robustly obtain the 6DOF pose estimation of a MAV within a local map of the environment."" [p.1]",INDOOR,Indoor test environment,Parrot Bebop quadrotor,"Frontal fisheye camera, vertical camera, ultrasonic altimeter, 3-axis accelerometer, 2 gyroscopes, barometer",VSLAM | HYBRID,NOT_REPORTED,REAL,NOT_REPORTED,Position estimation,"| metric | value + unit | baseline value | page |
|--------|--------------|----------------|------|
| Position estimation | Improved with fusion | NOT_REPORTED | 5 |

""the system is most accurate with prediction and both IMU and VSLAM correction stages."" [p.5]",NOT_REPORTED,"""we run the algorithm with each of the stages of the EKF separately - this is, only with prediction stage, only with IMU correction stage and only with VSLAM correction stage"" [p.5]","""most of these works have been limited to small workspaces that have definite image features and sufficient sunlight. Furthermore, computational time is too high for the fast dynamics of aerial vehicles, making difficult to control them."" [p.1]","""In future work comparisons between the performance of the system using each algorithm should be made and displayed."" [p.5]",CORE,SYSTEM | METHOD,Spain (University of Alcala),"""This work is supported in part by the ISLAMAV Project (CCG2015/EXP-044), which is funded by the University of Alcala and in part by the RoboCity2030 III-CM project (S2013/MIT-2748) funded by I+D Programs in Comunidad de Madrid and cofounded by Structured Funds of the UE."" [p.6]",- No forbidden numbers encountered.,"1, 2, 3, 4, 5, 6"
REC_1330,UAV VISUAL AUTOLOCALIZATON BASED ON AUTOMATIC LANDMARK RECOGNITION,NOT_REPORTED,2017,NOT_REPORTED,10.5194/isprs-annals-IV-2-W3-89-2017,"""Deploying an autonomous unmanned aerial vehicle in GPS-denied areas is a highly discussed problem in the scientific community."" [p.1]","""This work presents a new real-time computer-vision position estimator for UAV navigation."" [p.1]",MIXED (outdoor),"Urban area with landmarks (roundabout, building roof, house roof)",Rotary-wing UAV (quadcopter),Monocular camera (Nadir view),VISION_OBJECT,NOT_REPORTED (landmark recognition-based autolocalization),SIM (using real aerial images),Aerial images from flight on 07/31/2015,"Auto-localization error (landmark 1), Auto-localization error (landmark 2), Auto-localization error (landmark 3)","| metric | value + unit | baseline value | page |
|--------|--------------|----------------|------|
| Auto-localization error (landmark 1) | 9.8 m | GPS DRMS | 4 |
| Auto-localization error (landmark 2) | 20.5 m | GPS DRMS | 4 |
| Auto-localization error (landmark 3) | 24.4 m | GPS DRMS | 4 |

""The results have shown that estimations are inside the error radius (DRMS) of the data obtained by the GPS equipment embedded in the UAV."" [p.4]",GPS data,NOT_REPORTED,"""Most works on landmark recognition for aerial navigation takes on the results of already developed object-recognition algorithms and adapt them to the different aerial circumstances."" [p.2]","""As Future works, an in-flight experiment is going to be performed, in order to better evaluate the position estimated during flight."" [p.5]",CORE,METHOD | SYSTEM,"Brazil (IEAV, ITA)","""This research is part of a project funded by the Brazilian Air Force."" [p.5]",- No forbidden numbers encountered.,"1, 2, 3, 4, 5, 6"
REC_1336,Multi-Sensor Robust Relative Estimation Framework for GPS-Denied Multirotor Aircraft,NOT_REPORTED,2016,NOT_REPORTED,10.1109/ICUAS.2016.7502619,"""The vast majority of published solutions make use of only a single exteroceptive sensor or sensing modality. While these algorithms have been demonstrated to work well in certain environments, they have proven brittle to changes in environmental conditions."" [p.1]","""This allows the vehicle to utilize a suite of complementary exteroceptive sensors or sensing modalities."" [p.1]",INDOOR,Motion capture environment and challenging indoor environment,Multirotor vehicle,"ASUS Xtion Pro Live RGB-D camera, Hokuyo UTM-30LX planar laser scanner, MicroStrain 3DM-GX3-15 IMU, MaxBotix MB1242 ultrasonic altimeter",HYBRID,Multi-sensor relative estimation framework,REAL,NOT_REPORTED,"RMS error (motion capture, multi-sensor), RMS error (indoor, multi-sensor)","| metric | value + unit | baseline value | page |
|--------|--------------|----------------|------|
| RMS error (motion capture, multi-sensor) | 0.517 m (1.97%) | RGB-D only: 1.345 m (5.12%); Laser only: 5.022 m (25.9%) | 7 |
| RMS error (indoor, multi-sensor) | Consistent with global drift | Single-sensor: large errors | 8 |

""Table I summarizes the root mean square (RMS) error over the entire flight, presented both as an absolute value and normalized as a percentage of the total path length."" [p.7]","Single-sensor approaches (RGB-D only, Laser only)","Comparison of single-sensor vs multi-sensor approaches.
""Three estimators were run on the data from each test flight for comparison."" [p.7]","""The proposed framework will still fail if all exteroceptive sensors drop out at the same time"" [p.1]
""Future work will investigate methods for automatically detecting and rejecting erroneous measurement updates."" [p.8]","""Additional future work will investigate incorporating global measurements such as GPS into this framework when they are available."" [p.8]",CORE,METHOD | SYSTEM,"USA (Brigham Young University, Air Force Institute of Technology)",NOT_REPORTED,- No forbidden numbers encountered.,"1, 2, 3, 4, 5, 6, 7, 8, 9"
REC_1346,Automation in Construction Tag-based visual-inertial localization of unmanned aerial vehicles in indoor construction environments using an on-manifold extended Kalman filter,NOT_REPORTED,2022,NOT_REPORTED,10.1016/j.autcon.2021.104112,"""However, robust localization, as a critical enabler for autonomy, is challenging in ever-changing, cluttered, GPS-denied indoor construction environments."" [p.1]","""To enable autonomous navigation of low-priced UAVs in indoor construction environments, this research aims to present an online global localization method that: (1) is inexpensive; (2) requires low computation and storage resources; (3) can be used by multiple platforms; and (4) can handle low-texture, ever-changing construction environments."" [p.2]",INDOOR,Laboratory and BIM-enabled simulation,Parrot Bebop2 quadrotor,"Monocular camera, IMU",HYBRID,Tag-based visual-inertial localization,BOTH,NOT_REPORTED,"RMSE (planar trajectory), RMSE (3D circular lab), RMSE (straight line lab), RMSE (mixed maneuvers sim)","| metric | value + unit | baseline value | page |
|--------|--------------|----------------|------|
| RMSE (planar trajectory) | 0.0198 m | Dead reckoning: 0.1073 m | 12, 16 |
| RMSE (3D circular lab) | 0.0348 m | Dead reckoning: 0.2826 m | 12, 16 |
| RMSE (straight line lab) | 0.04635 m | AprilTag only: 0.22781 m | 16 |
| RMSE (mixed maneuvers sim) | 0.0135 m | Dead reckoning: 0.0708 m | 16 |

""The root-mean-square error (RMSE) achieved in our experiments in laboratory and simulation, being as low as 2–5 cm"" [p.1]","Dead reckoning (IMU only), AprilTag package (tag only)","Comparison of on-manifold EKF vs Euler-angle EKF and tag-only vs fusion.
""To further investigate the impact of opting the proposed on-manifold formulation and tag measurement model, we estimate the same trajectory using our method and an Euler-angle-based EKF with direct tag measurements"" [p.18]","""The proposed method is lightweight, inexpensive, and designed to address the technical and practical localization challenges in indoor construction environments."" [p.17]
""Tags might not always be visible in an ever-changing construction setting, and the direct pose estimates from tags alone are noisy and suffer from ambiguity."" [p.17]","""In our future work, we are interested in feeding the tag-based estimates in a feedback control loop to autonomously fly, perform automatic data collection missions, and extend our validation in an actual construction setting."" [p.18]",CORE,METHOD,Canada (University of Toronto),"""Financial support from the Natural Science and Engineering Research Council (NSERC) grant number RGPIN-2017-06792 is greatly appreciated."" [p.19]",- No forbidden numbers encountered.,"1, 2, 3, 4, 5, 6, 7, 8, 9, 10, 11, 12, 13, 14, 15, 16, 17, 18, 19, 20"
REC_1348,"This is an electronic reprint of the original article. This reprint may differ from the original in pagination and typographic detail. Ouattara, Issouf; Visala, Arto LiDAR-odometry based UAV pose estimation in young forest environment",NOT_REPORTED,2022,NOT_REPORTED,10.1016/j.ifacol.2022.11.121,"""However, this autonomous use of UAVs inside a seedling pine forest environment is challenging because of the presence of many obstacles (i.e. the canopy), and the need to precisely and selectively spray the repellent chemical on the top of individual young trees."" [p.1]","""The aim of this study is to develop a solution that addresses the problem of estimating the pose of the UAV in the young pine forest as a basis for the development of autonomous UAVs for spraying non-toxic chemicals in the seedling pine forest in subsequent studies."" [p.1]",FOREST,"Young pine forest in Lohja, Finland",DJI Matrice 100 UAV,"Velodyne VLP16 3D LiDAR, Epson IMU, GARMIN GPS 18x",LIDAR | SLAM,NOT_REPORTED (LiDAR-odometry based pose estimation),REAL,NOT_REPORTED,"APE (Trajectory 1), RPE (Trajectory 1), X-velocity RMSE, Y-velocity RMSE, Z-velocity RMSE","| metric | value + unit | baseline value | page |
|--------|--------------|----------------|------|
| APE (Trajectory 1) | 0.2471 m | NOT_REPORTED | 6 |
| RPE (Trajectory 1) | 0.1521 m | NOT_REPORTED | 6 |
| X-velocity RMSE | 0.0945 m/s | NOT_REPORTED | 6 |
| Y-velocity RMSE | 0.0794 m/s | NOT_REPORTED | 6 |
| Z-velocity RMSE | 0.0706 m/s | NOT_REPORTED | 6 |

""The estimated error expressed as root mean square errors (RMSE) for the trajectories and the velocities are presented in table 1."" [p.6]",NOT_REPORTED,NOT_REPORTED,"""It has to be noted that the test flights that have been done are relatively short due to operational constraints and the hardware energy autonomy constraint."" [p.7]","""Longer flight tests will be performed to fully appreciate the proposed solution."" [p.7]",CORE,METHOD | SYSTEM,Finland (Aalto University),NOT_REPORTED,- No forbidden numbers encountered.,"1, 2, 3, 4, 5, 6, 7"
REC_1355,A distributed approach for lidar-based relative state estimation of multi-UAV in GPS-denied environments,NOT_REPORTED,2022,NOT_REPORTED,10.1016/j.cja.2021.04.021,"""Robust state estimation is one of the key requirements for safe flight. For real-world flight, it is common to encounter complete darkness and low-texture environment, which may lead to the degradation of vision-based methods."" [p.1-2]","""This paper provides a detailed description of a distributed approach for lidar-based relative state estimation which can be adopted by the multi-UAV systems in GPS-denied environments."" [p.1]",MIXED,"Indoor (motion capture), outdoor campus, forest",Multi-UAV system (3 UAVs),"3D lidar (Velodyne VLP-16), IMU (MicroStrain 3DM-GX5-25)",LIDAR | COOPERATIVE,NOT_REPORTED (distributed lidar-based relative state estimation),REAL,NOT_REPORTED,"RMSE x (indoor, 1T1), RMSE x (indoor, 1T2), Relative translational error (outdoor), Runtime for keyframe (proposed)","| metric | value + unit | baseline value | page |
|--------|--------------|----------------|------|
| RMSE x (indoor, 1T1) | 0.22 m | SegMap: 0.36 m | 8 |
| RMSE x (indoor, 1T2) | 0.11 m | SegMap: 0.81 m | 8 |
| Relative translational error (outdoor) | 0.01–0.22 m | SegMap: 0.15–2.41 m | 9 |
| Runtime for keyframe (proposed) | 103.58 ms (odometry) + 225.13 ms (relative) | SegMap: 113.42 + 300.73 ms | 10 |

""The results show that the proposed method outperforms SegMap and RMSE can reach 20 cm level in the indoor test environment."" [p.8]",SegMap,"Comparison with centralized SegMap method.
""The performance of the proposed method in different scenarios is compared with SegMap"" [p.6]","""the 3D lidar with 360° FOV limits the take-off weight (5 kg) and wheelbase (650 mm) of our aerial platform, which makes the proposed aerial platform difficult to through a narrow flight corridor."" [p.10]","""In future work, we would like to extend the proposed method to lightweight solid-state lidar with small FOV and testing the proposed approach on different platform modalities."" [p.10]",CORE,SYSTEM | METHOD,"China (Tianjin University, Army Engineering University of PLA)","""National Key Research and Development Program of China (No. 2018AAA0102401) and the National Natural Science Foundation of China (Nos. 62022060, 61773278, 61873340)."" [p.10]",- No forbidden numbers encountered.,"1, 2, 3, 4, 5, 6, 7, 8, 9, 10, 11"
REC_1358,An Experimental Analysis of Outdoor UAV Localisation Through Diverse Estimators and Crowd-Sensed Data Fusion,NOT_REPORTED,2024,NOT_REPORTED,10.1016/j.phycom.2024.102475,"""Navigating GNSS-denied environments poses a significant challenge for UAVs."" [p.1]","""Motivated by the challenge of achieving precise 3D outdoor localisation for unmanned aerial vehicles (UAVs) in global navigation satellite system (GNSS)-denied environments, this paper introduces an innovative technique."" [p.1]",MIXED (outdoor),"Outdoor, two flights at different locations",3DR Solo quadcopter,"Micro FMCW radar (24 GHz), IMU (MPU-6000), barometer (MS5611), magnetometer, GPS (U-blox)",HYBRID,NOT_REPORTED (crowd-sensing data fusion with FMCW radar),REAL,NOT_REPORTED,"3D RMSE (first flight, 135 s outage, PF), 3D RMSE (second flight, 120 s outage, PF), Improvement percentage (first flight, PF), Improvement percentage (second flight, PF)","| metric | value + unit | baseline value | page |
|--------|--------------|----------------|------|
| 3D RMSE (first flight, 135 s outage, PF) | 3.87 m | INS only: 298.19 m | 12 |
| 3D RMSE (second flight, 120 s outage, PF) | 5.11 m | INS only: 287.01 m | 13 |
| Improvement percentage (first flight, PF) | 99.89% | NOT_REPORTED | 12 |
| Improvement percentage (second flight, PF) | 99.83% | NOT_REPORTED | 13 |

""Experimental analyses demonstrate substantial improvements, enhancing 3D positioning accuracy by 99.89% and 99.83% for the initial and subsequent flights, respectively, leveraging PF to fortify the standalone INS mode during GNSS signal loss."" [p.1]","INS standalone, EKF, PF","Comparison of EKF and PF.
""the EKF is employed where nonlinearities are mild, and the PF is used in scenarios with significant nonlinearities and non-Gaussian noise"" [p.5]",NOT_REPORTED,NOT_REPORTED,CORE,SYSTEM | METHOD,"Canada (University of Calgary), UK (University of Glasgow, University of Essex), Egypt (Air Defence College, Port-Said University, Higher institute of Engineering and Technology)",NOT_REPORTED,"- Title, venue, year, and DOI are not reported in the provided text. This is an anomaly.
- No forbidden numbers encountered.","1, 2, 3, 4, 5, 6, 7, 8, 9, 10, 11, 12, 13, 14, 15, 16, 17, 18"
REC_1366,arXiv:1703.06261v1 [cs.RO] 18 Mar 2017,NOT_REPORTED,2017,NOT_REPORTED,10.1016/j.ifacol.2017.08.1226,"""Without access to global coordinates, a UAV must rely on its inertial navigation system (INS). Positions in the INS frame are updated by integrating measurements from gyroscopes and accelerometers. Error in these measurements causes the INS frame to accumulate drift."" [p.1]","""The problem addressed in this paper is to localise a GPS-denied UAV, which we will call Agent B, with the assistance of a nearby GPS-enabled UAV, which we will call Agent A."" [p.2]",MIXED,Simulated trajectories,"Two UAVs (Agent A GPS-enabled, Agent B GPS-denied)","DOA sensor (e.g., antenna or optical), INS",COOPERATIVE,NOT_REPORTED (cooperative localisation using DOA measurements),SIM,NOT_REPORTED,"Median rotation error (σ=3°), Median position error (σ=3°)","| metric | value + unit | baseline value | page |
|--------|--------------|----------------|------|
| Median rotation error (σ=3°) | ~40 degrees | LS+O: ~90 degrees | 6 |
| Median position error (σ=3°) | ~200 m | NOT_REPORTED | 6 |

""It is observed that for each value of σ there is greater improvement in rotation error than translation error as K is increased."" [p.6]",Least Squares + Orthogonal Procrustes (LS+O),"Comparison of SDP+O and LS+O.
""we compare the SDP+O algorithm with an unconstrained Least Squares algorithm combined with the Orthogonal Procrustes algorithm (which we call LS+O)."" [p.6]","""The consideration of noisy position measurements is left for future work."" [p.3]","""Future work includes improving the reliability of the SDP+O method, studying multiple agents in a formation and filtering methods."" [p.7]",CORE,METHOD | THEORY,NOT_REPORTED,NOT_REPORTED,"- Title, authors, venue, year, and DOI are not reported in the provided text. This is an anomaly.
- No forbidden numbers encountered.","1, 2, 3, 4, 5, 6, 7"
REC_1370,Measurement Cooperative navigation for UAVs in GNSS-denied area based on optimized belief propagation,NOT_REPORTED,2022,NOT_REPORTED,10.1016/j.measurement.2022.110797,"""UAVs may lose GNSS signals while passing through the denied areas, which widely exist in operating environments such as urban canyons or in buildings."" [p.1]","""A multitude of individual unmanned aerial vehicle (UAV) cooperatively self- organized as a swarm attracts increasing attention for exploration and parallel tasks. Accurate position is essential for UAVs to avoid collision and implement control."" [p.1]",MIXED,simulation and university building indoor,UAV swarm,onboard IMU and UWB radio devices,NOT_REPORTED,NOT_REPORTED,BOTH,NOT_REPORTED,position error,"| metric | value + unit | baseline value | page |
| position error | 6.58 m | 8.69 m | p.8 |
""MethodINS onlyWUBPBPUCLSPBPPosition error8.69 m6.58 m7.33 m7.88 mImprovement-24.3%15.6%9.3%"" [p.8]","SPBP, BPUCL, INS only","Evaluation of particle numbers and sensor quality.
""Evaluation of the impact of particle numbers on the position accuracy."" [p.7]","""the performance of our method is fundamentally limited due to the instable random noise from inertial sensor and the short- time approximation in the analytical expressions of position error, resulting in an accuracy degrade with a long flight."" [p.9]","""One of future work is to combine with a path planning strategy and to design a cooperative guidance algorithm that commands specific maneuvers to further limit position estimation error growth. Another interesting future work would be the incorporation with map- aided, visual and magnetic field- based methods for a more robust and comprehensive GNSS- denied cooperative navigation strategy."" [p.9]",CORE,METHOD,NOT_REPORTED,NOT_REPORTED,"Typos/OCR anomalies: ""GNSSdenied"" on p.2; Table 2 formatting concatenated; ""Acknowledgment"" misspelled; reference list interleaved with Appendix on p.10.","1, 2, 3, 4, 5, 6, 7, 8, 9"
REC_1373,sensors,NOT_REPORTED,2016,NOT_REPORTED,10.3390/s16050666,"""This GPS waypoint navigation does however become dangerous in environments where the GPS signal is faulty or is only present in some places and when the airspace is filled with obstacles."" [p.1]","""UAVs use ground control stations to plan a path to a goal before flying, using Global Positioning System (GPS) sensors as their source of localisation [6-10]. However, reliable GPS localisation is not always available due to occlusions or the absence of the satellite signal."" [p.1]",INDOOR,"indoor 3D space, cluttered",low cost multi-rotor UAV,"downward-looking camera, front-looking camera, IMU, magnetometer, ultrasonic, barometric pressure",NOT_REPORTED,NOT_REPORTED,BOTH,NOT_REPORTED,mission success,"| metric | value + unit | baseline value | page |
| mission success | 100% POMCP; 85% ABT | NOT_REPORTED | p.13 |
""The UAV can accomplish the mission in \(100\%\) of the cases using POMCP for both scenarios and \(85\%\) of the cases using ABT in real flight"" [p.13]",POMCP and ABT,NOT_REPORTED,NOT_REPORTED,"""Adding the GPS module uncertainty and the wind disturbances as another source of uncertainty into the POMDP model along with real flight testing is currently being explored."" [p.16]",CORE,SYSTEM,NOT_REPORTED,NOT_REPORTED,"Page 12 contains massive repeated numeric OCR artifact (""7 7 7 7...""). Typos: ""belic"" for belief, ""sates"" for states on p.5. ""comprehensive reviews and comprehensive feedback"" redundancy on p.16.","1, 2, 3, 4, 5, 6, 7, 8, 9, 10, 11, 13, 14, 15, 16"
REC_1378,Research Article Optical Flow Sensor/INS/Magnetometer Integrated Navigation System for MAV in GPS-Denied Environment,NOT_REPORTED,2016,NOT_REPORTED,10.1155/2016/6105803,"""The drift of inertial navigation system (INS) will lead to large navigation error when a low- cost INS is used in microaerial vehicles (MAV)."" [p.1]","""GPS is based on satellite which can provide relatively consistent accuracy navigation; however, the satellite signals would be lost in city canyon or indoor environments [6, 7]."" [p.1]",MIXED,"stadium of North University of China, Taiyuan",autonomous MAV,"optical flow sensor PX4FLOW, IMU MPU6050, magnetometer HMC3883L, ultrasonic",NOT_REPORTED,NOT_REPORTED,REAL,NOT_REPORTED,position drift,"| metric | value + unit | baseline value | page |
| position drift | less than 1 m after 50 m trajectory | about 8 m | p.5 |
""the position drift is about 8 meters after 50 meters trajectory without the correction of OFS and magnetometer, and the position drift is decreased to less than 1 meter after using the integrated algorithm"" [p.5]",INS only,NOT_REPORTED,"""This method only can be used for measurement in static state"" [p.4]",NOT_REPORTED,CORE,METHOD,NOT_REPORTED,NOT_REPORTED,"Equations have formatting issues; ""accelerator"" used for accelerometer. ""microaerial"" used. OCR artifacts ""text[[...]]"". Table 1 malformed. No forbidden numbers.","1, 2, 3, 4, 5, 6, 8"
REC_1393,ST-DCL: A Spatio-Temporally Decoupled Cooperative Localization Method for Dynamic Drone Swarms,NOT_REPORTED,2026,NOT_REPORTED,10.3390/drones10010069,"""In GPS- denied environments, the spatio- temporal coupling of errors caused by dynamic network topologies poses a fundamental challenge to cooperative localization"" [p.1]","""Drone swarms are of great irreplaceable value in GPS- denied scenarios such as postdisaster search and rescue and regional surveillance."" [p.2]",MIXED,"university campus, open basketball court, perimeter of building",ten custom-made quadrotor drones,"UWB, IMU, GPS",NOT_REPORTED,NOT_REPORTED,BOTH,FlightBench dataset,NRMSE,"| metric | value + unit | baseline value | page |
| NRMSE | 0.0068 | NOT_REPORTED | p.2 |
""ST- DCL achieves an NRMSE of 0.0068, representing a \(21\%\) performance improvement over state- of- the- art methods."" [p.2]","MDS, FC-MDS, dwMDS, vMDS, ST-GAT","""This section validates the robustness of the ST- DCL framework under two extremely challenging stress scenarios"" [p.27]","""The computation of the proposed algorithm is highly complex because of the DW- MDS sliding window optimization and the ST- GNN dynamic attention mechanism. Hence, it faces some real- time challenges in very large swarms."" [p.34]","""The future research will focus on innovative clustered architecture and algebraic connectivity- guided layered topology segmentation so as to distribute the loads of computation to local optimizations of subset swarms. Moreover, lightweight ST- GNN reasoning engines are utilized to quantitatively compress the complexity from \(O(N^2)\) to \(O\left(N\sqrt{N}\right)\)."" [p.34]",CORE,METHOD,NOT_REPORTED,NOT_REPORTED,"Algorithm 1 table has malformed HTML entities (&amp;gt; etc.) on p.14. Some reference list entries appear unrelated (e.g., FMPTCP, pigeon-inspired). Equations OCR issues. No forbidden numbers.","1, 2, 3, 4, 5, 6, 7, 8, 9, 10, 11, 12, 13, 14, 15, 16, 17, 18, 19, 20, 21, 22, 23, 24, 25, 26, 27, 28, 29, 30, 31, 32, 33, 34"
REC_1399,Adaptive Texture-Aware Pixel Selection for Robust Direct Visual Odometry in UAV Navigation,NOT_REPORTED,2026,NOT_REPORTED,10.1109/ICUAS69441.2026.11598726,"""since DVO relies directly on pixel intensity patterns for frame- to- frame alignment, it is inherently sensitive to brightness inconsistencies and illumination changes, which can degrade pose estimation"" [p.1]","""UAVs must operate in GPS- denied or degraded environments, requiring onboard perception systems capable of reliable state estimation."" [p.1]",MIXED,"indoor and outdoor, campus",UAV,monocular camera,NOT_REPORTED,NOT_REPORTED,BOTH,TUM RGB-D benchmark,ATE RMSE,"| metric | value + unit | baseline value | page |
| ATE RMSE | 0.0296 m | NOT_REPORTED | p.7 |
""achieving an ATE RMSE of 0.0296 m"" [p.7]",DSO,"""Table I summarizes the results of the ablation study."" [p.6]","""Although the proposed method demonstrates near real- time behavior under the current experimental setup, strict real- time performance is conditioned on hardware acceleration or implementation in a lower- level, high- performance programming language."" [p.8]",NOT_REPORTED,IMPORTANT,METHOD,NOT_REPORTED,NOT_REPORTED,Equation (5) appears malformed: sum over i=1 to r_perc. Figure 3 callouts mismatch. No forbidden numbers.,"1, 2, 3, 4, 5, 6, 7, 8"
REC_1402,drones,NOT_REPORTED,2023,NOT_REPORTED,10.3390/drones7020073,"""One of the main challenges for environments such as underground mines is the lack of access to GNSS [13,14]. Teleoperation is also a challenge due to the limited range of radios underground. Therefore, a robust onboard navigation system, which includes localization, mapping, and motion planning, must be in place for a fully autonomous system to function reliably."" [p.1]","""This article describes the development of a state-of-the-art tether-powered unmanned aerial vehicle (TUAV), which is part of the complete autonomous robotic system shown in Figure 1."" [p.2]",UNDERGROUND,Laboratory and underground mines,Custom quadrotor (Holybro X500 frame),"LiDAR (Intel RealSense L515), tracking camera (Intel RealSense T265), Garmin LidarLite v3/v4, IMU (Pixhawk 4), UWB (DWM1001)",HYBRID,Opecker (tethered UAV system),BOTH,NOT_REPORTED,"Landing success, Power delivered, Mapping data rate","| metric | value + unit | baseline value | page |
|--------|--------------|----------------|------|
| Landing success | 10 different starting positions | NOT_REPORTED | 20 |
| Power delivered | ~620 W | NOT_REPORTED | 6 |
| Mapping data rate | 18 MB/s | NOT_REPORTED | 18 |

""The landing methodology was tested successfully from 10 different starting positions."" [p.20]",NOT_REPORTED,NOT_REPORTED,"""Although this solution was successful, we noticed an excessive power loss on the cable, which could be mitigated by transmitting power at even higher voltages through the tether."" [p.21]","""Future work will include a complete and long-term evaluation of the system in actual limestone mines."" [p.21]",CORE,SYSTEM,USA (West Virginia University),"""This research was funded by Alpha Foundation for the Improvement of Mine Safety and Health, Inc. (ALPHA FOUNDATION) grant number AFC820-69."" [p.22]",- No forbidden numbers encountered.,"1, 2, 3, 4, 5, 6, 7, 8, 9, 10, 11, 12, 13, 14, 15, 16, 17, 18, 19, 20, 21, 22, 23, 24, 25, 26"
REC_1403,Simless GSM positioning for navigation in GPS-denied environments,NOT_REPORTED,2018,NOT_REPORTED,10.1108/AEAT-01-2017-0029,"""Until now, air navigation systems have mainly relied on global navigation satellite systems (GNSS) on the worldwide spread global positioning system. However, the so-called GNSS-denied environments open a new research line which pursues the development of alternative technologies which will cover this gap in positioning systems' services."" [p.1]","""This paper presents the possibility of using positioning systems based on global system for mobile communications (GSM) signal."" [p.1]",MIXED,"Urban area (Seville, Spain)",Standalone device,USRP-E310 Software Defined Radio,OTHER,SIMless GSM positioning,REAL,NOT_REPORTED,"Positioning error (Alamillo), Positioning error (Macarena), Positioning error (Santa Justa), Mean error","| metric | value + unit | baseline value | page |
|--------|--------------|----------------|------|
| Positioning error (Alamillo) | 216 m | GPS | 4 |
| Positioning error (Macarena) | 100 m | GPS | 4 |
| Positioning error (Santa Justa) | 179 m | GPS | 4 |
| Mean error | 187.85 m | GPS | 4 |

""the meter's difference between the GPS positioning and the GSM positioning is calculated to validate the correct algorithm operation. The result gives an error of 162 m"" [p.3]",GPS,NOT_REPORTED,"""the development of a hardware and software SoOP receiver is a challenging goal which is hardly pursued by engineers."" [p.1]",NOT_REPORTED,CORE,METHOD,Spain (University of Seville),NOT_REPORTED,- No forbidden numbers encountered.,"1, 2, 3, 4, 5"
REC_1405,Angle Robustness Unmanned Aerial Vehicle Navigation in GNSS-Denied Scenarios,NOT_REPORTED,2024,NOT_REPORTED,10.1609/aaai.v38i9.28906,"""Due to the inability to receive signals from the Global Navigation Satellite System (GNSS) in extreme conditions, achieving accurate and robust navigation for Unmanned Aerial Vehicles (UAVs) is a challenging task."" [p.1]","""Recently emerged, vision-based navigation has been a promising and feasible alternative to GNSS-based navigation."" [p.1]",MIXED,Simulated flight environments,UAV,Monocular camera,VISION_OBJECT,Angle robustness navigation,SIM (using Google Earth),"UAV_AR368 (368 routes, 56,880 images)","SR@25 (ideal), SR@25 (disturbed), SR@50 (ideal), SR@50 (disturbed), MEPE (ideal), Inference time","| metric | value + unit | baseline value | page |
|--------|--------------|----------------|------|
| SR@25 (ideal) | 100.0% | Baselines: 74.0% | 6 |
| SR@25 (disturbed) | 67.5% | Baselines: 21.9% | 6 |
| SR@50 (ideal) | 100.0% | NOT_REPORTED | 6 |
| SR@50 (disturbed) | 78.8% | Baselines: 35.6% | 6 |
| MEPE (ideal) | 13.2 m | Baselines: 15.3 m | 6 |
| Inference time | 49 ms | Baselines: 41-265 ms | 6 |

""Experiment results demonstrate that the proposed model outperforms the state-of-the-art by achieving improvements of 26.0% and 45.6% in the success rate of arrival under ideal and disturbed circumstances, respectively."" [p.1]","MobileNetV3-Small, ResNet18, ViT-B/16, FSRA, RK-Net, LPN, Backbone, Backbone-FC","""Ablation experiments on different model components are conducted"" [p.7]","""the point-to-point navigation model still cannot achieve 100.0% success rate in disturbed testing environments."" [p.7]","""We will explore the latent reasons in the future work."" [p.7]",CORE,METHOD | DATASET,"China (Zhejiang University, Zhejiang University of Technology)","""National Natural Science Foundation of China (U20B2066), Zhejiang Province High-Level Talents Special Support Program... Ningbo 2025 Science and Technology Innovation Major Project (2022Z072), and Ningbo Natural Science Foundation (2022J182)."" [p.8]","- Title, authors, venue, year, and DOI are not reported in the provided text. This is an anomaly.
- No forbidden numbers encountered.","1, 2, 3, 4, 5, 6, 7, 8, 9"
REC_1417,Cellular Communication-Based Autonomous UAV Navigation with Obstacle Avoidance for Unknown Indoor Environments,NOT_REPORTED,2021,NOT_REPORTED,10.22266/ijies2021.0430.31,"""Because GPS signals are typically absent or weak indoors, autonomous navigation is difficult"" [p.1]","""In this paper, a cellular communication-based autonomous UAV Navigation is proposed that enables UAVs to maneuver independently in previously unknown and GPS-denied indoor environments with LiDAR sensors."" [p.1]",INDOOR,Indoor (room and corridor),Parrot Bebop 2,RPLiDAR S1 (2D LiDAR),LIDAR | SLAM,NOT_REPORTED,REAL,NOT_REPORTED,"Mapping efficiency (LTE vs WiFi), Exploration time, Position error average","| metric | value + unit | baseline value | page |
|--------|--------------|----------------|------|
| Mapping efficiency (LTE vs WiFi) | 57.5% greater | Wi-Fi | 1 |
| Exploration time | ~196 seconds | Wi-Fi: 60 seconds | 7 |
| Position error average | (0.23, 0.16) | NOT_REPORTED | 7 |

""The mapping efficiency of LTE connection is 57.5% greater than the Wi-Fi connection."" [p.1]",Wi-Fi connection,NOT_REPORTED,"""Despite Wi-Fi handover for autonomous UAV is not considered in this paper"" [p.7]",NOT_REPORTED,CORE,SYSTEM,South Korea (Kumoh National Institute of Technology),"""This research was supported by the MSIT (Ministry of Science and ICT), Korea, under the Grand Information Technology Research Center support program (IITP-2020-2020-0-01612)"" [p.7-8]","- Title, year, venue, and DOI are not reported in the provided text. This is an anomaly.
- No forbidden numbers encountered.","1, 2, 3, 4, 5, 6, 7, 8, 9"
REC_1423,A Robust Real-Time Vision based GPS-denied Navigation System of UAV,NOT_REPORTED,2016,NOT_REPORTED,10.1109/CYBER.2016.7574843,"""In such kind of research, GPS being used to localize and navigate outdoors cannot work well due to its low localization measurement accuracy, which can only attain meter level."" [p.1]","""In order to accomplish the cargo transport task, a method of a real-time vision-based GPS-denied multiple object tracking for UAV is developed."" [p.1]",MIXED,Indoor and outdoor,UAV (multi-rotor and helicopter),Digital industrial camera,VISION_OBJECT,NOT_REPORTED,REAL,NOT_REPORTED,"Position estimation error, Processing time (per procedure)","| metric | value + unit | baseline value | page |
|--------|--------------|----------------|------|
| Position estimation error | NOT_REPORTED | Laser rangefinder | 5 |
| Processing time (per procedure) | 0.0011–0.0157 sec | NOT_REPORTED | 6 |

""The position and speed data of fast moving target proved the calculated result of the vision system is accurate and robust enough to navigate UAV to track the moving target."" [p.6]",Laser rangefinder,NOT_REPORTED,"""These methods have a big drawback that is with a few pixels, a big position estimation error can have occurred."" [p.1]","""In the future, the robustness of the vision system can be improved through controlling the exposure time of the camera by the vision program automatically"" [p.6]",CORE,METHOD | SYSTEM,"China (Shenyang Institute of Automation, Chinese Academy of Sciences)","""This work is supported by National Nature Sciences Foundation of China (Grant No. 61503369 and 61433016)"" [p.6]","- Title, authors, venue, year, and DOI are not reported in the provided text. This is an anomaly.
- Table I in the text extraction contains extensive OCR artifacts with repeated ""Abby"" and ""Abbye"" sequences. The values are not reliably extractable.
- No forbidden numbers encountered.","1, 2, 3, 4, 5, 6"
REC_1429,Modelling and Simulation of Fast Autonomous Exploration and Mapping System for GPS Denied Unknown Environment Using ROS,NOT_REPORTED,2022,NOT_REPORTED,10.1109/ICRAIE56454.2022.10054265,"""This paper describes a multi- robot coordinated heterogeneous vehicle which employs cooperative unmanned ground vehicles (UGVs) and unmanned aerial vehicles (UAVs) to explore and map a GPS- denied unknown terrain."" [p.1]","""Exploration processes like cave exploration, tunnel inspections required an accurate and quick mapping of the environment in emergencies for rescue or maintenance operations."" [p.1]",UNDERGROUND,unknown 3D environment with obstacles,heterogeneous team of 5 UGVs and 4 UAVs,"LIDAR on UGVs, depth sensor camera on UAVs",NOT_REPORTED,NOT_REPORTED,SIM,NOT_REPORTED,"2D mapping efficiency, 3D mapping efficiency, time taken","| metric | value + unit | baseline value | page |
| 2D mapping efficiency | 89% | 87% (single ground robot) | p.5 |
| 3D mapping efficiency | 82% | 74% (single quadrotor) | p.5 |
| time taken | 196 s | 316 s (single ground robot), 248 s (single quadrotor) | p.5 |
""The proposed system creates a 2D and 3D map of the environment in just 196 seconds, with 89 per cent and 82 per cent efficiency in 2D and 3D mapping, respectively."" [p.5]",single ground robot and single quadrotor,NOT_REPORTED,"""In the current work, the leader ground robot is responsible for obstacle detection and path planning for the entire system. In the future, each robot will be equipped with a stereo sensor to process the data, find the obstacles, and plan the path accordingly to avoid those obstacles."" [p.5]","""In the future, each robot will be equipped with a stereo sensor to process the data, find the obstacles, and plan the path accordingly to avoid those obstacles."" [p.5]",CORE,SYSTEM,NOT_REPORTED,NOT_REPORTED,"OCR issues: ""filed"" for ""flew"" on p.5, ""stance"" for ""distance"" on p.5. Simulation-only study.","1, 2, 3, 4, 5, 6"
REC_1431,Advancing Autonomous UAV Target Localization in GPS-Denied Environments,NOT_REPORTED,2023,NOT_REPORTED,10.1109/CoDIT58514.2023.10284425,"""This research introduces a novel approach to enhance the robustness of autonomous UAV target localization in GPS- denied environments."" [p.1]","""The SAR operation is critical so that the rescue can be done immediately. The problem with search operations is that they can occur in environments inaccessible to humans. This is where the role of the UAVs is needed..."" [p.1]",MIXED,three rooms measuring 60m x 40m with obstacles,UAV,antenna to receive RF waves (RSS),NOT_REPORTED,NOT_REPORTED,SIM,NOT_REPORTED,NOT_REPORTED,NOT_REPORTED,previous research method (single variable Q-learning),"""Both methods were simulated in two cases. In the first case, no two grids have the same RSS value as assumed in the previous research. In the second case, the RSS value of each grid is not unique."" [p.5]",NOT_REPORTED,NOT_REPORTED,CORE,METHOD,NOT_REPORTED,NOT_REPORTED,"Grammatical issues, e.g., ""can able to converge"". No forbidden numbers.","1, 2, 3, 4, 5, 6"
REC_1432,GNSS/INS/VO fusion using Gated Recurrent Unit in GNSS denied environments,NOT_REPORTED,2023,NOT_REPORTED,10.2514/6.2023-2226,"""The future autonomous systems that will be implemented in urban environments have to rely on a stable navigation solution facing all the challenges encountered. Due to the nature of urban and suburban environments[1], Non- Line of Sight multipath signal propagation, can quickly degrade the quality of the GNSS- based positioning, leading to an erroneous localization"" [p.2]","""To mitigate all this errors a robust solution is required, to achieve the best navigation performances, even when the GNSS is not able to provide a PNT solution."" [p.2]",URBAN_CANYON,"Unreal Engine world with AirSim and Cesium, urban/suburban.",UAV (Pixhawk 2.4.8 board),"IMU MEMS, GNSS receiver (F9P), monocular camera.",NOT_REPORTED,NOT_REPORTED,SIM (HIL simulation),custom dataset from simulation.,mean horizontal RMSE,"| metric | value + unit | baseline value | page |
| mean horizontal RMSE | 0.8035 m | 6.2036 m (Master EKF no INS GRU aid) | p.8 |
""From the performances obtained, the novel fusion framework can provide a good mean horizontal accuracy of 0.8035 m with the aid of the two GRUs blocks and EKFs"" [p.8]","EKF only, GRU only? They compare different configurations.",They evaluate different configurations (with/without GRU aid). Table 2 and 3.,"""The dependency of the VO algorithm, for scale estimation, by the GRU, decreases the integrity of the system."" [p.8] Also ""Small perturbations were observed during flights, due to the link between Unreal Engine, AirSim and Cesium, degrading the IMU data recorded."" [p.8]",NOT_REPORTED,CORE,METHOD,NOT_REPORTED,NOT_REPORTED,Title and authors missing from provided text. The paper is an excerpt.,"1, 2, 3, 4, 5, 6, 7, 8, 9, 10"
REC_1435,UAV-Assisted Collaborative Positioning in GNSS-Denied Environments,NOT_REPORTED,2026,NOT_REPORTED,10.5194/isprs-archives-XLIX-B1-2026-41-2026,"""Accurate and reliable positioning and navigation are fundamental for the development of a wide number of applications. Despite in most of the regular working conditions the use of a GNSS (Global Navigation Satellite System) receiver is sufficient for properly determining the absolute coordinates of such a device, determining a reliable solution of the positioning problem in challenging conditions, e.g. in environments where GNSS is not available or not reliable, can be difficult."" [p.1]","""In such conditions, exploiting the information shared by different sensors and platforms can be useful for reliably determining the platforms' positions."" [p.1]",MIXED,parking lot at Ohio State University campus.,ground vehicles and UAV (DJI Phantom 4 Pro),"LiDAR, camera, UWB transceivers on ground vehicles; camera and UWB on UAV.",NOT_REPORTED,NOT_REPORTED,REAL (CONTEST dataset),CONTEST dataset.,2D RMS error,"| metric | value + unit | baseline value | page |
| 2D RMS error | 0.85 m | 9.37 m (without MoGe2) | p.7 |
""the absolute positioning error, in particular in the best case, 2D RMS = 0.85 m for UAV+YOLO+MoGe2+centroid+UAV2V+V2V"" [p.7]","different methods (A, B, C) and without V2V.","They compare different combinations (with/without UWB, MoGe2, etc.) in Table 1.","""the proposed method aims at estimating the (planimetric) position of the center of the vehicle, whereas the reference position is provided by GNSS receivers, which usually are not located in such center, hence a component of the error, typically of some decimeters, is due to such difference"" [p.7]","""our future work will also consider a more detailed examination when more geometric information about vehicles is provided, and to the use of real UWB measurements instead of simulated ones."" [p.7]",CORE,METHOD,NOT_REPORTED,NOT_REPORTED,"Title missing, but content is clear. Reference list incomplete in provided text.","1, 2, 3, 4, 5, 6, 7"
REC_1438,3D Motion Planning for UAVs in GPS-Denied Unknown Forest Environment,NOT_REPORTED,2016,NOT_REPORTED,10.1109/IVS.2016.7535393,"""The motion planning problem for UAVs is difficult since these vehicles have fast, complicated and uncertain dynamics [1] and strict payload limitations [2], they are compounded by the issues of real- time navigation in 3D space and involve continual interaction with the environment."" [p.1]","""Autonomous navigation of UAVs in complex environments has been an active research topic for a decade."" [p.1]",FOREST,forest (simulated and real),VTOL UAV (quadrotor),"two LIDAR scanners, ranger finder, IMU, Pixhawk.",NOT_REPORTED,NOT_REPORTED,BOTH,NOT_REPORTED,NOT_REPORTED,NOT_REPORTED,NO_BASELINE,NOT_REPORTED,"""only symmetrical velocity, acceleration and jerk constraints are considered in this algorithm and UAV dynamic constraints are not addressed. 2) obstacle avoidance is not considered."" [p.3]",NOT_REPORTED,CORE,SYSTEM,NOT_REPORTED,NOT_REPORTED,"OCR issues like ""filed"" for ""flew"". No specific quantitative performance metrics.","1, 2, 3, 4, 5, 6"
REC_1439,Vehicular Communications 3D map and mmWave radar-based self-localization for UAVs in GNSS-denied environments,NOT_REPORTED,2026,NOT_REPORTED,10.1016/j.vehcom.2025.100986,"""Reliable self-localization of unmanned aerial vehicles (UAVs) in dense urban environments remains a major challenge due to the frequent unavailability or degradation of Global Navigation Satellite Systems (GNSS) and other radio signals."" [p.1]","""This paper presents a robust and cost-effective method for UAV self-localization by using vision and millimeter-wave (mmWave) radar data in GNSS-denied environments."" [p.1]",URBAN_CANYON,U-shaped open-air parking area,UAV (not specified),"Intel RealSense D400 camera, Texas Instruments four-chip mmWave cascaded radar",HYBRID,NOT_REPORTED,REAL,NOT_REPORTED,"Self-localization accuracy, Clustering precision, MRSE, DRMS","| metric | value + unit | baseline value | page |
|--------|--------------|----------------|------|
| Self-localization accuracy | <0.4 m | Vision-only: 12.23 m; Radar+Vision: 12.01 m | 1, 12 |
| Clustering precision | >90% | K-means: ~54%; DBSCAN: ~54% | 10, 12 |
| MRSE | 0.302 m | Vision-only: 12.23 m | 12 |
| DRMS | 0.2086 m | NOT_REPORTED | 12 |

""Experimental results demonstrate that the proposed method can achieve self-localization accuracy within 0.4 m"" [p.1]","Vision-only, Vision + Radar without fine registration","""To ensure a fair and transparent evaluation, two baseline methods were designed for comparison under identical conditions."" [p.11]","""the experiments were conducted in a localized campus environment, which may restrict generalization to larger and more diverse urban areas."" [p.13]","""Future work will therefore focus on extending the framework to larger-scale and more diverse urban areas, as well as exploring adaptability to different architectural styles."" [p.13]",CORE,METHOD | SYSTEM,China (South-Central Minzu University),"""National Nature Science Foundation of China (NOs: 62527803, 62201621), the Guided Project of the Natural Science Foundation of Hubei Province (NO: 2025AFC071), the Innovative Research Group Project of the Natural Science Foundation of Hubei Province (NO: 2024AFA030), the Fundamental Research Funds for the Central Universities of South-Central Minzu University (NOs: CZQ24001, CZQ25005), and the Hubei Provincial Program for the Training of Young Scientific and Technological Talents (NO: 2025DJA072)."" [p.13]","- Title, year, venue, and DOI are not reported in the provided text. This is an anomaly.
- No forbidden numbers encountered.","1, 2, 3, 4, 5, 6, 7, 8, 9, 10, 11, 12, 13, 14"
REC_1443,Study on angle-only relative navigation for unmanned aerial vehicle formation in GPS-denied environment,NOT_REPORTED,2023,NOT_REPORTED,10.1177/09544100221149235,"""To satisfy the autonomous relative navigation demand of unmanned aerial vehicle (UAV) formation in a GPS-denied environment, an angle-only relative navigation algorithm is proposed."" [p.1]","""Accurate relative navigation information can be obtained in a short time using the inertial navigation equipment (inertial measurement unit, IMU) carried by the UAV, but the relative navigation error diverges over time as the IMU's error drifts."" [p.1]",MIXED,Simulated trajectories,Tri-UAV formation,"IMU, altimeter, magnetometer, pitot tube, optical camera",COOPERATIVE,Angle-only relative navigation,SIM,NOT_REPORTED,"Relative position accuracy, Gyro bias estimation error, Accelerometer bias estimation error","| metric | value + unit | baseline value | page |
|--------|--------------|----------------|------|
| Relative position accuracy | <10 m (3σ) | NOT_REPORTED | 1 |
| Gyro bias estimation error | <20°/h | NOT_REPORTED | 8 |
| Accelerometer bias estimation error | <0.5 mg | NOT_REPORTED | 8 |

""The relative position accuracy achieved using gyros with a drift rate of 50°/h, accelerometers with 1 mg deviation, and optical cameras with 1° Gaussian white noise is within 10 m (3σ)."" [p.1]",EKF,"""the CEKF algorithm shows a smaller estimation mean error and covariance error, which validates that the CEKF algorithm designed in this study possesses a higher estimation accuracy and better stability."" [p.13]","""When more UAVs will participate in the formation, the decentralized strategy and nonlinear estimation algorithm will become more complicated."" [p.13]","""This will be the focus of future research."" [p.13]",CORE,METHOD | THEORY,China,"""National Natural Science Foundation of China (11802119, 12272168) and Foundation of Science and Technology on Space Intelligent Control Laboratory (6142208200303, 2021-JCJQ-LB-010-04)."" [p.13]",- No forbidden numbers encountered.,"1, 2, 3, 4, 5, 6, 7, 8, 9, 10, 11, 12, 13, 14"
REC_1451,Vision-model-based Real-time Localization of Unmanned Aerial Vehicle for Autonomous Structure Inspection under GPS-denied Environment,NOT_REPORTED,2019,NOT_REPORTED,10.1061/9780784482445.037,"""However, strong GPS signal is not always available, and it can degrade or fully loss underneath large structures or close to power lines, which can cause serious control issues or even UAV crashes."" [p.1]","""Therefore, approaches that can locate the inflight positions of UAV under GPS-denied environment is high demanded."" [p.1]",INDOOR | MIXED,Indoor,Crazyflie 2.0 micro quadrotor,"FPV camera, flow deck",VISION_OBJECT,NOT_REPORTED,REAL,NOT_REPORTED,6D pose estimation,"| metric | value + unit | baseline value | page |
|--------|--------------|----------------|------|
| 6D pose estimation | Visual tracking | NOT_REPORTED | 6 |

""The result showed that images collected with onboard camera during the aerial inspection process can be used for UAV indoor tracking and localization."" [p.6]",NOT_REPORTED,NOT_REPORTED,"""Due to the geometrical complexity of the real world structures and the significant higher environmental noise of outdoor environment, the performance of this proposed method is expected to be negatively affected"" [p.7]","""which is upon further investigations in the future."" [p.7]",CORE,METHOD,USA (University of Nebraska-Lincoln),NOT_REPORTED,"- Title, year, venue, and DOI are not reported in the provided text. This is an anomaly.
- No forbidden numbers encountered.","1, 2, 3, 4, 5, 6, 7, 8"
REC_1453,Preprint not peer reviewed,NOT_REPORTED,2026,NOT_REPORTED,10.1016/j.measurement.2026.121787,"""Presently, Global Navigation Satellite Systems (GNSS) function as the predominant positioning methodology for Unmanned Aerial Vehicles (UAVs). However, in complex electromagnetic environments or adversarial scenarios, GNSS signals are highly susceptible to blockage, interference, or spoofing attacks. This hinders UAVs from acquiring precise positional data, jeopardizing flight safety and exerting a substantial negative influence on mission success rates."" [p.2]","""Consequently, achieving high-precision positioning for UAVs in GNSS-denied environments has become a critical technology and research focus for ensuring safe flight operations and mission success."" [p.2]",MIXED,"Typical flight image sequences and public datasets (EuRoC, HPatches)",Drone platform,"IMU, visual module, UWB ranging module",HYBRID,Graph-optimization-based tightly coupled multi-source positioning,BOTH,"EuRoC, HPatches","Trajectory 1 RMSE (high dynamic), Trajectory 2 RMSE (low-altitude cruise), Trajectory 1 Max error, Trajectory 2 Max error, EuRoC average RMSE, Feature matching accuracy improvement","| metric | value + unit | baseline value | page |
|--------|--------------|----------------|------|
| Trajectory 1 RMSE (high dynamic) | 0.480 m | VINS-Fusion: diverged; ORB-SLAM3: diverged | 32, 34 |
| Trajectory 2 RMSE (low-altitude cruise) | 0.286 m | NOT_REPORTED | 32 |
| Trajectory 1 Max error | 0.902 m | NOT_REPORTED | 32 |
| Trajectory 2 Max error | 0.552 m | NOT_REPORTED | 32 |
| EuRoC average RMSE | 0.0342 m | VINS-Fusion: 0.179 m; ORB-SLAM3: 0.0438 m | 29 |
| Feature matching accuracy improvement | 5% | ORB | 2 |

""In real flight experiments, the method achieves an RMSE of 0.480 m under high-dynamic conditions and 0.286 m under steady-state conditions, validating its sub-meter accuracy and applicability in real-world environments."" [p.2]","VINS-Fusion, ORB-SLAM3","""Achieve a balanced trade-off between real-time performance, accuracy, and stability by setting N_min=7 and N_max=12."" [p.14]","""Trajectory 1 has a median error of approximately 0.44 m and a wide interquartile range of errors. The maximum error approaches 0.8 m, and there are numerous outliers. These results suggest significant error fluctuations, frequent sporadic deviations, and relatively unstable robustness performance under high-dynamic conditions."" [p.34]",NOT_REPORTED,CORE,METHOD | SYSTEM,China (Beijing Institute of Technology),"""This work was supported by National Defense Basic Scientific Research Program of China (JCKY2023602B019)."" [p.35-36]","- Ground truth during real flight experiments was acquired via an onboard ZED-F9P RTK GNSS module.
- Electronic copy originally released as SSRN preprint abstract=5598844.","2, 3, 14, 17, 18, 29, 32, 34, 35, 36"
REC_1454,Adaptive UAV Visual Localisation Based on Improved Gradient-Damping Newton Method,NOT_REPORTED,2026,NOT_REPORTED,10.3390/electronics15101974,"""To address the challenge of visual localisation for UAVs operating in complex terrains under Global Navigation Satellite System (GNSS)-denied environments, this paper proposes an improved adaptive gradient-damped Newton approach to mitigate the trade-off between terrain non-convexity and computational real-time performance."" [p.1]","""monocular visual geolocalisation technology, which relies on matching airborne imagery with digital elevation models (DEM), has emerged as a research focus in the navigation field because of its robust anti-interference capability and passive detection characteristics"" [p.1]",MIXED,Complex mountainous terrain,Micro UAV,"Monocular camera, IMU, barometer",VISION_OBJECT,Adaptive Gradient-Damped Newton Method,BOTH,"DEM 3km×3km, 2m resolution","3D positioning error (SEP50), 3D positioning error (SEP95), Computational efficiency improvement, Convergence speed improvement, 3D RMSE (proposed)","| metric | value + unit | baseline value | page |
|--------|--------------|----------------|------|
| 3D positioning error (SEP50) | 0.32 m | NOT_REPORTED | 10 |
| 3D positioning error (SEP95) | 0.50 m | NOT_REPORTED | 10 |
| Computational efficiency improvement | ~3x | Grid search | 1 |
| Convergence speed improvement | 27.4% | Standard Newton | 1 |
| 3D RMSE (proposed) | 0.62 m | Baseline: 7.14 m | 17 |

""Monte Carlo simulation results demonstrate that the proposed algorithm maintains submeter localisation accuracy while achieving approximately a three-fold improvement in computational efficiency compared with traditional grid-based methods, and a 27.4% increase in convergence speed relative to the standard Newton method."" [p.1]","Grid search, Standard Newton's method, Trust-region algorithm","""By comparing various functional variants under complex nonlinear terrain (Figure 11), the study validates the advantages of the proposed method under intricate boundary conditions."" [p.17]","""the experiments were conducted in a localized campus environment, which may restrict generalization to larger and more diverse urban areas."" [p.13]","""Future work will prioritize deploying the proposed algorithm onto physical UAV platforms to conduct rigorous field flight tests in real-world complex terrains"" [p.18]",CORE,METHOD,China (Chengdu University),"""Natural Science Foundation of Sichuan Province, China under Grants No. 24NSFSC2722, the National Natural Science Foundation of China under Grants No. 62406043."" [p.19]","- Title, venue, and DOI are not reported in the provided text. This is an anomaly. The year 2026 is inferred from the manuscript.
- No forbidden numbers encountered.","1, 2, 3, 4, 5, 6, 7, 8, 9, 10, 11, 12, 13, 14, 15, 16, 17, 18, 19, 20"
REC_1455,applied sciences Cross-Modal Images Matching Based Enhancement to MEMS INS for UAV Navigation in GNSS Denied Environments,NOT_REPORTED,2023,NOT_REPORTED,10.3390/app13148238,"""As is known, the GNSS signal might be blocked, cheated, or even shut down [4,5]. Under these circumstances, standalone INS generally cannot fulfill the navigation necessity, especially for the micro electro mechanical systems (MEMS) INS, which is widely used in the small- or medium-size UAVs [6]."" [p.1]","""If the UAVs fly at a proper altitude and have a good view of the ground, a vision-based approach can be used to enhance the performances of the MEMS INS, and an acceptable navigation accuracy might be achieved to ensure the reliable flying of UAV in GNSS denied circumstances [7]."" [p.1]",MIXED,Eight UAV flights,DJI M600Pro UAV,"Visible light camera, infrared camera, MEMS IMU",HYBRID,Cross-modal image matching-based MEMS INS enhancement,REAL,NOT_REPORTED,"CMM CPR (Flight 1), CMM Positioning RMS Error (Flight 1), Coarse matching rate (infrared), Coarse matching rate (visible), MEMS INS North RMS Error (CMM)","| metric | value + unit | baseline value | page |
|--------|--------------|----------------|------|
| CMM CPR (Flight 1) | 99.8% | HOP: 95.5% | 16 |
| CMM Positioning RMS Error (Flight 1) | 3.777 m | HOP: 18.986 m | 16 |
| Coarse matching rate (infrared) | 12.6 Hz | NOT_REPORTED | 16 |
| Coarse matching rate (visible) | 12.1 Hz | NOT_REPORTED | 16 |
| MEMS INS North RMS Error (CMM) | 3.644 m | HOP: 20.155 m | 17 |

""It can be noted from Table 5 that both the CPR and positioning accuracy of HOP are significantly lower than those of CMM for all the flights."" [p.16]",HOP (HOG + Optical Flow + Particle Filter),NOT_REPORTED,"""The real-time image has to be rectified before the coarse image matching, which means the proposed method cannot be applied to the system with uncalibrated camera. In addition, the attitude of the camera with a standard error of less than 3 degrees is required for real-time image rectification."" [p.18]","""In the future work, we will focus on enhancing the precision of the positioning and improving the weather adaptability of the algorithm."" [p.18]",CORE,METHOD | SYSTEM,"China (Central South University, National University of Defense Technology)","""National Natural Science Foundation of China with Grant number 61203199; and in part by the National Natural Science Foundation of China with Grant number 61802423."" [p.19]",- No forbidden numbers encountered.,"1, 2, 3, 4, 5, 6, 7, 8, 9, 10, 11, 12, 13, 14, 15, 16, 17, 18, 19, 20"
REC_1459,"Title Automatic UAV inspection of tunnel infrastructure in GPS-denied underground environment Authors Zhang, Ran;Ouyang, Aohui;Li, Zili Publication date 2022-06-16 Original Citation Zhang, R., Ouyang, A. and Li, Z. (2022) ‘Automatic UAV inspection of tunnel infrastructure in GPS-denied underground environment’, in Rizzo, P. and Milazzo, A. (eds) European Workshop on Structural Health Monitoring. EWSHM 2022. Lecture Notes in Civil Engineering, vol 254, pp. 519-526. Springer, Cham. doi: 10.1007/978-3-031-07258-1_53 Type of publication Conference item Link to publisher's 10.1007/978-3-031-07258-1_53 version Rights © 2022, the Authors, under exclusive license to Springer Nature Switzerland AG. This is a post-peer-review, pre-copyedit version of an article published in Lecture Notes in Civil Engineering. The final authenticated version is available online at: https:// doi.org/10.1007/978-3-031-07258-1_53 Download date 2026-09-17 18:28:19 Item downloaded https://hdl.handle.net/10468/13359 from",NOT_REPORTED,2023,NOT_REPORTED,10.1007/978-3-031-07258-1_53,"""However, the drone inspection of tunnel surface still faces many challenges. Compared with the open-air condition, the dark environment in confined underground tunnel space without GPS positioning signal is not suitable for UAV flight, owning to the decrease of drone manipulation precision and automatic flight interference from intrados."" [p.3]","""To this end, this paper proposed a UAV automatic data acquisition method with the help of visual positioning, which further developed the Mobile SDK of DJI UAV to control the UAV flight following a designated trajectory."" [p.3]",UNDERGROUND,Goggins Hill Tunnel (abandoned windless tunnel near Cork),DJI Mavic 2 Enterprise Dual (M2ED),"Camera, spotlight",VISION_OBJECT,MSDK (Mobile Software Development Kit),REAL,NOT_REPORTED,"Route difference (bright tunnel), Route difference (dark tunnel), Calibrated frames (bright tunnel), Calibrated frames (dark tunnel)","| metric | value + unit | baseline value | page |
|--------|--------------|----------------|------|
| Route difference (bright tunnel) | 1.7% | NOT_REPORTED | 9 |
| Route difference (dark tunnel) | 1.9% | NOT_REPORTED | 9 |
| Calibrated frames (bright tunnel) | 989/1000 | NOT_REPORTED | 9 |
| Calibrated frames (dark tunnel) | 1287/1969 | NOT_REPORTED | 9 |

""the 40-m difference between the designated routine and actual routine was 1.9%"" [p.2]",NO_BASELINE,NOT_REPORTED,"""There's some loss of information during video stitching. Those uncalibrated frames are at the start and end of inspection and are missing data. This is inevitable data loss due to limited overlapping at the ends of the flying routes."" [p.9]","""In the next step, the tunnel defects (e.g., crack and leakage) in the 3D point cloud model can be automatically detected and classified using an advanced deep learning algorithm."" [p.10]",CORE,SYSTEM,"Ireland (University College Cork, iCRAG)",NOT_REPORTED,- No forbidden numbers encountered.,"1, 2, 3, 4, 5, 6, 7, 8, 9, 10, 11"
REC_1463,"This may be the author’s version of a work that was submitted/accepted for publication in the following source: Zhu, Xiaolong , Vanegas Alvarez, Fernando , & Gonzalez, Luis Felipe (2022) Decentralised Multi-UAV Cooperative Searching Multi-Target in Cluttered and GPS-Denied Environments. In Proceedings of the 2022 IEEE Aerospace Conference (AERO). Institute of Electrical and Electronics Engineers Inc., United States of America. This ﬁle was downloaded from: https://eprints.qut.edu.au/226555/ © 2022 IEEE Notice : Please note that this document may not be the Version of Record (i.e. published version) of the work. Author manuscript versions (as Sub- mitted for peer review or as Accepted for publication after peer review) can be identiﬁed by an absence of publisher branding and/or typeset appear- ance. If there is any doubt, please refer to the published source. https://doi.org/10.1109/AERO53065.2022.9843665",NOT_REPORTED,2022,NOT_REPORTED,10.1109/AERO53065.2022.9843665,"""Utilising a team of UAVs to efficiently and cooperatively locate a target in congested and GPS-denied environments remains a difficult challenge."" [p.2]","""In order to provide a possible solution for these applications, this paper presents a multi-UAV system that can be utilised for a team of UAVs to autonomously navigate, search and detect multiple targets in a cluttered and GPS-denied environment."" [p.2]",INDOOR | URBAN_CANYON,"Gazebo and ROS simulation, two scenarios with obstacles",Small-size quadcopter UAVs,"Downward facing cameras, multi-orientation range sensors",COOPERATIVE,Int-Dec-POMDP,SIM,NOT_REPORTED,"Collision rate (Set C, Scenario 1), Collision rate (Set C, Scenario 2), Success rate (P+S1), Success rate (P+Q+S1), Time to find all targets (5 UAVs)","| metric | value + unit | baseline value | page |
|--------|--------------|----------------|------|
| Collision rate (Set C, Scenario 1) | 0% | Set A: 36%; Set B: 8% | 8 |
| Collision rate (Set C, Scenario 2) | 4% | Set A: 44%; Set B: 12% | 8 |
| Success rate (P+S1) | 90% | NOT_REPORTED | 8 |
| Success rate (P+Q+S1) | 80% | NOT_REPORTED | 8 |
| Time to find all targets (5 UAVs) | 342.9 sec | 2 UAVs: 640.5 sec | 9 |

""The distinction between Set B and Set C is that the avoidance actions are either rewards or costs in the reward function, and the close-to-zero results of Set C demonstrate the utility and robustness of the collision avoidance function."" [p.8]","Different reward value sets (Set A, B, C)","""Three types of experiments were conducted to evaluate and analyse the proposed multi-UAV system's performance."" [p.7]","""increasing the number of UAVs does not improve the performance of the multi-UAV system linearly and becomes marginal as the number of UAVs increases."" [p.9]","""Additional research avenues include identifying and integrating a cost-effective Simultaneous Localisation and Mapping (SLAM) system within the architecture of a multi-UAV system."" [p.9]",CORE,SYSTEM | METHOD,Australia (Queensland University of Technology),"""Australian Research Council and Queensland University of Technology for funding this project (When every second counts: Multi-drone navigation in GPS-denied environments)."" [p.9]",- No forbidden numbers encountered.,"1, 2, 3, 4, 5, 6, 7, 8, 9, 10, 11"
REC_1474,U,NOT_REPORTED,2026,NOT_REPORTED,10.1109/TGRS.2026.3689254,"""However, further progress in UAV-satellite image registration and alignment remains constrained by two fundamental issues. First, existing learning-based local feature matching methods are typically developed using training data with explicit geometric correspondences... In UAV-satellite registration, however, explicit camera correspondences are generally unavailable, which limits the availability of cross-domain supervision for training local matching models. Second, existing UAV-satellite datasets often exhibit varying degrees of geospatial misalignment among UAV images, GNSS ground truth, and satellite images."" [p.1]","""To address these issues, this work investigates how dense correspondences produced by dense matchers can be converted into trainable supervisory signals in the absence of explicit camera correspondences and pixel-level annotations."" [p.1]",MIXED,Diverse geomorphological landscapes,UAV,Camera,VISION_OBJECT,Co-Lo,REAL (dataset),Co-Lo,"XFeat* MMA@10 (texture-sparse), XFeat* MHA@10 (texture-sparse), DLK* MHA@10 (texture-sparse), XFeat* MMA@10 (texture-rich), XFeat* MHA@10 (texture-rich), XFeat* MAE (AerialVL), XFeat* Rmax (AerialVL)","| metric | value + unit | baseline value | page |
|--------|--------------|----------------|------|
| XFeat* MMA@10 (texture-sparse) | 77.1% | SP+SG: 76.4% | 7 |
| XFeat* MHA@10 (texture-sparse) | 58.0% | SP+SG: 38.8% | 7 |
| DLK* MHA@10 (texture-sparse) | 68.3% | SP+SG: 38.8% | 7 |
| XFeat* MMA@10 (texture-rich) | 91.6% | SP+SG: 80.6% | 12 |
| XFeat* MHA@10 (texture-rich) | 82.2% | SP+SG: 72.7% | 12 |
| XFeat* MAE (AerialVL) | 0.62 m | ALIKED+LG: 0.68 m | 7 |
| XFeat* Rmax (AerialVL) | 73.4% | SP+SG: 71.2% | 7 |

""XFeat achieves an MMA@10 of 77.1%, which is 0.7pp higher than that of SP+SG, and an MHA@10 of 58.0%, which is 19.2pp higher."" [p.6]","SIFT, SP+SG, ALIKED+LG, XFeat+LG, LoFTR, ASpanFormer","""Ablation Study on XFeat*: 1) using SP as the keypoint detector... 2) removing the COCO20k synthetic data... 3) optimizing the descriptor using keypoint correspondences predicted by XFeat itself... 4) replacing the XFeat with a pretrained SP..."" [p.8]","""Although the weakly supervised cross-domain adaptation strategy improves descriptor training by establishing keypoint correspondences, several limitations remain. Correspondence Noise: When using the sampled RoMa correspondences as pseudo-labels, the average reprojection error is approximately 4px."" [p.10]","""In future work, we aim to establish more cross-domain keypoint correspondences for stable matching. Reducing the reprojection error will be crucial for enabling joint training of the keypoint detector and descriptor."" [p.10]",CORE,DATASET | METHOD,NOT_REPORTED,NOT_REPORTED,"- Title, venue, year, and DOI are not reported in the provided text. This is an anomaly.
- No forbidden numbers encountered.","1, 2, 3, 4, 5, 6, 7, 8, 9, 10, 11, 12, 13, 14, 15"
REC_1480,Pose Estimation for an Autonomous Vehicle using Monocular Vision,NOT_REPORTED,2017,NOT_REPORTED,10.1109/INDIANCC.2017.7846512,"""Accurate pose estimation of the autonomous vehicle still remains a significant challenge, especially in Global Positioning System (GPS) denied environments."" [p.1]","""The aim of this work is to provide a solution for the pose estimation of an autonomous vehicle using monocular vision alone so that even a small-size vehicle can perform pose estimation without the help of additional sensors."" [p.1]",INDOOR,Indoor,"Differential drive robot, MAV",Monocular camera (RPi camera),VISION_OBJECT,NOT_REPORTED (iterative pose estimation),BOTH,NOT_REPORTED,"Position error (simulation, x), Position error (simulation, z), Heading error (simulation), Position error (experimental), Computation time","| metric | value + unit | baseline value | page |
|--------|--------------|----------------|------|
| Position error (simulation, x) | 3.7×10⁻⁴ relative units | NOT_REPORTED | 2 |
| Position error (simulation, z) | 7.3×10⁻⁵ relative units | NOT_REPORTED | 2 |
| Heading error (simulation) | 0.043° | NOT_REPORTED | 2 |
| Position error (experimental) | <0.02 m | NOT_REPORTED | 2 |
| Computation time | <0.1 sec | NOT_REPORTED | 2 |

""In the simulation of a differential drive robot, pose estimation error in robot's position in x and z directions are 3.7 × 10⁻⁴ relative units and 7.3 × 10⁻⁵ relative units respectively. The estimation error in robot's heading is 0.043°."" [p.2]",NOT_REPORTED,NOT_REPORTED,"""These equations have singularity at β = 90°. In practice when β = 90° it means the camera is looking perpendicularly to the window, hence no feature points will be detected."" [p.4]","""Future work involves implementing the proposed technique on an MAV for autonomous navigation in indoor environment. Experiments such as passing through a window/door are feasible using the proposed technique."" [p.7]",CORE,METHOD,NOT_REPORTED,NOT_REPORTED,"- Title, authors, venue, year, and DOI are not reported in the provided text. This is an anomaly.
- No forbidden numbers encountered.","1, 2, 3, 4, 5, 6, 7, 8"
REC_1502,Automation in Construction A UAV-based explore-then-exploit system for autonomous indoor facility inspection and scene reconstruction,NOT_REPORTED,2023,NOT_REPORTED,10.1016/j.autcon.2023.104753,"""However, due to the lack of GPS signal indoor, the localization of UAVs is a big challenge to achieve fully autonomous inspection. Moreover, the narrow and complex indoor environment makes it difficult to guarantee flight safety."" [p.1]","""Traditional indoor facility inspections on pipelines and boilers are conducted manually and can be logistically challenging, labor- intensive, costly, and dangerous for the inspectors. With the maturity of unmanned technology, the unmanned aerial vehicle (UAV) is becoming a promising alternative..."" [p.1]",INDOOR,indoor lab (8.4m x 6.0m x 6.0m),"two UAVs (one protected for exploration, one small/light for exploitation)","3D lidar (Velodyne 16), stereo camera (Intel RealSense D435i), 4K optical camera (DJI ACTION2)",NOT_REPORTED,NOT_REPORTED,REAL,NOT_REPORTED,"positioning accuracy, reconstruction error","| metric | value + unit | baseline value | page |
| positioning accuracy | centimeter-level | NOT_REPORTED | p.1 |
| reconstruction error | within 3 cm | NOT_REPORTED | p.1 |
""The quantitative analysis shows that the positioning accuracy is centimeter- level and the reconstruction error is within 3 cm."" [p.1]","Mellinger, Richter for trajectory generation",NOT_REPORTED,"""compared to UGV, UAV cannot carry many devices and the duration of UAV is much shorter. In addition, with the consideration of safety and the dynamic constraints of UAVs, they cannot fly very fast in the environment."" [p.12]","""In the future, we will extend our system to a multi- agent collaborative system to save inspection time."" [p.12]",CORE,SYSTEM,NOT_REPORTED,NOT_REPORTED,No forbidden numbers. Paper is well-structured.,"1, 2, 3, 4, 5, 6, 7, 8, 9, 10, 11, 12, 13, 14"
REC_1512,Hierarchical Multi-Agent Navigation Through the 72-h Thermal Drift Cliff,NOT_REPORTED,2026,NOT_REPORTED,10.3390/drones10080561,"""Long- endurance unmanned aerial vehicle (UAV) missions beyond 72 consecutive flight hours face a reliability boundary at which thermal gyroscope drift drives the inertial navigation system (INS) position error into rapid nonlinear divergence at a predictable threshold \(t_{c}\) ."" [p.1]","""Long- duration unmanned aerial vehicles (UAVs)—defined here as platforms capable of multi- day sorties exceeding 48 consecutive flight hours—have become essential to autonomous environmental monitoring, persistent area surveillance, and high- altitude communication relay"" [p.2]",MIXED,"simulated urban, 2000x2000m with buildings",23.8kg hexarotor,"tactical-grade MEMS sensors, IMU",NOT_REPORTED,NOT_REPORTED,SIM,NOT_REPORTED,"bifurcation threshold, link availability under barrage jamming, RF map error reduction, localization budget","| metric | value + unit | baseline value | page |
| bifurcation threshold | 72.9 ± 2.4 h | NOT_REPORTED | p.1 |
| link availability under barrage jamming | 81.7% | 12.4% | p.1 |
| RF map error reduction | 48.6% | NOT_REPORTED | p.1 |
| localization budget | holds within 2 m | NOT_REPORTED | p.1 |

""the simulation- validated bifurcation at \(t_{c} = 72.9\pm 2.4\mathrm{h}\)"" [p.1]
""link availability from \(12.4\%\) to \(81.7\%\) under barrage jamming"" [p.1]
""cuts RF map error by \(48.6\%\)"" [p.1]","Swarm-SLAM, Kimera-Multi, D2SLAM","They have sensitivity analyses: ""Figure 3. Bifurcation parameter sensitivity"" [p.11], ""Figure 5. Collaborative SLAM sensitivity analyses"" [p.16], etc.","""Several limitations bound the scope of the present results... First, every result reported in this paper is obtained in simulation. No hardware- in- the- loop or field data are presented..."" [p.30]","""Translating it into an operational guarantee will require the hardware- in- the- loop and long- endurance field testing set out in Section 5.8..."" [p.31]",CORE,METHOD,NOT_REPORTED,NOT_REPORTED,"Extensive paper. The header says ""Drones 2026, 10, 69"" but the DOI is 10.3390/drones10080561. Page 15 has an OCR repetition artifact.","1, 2, 3, 4, 5, 6, 7, 8, 9, 10, 11, 12, 13, 14, 15, 16, 17, 18, 19, 20, 21, 22, 23, 24, 25, 26, 27, 28, 29, 30, 31, 32, 33, 34, 35, 36"
REC_1541,Visual–Thermal Landmarks and Inertial Fusion for Navigation in Degraded Visual Environments,NOT_REPORTED,2019,NOT_REPORTED,10.1109/AERO.2019.8741787,"""These applications require robots to navigate through a variety of environments, while often encountering GPS- denied and visually degraded conditions making reliable pose estimation for the robot a major challenge."" [p.1]","""During the past decade, aerial robots have seen an unprecedented expansion in their utility as they take on more tasks which had typically been reserved for humans. With an ever widening domain of aerial robotic applications, including many mission critical tasks such as disaster response operations, search and rescue missions and infrastructure inspections taking place in GPS- denied environments, the need for reliable autonomous operation of aerial robots has become crucial."" [p.1]",MIXED,"indoor machine shop with fog, subterranean mine with dust",DJI Matrice 100 quadrotor,"FLIR Tau 2 thermal camera, Pointgrey Chameleon 3 visible light CCD cameras, VectorNav VN-100 IMU",NOT_REPORTED,NOT_REPORTED,REAL,NOT_REPORTED,final position error,"| metric | value + unit | baseline value | page |
| final position error | 0.4857 m | NOT_REPORTED | p.6 |
""A final position error of \(0.4857\mathrm{m}\) was estimated for the robot navigation along the direction of the mine shaft."" [p.6]",without mask,"ANOVA test on feature selection, p-value < 0.007185 (indoor), p-value < 0.00001 (mine). [p.5, p.6]",NOT_REPORTED,NOT_REPORTED,CORE,METHOD,NOT_REPORTED,NOT_REPORTED,"No forbidden numbers. Some OCR issues like ""sate"" for state on p.5.","1, 2, 3, 4, 5, 6, 7, 8, 9"
REC_1557,Model-Based Cooperative Navigation for a Group of Flying Robots,NOT_REPORTED,2022,NOT_REPORTED,10.1109/TAES.2021.3136247,"""The growth of position errors in a GNSS- denied condition is such that the navigation methods are not reliable."" [p.1]","""A group of flying robots (FRs) is more robust than a single one, in which more complex missions can be performed [1]."" [p.1]",MIXED,simulation in MATLAB,group of quadrotors,"IMU, UWB (for relative range and bearing)",NOT_REPORTED,NOT_REPORTED,SIM,NOT_REPORTED,"RMSE2D, RMSEH","| metric | value + unit | baseline value | page |
| RMSE2D | 0.2170 m | 9.802 m (DFB-C-EKF) | p.10 |
| RMSEH | 1.3880 m | 5.2949 m (MB-EKF) | p.10 |
""RMSE of MBC- EKF is reduced \(97\%\) in the 2- D (horizontal) position and \(40\%\) in the vertical one, relative to the DFB- C- EKF... while it is \(42\%\) in the horizontal plane and \(73\%\) on the vertical one, relative to MB- EKF."" [p.10]","MBC-EKF, MB-EKF, DFB-C-EKF",NOT_REPORTED,"""although there is no external source of absolute position data, the position errors and their covariance increase over time at a much slower rate relative to the CN."" [p.10]","""1) sensitivity analysis of the proposed method... 2) using of experimental and test data to validate the proposed method; 3) development of a model- based CN for a nonhomogeneous group; 4) development and implementation of a model- based SLAM."" [p.10]",CORE,METHOD,NOT_REPORTED,NOT_REPORTED,No forbidden numbers.,"1, 2, 3, 4, 5, 6, 7, 8, 9, 10, 11"
REC_1561,Characterization of mountain drainage patterns for GPS-denied UAS navigation augmentation 123,NOT_REPORTED,2016,NOT_REPORTED,10.1007/s00138-015-0723-9,"""When GPS is unavailable, position, velocity and altitude (PVA) performance from other inertial and air data sensors is not sufficient, especially for small UASs."" [p.1]","""The use of UASs have been attracting much attention among geometrics and geospatial professionals recently. The applications of such UASs are diverse..."" [p.1]",FOREST,"mountain areas (Twin Peaks, Utah; Red Mountain, Oregon; White Mountain Peak, California)",small UAS (ScanEagle),down-looking fixed focus monocular imager,NOT_REPORTED,NOT_REPORTED,REAL (terrain data and actual imagery),GRRR data from USGS,"false positive rate, false negative rate, runtime","| metric | value + unit | baseline value | page |
| false positive rate | 0.0124 | NOT_REPORTED | p.13 |
| false negative rate | 0 | NOT_REPORTED | p.13 |
| runtime | 0.056 s | NOT_REPORTED | p.13 |
""the terrain matching pipeline in 0.056 s has the capability to enable real- time navigation of UAS systems."" [p.13]",NO_BASELINE,"""we test the robustness of matching threshold ""40"" over three different terrain areas"" [p.13]",NOT_REPORTED,"""speed performance of our terrain matching pipeline can be further improved by optimizing parallel data structure, which is part of our on- going work."" [p.13]",CORE,METHOD,NOT_REPORTED,NOT_REPORTED,"OCR artifact on page 2: a huge block of ""1 1 1 1..."" which is unreadable. Also page 11 has a block of ""Correspondences ..."". I will note these in Notes.","1, 3, 4, 5, 6, 7, 8, 9, 10, 11, 12, 13, 14, 15"
REC_1564,Ultra-wideband based cooperative relative localization algorithm and experiments for multiple unmanned aerial vehicles in GPS denied environments,NOT_REPORTED,2017,NOT_REPORTED,10.1177/1756829317695564,"""Inter-unmanned aerial vehicle (UAV) relative localization (RL) is the pre-requisite for UAV teaming and swarming in the case when absolute localization information such as information from global positioning system (GPS) is unavailable or inaccurate, which happens in indoor, urban, and forest environments."" [p.1]","""Therefore, RL is critically important in multi-UAV systems and there are pressing needs to study the inter-UAV RL problem."" [p.1]",MIXED,Sports field and near woods environment,Quadcopters,"UWB, IMU, GPS module",UWB | COOPERATIVE,UWB-based cooperative relative localization,BOTH,NOT_REPORTED,"Launching point mean, Launching point mean, Landing point mean, Landing point mean, Simulation estimation error bound (noise-free), Simulation mean error (noise-corrupted)","| metric | value + unit | baseline value | page |
|--------|--------------|----------------|------|
| Launching point mean |x| error | 0.440 m | NOT_REPORTED | 13 |
| Launching point mean |y| error | 0.830 m | NOT_REPORTED | 13 |
| Landing point mean |x| error | 0.986 m | NOT_REPORTED | 13 |
| Landing point mean |y| error | 0.943 m | NOT_REPORTED | 13 |
| Simulation estimation error bound (noise-free) | within 0.6 m | NOT_REPORTED | 10 |
| Simulation mean error (noise-corrupted) | within 1 m per direction | Batista et al.: 2–5 m; Indiveri et al.: dozens of meters | 10 |

""the performance of Algorithm 2 is satisfactory if we consider the distance of 50 m and accuracy of 0.6 m in the worst case, with only a movement of 12 m."" [p.10]","Batista et al., Indiveri et al.","""Comparison with other methods. Here we compare the performance of our approach with that of Batista et al. and Indiveri et al. under the same setting"" [p.10]","""there still exists a possibility of RL estimate drift or even pointlessness over a long-time test, i.e. estimates getting worse and worse, or EKF divergence due to various unreasonable measurements or long-term data dropout."" [p.11]","""In the future, we shall extend the current result to 3D case under more general constraint, and an UWB based formation flight will be explored and tested."" [p.17]",CORE,METHOD | SYSTEM,NOT_REPORTED,"""The author(s) received no financial support for the research, authorship, and/or publication of this article."" [p.17]",- No forbidden numbers encountered.,"1, 2, 3, 4, 5, 6, 7, 8, 9, 10, 11, 12, 13, 14, 15, 16, 17, 18"
REC_1573,Visual-based localization methods for unmanned aerial vehicles in landing operation on maritime vessel,NOT_REPORTED,2024,NOT_REPORTED,10.21014/actaimeko.v13i4.1575,"""However, accurate localization of these UAVs in maritime environments especially during landing operation on maritime vessels remains a challenge, particularly in GNSS denied areas."" [p.1]","""This paper proposes two visual-based localization methods for UAVs during two different phases of landing operating on maritime vessels."" [p.1]",MIXED,Simulated maritime environment in Unreal Engine,DJI Matrice M300,"Stereo camera, downward camera",VISION_OBJECT | HYBRID,NOT_REPORTED (two visual-based localization methods),SIM,Custom synthetic dataset,"Approaching phase position error, Stereo 720p ORB-SLAM3 ATE RMSE, Stereo 376p ORB-SLAM3 ATE RMSE, Mono 720p ORB-SLAM3 ATE RMSE, Mono 376p ORB-SLAM3 ATE RMSE, Tracking time stereo 720p, Tracking time mono 376p","| metric | value + unit | baseline value | page |
|--------|--------------|----------------|------|
| Approaching phase position error | <10 cm | NOT_REPORTED | 1 |
| Stereo 720p ORB-SLAM3 ATE RMSE | 8.55 cm | NOT_REPORTED | 10 |
| Stereo 376p ORB-SLAM3 ATE RMSE | 20.61 cm | NOT_REPORTED | 10 |
| Mono 720p ORB-SLAM3 ATE RMSE | 13.38 cm | NOT_REPORTED | 10 |
| Mono 376p ORB-SLAM3 ATE RMSE | 34.28 cm | NOT_REPORTED | 10 |
| Tracking time stereo 720p | 163 ms | NOT_REPORTED | 10 |
| Tracking time mono 376p | 54 ms | NOT_REPORTED | 10 |

""our proposed method can detect and track the target UAV from up to 100 m with 4K stereo camera and can estimate the position of the UAV with less than 10 cm error during the critical landing phase."" [p.11]","ORB-SLAM3, OV2SLAM, VINS-Fusion, etc.","""Improvement: Merging map feature with monocular camera"" [p.11]","""Due to the nature of visual system, our methods depend on lighting conditions and visibility of the subject UAV or landing area, therefore, can't be used in all conditions."" [p.12]",NOT_REPORTED,CORE,METHOD | SYSTEM,Belgium (Royal Military Academy),"""The work presented in this paper was funded by the Royal Higher Institute for Defence of Belgium (project codes: DAP18/04 and MSP20/03)."" [p.1]",- No forbidden numbers encountered.,"1, 2, 3, 4, 5, 6, 7, 8, 9, 10, 11, 12, 13"
REC_1576,Autonomous dynamic docking of UAV based on UWB-vision in GPS-denied environment,NOT_REPORTED,2022,NOT_REPORTED,10.1016/j.jfranklin.2022.03.005,"""Note that accurate odometry is generally difficult to obtain, especially for UAVs with low grade IMU. Therefore, this paper focuses on UAV docking on MP without the vehicle odometer in GPS-denied environments."" [p.2]","""This paper studies the autonomous docking between an Unmanned Aerial Vehicle (UAV) and a Mobile Platform (MP) based on UWB and vision sensors."" [p.1]",MIXED,Underground car park,Hexacopter,"UWB (DWM1000), Intel RealSense T265, IMU (Pixhawk 4)",HYBRID,UWB-vision integrated estimation and control,BOTH,NOT_REPORTED,"UWB accuracy, Velocity estimate error, Landing error","| metric | value + unit | baseline value | page |
|--------|--------------|----------------|------|
| UWB accuracy | <10 cm error within 100 m range | NOT_REPORTED | 16 |
| Velocity estimate error | within 0.5 m from true value | NOT_REPORTED | 11 |
| Landing error | <1 m | NOT_REPORTED | 17 |

""the UAV gradually approaches the MP using the control law proposed in this paper until the MP appears within the range of the UAV vision sensor and the range between the UAV and MP is within a preset value"" [p.13]",NO_BASELINE,NOT_REPORTED,"""MP with non-zero acceleration is an interesting topic for future research."" [p.4]","""MP with non-zero acceleration is an interesting topic for future research."" [p.4]",CORE,METHOD | SYSTEM,China (Tongji University); Singapore (Nanyang Technological University),NOT_REPORTED,- No forbidden numbers encountered.,"1, 2, 3, 4, 5, 6, 7, 8, 9, 10, 11, 12, 13, 14, 15, 16, 17, 18, 19, 20, 21, 22"
REC_1587,sensors,NOT_REPORTED,2022,NOT_REPORTED,10.3390/s22249654,"""However, VIO has problems of scale errors and long-term drift."" [p.1]","""This study proposes a method to correct the position errors of VIO without the help of GPS information for vertical takeoff and landing (VTOL) UAVs."" [p.1]",INDOOR | MIXED,Ground test and flight test,VTOL UAV,"VI-sensor (MYNT EYE D-120), IMU",HYBRID,Landmark-aided VIO with scale correction,REAL,NOT_REPORTED,"Ground test RMSE (proposed), Flight Case 1 target location (proposed), Flight Case 1 RMSE (proposed), Flight Case 2 target location (proposed), Flight Case 2 RMSE (proposed)","| metric | value + unit | baseline value | page |
|--------|--------------|----------------|------|
| Ground test RMSE (proposed) | 0.3432 m | ROVIO: 3.7469 m; ROVIO+GPS: 1.9756 m; ROVIO+Landmark: 2.1976 m | 11 |
| Flight Case 1 target location (proposed) | 1.116 m | ROVIO: 1.6687 m; ROVIO+GPS: 1.4254 m; ROVIO+Landmark: 1.4596 m | 13 |
| Flight Case 1 RMSE (proposed) | 1.7431 m | ROVIO: 3.2097 m; ROVIO+GPS: 2.2386 m; ROVIO+Landmark: 1.8626 m | 13 |
| Flight Case 2 target location (proposed) | 2.4478 m | ROVIO: 7.1529 m; ROVIO+GPS: 6.1271 m; ROVIO+Landmark: 5.9645 m | 13 |
| Flight Case 2 RMSE (proposed) | 5.1649 m | ROVIO: 8.4588 m; ROVIO+GPS: 6.0043 m; ROVIO+Landmark: 5.7631 m | 13 |

""The results show that the final estimated location of the proposed algorithm, ROVIO with landmark assistant to estimate the scale correction, is the closest to the ground truth among all the tested algorithms."" [p.11]","ROVIO, VINS-Mono","""To examine how efficient the algorithm can solve the long-term drift problem, the final estimated location of the original ROVIO, ROVIO with the GPS-based scale estimation, ROVIO with the landmark-based scale estimation, and the proposed algorithm are compared with the ground truth."" [p.11]","""In the scale correction estimation process, the VI-sensor needs to be moved fully on three axes to successfully estimate the scale correction."" [p.14]","""1. Add more experiment designs to complete full movements in three axes. 2. Add external force estimation in the algorithm. 3. Use a GPS timestamp to synchronize the time of the camera and IMU. 4. Add external pose information in the measurement update process."" [p.14]",CORE,METHOD,Taiwan (National Cheng Kung University),"""This research was funded by the National Science Council (NSTC) under grant number MOST 111-2221-E-006-110- and MOST 111-2622-E-006-012-."" [p.14]",- Title and authors are not reported in the provided text. This is an anomaly.,"1, 2, 3, 4, 5, 6, 7, 8, 9, 10, 11, 12, 13, 14, 15, 16"
REC_1608,Long-Term Aerial Robot Localization based on Visual Odometry and Radio-based Ranging,NOT_REPORTED,2016,NOT_REPORTED,10.1109/ICUAS.2016.7502653,"""Visual odometry approaches have demonstrated to work very well for localization in GPS-denied areas, however they could quickly diverge depending on the environment."" [p.1]","""In order to achieve reliable long-term localization, it is a good practice to complement vision-based estimations with an additional source of information able to correct odometry drifts."" [p.1]",INDOOR,Indoor testbed at CATEC,Aerial robot (AscTec?),"VI-sensor, IMU, Nanotron range sensors",HYBRID,NOT_REPORTED (visual odometry + radio ranging),REAL,NOT_REPORTED,"3D localization error, X RMS error, Y RMS error, Z RMS error, Computational time","| metric | value + unit | baseline value | page |
|--------|--------------|----------------|------|
| 3D localization error | 0.4 m RMS | Visual odometry: grows with time | 5 |
| X RMS error | 0.4 m | NOT_REPORTED | 5 |
| Y RMS error | 0.25 m | NOT_REPORTED | 5 |
| Z RMS error | 0.25 m | NOT_REPORTED | 5 |
| Computational time | 22 ms per stereo pair | NOT_REPORTED | 6 |

""the average error of the proposed approach is about 0.4 meters, while the odometry error grows with time"" [p.5]",Visual odometry alone,NOT_REPORTED,"""Although the presented approach is able to estimate the robot localization with small errors, it can be improved with other localization inputs as visual place recognition."" [p.6]","""Visual appearance can be added on top of the current processing pipeline in order to recognize revisited locations."" [p.6]",CORE,METHOD | SYSTEM,"Spain (University of Seville, CATEC)","""This work has been partially supported by the EuRoC project funded by the EU FP7 under grant agreement CPIP 608849; and the AEROMAIN (DPI2014-59383-C2-1-R) Spanish national project."" [p.6]",- No forbidden numbers encountered.,"1, 2, 3, 4, 5, 6, 7"
REC_1612,Visual GPS-denied Multi-Agent Localization & Terrain Classiﬁcation,NOT_REPORTED,2018,NOT_REPORTED,10.1109/AERO.2018.8396392,"""As GPS becomes increasingly unreliable for future applications, localizing without it becomes more and more crucial, with computer vision seen as a key way forward."" [p.1]","""This work uses recent advances in machine learning (ML) to add significant capabilities to current autonomous vehicle visualization, enabling a host of new possibilities in applications ranging from indoor localization to space exploration."" [p.1]",MIXED,"Satellite image of 10.28 x 10.28 km flight test area in Eloy, AZ",UAV (parafoil system discussed as application),Camera (downward-looking),VISION_OBJECT | COOPERATIVE,Minimalist visual navigation and multi-agent communication using semantic ML classification,SIM,Places-CNN descriptor,Fraction of accurately estimated locations,"| metric | value + unit | baseline value | page |
|--------|--------------|----------------|------|
| Fraction of accurately estimated locations | ~30% (1 agent, p=0.8) | ~10% (1 agent, p=0.6) | 5 |

""With 4 agents, sensing accuracy (p) of only 0.6 is more accurate than perfect set estimation (p = 1) with a single agent."" [p.4]",Single agent,"""Higher sensor fidelity increases accuracy across the board. Increasing agents significantly improves estimation accuracy."" [p.4]","""The primary limiting factor in performance is the underlying machine learning techniques used to classify imagery from different cameras/viewpoints consistently."" [p.7]","""Future work could explore those approaches to improve upon the performance demonstrated here."" [p.7]",CORE,METHOD,"USA (Draper, Boston University)","""Draper, Office of Naval Research (Grant Number N00014-17-1-2075)."" [p.10]",- Paper is an author's version. No forbidden numbers encountered.,"1, 2, 3, 4, 5, 6, 7, 8, 9, 10, 11, 12"
REC_1619,Robust Autonomous Flight in Constrained and Visually Degraded Shipboard Environments,NOT_REPORTED,2017,NOT_REPORTED,10.1002/rob.21670,"""This paper addresses the problem of autonomous navigation of a micro aerial vehicle (MAV) for inspection and damage assessment inside a constrained shipboard environment, which might be perilous or inaccessible for humans, especially in emergency scenarios."" [p.1]","""The idea is that the drone will be released into a ship's potentially dark, smoke- filled hallways in the event of an emergency and will proceed to fly autonomously through the vessel, looking for fires, measuring heat, and locating any personnel who may be found along the way."" [p.1]",INDOOR,"Shipboard environment, 20-m-long, 1-m-wide corridor, 66-cm-wide doorway",Custom quadrotor (58cm x 58cm x 32cm),"Forward-looking RGB-D camera (Asus Xtion), downward-looking optical flow camera (PX4Flow), point laser, sonar, thermal camera (FLIR-tau), IMU (MicroStrain)",HYBRID,Multisensor fusion framework for state estimation and online motion planning,REAL,NOT_REPORTED,"success rate (normal), success rate (dark), success rate (smoky), Localization mean error","| metric | value + unit | baseline value | page |
|--------|--------------|----------------|------|
| success rate (normal) | 100% | NOT_REPORTED | 23 |
| success rate (dark) | 71.4% | NOT_REPORTED | 23 |
| success rate (smoky) | 55.5% | NOT_REPORTED | 23 |
| Localization mean error | 0.161 m | NOT_REPORTED | 19 |

""Table IX. Success rate of experiments. EnvironmentTotal runSucceedRateNormal44100%Dark7571.4%Smoky9555.5%"" [p.23]",NO_BASELINE,NOT_REPORTED,"""our system is still not an optimal design due to some existing constraints. First, our vehicle is still a little large for some narrow hatches... Second, for the sensor systems, we have not incorporated the thermal camera information... Third, the controller needs to take into account the aerodynamic disturbance force... Lastly, our visual odometry is fused with an IMU via a loosely coupled strategy."" [p.23-24]","""Future challenges will be to increase to robustness and safety of the vehicle while increasing flight time... we intend to move from a quadrotor design to a single/coaxial ducted rotor design... We plan on adding sensors that extend the range of environments that our robot can successfully navigate and inspect. On the software side, one important goal is to decrease the dependency on a prior map for state estimation..."" [p.25]",CORE,SYSTEM,"USA (CMU), China (Northeastern University)","""Office of Naval Research (GS100000006), China Scholarship Council, Natural Science Foundation of China (No. 61573091)."" [p.25]","- OCR errors: ""Received 90 November 2015; accepted 98 June 2016"" (should be 30 and 08). No forbidden numbers encountered.","1, 2, 3, 4, 5, 6, 7, 8, 9, 10, 11, 12, 13, 14, 15, 16, 17, 18, 19, 20, 21, 22, 23, 24, 25, 26, 27, 28"
REC_1637,arXiv:2007.00737v1 [cs.CV] 1 Jul 2020,NOT_REPORTED,2022,NOT_REPORTED,10.1177/ToBeAssigned,"""Major obstacles inhibiting the ability to analyze and compare visual navigation algorithms include conducting flight tests and gathering accurate truth data."" [p.1]","""This is critical for military operations which may involve environments where GPS signals are degraded or denied."" [p.1]",MIXED,"Camp Atterbury, Indiana (simulated and real)",Fixed-wing SUAS (simulated and real 1/3-scale Carbon Cub),Monocular camera (virtual and real Prosilica GT1290),OTHER,Virtual testbed for evaluating VO algorithms,BOTH,NOT_REPORTED,ORB-SLAM2 position RMSE,"| metric | value + unit | baseline value | page |
|--------|--------------|----------------|------|
| ORB-SLAM2 position RMSE | 7.349 m | 126.387 m (DSO) | 10 |

""Table 4 shows ORB-SLAM2 (ORB) has lowest position RMSE in most cases."" [p.10]","DSO, SVO, ORB-SLAM2","""ORB- SLAM2 was found to be the most flexible and robust algorithm in both simulation and real- world flights."" [p.12]","""gathering synchronized, accurate truth data at high frequencies is a difficult task in general and this is compounded for small flying vehicles, especially in outdoor environments."" [p.1]","""further work must be accomplished to draw better correlations and conclusions between the state estimates obtained from flight tests in the virtual environment and the real world"" [p.12]",IMPORTANT,SYSTEM,USA (Air Force Institute of Technology),NOT_REPORTED,"- OCR errors: ""Received 90 November 2015; accepted 98 June 2016"" (likely 30 and 08). No forbidden numbers encountered.","1, 2, 3, 4, 5, 6, 7, 8, 9, 10, 11, 12, 13, 14"
REC_1640,Turkish Journal of Electrical Engineering and Computer Turkish Journal of Electrical Engineering and Computer Sciences Sciences Automatic landing of a low-cost quadrotor using monocular vision Automatic landing of a low-cost quadrotor using monocular vision and Kalman filter in GPS-denied environments and Kalman filter in GPS-denied environments,NOT_REPORTED,2019,NOT_REPORTED,10.3906/elk-1809-204,"""Although automatic landing of a quadrotor can be done using GPS feedback, the landing in GPS-denied areas is still an open research subject."" [p.2]","""Therefore, the necessity for developing fully automatic methods for safe, accurate, and independent landing of drones increases over time. This paper investigates the autolanding process by focusing on an accurate and continuous position estimation of the drone using a monocular vision system and the fusion with the inertial measurement unit and ultrasonic sensors' data."" [p.2]",INDOOR,Indoor test area with 13x13 cm ARUCO marker,Quadrotor,"Downward camera, IMU, ultrasonic, barometer",VISION_OBJECT | HYBRID,Movement slicing method with Kalman filter and PID control,REAL,NOT_REPORTED,"Successful landings, Average landing time, Average landing distance from marker center, Best landing distance from marker center, Position estimation RMSE, Processing frequency","| metric | value + unit | baseline value | page |
|--------|--------------|----------------|------|
| Successful landings | 17 times (85%) | NOT_REPORTED | 16 |
| Average landing time | 14.3 s | Carreira: 60 s; Ling: 17 s | 16, 17 |
| Average landing distance from marker center | 2.9 cm | NOT_REPORTED | 16 |
| Best landing distance from marker center | 2.3 cm | NOT_REPORTED | 16 |
| Position estimation RMSE | 2.5 cm | Patruno et al.: 1.37 cm | 16 |
| Processing frequency | 24 Hz | Patruno et al.: 20 fps | 16 |

""Furthermore, our proposed algorithm with the frame rate of 24 fps and the root mean square error (RMSE) of 2.5cm in position estimation has a more acceptable performance compared to 20fps frame rate and 1.37cm RMSE reported in [39]."" [p.16]","Carreira, Sharp et al., Ling, Lange et al.","""However, as Figure 12 shows the drone oscillates around the marker due to the drone's delay in executing the commands... However, as it is shown in Figure 13 when the movement slicing method is employed to solve the problem, the drone stops as soon as the marker is seen and performs the rest of the mission with the machine vision part."" [p.14]","""According to the experimental studies, controlling the quadrotor gets very difficult when it is closer than 20 cm to the ground. This behavior, which is caused by wind effect of the propellers, is called 'near ground effect'."" [p.12]","""In addition, the proposed algorithm can be implemented on a drone equipped with a powerful on-board computer in order to carry out all the computations on board, thereby improving the accuracy and the efficiency of the system."" [p.18]",CORE,METHOD | SYSTEM,Iran (University of Tabriz),NOT_REPORTED,"- Ground station computation via Wi-Fi link introduces closed-loop latencies addressed by the proposed movement slicing approach.
- Motors turned off when height <15 cm to avoid ground effect turbulence.","2, 12, 13, 14, 16, 17, 18"
REC_1642,"This may be the author’s version of a work that was submitted/accepted for publication in the following source: Vanegas Alvarez, Fernando , Campbell, Duncan , Eich, Markus , & Gonza- lez, Felipe (2016) UAV based target ﬁnding and tracking in GPS-denied and cluttered envi- ronments. In Kwon, D S (Ed.) Proceedings of the 2016 IEEE/RSJ International Con- ference on Intelligent Robots and Systems. Institute of Electrical and Electronics Engineers Inc., United States of America, pp. 2307-2313. This ﬁle was downloaded from: https://eprints.qut.edu.au/102911/ © Consult author(s) regarding copyright matters Notice : Please note that this document may not be the Version of Record (i.e. published version) of the work. Author manuscript versions (as Sub- mitted for peer review or as Accepted for publication after peer review) can be identiﬁed by an absence of publisher branding and/or typeset appear- ance. If there is any doubt, please refer to the published source. https://doi.org/10.1109/IROS.2016.7759360",NOT_REPORTED,2016,NOT_REPORTED,10.1109/IROS.2016.7759360,"""There are certain scenarios in which there is no GPS or there are structures and/or objects in the airspace that must be avoided and the UAV has to rely in its on- board sensors to localise itself."" [p.1]","""This type of scenarios present a challenge due to the uncertainties that are inherent to the perception and motion systems used by the UAV. An additional challenge is presented when a target must be found and followed due to the uncertainty in the target's motion."" [p.1]",INDOOR,Indoor flying space with obstacles,Parrot AR Drone quadrotor,"Downward-looking camera, front camera, IMU, ultrasonic, barometric sensor",VISION_OBJECT | COOPERATIVE,POMDP-based target finding and tracking,BOTH,NOT_REPORTED,"success rate (small loop), success rate (big loop), success rate (target escaping)","| metric | value + unit | baseline value | page |
|--------|--------------|----------------|------|
| success rate (small loop) | 90% | NOT_REPORTED | 7 |
| success rate (big loop) | 85% | NOT_REPORTED | 7 |
| success rate (target escaping) | 55% | NOT_REPORTED | 7 |

""Table IV Real flight results for Target finding problem"" [p.7]",NO_BASELINE,NOT_REPORTED,"""when the target's motion model is mostly deterministic... The system is capable of following a target when it is pursued by an UAV in some cases, even if the target is lost the UAV can search and reacquire the targets position in some cases."" [p.8]","""Current ongoing work focuses on outdoor testing and on exploration of the response of the system in an environment with windy conditions and on the exploration of different reward functions."" [p.8]",CORE,SYSTEM,Australia (QUT),NOT_REPORTED,- Author's version. No forbidden numbers encountered.,"1, 2, 3, 4, 5, 6, 7, 8"
REC_1653,A Novel Scene Matching Algorithm via Deep Learning for Vision-based DAV Absolute Localization,NOT_REPORTED,2022,NOT_REPORTED,10.1109/MLCCIM55934.2022.00043,"""However, they are facing more and more intensive jamming and spoofing attacks."" [p.1]","""In this paper, a new framework of visual localization under a GNSS-denied environment is proposed."" [p.1]",MIXED,"Northern area of Shenyang, China",DJI Phantom 3 drone,Camera (downward-looking),VISION_OBJECT,2-channel CNN-based visual localization,REAL,"Google Maps tiles (50 tiles, 5 rows × 10 columns)","Localization error (DJI 0164), Localization error (DJI 0176), Accuracy (proposed), Matching time (proposed)","| metric | value + unit | baseline value | page |
|--------|--------------|----------------|------|
| Localization error (DJI 0164) | (-0.0002°, -0.0032°) | NOT_REPORTED | 7 |
| Localization error (DJI 0176) | (0.0046°, -0.0101°) | NOT_REPORTED | 7 |
| Accuracy (proposed) | 100% | SURF: 50%; 2-channel: 50% | 8 |
| Matching time (proposed) | 0.023 s | SURF: 0.245 s; 2-channel: 0.029 s | 8 |

""it can be seen that the proposed method obtained the highest accuracy with the least matching time."" [p.8]","SURF-based image matching, 2-channel network without preprocessing","""we also investigate the efficacy of the preprocessing method proposed in this paper. We remove granularity segmentation and observe the accuracy of the same testing images. The accuracy drops from 100% to 50%."" [p.8]","""More efforts will be devoted to the promotion of the UAV localization method in four seasons (especially in winter) and night."" [p.8]","""More efforts will be devoted to the promotion of the UAV localization method in four seasons (especially in winter) and night."" [p.8]",CORE,METHOD | SYSTEM,China (Shenyang Aerospace University),NOT_REPORTED,- No forbidden numbers encountered.,"1, 2, 3, 4, 5, 6, 7, 8"
REC_1660,sensors,NOT_REPORTED,2023,NOT_REPORTED,10.3390/s23094366,"""Especially in GNSS-denied environments, relying solely on the onboard Inertial Measurement Unit (IMU) of the Micro Aerial Vehicles (MAVs) for positioning is not practical."" [p.1]","""In this paper, we propose a novel cooperative relative positioning method for MAVs in GNSS-denied scenarios."" [p.1]",MIXED,Simulated trajectories,Two MAVs,"IMU, ranging sensor (UWB referenced)",HYBRID,Ranging and IMU-based relative positioning,SIM,NOT_REPORTED,"Positioning accuracy (proposed), Improvement factor, Mean error x (Trajectory 1), Mean error y (Trajectory 1)","| metric | value + unit | baseline value | page |
|--------|--------------|----------------|------|
| Positioning accuracy (proposed) | ~0.55 m | Existing method: ~2.14 m | 17 |
| Improvement factor | 3.89× | NOT_REPORTED | 17 |
| Mean error x (Trajectory 1) | ~1.22 m | Trajectory 2: 6.23 m | 13 |
| Mean error y (Trajectory 1) | ~0.57 m | Trajectory 2: 3.86 m | 13 |

""The proposed method achieves a positioning accuracy of approximately 0.55 m, which is about 3.89 times higher than that of an existing positioning method."" [p.1]",Existing method [32],"""we investigate the impact of different ranging errors on the positioning accuracy and stability"" [p.15]","""there is still a certain gap between simulation and reality, mainly in the following aspects: 1. The presence of obstacles, wind conditions, and other environmental factors may affect the performance of MAVs in practical applications."" [p.18]","""actual verification will direct our research in the future."" [p.18]",CORE,METHOD | THEORY,China (Xidian University),"""National Natural Science Foundation of China (Grant No. 61971320, 62001361) and in part by the Key Industrial Innovation Chain Project in Industrial Domain (Grant No. 2023-ZDLGY-50)."" [p.18]",- No forbidden numbers encountered.,"1, 2, 3, 4, 5, 6, 7, 8, 9, 10, 11, 12, 13, 14, 15, 16, 17, 18, 19, 20, 21, 22, 23"
REC_1678,Position and Orientation from Asynchronous Lidar in GNSS Denied Environments,NOT_REPORTED,2026,NOT_REPORTED,10.5194/isprs-annals-XI-1-2026-151-2026,"""GNSS systems prone to spoofing and jamming (Dovis, 2015), posing serious risks to position, navigation, timing (PNT) applications dependent on their accuracy and integrity."" [p.1]","""This study investigates the use of a distributed asynchronous lidar system for augmented position and orientation determination in Global Navigation Satellite Systems (GNSS) denied environments."" [p.1]",MIXED,Simulated flight trajectories and laboratory demonstration,"Multiple drones (one transmitter, multiple receivers)","Asynchronous lidar (laser transmitter and detectors), GNSS/IMU for each platform",LIDAR | COOPERATIVE,Asynchronous lidar geolocation,SIM (validated with laboratory data),Laboratory demonstration data,"Single-epoch 3D residuals (no prior), Single-epoch 3D residuals (coarse orientation prior), Mobile geolocation residuals (straight), Mobile geolocation residuals (vertical)","| metric | value + unit | baseline value | page |
|--------|--------------|----------------|------|
| Single-epoch 3D residuals (no prior) | ~0.02–0.06 m | NOT_REPORTED | 4 |
| Single-epoch 3D residuals (coarse orientation prior) | ~0.002–0.005 m | NOT_REPORTED | 5 |
| Mobile geolocation residuals (straight) | ~0.01–0.02 m | NOT_REPORTED | 6 |
| Mobile geolocation residuals (vertical) | ~0.03–0.05 m | NOT_REPORTED | 6 |

""The results show that as long as the laser transmitter is operated above the GNSS denied environment, the system is able to simultaneously estimate position and orientation for multiple receiver drones, even for extended periods of GNSS outages."" [p.1]",NOT_REPORTED,"""Experiment 2 demonstrates the value of coarse initial estimates of orientation to seed the least squares solution."" [p.5]","""a practical implementation of such a system may use additional transmitters for operational robustness."" [p.6]","""Field deployments of an asynchronous lidar system mounted on several UAS platforms are undergoing testing and development. Moreover, multiple transmitter systems are being investigated... Finally, the operational demonstration of spoofing detection using asynchronous lidar geolocation is also under investigation."" [p.6]",CORE,METHOD | SYSTEM,USA (University of Houston),NOT_REPORTED,- No forbidden numbers encountered.,"1, 2, 3, 4, 5, 6, 7, 8"
