paper_number,title,authors,year,venue,source,doi,decision,confidence,reason,platform,environment,sensors_detected,method_hint,has_quantitative_result,needs_full_text,source_file
1,BIM-Assisted UAV Topological Localization and Navigation Method for GPS-Denied Indoor Environments,H. Pan; H. Ye; W. Zheng; L. Zhou,2026,2026 6th International Conference on Control and Intelligent Robotics (ICCIR),IEEE_Xplore,10.1109/ICCIR70228.2026.11633308,INCLUDE,High,Meets all SLR inclusion criteria for GPS-denied localization/navigation algorithm and platform validation.,['UAV'],['Indoor'],['Radio/UWB'],[],True,False,resp_00001.json
2,Comparison of Visual Inertial Odometry using FlightGoggles Simulator for UAV,E. M. Lee; I. Wee; T. Kim; D. H. Shim,2019,"2019 19th International Conference on Control, Automation and Systems (ICCAS)",IEEE_Xplore,10.23919/ICCAS47443.2019.8971738,INCLUDE,High,Meets all SLR inclusion criteria for GPS-denied localization/navigation algorithm and platform validation.,['UAV'],['Indoor'],"['Camera', 'IMU', 'Radio/UWB']",[],True,False,resp_00002.json
3,Autonomous Navigation in GPS-Denied Environments Using Visual SLAM,L. B. Jayswal; S. Khadka; A. K. Shah; B. Yonzan; B. Rimal; N. Bhattarai; D. Chieng; B. Nakarmi,2026,2026 International Conference on ICT and Photonics (ICTP),IEEE_Xplore,10.1109/ICTP67998.2026.11485150,INCLUDE,High,Meets all SLR inclusion criteria for GPS-denied localization/navigation algorithm and platform validation.,['UAV'],['Indoor'],"['Camera', 'IMU', 'LiDAR']",['SLAM'],True,False,resp_00003.json
4,UAV Navigation and Mission Execution in GPS-Denied Environment,J. -T. Zou; Y. -J. Cheng,2025,2025 IEEE International Conference on Consumer Electronics - Taiwan (ICCE-Taiwan),IEEE_Xplore,10.1109/ICCE-Taiwan66881.2025.11207940,INCLUDE,High,Meets all SLR inclusion criteria for GPS-denied localization/navigation algorithm and platform validation.,['UAV'],['Forest/Outdoor'],['Radio/UWB'],"['SLAM', 'Radio Ranging']",True,False,resp_00004.json
5,UAV Swarm Navigation in GNSS Denied Region with Formation Control,P. Jain; R. Qureshi; R. Nallanthighal,2023,2023 4th International Conference for Emerging Technology (INCET),IEEE_Xplore,10.1109/INCET57972.2023.10170669,INCLUDE,High,Meets all SLR inclusion criteria for GPS-denied localization/navigation algorithm and platform validation.,['UAV'],['Unspecified'],"['Camera', 'Radio/UWB']",['Radio Ranging'],True,False,resp_00005.json
6,A Multi-Sensor Fusion Framework for Unmanned Aerial Vehicle (UAV) Navigation and Inspection in GPS-Denied and Degraded Environments,V. V. Sai Viswa Kiran; A. S. Reddy; H. V. Sri Sai; H. Allaka; R. P. Kumar,2026,2026 IEEE Applied Sensing Conference (APSCON),IEEE_Xplore,10.1109/APSCON68325.2026.11497125,INCLUDE,High,Meets all SLR inclusion criteria for GPS-denied localization/navigation algorithm and platform validation.,['UAV'],"['Indoor', 'Forest/Outdoor', 'Adversarial']","['Camera', 'IMU', 'LiDAR', 'Radio/UWB']",['SLAM'],True,False,resp_00006.json
7,BRISK-Driven Visual SLAM Loop Closure for ROS2-Based Autonomous Navigation,T. N. V. S. C. Murthy; S. Kochuvila,2026,2026 7th International Conference on Mobile Computing and Sustainable Informatics (ICMCSI),IEEE_Xplore,10.1109/ICMCSI67283.2026.11412519,INCLUDE,High,Meets all SLR inclusion criteria for GPS-denied localization/navigation algorithm and platform validation.,['UGV'],['Indoor'],"['Camera', 'IMU', 'Radio/UWB']","['SLAM', 'Factor Graph Optimization']",True,False,resp_00007.json
8,A Framework for UAV Navigation and Exploration in GPS-Denied Environments,F. Vanegas; K. J. Gaston; J. Roberts; F. Gonzalez,2019,2019 IEEE Aerospace Conference,IEEE_Xplore,10.1109/AERO.2019.8741612,INCLUDE,High,Meets all SLR inclusion criteria for GPS-denied localization/navigation algorithm and platform validation.,['UAV'],"['Urban', 'Forest/Outdoor']","['IMU', 'Radio/UWB']",['SLAM'],True,False,resp_00008.json
9,Body-Centered Dynamically-Tuned Error-State Extended Kalman Filter for Visual Inertial Odometry in GNSS-Denied Environments,S. I. K. Abdelaziz; H. Y. Elghamrawy; A. M. Noureldin; G. Fotopoulos,2024,IEEE Access,IEEE_Xplore,10.1109/ACCESS.2024.3357458,INCLUDE,High,Meets all SLR inclusion criteria for GPS-denied localization/navigation algorithm and platform validation.,['UGV'],['Indoor'],"['Camera', 'IMU', 'Radio/UWB']",['Kalman Filtering'],True,False,resp_00009.json
10,Autonomous long-range navigation in GNSS-denied environment with low-cost UAV platform,A. R. Kuroswiski; N. M. F. de Oliveira; É. H. Shiguemori,2018,2018 Annual IEEE International Systems Conference (SysCon),IEEE_Xplore,10.1109/SYSCON.2018.8369592,INCLUDE,High,Meets all SLR inclusion criteria for GPS-denied localization/navigation algorithm and platform validation.,['UAV'],['Unspecified'],"['IMU', 'Radio/UWB']",[],True,False,resp_00010.json
11,Visual Odometry/Inertial Integration for Enhanced Land Vehicle Navigation in GNSS Denied Environment,A. Salib; M. Moussa; A. Moussa; N. El-Sheimy,2020,2020 IEEE 92nd Vehicular Technology Conference (VTC2020-Fall),IEEE_Xplore,10.1109/VTC2020-Fall49728.2020.9348698,INCLUDE,High,Meets all SLR inclusion criteria for GPS-denied localization/navigation algorithm and platform validation.,['General Robotics'],['Urban'],"['Camera', 'IMU', 'Radio/UWB']",['Kalman Filtering'],True,False,resp_00011.json
12,Nonlinear Model Predictive Control for Self-Driving cars Trajectory Tracking in GNSS-denied environments,A. Barzegar; O. Doukhi; D. -J. Lee; Y. -h. Jo,2020,"2020 20th International Conference on Control, Automation and Systems (ICCAS)",IEEE_Xplore,10.23919/ICCAS50221.2020.9268233,INCLUDE,High,Meets all SLR inclusion criteria for GPS-denied localization/navigation algorithm and platform validation.,['General Robotics'],['Urban'],"['Camera', 'IMU', 'Radio/UWB']",['VIO'],True,False,resp_00012.json
13,Quantum-Enhanced Drone Swarm Localization in GPS-Denied Environment,S. K. Thota,2026,2026 IEEE International Conference on Emerging Computing and Intelligent Technologies (ICoECIT),IEEE_Xplore,10.1109/ICoECIT68303.2026.11497954,INCLUDE,High,Meets all SLR inclusion criteria for GPS-denied localization/navigation algorithm and platform validation.,['UAV'],['Urban'],"['IMU', 'Radio/UWB']",['Kalman Filtering'],True,False,resp_00013.json
14,EKF-Based Multi-Sensor Fusion for GPS-Denied Localization of an Autonomous Ground Vehicle,R. Elzard; O. Alqaisi; L. Alhorani; R. Benotsmane; H. Yetkin,2026,2026 27th International Carpathian Control Conference (ICCC),IEEE_Xplore,10.1109/ICCC71363.2026.11593316,INCLUDE,High,Meets all SLR inclusion criteria for GPS-denied localization/navigation algorithm and platform validation.,['UGV'],['Indoor'],"['IMU', 'LiDAR', 'Radio/UWB']",['Kalman Filtering'],True,False,resp_00014.json
15,A Comparative Analysis of LiDAR SLAM-Based Indoor Navigation for Autonomous Vehicles,Q. Zou; Q. Sun; L. Chen; B. Nie; Q. Li,2022,IEEE Transactions on Intelligent Transportation Systems,IEEE_Xplore,10.1109/TITS.2021.3063477,INCLUDE,High,Meets all SLR inclusion criteria for GPS-denied localization/navigation algorithm and platform validation.,['General Robotics'],['Indoor'],"['Camera', 'IMU', 'LiDAR', 'Radio/UWB']",['SLAM'],True,False,resp_00015.json
16,Artificial Landmark-based Indoor Navigation System for an Autonomous Unmanned Aerial Vehicle,L. C. Chie; Y. W. Juin,2020,2020 IEEE 7th International Conference on Industrial Engineering and Applications (ICIEA),IEEE_Xplore,10.1109/ICIEA49774.2020.9102082,INCLUDE,High,Meets all SLR inclusion criteria for GPS-denied localization/navigation algorithm and platform validation.,['UAV'],"['Indoor', 'Underground']",['Radio/UWB'],[],True,False,resp_00016.json
17,Development of Nano UAV Platform for Navigation in GPS-Denied Environment Using Snapdragon,Y. Zhou; G. Qin; F. Lin,2018,IECON 2018 - 44th Annual Conference of the IEEE Industrial Electronics Society,IEEE_Xplore,10.1109/IECON.2018.8592913,INCLUDE,High,Meets all SLR inclusion criteria for GPS-denied localization/navigation algorithm and platform validation.,['UAV'],['Unspecified'],"['Camera', 'IMU', 'Radio/UWB']",['VIO'],True,False,resp_00017.json
18,An Integrated System Using Federated Kalman Filter for UGV Navigation in GNSS-denied Environment,M. Wang; C. Zhai; Y. Yang; K. Shen,2019,2019 Chinese Control Conference (CCC),IEEE_Xplore,10.23919/ChiCC.2019.8865416,INCLUDE,High,Meets all SLR inclusion criteria for GPS-denied localization/navigation algorithm and platform validation.,['UGV'],['Urban'],['IMU'],['Kalman Filtering'],True,False,resp_00018.json
19,Efficient Autonomous Navigation in Dynamic Environments: Algorithm Evaluation and Multi-Robot Coordination,M. S. S. M; N. A. Wahab; M. S. A. Mahmud; H. Alqaraghuli; E. Samsuria; M. Z. Romdlony,2024,2024 IEEE International Conference on Automatic Control and Intelligent Systems (I2CACIS),IEEE_Xplore,10.1109/I2CACIS61270.2024.10649877,INCLUDE,High,Meets all SLR inclusion criteria for GPS-denied localization/navigation algorithm and platform validation.,['UGV'],['Indoor'],['Radio/UWB'],"['SLAM', 'Factor Graph Optimization']",True,False,resp_00019.json
20,Experimental Analysis of Gmapping SLAM Algorithm for Mobile Robot Indoor Navigation,M. Reda; A. Abdulbaky; H. El-Hussieny; M. Magdy,2024,"2024 5th International Conference on Artificial Intelligence, Robotics and Control (AIRC)",IEEE_Xplore,10.1109/AIRC61399.2024.10671780,INCLUDE,High,Meets all SLR inclusion criteria for GPS-denied localization/navigation algorithm and platform validation.,['UGV'],"['Indoor', 'Underground', 'Urban']","['IMU', 'LiDAR']",['SLAM'],True,False,resp_00020.json
21,Autonomous Drone Indoor Navigation Based on Virtual 3D Map Reference,J. Putra; D. E. Saputra,2022,2022 International Conference on ICT for Smart Society (ICISS),IEEE_Xplore,10.1109/ICISS55894.2022.9915133,INCLUDE,High,Meets all SLR inclusion criteria for GPS-denied localization/navigation algorithm and platform validation.,['UAV'],['Indoor'],['IMU'],[],True,False,resp_00021.json
22,Distance-based Autonomous Docking for UAV-MP in GPS-denied Environment,C. Cheng; X. Li; L. Li; L. Xie,2022,2022 34th Chinese Control and Decision Conference (CCDC),IEEE_Xplore,10.1109/CCDC55256.2022.10034409,INCLUDE,High,Meets all SLR inclusion criteria for GPS-denied localization/navigation algorithm and platform validation.,['UAV'],['Unspecified'],"['Camera', 'IMU', 'Radio/UWB']",[],True,False,resp_00022.json
23,Autonomous Aerial Navigation in GPS-Denied Environments,A. Variar; B. R; A. Fathima; R. U; G. Sreenandhini; D. K. H; J. J; S. M. D,2025,2025 International Conference on Intelligent Systems and Pioneering Innovations in Robotics and Electric Mobility (INSPIRE),IEEE_Xplore,10.1109/INSPIRE67328.2025.11300665,INCLUDE,High,Meets all SLR inclusion criteria for GPS-denied localization/navigation algorithm and platform validation.,['UAV'],['Underground'],"['Camera', 'LiDAR', 'Radio/UWB']",[],True,False,resp_00023.json
24,Demonstration of Radio SLAM with Terrestrial Signals of Opportunity in a GPS-Denied Environment,A. Sel; Z. M. Kassas,2025,2025 IEEE 101st Vehicular Technology Conference (VTC2025-Spring),IEEE_Xplore,10.1109/VTC2025-Spring65109.2025.11174336,INCLUDE,High,Meets all SLR inclusion criteria for GPS-denied localization/navigation algorithm and platform validation.,['General Robotics'],['Adversarial'],"['IMU', 'Radio/UWB']",['SLAM'],True,False,resp_00024.json
25,Design of an UWB indoor-positioning system for UAV navigation in GNSS-denied environments,J. Tiemann; F. Schweikowski; C. Wietfeld,2015,2015 International Conference on Indoor Positioning and Indoor Navigation (IPIN),IEEE_Xplore,10.1109/IPIN.2015.7346960,INCLUDE,High,Meets all SLR inclusion criteria for GPS-denied localization/navigation algorithm and platform validation.,['UAV'],['Indoor'],['Radio/UWB'],['Radio Ranging'],True,False,resp_00025.json
26,An Autonomous Inspection and Navigation Algorithm for Unmanned Platform Based on ROS and Gazebo,Z. Zhang; X. Liu; T. Shi; W. Huo; T. Yu; S. Xu,2025,2025 International Conference on Aerospace Information Perception and Intelligent Processing (AIPIP),IEEE_Xplore,10.1109/AIPIP66876.2025.11299211,INCLUDE,High,Meets all SLR inclusion criteria for GPS-denied localization/navigation algorithm and platform validation.,['General Robotics'],['Indoor'],"['IMU', 'LiDAR', 'Radio/UWB']","['SLAM', 'Kalman Filtering']",True,False,resp_00026.json
27,Autonomous Indoor Navigation for Visually Impaired: A ROS-Based Intelligent Guide Robot with Deep Learning and SLAM Integration,L. Zhang; Y. Chen; Z. Yang; H. Zhang; Z. Wang; Y. Xia; Y. Huang; H. Zhang; Z. Jie,2024,"2024 5th International Seminar on Artificial Intelligence, Networking and Information Technology (AINIT)",IEEE_Xplore,10.1109/AINIT61980.2024.10581797,INCLUDE,High,Meets all SLR inclusion criteria for GPS-denied localization/navigation algorithm and platform validation.,['General Robotics'],['Indoor'],"['Camera', 'IMU']","['SLAM', 'Deep Learning']",True,False,resp_00027.json
28,UAV Waypoint Opportunistic Navigation in GNSS-Denied Environments,Y. Yang; J. Khalife; J. J. Morales; Z. M. Kassas,2022,IEEE Transactions on Aerospace and Electronic Systems,IEEE_Xplore,10.1109/TAES.2021.3103140,INCLUDE,High,Meets all SLR inclusion criteria for GPS-denied localization/navigation algorithm and platform validation.,['UAV'],['Urban'],"['IMU', 'Radio/UWB']",[],True,False,resp_00028.json
29,A Dataset for Robot Navigation in GNSS-Disrupted Environments Using Low-Cost Sensors,T. Barata; B. Damas; V. Viegas; V. Conceição,2025,2025 IEEE International Conference on Autonomous Robot Systems and Competitions (ICARSC),IEEE_Xplore,10.1109/ICARSC65809.2025.10970127,INCLUDE,High,Meets all SLR inclusion criteria for GPS-denied localization/navigation algorithm and platform validation.,['UGV'],['Unspecified'],"['IMU', 'Radio/UWB']",['Kalman Filtering'],True,False,resp_00029.json
30,Robot/UAV Indoor Visual SLAM in Smart Cities Based on Remote Data Processing,E. Jharko; M. Mamchenko; S. P. Khripunov,2023,2023 International Russian Smart Industry Conference (SmartIndustryCon),IEEE_Xplore,10.1109/SmartIndustryCon57312.2023.10110777,INCLUDE,High,Meets all SLR inclusion criteria for GPS-denied localization/navigation algorithm and platform validation.,['UAV'],"['Indoor', 'Urban']","['Camera', 'IMU', 'Radio/UWB']",['SLAM'],True,False,resp_00030.json
31,Real-Time SLAM Based on Image Stitching for Autonomous Navigation of UAVs in GNSS-Denied Regions,M. Rizk; A. Mroue; M. Farran; J. Charara,2020,2020 2nd IEEE International Conference on Artificial Intelligence Circuits and Systems (AICAS),IEEE_Xplore,10.1109/AICAS48895.2020.9073793,INCLUDE,High,Meets all SLR inclusion criteria for GPS-denied localization/navigation algorithm and platform validation.,['UAV'],['Underground'],"['Camera', 'IMU']",['SLAM'],True,False,resp_00031.json
32,Autonomous Navigation Systems in GPS-Denied Environments: A Review of Techniques and Applications,S. Alghamdi; S. Alahmari; S. Yonbawi; K. Alsaleem; F. Ateeq; F. Almushir,2025,"2025 11th International Conference on Automation, Robotics, and Applications (ICARA)",IEEE_Xplore,10.1109/ICARA64554.2025.10977619,INCLUDE,High,Meets all SLR inclusion criteria for GPS-denied localization/navigation algorithm and platform validation.,['UAV'],['Adversarial'],['Radio/UWB'],['Deep Learning'],True,False,resp_00032.json
33,BRM Localization: UAV Localization in GNSS-Denied Environments Based on Matching of Numerical Map and UAV Images,J. Choi; H. Myung,2020,2020 IEEE/RSJ International Conference on Intelligent Robots and Systems (IROS),IEEE_Xplore,10.1109/IROS45743.2020.9341682,INCLUDE,High,Meets all SLR inclusion criteria for GPS-denied localization/navigation algorithm and platform validation.,['UAV'],['Indoor'],"['IMU', 'Radio/UWB']",[],True,False,resp_00033.json
34,The development of the modular autonomous underwater navigation system based on OPRoS,Y. -H. Choi; J. -W. Lee; S. -H. Hong; J. -H. Suh; J. -G. Kim,2014,2014 11th International Conference on Ubiquitous Robots and Ambient Intelligence (URAI),IEEE_Xplore,10.1109/URAI.2014.7057481,INCLUDE,High,Meets all SLR inclusion criteria for GPS-denied localization/navigation algorithm and platform validation.,['USV/AUV'],['Unspecified'],['Radio/UWB'],[],True,False,resp_00034.json
35,State Estimation and Control for Micro Aerial Vehicles in GPS-denied Environments,H. Shen; X. Zhang; H. Lu; B. Tian; Q. Zong,2020,2020 International Conference on Wireless Communications and Signal Processing (WCSP),IEEE_Xplore,10.1109/WCSP49889.2020.9299710,INCLUDE,High,Meets all SLR inclusion criteria for GPS-denied localization/navigation algorithm and platform validation.,['UAV'],['Unspecified'],"['IMU', 'LiDAR']",['Factor Graph Optimization'],True,False,resp_00035.json
36,Artificial Intelligence-Driven Innovations in SLAM for Robotics and Autonomous Navigation,Z. Wang; X. Zhang,2025,"2025 9th International Conference on Robotics, Control and Automation (ICRCA)",IEEE_Xplore,10.1109/ICRCA64997.2025.11011185,INCLUDE,High,Meets all SLR inclusion criteria for GPS-denied localization/navigation algorithm and platform validation.,['General Robotics'],['Unspecified'],[],['SLAM'],True,False,resp_00036.json
37,Deep Visual Localization for UAVs in GNSS-Denied Environments Using Satellite Imagery,E. Öksüz; B. Yalçın; T. Demirdal,2026,2026 34th Signal Processing and Communications Applications Conference (SIU),IEEE_Xplore,10.1109/SIU71813.2026.11636724,INCLUDE,High,Meets all SLR inclusion criteria for GPS-denied localization/navigation algorithm and platform validation.,['UAV'],['Adversarial'],"['Camera', 'Radio/UWB']",['Kalman Filtering'],True,False,resp_00037.json
38,Autonomous Aerial–Ground Cooperative Navigation Based on Information-Seeking in GNSS-Denied Environments,J. Li; G. Yang; Q. Cai,2023,IEEE Internet of Things Journal,IEEE_Xplore,10.1109/JIOT.2023.3271643,INCLUDE,High,Meets all SLR inclusion criteria for GPS-denied localization/navigation algorithm and platform validation.,['General Robotics'],['Unspecified'],['IMU'],[],True,False,resp_00038.json
39,A Novel Geolocalization Algorithm for UAV Under GNSS-denied Environment using Heading Estimation before Image Matching,J. Yang; W. He; W. Teng; P. Jiang; X. Du,2025,"2025 6th International Conference on Geology, Mapping and Remote Sensing (ICGMRS)",IEEE_Xplore,10.1109/ICGMRS66001.2025.11065657,INCLUDE,High,Meets all SLR inclusion criteria for GPS-denied localization/navigation algorithm and platform validation.,['UAV'],['Unspecified'],['Radio/UWB'],['VIO'],True,False,resp_00039.json
40,A Centralized Cooperative SLAM System for Improving Positioning and Perception Accuracy in GPS-Denied Environments,X. Li; Z. Wang; Y. Tan; X. Zhang,2023,2023 IEEE International Conference on Unmanned Systems (ICUS),IEEE_Xplore,10.1109/ICUS58632.2023.10318269,INCLUDE,High,Meets all SLR inclusion criteria for GPS-denied localization/navigation algorithm and platform validation.,['General Robotics'],"['Indoor', 'Forest/Outdoor']","['IMU', 'Radio/UWB']",['SLAM'],True,False,resp_00040.json
41,UAV Navigation With Monocular Visual Inertial Odometry Under GNSS-Denied Environment,H. Luo; G. Li; D. Zou; K. Li; X. Li; Z. Yang,2023,IEEE Transactions on Geoscience and Remote Sensing,IEEE_Xplore,10.1109/TGRS.2023.3323519,INCLUDE,High,Meets all SLR inclusion criteria for GPS-denied localization/navigation algorithm and platform validation.,['UAV'],['Underground'],"['Camera', 'IMU', 'Radio/UWB']","['VIO', 'Factor Graph Optimization']",True,False,resp_00041.json
42,A Hierarchical Clustered Relative Localization Algorithm in GNSS-denied UAV Swarm Environments,Y. Luo; P. Hu; J. Tian; S. Hang; H. Jiang,2025,GLOBECOM 2025 - 2025 IEEE Global Communications Conference,IEEE_Xplore,10.1109/GLOBECOM59602.2025.11432255,INCLUDE,High,Meets all SLR inclusion criteria for GPS-denied localization/navigation algorithm and platform validation.,['UAV'],['Unspecified'],['IMU'],[],True,False,resp_00042.json
43,Robust Sensor Fusion for Autonomous UAV Navigation in GPS denied Forest Environment,S. M. Shithil; A. A. M. Faudzi; A. Abdullah; N. Islam; S. M. Saad,2022,2022 IEEE 5th International Symposium in Robotics and Manufacturing Automation (ROMA),IEEE_Xplore,10.1109/ROMA55875.2022.9915682,INCLUDE,High,Meets all SLR inclusion criteria for GPS-denied localization/navigation algorithm and platform validation.,['UAV'],"['Urban', 'Forest/Outdoor']","['IMU', 'Radio/UWB']",[],True,False,resp_00043.json
44,ORBSLAM2 and Point Cloud Processing Towards Autonomous Underwater Robot Navigation,F. Hidalgo,2020,Global Oceans 2020: Singapore – U.S. Gulf Coast,IEEE_Xplore,10.1109/IEEECONF38699.2020.9389096,INCLUDE,High,Meets all SLR inclusion criteria for GPS-denied localization/navigation algorithm and platform validation.,['USV/AUV'],['Unspecified'],"['Camera', 'IMU', 'LiDAR', 'Radio/UWB']",['SLAM'],True,False,resp_00044.json
45,An Aerial/Ground Robot Team for Autonomous Firefighting in Urban GNSS-Denied Scenarios,S. Martínez-Rozas; R. Rey; D. Alejo; D. Acedo; J. A. Cobano; A. Rodríguez-Ramos; P. Campoy; L. Merino; F. Caballero,2022,Field Robotics,IEEE_Xplore,10.55417/fr.2022010,INCLUDE,High,Meets all SLR inclusion criteria for GPS-denied localization/navigation algorithm and platform validation.,"['UAV', 'UGV']",['Urban'],"['LiDAR', 'Radio/UWB']",['VIO'],True,False,resp_00045.json
46,Localisation and mapping in GPS-denied environments using RFID tags,S. James; R. A. Verrinder; D. Sabatta; A. Shahdi,2012,2012 5th Robotics and Mechatronics Conference of South Africa,IEEE_Xplore,10.1109/ROBOMECH.2012.6558464,INCLUDE,High,Meets all SLR inclusion criteria for GPS-denied localization/navigation algorithm and platform validation.,['UGV'],['Underground'],"['IMU', 'Radio/UWB']","['SLAM', 'Radio Ranging']",True,False,resp_00046.json
47,Sensor Fusion for Octagon – an Indoor and Outdoor Autonomous Mobile Robot,K. Tian; K. Mirza,2022,2022 IEEE International Systems Conference (SysCon),IEEE_Xplore,10.1109/SysCon53536.2022.9773827,INCLUDE,High,Meets all SLR inclusion criteria for GPS-denied localization/navigation algorithm and platform validation.,['UGV'],"['Indoor', 'Forest/Outdoor']","['Camera', 'LiDAR', 'Radio/UWB', 'Radar']","['SLAM', 'Radio Ranging']",True,False,resp_00047.json
48,Experimental study on using visual odometry for navigation in outdoor GPS-denied environments,M. Sharifi; X. Chen; C. G. Pretty,2016,2016 12th IEEE/ASME International Conference on Mechatronic and Embedded Systems and Applications (MESA),IEEE_Xplore,10.1109/MESA.2016.7587182,INCLUDE,High,Meets all SLR inclusion criteria for GPS-denied localization/navigation algorithm and platform validation.,['UGV'],['Forest/Outdoor'],"['Camera', 'Radio/UWB']",[],True,False,resp_00048.json
49,High-Precision Self-Calibration for USV Operating in GNSS-Denied Environments,J. Liu,2025,"2025 IEEE 7th Advanced Information Management, Communicates, Electronic and Automation Control Conference (IMCEC)",IEEE_Xplore,10.1109/IMCEC66174.2025.11331782,INCLUDE,High,Meets all SLR inclusion criteria for GPS-denied localization/navigation algorithm and platform validation.,['USV/AUV'],['Urban'],"['IMU', 'Radio/UWB', 'Sonar/DVL']",[],True,False,resp_00049.json
50,Conditional Probabilistic Relative Visual Localization for Unmanned Aerial Vehicles,A. Couturier; M. Akhloufi,2020,2020 IEEE Canadian Conference on Electrical and Computer Engineering (CCECE),IEEE_Xplore,10.1109/CCECE47787.2020.9255691,INCLUDE,High,Meets all SLR inclusion criteria for GPS-denied localization/navigation algorithm and platform validation.,['UAV'],['Unspecified'],"['Camera', 'IMU', 'Radio/UWB']",[],True,False,resp_00050.json
51,Motion State Classification for Drone Localisation in GPS-Denied Environments using TinyML on Resource-Constrained Hardware,V. Barbu; A. -M. Drăgulinescu; A. Țapu,2025,2025 IEEE Annual Congress on Artificial Intelligence of Things (AIoT),IEEE_Xplore,10.1109/AIoT66900.2025.00126,INCLUDE,High,Meets all SLR inclusion criteria for GPS-denied localization/navigation algorithm and platform validation.,['UAV'],['Unspecified'],"['IMU', 'Radio/UWB']",['Deep Learning'],True,False,resp_00051.json
52,Multi-UAV Cooperative Localization with PSO-Based Configuration Optimization for Bridge Inspection in GNSS-Denied Environment,X. Chen; R. Yao; L. Zheng,2025,"2025 4th International Conference on Artificial Intelligence, Internet of Things and Cloud Computing Technology (AIoTC)",IEEE_Xplore,10.1109/AIoTC66747.2025.11198743,INCLUDE,High,Meets all SLR inclusion criteria for GPS-denied localization/navigation algorithm and platform validation.,['UAV'],['Unspecified'],"['IMU', 'Radio/UWB']","['Factor Graph Optimization', 'Radio Ranging']",True,False,resp_00052.json
53,Vision-based Navigation of Unmanned Aerial Vehicles,H. Gahlot; A. Kumar; P. Kumar; E. A. Sharma,2024,"2024 International Conference on Advances in Computing, Communication and Materials (ICACCM)",IEEE_Xplore,10.1109/ICACCM61117.2024.11059131,INCLUDE,High,Meets all SLR inclusion criteria for GPS-denied localization/navigation algorithm and platform validation.,['UAV'],"['Indoor', 'Urban']","['Camera', 'Radio/UWB']",[],True,False,resp_00053.json
54,Mecanum-Wheeled Autonomous Mobile Robot for Flexible Manufacturing System,D. M. I. Capriyani; S. Fanisa; Eriyanti; R. P. Saputra; M. Z. Romdlony; M. D. Putra,2024,2024 IEEE International Conference on Advanced Telecommunication and Networking Technologies (ATNT),IEEE_Xplore,10.1109/ATNT61688.2024.10719179,INCLUDE,High,Meets all SLR inclusion criteria for GPS-denied localization/navigation algorithm and platform validation.,['UGV'],['Underground'],"['IMU', 'LiDAR', 'Radio/UWB']","['SLAM', 'Radio Ranging']",True,False,resp_00054.json
55,Design and Development of Autonomous Mobile Robot for Mapping and Navigation System,B. Kiran; S. Karthikeyan; M. A. Suhel Pasha; K. N. Manjunatha; S. Manoj Kumar; S. V. Moras,2022,2022 IEEE Pune Section International Conference (PuneCon),IEEE_Xplore,10.1109/PuneCon55413.2022.10014944,INCLUDE,High,Meets all SLR inclusion criteria for GPS-denied localization/navigation algorithm and platform validation.,['UGV'],"['Indoor', 'Forest/Outdoor']","['Camera', 'IMU', 'LiDAR', 'Radio/UWB']",['SLAM'],True,False,resp_00055.json
56,Stable Cycles for Underwater Navigation,Q. Brateau; F. Le Bars; L. Jaulin,2025,OCEANS 2025 Brest,IEEE_Xplore,10.1109/OCEANS58557.2025.11104656,INCLUDE,High,Meets all SLR inclusion criteria for GPS-denied localization/navigation algorithm and platform validation.,['USV/AUV'],['Unspecified'],['Radio/UWB'],[],True,False,resp_00056.json
57,ROS+unity: An efficient high-fidelity 3D multi-UAV navigation and control simulator in GPS-denied environments,W. Meng; Y. Hu; J. Lin; F. Lin; R. Teo,2015,IECON 2015 - 41st Annual Conference of the IEEE Industrial Electronics Society,IEEE_Xplore,10.1109/IECON.2015.7392488,INCLUDE,High,Meets all SLR inclusion criteria for GPS-denied localization/navigation algorithm and platform validation.,['UAV'],['Unspecified'],"['IMU', 'Radio/UWB']",[],True,False,resp_00057.json
58,Autonomous UAV Navigation and Real-Time Crack Detection for Infrastructure Inspection in GPS-Denied Environments,M. Imad; M. Wicaksono; S. Y. Shin,2024,2024 15th International Conference on Information and Communication Technology Convergence (ICTC),IEEE_Xplore,10.1109/ICTC62082.2024.10827730,INCLUDE,High,Meets all SLR inclusion criteria for GPS-denied localization/navigation algorithm and platform validation.,['UAV'],['Unspecified'],['Radio/UWB'],['Deep Learning'],True,False,resp_00058.json
59,An investigation of the use of Kinect sensor for indoor navigation,H. W. Keat; L. S. Ming,2012,TENCON 2012 IEEE Region 10 Conference,IEEE_Xplore,10.1109/TENCON.2012.6412246,INCLUDE,High,Meets all SLR inclusion criteria for GPS-denied localization/navigation algorithm and platform validation.,['General Robotics'],['Indoor'],['LiDAR'],['SLAM'],True,False,resp_00059.json
60,A High Precision Autonomous Navigation Algorithm of UAV Based on MEMS Sensor,X. Song; S. Liao; X. Wang; C. Lu; M. Wang; C. Miao,2019,2019 IEEE International Conference on Unmanned Systems (ICUS),IEEE_Xplore,10.1109/ICUS48101.2019.8996061,INCLUDE,High,Meets all SLR inclusion criteria for GPS-denied localization/navigation algorithm and platform validation.,['UAV'],['Unspecified'],"['IMU', 'Radio/UWB']",[],True,False,resp_00060.json
61,RANGE - robust autonomous navigation in GPS-denied environments,A. Bachrach; A. de Winter; R. He; G. Hemann; S. Prentice; N. Roy,2010,2010 IEEE International Conference on Robotics and Automation,IEEE_Xplore,10.1109/ROBOT.2010.5509990,INCLUDE,High,Meets all SLR inclusion criteria for GPS-denied localization/navigation algorithm and platform validation.,"['UAV', 'UGV']",['Unspecified'],['Radio/UWB'],[],True,False,resp_00061.json
62,Multi-robot cooperative navigation with active sensing in a GPS-denied environment,S. P. Qadri Syed; H. Bai,2025,"2025 IEEE/ION Position, Location and Navigation Symposium (PLANS)",IEEE_Xplore,10.1109/PLANS61210.2025.11028467,INCLUDE,High,Meets all SLR inclusion criteria for GPS-denied localization/navigation algorithm and platform validation.,['General Robotics'],['Unspecified'],"['IMU', 'Radio/UWB']",['Factor Graph Optimization'],True,False,resp_00062.json
63,"Enhanced V-SLAM combining SVO and ORB-SLAM2, with reduced computational complexity, to improve autonomous indoor mini-drone navigation under varying conditions",A. Basiri; V. Mariani; L. Glielmo,2022,IECON 2022 – 48th Annual Conference of the IEEE Industrial Electronics Society,IEEE_Xplore,10.1109/IECON49645.2022.9968605,INCLUDE,High,Meets all SLR inclusion criteria for GPS-denied localization/navigation algorithm and platform validation.,['UAV'],"['Indoor', 'Forest/Outdoor']","['Camera', 'IMU', 'Radio/UWB']",['SLAM'],True,False,resp_00063.json
64,Positioning and Navigation Approaches Using Packet Loss-Based Multilateration for UAVs in GPS-Denied Environments,I. Srisomboon; S. Lee,2024,IEEE Access,IEEE_Xplore,10.1109/ACCESS.2024.3357148,INCLUDE,High,Meets all SLR inclusion criteria for GPS-denied localization/navigation algorithm and platform validation.,['UAV'],"['Indoor', 'Forest/Outdoor']",['IMU'],[],True,False,resp_00064.json
65,Autonomous Drones in GNSS-Denied Environments: Results from the Leonardo Drone Contest,S. Godio; F. Marino; A. Minervini; S. Primatesta; M. Chiaberge; G. Guglieri,2023,2023 IEEE 10th International Workshop on Metrology for AeroSpace (MetroAeroSpace),IEEE_Xplore,10.1109/MetroAeroSpace57412.2023.10190003,INCLUDE,High,Meets all SLR inclusion criteria for GPS-denied localization/navigation algorithm and platform validation.,['UAV'],['Unspecified'],['Radio/UWB'],[],True,False,resp_00065.json
66,Real Time Vision Based Obstacle Avoidance for UAV using YOLO in GPS Denied Environment,S. K. NT; G. U. Sai; P. K. Duba; P. Rajalakshmi,2023,2023 OITS International Conference on Information Technology (OCIT),IEEE_Xplore,10.1109/OCIT59427.2023.10431039,INCLUDE,High,Meets all SLR inclusion criteria for GPS-denied localization/navigation algorithm and platform validation.,['UAV'],['Unspecified'],['Camera'],[],True,False,resp_00066.json
67,Submap-Based Indoor Navigation System for the Fetch Robot,Y. Chen; B. Leighton; H. Zhu; X. Ke; S. Liu; L. Zhao,2020,IEEE Access,IEEE_Xplore,10.1109/ACCESS.2020.2991465,INCLUDE,High,Meets all SLR inclusion criteria for GPS-denied localization/navigation algorithm and platform validation.,['General Robotics'],['Indoor'],"['IMU', 'LiDAR']",['Deep Learning'],True,False,resp_00067.json
68,Efficient Analog Ultrasonic Detection for Autonomous Drone Navigation in GPS-Denied Environments,Prashasti; A. Grover; S. Chatterjee,2025,2025 International Conference on Networks and Cryptology (NETCRYPT),IEEE_Xplore,10.1109/NETCRYPT65877.2025.11102407,INCLUDE,High,Meets all SLR inclusion criteria for GPS-denied localization/navigation algorithm and platform validation.,['UAV'],"['Indoor', 'Underground']",['Radio/UWB'],[],True,False,resp_00068.json
69,SonarLite: a Compact Analog Sensing System for Real-Time UAV Navigation in GPS-Denied Zones,Prashasti; A. Grover; S. Chatterjee,2025,2025 IEEE 2nd International Workshop on Future Intelligent Technologies for Young Researchers (FITYR),IEEE_Xplore,10.1109/FITYR68680.2025.00007,INCLUDE,High,Meets all SLR inclusion criteria for GPS-denied localization/navigation algorithm and platform validation.,['UAV'],['Indoor'],"['Radio/UWB', 'Sonar/DVL']",[],True,False,resp_00069.json
70,Implementing indoor navigation of a mobile robot,N. Y. Ko; S. W. Noh; Y. S. Moon,2013,"2013 13th International Conference on Control, Automation and Systems (ICCAS 2013)",IEEE_Xplore,10.1109/ICCAS.2013.6703892,INCLUDE,High,Meets all SLR inclusion criteria for GPS-denied localization/navigation algorithm and platform validation.,['UGV'],['Indoor'],['IMU'],[],True,False,resp_00070.json
71,Radar-Based High-Accuracy 3D Localization of UAVs for Landing in GNSS-Denied Environments,Y. Dobrev; Y. Dobrev; P. Gulden; M. Lipka; T. Pavlenko; D. Moormann; M. Vossiek,2018,2018 IEEE MTT-S International Conference on Microwaves for Intelligent Mobility (ICMIM),IEEE_Xplore,10.1109/ICMIM.2018.8443483,INCLUDE,High,Meets all SLR inclusion criteria for GPS-denied localization/navigation algorithm and platform validation.,['UAV'],['Adversarial'],"['Radio/UWB', 'Radar']",['Radio Ranging'],True,False,resp_00071.json
72,A synergetic approach to indoor navigation and mapping for aerial reconnaissance and surveillance,S. Prophet; J. Atman; G. F. Trommer,2017,2017 International Conference on Indoor Positioning and Indoor Navigation (IPIN),IEEE_Xplore,10.1109/IPIN.2017.8115919,INCLUDE,High,Meets all SLR inclusion criteria for GPS-denied localization/navigation algorithm and platform validation.,['UAV'],['Indoor'],"['IMU', 'Radio/UWB']",['SLAM'],True,False,resp_00072.json
73,An RPLiDAR based SLAM equipped with IMU for Autonomous Navigation of Wheeled Mobile Robot,M. S. Aslam; M. I. Aziz; K. Naveed; U. K. uz Zaman,2020,2020 IEEE 23rd International Multitopic Conference (INMIC),IEEE_Xplore,10.1109/INMIC50486.2020.9318133,INCLUDE,High,Meets all SLR inclusion criteria for GPS-denied localization/navigation algorithm and platform validation.,['UGV'],['Unspecified'],"['IMU', 'LiDAR', 'Radio/UWB']",['SLAM'],True,False,resp_00073.json
74,Image-Based Localization and Navigation Using Deep Learning for an Omnidirectional Human Assistive Robot,G. Capi; S. -I. Kaneko,2025,2025 7th International Conference on Control and Robotics (ICCR),IEEE_Xplore,10.1109/ICCR67607.2025.11372098,INCLUDE,High,Meets all SLR inclusion criteria for GPS-denied localization/navigation algorithm and platform validation.,['General Robotics'],['Indoor'],"['Camera', 'Radio/UWB']",['Deep Learning'],True,False,resp_00074.json
75,Autonomous Indoor Navigation Using Nav2,S. K; A. B. L; D. AP; D. M,2025,2025 3rd International Conference on Intelligent Data Communication Technologies and Internet of Things (IDCIoT),IEEE_Xplore,10.1109/IDCIOT64235.2025.10915000,INCLUDE,High,Meets all SLR inclusion criteria for GPS-denied localization/navigation algorithm and platform validation.,['UGV'],['Indoor'],"['IMU', 'LiDAR', 'Radio/UWB']","['SLAM', 'Factor Graph Optimization']",True,False,resp_00075.json
76,The Current Status of Development of Pedestrian Autonomous Navigation Technology,X. Xing; R. Zhou; L. Yang,2019,2019 26th Saint Petersburg International Conference on Integrated Navigation Systems (ICINS),IEEE_Xplore,10.23919/ICINS.2019.8769378,INCLUDE,High,Meets all SLR inclusion criteria for GPS-denied localization/navigation algorithm and platform validation.,['General Robotics'],"['Indoor', 'Underground', 'Urban', 'Forest/Outdoor']","['Camera', 'IMU', 'Radio/UWB', 'Radar']",[],True,False,resp_00076.json
77,3D Path Planning for Autonomous UAV Navigation in GPS-Denied Environments,T. Thakkar; R. Ramirez; R. Tsui; S. Bhandari; A. Raheja,2026,2026 International Conference on Unmanned Aircraft Systems (ICUAS),IEEE_Xplore,10.1109/ICUAS69441.2026.11598675,INCLUDE,High,Meets all SLR inclusion criteria for GPS-denied localization/navigation algorithm and platform validation.,['UAV'],['Unspecified'],"['IMU', 'LiDAR', 'Radio/UWB']",['SLAM'],True,False,resp_00077.json
78,Underwater navigation using maneuverable beacons for localization,R. Khan; M. F. Ercan; L. Metarsit; Aryl Ng Shen Le; Kian Voon Lim; Wei Teck Tan; Jiun Lock Ang,2016,OCEANS 2016 MTS/IEEE Monterey,IEEE_Xplore,10.1109/OCEANS.2016.7761317,INCLUDE,High,Meets all SLR inclusion criteria for GPS-denied localization/navigation algorithm and platform validation.,['USV/AUV'],['Unspecified'],['Radio/UWB'],[],True,False,resp_00078.json
79,Autonomous UAV Navigation in Indoor Corridor Environments by a Depth Estimator based on a Deep Neural Network,P. Aneesh; R. P. Singh; R. Dash,2024,2024 15th International Conference on Computing Communication and Networking Technologies (ICCCNT),IEEE_Xplore,10.1109/ICCCNT61001.2024.10726099,INCLUDE,High,Meets all SLR inclusion criteria for GPS-denied localization/navigation algorithm and platform validation.,['UAV'],['Indoor'],"['Camera', 'Radio/UWB']",['Deep Learning'],True,False,resp_00079.json
80,Enabling Computer Vision-Based Autonomous Navigation for Unmanned Aerial Vehicles in Cluttered GPS-Denied Environments,F. Valenti; D. Giaquinto; L. Musto; A. Zinelli; M. Bertozzi; A. Broggi,2018,2018 21st International Conference on Intelligent Transportation Systems (ITSC),IEEE_Xplore,10.1109/ITSC.2018.8569695,INCLUDE,High,Meets all SLR inclusion criteria for GPS-denied localization/navigation algorithm and platform validation.,['UAV'],['Unspecified'],"['Camera', 'IMU']",['SLAM'],True,False,resp_00080.json
81,Dynamic real-time indoor environment mapping for Unmanned Autonomous Vehicle navigation,C. Aluckal; B. K. Mohan; Y. Turkar; Y. Agarwadkar; Y. Dighe; S. Surve; S. Deshpande; B. Daga,2019,"2019 International Conference on Advances in Computing, Communication and Control (ICAC3)",IEEE_Xplore,10.1109/ICAC347590.2019.9036813,INCLUDE,High,Meets all SLR inclusion criteria for GPS-denied localization/navigation algorithm and platform validation.,"['UAV', 'UGV']",['Indoor'],"['Camera', 'Radio/UWB']",[],True,False,resp_00081.json
82,Federated Deep Reinforcement Learning for Collaborative Autonomous Navigation in GPS-Denied Environments,N. D. Almalis; G. A. Tsihrintzis; A. Stergioulis; M. Michail,2025,"2025 16th International Conference on Information, Intelligence, Systems & Applications (IISA)",IEEE_Xplore,10.1109/IISA66859.2025.11311273,INCLUDE,High,Meets all SLR inclusion criteria for GPS-denied localization/navigation algorithm and platform validation.,['UAV'],['Urban'],"['Camera', 'IMU', 'Radio/UWB']",['Factor Graph Optimization'],True,False,resp_00082.json
83,A Relative Navigation Method Based on Wireless Ranging for UAV in GPS Denied Environment,M. Li; S. Weng; G. Song; N. Wang; Y. Zhang,2020,"2020 International Conference on Electrical, Communication, and Computer Engineering (ICECCE)",IEEE_Xplore,10.1109/ICECCE49384.2020.9179243,INCLUDE,High,Meets all SLR inclusion criteria for GPS-denied localization/navigation algorithm and platform validation.,['UAV'],['Unspecified'],[],['Radio Ranging'],True,False,resp_00083.json
84,Simulating GPS-denied Autonomous UAV Navigation for Detection of Surface Water Bodies,A. D. Singh; F. Vanegas Alvarez,2020,2020 International Conference on Unmanned Aircraft Systems (ICUAS),IEEE_Xplore,10.1109/ICUAS48674.2020.9213927,INCLUDE,High,Meets all SLR inclusion criteria for GPS-denied localization/navigation algorithm and platform validation.,['UAV'],['Unspecified'],"['IMU', 'Radio/UWB']",['SLAM'],True,False,resp_00084.json
85,Deep reinforcement learning based mobile robot navigation: A review,K. Zhu; T. Zhang,2021,Tsinghua Science and Technology,IEEE_Xplore,10.26599/TST.2021.9010012,INCLUDE,High,Meets all SLR inclusion criteria for GPS-denied localization/navigation algorithm and platform validation.,['UGV'],['Indoor'],['Radio/UWB'],[],True,False,resp_00085.json
86,Autonomous Museum Assistance Robot: Enhancing Visitor Navigation with Real-Time Localization,M. M. Vaishnavi; G. Barath; V. R. Barun; A. Abisek; N. Karthikeyan,2025,2025 IEEE 1st International Conference on Recent Trends in Computing and Smart Mobility (RCSM),IEEE_Xplore,10.1109/RCSM67767.2025.11507668,INCLUDE,High,Meets all SLR inclusion criteria for GPS-denied localization/navigation algorithm and platform validation.,['General Robotics'],['Unspecified'],['Radio/UWB'],['Factor Graph Optimization'],True,False,resp_00086.json
87,Adaptive UKF-SLAM based on magnetic gradient inversion method for underwater navigation,M. Wu; Jian Yao,2015,2015 International Conference on Unmanned Aircraft Systems (ICUAS),IEEE_Xplore,10.1109/ICUAS.2015.7152369,INCLUDE,High,Meets all SLR inclusion criteria for GPS-denied localization/navigation algorithm and platform validation.,['USV/AUV'],['Unspecified'],"['Camera', 'IMU']","['SLAM', 'Kalman Filtering']",True,False,resp_00087.json
88,Two-stage Motion Estimation for UAV Landing under GPS-denied Condition,L. Zhang; G. Yu; X. Song; P. Li; Z. Zhai; Y. Lu,2020,2020 3rd International Conference on Unmanned Systems (ICUS),IEEE_Xplore,10.1109/ICUS50048.2020.9274941,INCLUDE,High,Meets all SLR inclusion criteria for GPS-denied localization/navigation algorithm and platform validation.,['UAV'],['Unspecified'],"['Camera', 'IMU', 'Radio/UWB']",['Factor Graph Optimization'],True,False,resp_00088.json
89,Exploring Deep Learning-Based Visual Localization Techniques for UAVs in GPS-Denied Environments,O. Y. Al-Jarrah; A. S. Shatnawi; M. M. Shurman; O. A. Ramadan; S. Muhaidat,2024,IEEE Access,IEEE_Xplore,10.1109/ACCESS.2024.3440064,INCLUDE,High,Meets all SLR inclusion criteria for GPS-denied localization/navigation algorithm and platform validation.,['UAV'],['Adversarial'],"['Camera', 'Radio/UWB']",['Deep Learning'],True,False,resp_00089.json
90,SkyAid: A Low-Cost Autonomous Hexacopter for Resilient Medical Supply Delivery in GPS-Denied Environments,M. A. Ali; K. Mustafa; R. Kisanieh; M. Hajj-Hassan; A. Kassem; A. Cherry,2025,2025 37th International Conference on Microelectronics (ICM),IEEE_Xplore,10.1109/ICM66518.2025.11322518,INCLUDE,High,Meets all SLR inclusion criteria for GPS-denied localization/navigation algorithm and platform validation.,['General Robotics'],['Urban'],['Radio/UWB'],[],True,False,resp_00090.json
91,Optimized Unmanned Aerial Vehicle (UAV) Localization and Autonomous Navigation Stack for Tightly Closed Industrial Spaces,R. Havås; N. S. Noori; C. Auby; L. R. Cenkeramaddi,2024,2024 IEEE International Systems Conference (SysCon),IEEE_Xplore,10.1109/SysCon61195.2024.10553582,INCLUDE,High,Meets all SLR inclusion criteria for GPS-denied localization/navigation algorithm and platform validation.,['UAV'],['Unspecified'],"['Camera', 'IMU', 'Radio/UWB']",[],True,False,resp_00091.json
92,Range-Only SLAM for Underwater Navigation System with Uncertain Beacons,W. Chen; R. Sun,2018,"2018 10th International Conference on Modelling, Identification and Control (ICMIC)",IEEE_Xplore,10.1109/ICMIC.2018.8529843,INCLUDE,High,Meets all SLR inclusion criteria for GPS-denied localization/navigation algorithm and platform validation.,['USV/AUV'],['Unspecified'],['IMU'],"['SLAM', 'Kalman Filtering']",True,False,resp_00092.json
93,UWB-based System for UAV Localization in GNSS-Denied Environments: Characterization and Dataset,J. P. Queralta; C. Martínez Almansa; F. Schiano; D. Floreano; T. Westerlund,2020,2020 IEEE/RSJ International Conference on Intelligent Robots and Systems (IROS),IEEE_Xplore,10.1109/IROS45743.2020.9341042,INCLUDE,High,Meets all SLR inclusion criteria for GPS-denied localization/navigation algorithm and platform validation.,['UAV'],['Indoor'],['Radio/UWB'],['Radio Ranging'],True,False,resp_00093.json
94,Distributed Cooperative Localization for Unmanned Systems Using UWB/INS Integration in GNSS-Denied Environments,T. Li; X. Yu; Q. Lin; Y. Lv; G. Wen; C. Shi,2025,IEEE Transactions on Instrumentation and Measurement,IEEE_Xplore,10.1109/TIM.2025.3559161,INCLUDE,High,Meets all SLR inclusion criteria for GPS-denied localization/navigation algorithm and platform validation.,['General Robotics'],['Unspecified'],"['IMU', 'Radio/UWB']","['Kalman Filtering', 'Radio Ranging']",True,False,resp_00094.json
95,Cooperative Relative Localization for UAV Swarm in GNSS-Denied Environment: A Coalition Formation Game Approach,L. Ruan; G. Li; W. Dai; S. Tian; G. Fan; J. Wang; X. Dai,2022,IEEE Internet of Things Journal,IEEE_Xplore,10.1109/JIOT.2021.3130000,INCLUDE,High,Meets all SLR inclusion criteria for GPS-denied localization/navigation algorithm and platform validation.,['UAV'],['Unspecified'],"['IMU', 'Radio/UWB']",['Radio Ranging'],True,False,resp_00095.json
96,Cooperative UWB-Based Localization for Outdoors Positioning and Navigation of UAVs aided by Ground Robots,Y. Xianjia; L. Qingqing; J. P. Queralta; J. Heikkonen; T. Westerlund,2021,2021 IEEE International Conference on Autonomous Systems (ICAS),IEEE_Xplore,10.1109/ICAS49788.2021.9551177,INCLUDE,High,Meets all SLR inclusion criteria for GPS-denied localization/navigation algorithm and platform validation.,['UAV'],"['Urban', 'Forest/Outdoor']","['Camera', 'IMU', 'Radio/UWB']","['VIO', 'Radio Ranging']",True,False,resp_00096.json
97,Visual SLAM Combined with Object Detection for Autonomous Indoor Navigation Using Kinect V2 and ROS,M. Kulkarni; P. Junare; M. Deshmukh; P. P. Rege,2021,"2021 IEEE 6th International Conference on Computing, Communication and Automation (ICCCA)",IEEE_Xplore,10.1109/ICCCA52192.2021.9666426,INCLUDE,High,Meets all SLR inclusion criteria for GPS-denied localization/navigation algorithm and platform validation.,['General Robotics'],['Indoor'],"['Camera', 'IMU', 'Radio/UWB']","['SLAM', 'Deep Learning']",True,False,resp_00097.json
98,AI-Driven Indoor Navigation with Mobile Embedded Systems,S. Pasricha,2024,2024 International Conference on Hardware/Software Codesign and System Synthesis (CODES+ISSS),IEEE_Xplore,10.1109/CODES-ISSS60120.2024.00016,INCLUDE,High,Meets all SLR inclusion criteria for GPS-denied localization/navigation algorithm and platform validation.,['UAV'],"['Indoor', 'Underground', 'Urban']",['Radio/UWB'],[],True,False,resp_00098.json
99,Navigation of Mobile Robot with Nav2 and SLAM Using LiDAR,S. Shrestha; S. Parajuli; P. Shah; B. Shrestha; M. K. Guragai,2025,2025 4th International Conference on Sentiment Analysis and Deep Learning (ICSADL),IEEE_Xplore,10.1109/ICSADL65848.2025.10933029,INCLUDE,High,Meets all SLR inclusion criteria for GPS-denied localization/navigation algorithm and platform validation.,['UGV'],['Indoor'],"['IMU', 'LiDAR', 'Radio/UWB']","['SLAM', 'Radio Ranging']",True,False,resp_00099.json
100,Indoor localization and navigation for a mobile robot equipped with rotating ultrasonic sensors using a smartphone as the robot's brain,J. Lim; S. Lee; G. Tewolde; J. Kwon,2015,2015 IEEE International Conference on Electro/Information Technology (EIT),IEEE_Xplore,10.1109/EIT.2015.7293407,INCLUDE,High,Meets all SLR inclusion criteria for GPS-denied localization/navigation algorithm and platform validation.,['UGV'],['Indoor'],['Radio/UWB'],[],True,False,resp_00100.json
101,Indoor Navigation of a Service Robot Platform Using Multiple Localization Techniques Using Sensor Fusion,R. Mishra; C. Vineel; A. Javed,2020,"2020 6th International Conference on Control, Automation and Robotics (ICCAR)",IEEE_Xplore,10.1109/ICCAR49639.2020.9108074,INCLUDE,High,Meets all SLR inclusion criteria for GPS-denied localization/navigation algorithm and platform validation.,['General Robotics'],['Indoor'],['Radio/UWB'],['Kalman Filtering'],True,False,resp_00101.json
102,Quantum-Enhanced Multi-Sensor Fusion for UAV Navigation in GPS-Denied Environments,A. Moussa; I. N. Him; K. Chawqi; Y. Salih-Alj,2026,2026 International Conference on Frontiers of Engineering and Emerging Technologies (FET),IEEE_Xplore,10.1109/FET68771.2026.11601505,INCLUDE,High,Meets all SLR inclusion criteria for GPS-denied localization/navigation algorithm and platform validation.,['UAV'],"['Urban', 'Adversarial']","['Camera', 'IMU', 'LiDAR', 'Radio/UWB']",['Kalman Filtering'],True,False,resp_00102.json
103,State of the Art in Vision-Based Localization Techniques for Autonomous Navigation Systems,Y. Alkendi; L. Seneviratne; Y. Zweiri,2021,IEEE Access,IEEE_Xplore,10.1109/ACCESS.2021.3082778,INCLUDE,High,Meets all SLR inclusion criteria for GPS-denied localization/navigation algorithm and platform validation.,['General Robotics'],"['Indoor', 'Urban', 'Adversarial']","['Camera', 'IMU']","['VIO', 'Factor Graph Optimization']",True,False,resp_00103.json
104,An Aerial-ground Cooperative Positioning Method for Intelligent and Connected Vehicles under GNSS-denied Environments,L. Du; A. Liu; B. Tong; X. Yan; W. Chen; S. Cai,2025,2025 8th International Conference on Transportation Information and Safety (ICTIS),IEEE_Xplore,10.1109/ICTIS68762.2025.11215072,INCLUDE,High,Meets all SLR inclusion criteria for GPS-denied localization/navigation algorithm and platform validation.,['General Robotics'],['Urban'],"['IMU', 'Radio/UWB']",[],True,False,resp_00104.json
105,Using RFID in localization for indoor navigation of mobile robots,Y. Guo; X. Guo; G. Wang,2012,2012 IEEE International Conference on Mechatronics and Automation,IEEE_Xplore,10.1109/ICMA.2012.6285110,INCLUDE,High,Meets all SLR inclusion criteria for GPS-denied localization/navigation algorithm and platform validation.,['UGV'],['Indoor'],['Radio/UWB'],[],True,False,resp_00105.json
106,Enhanced Altitude Estimation for Unmanned Aerial Vehicles in a GNSS-denied Environment,A. Minervini; S. Primatesta; G. Guglieri,2024,2024 International Conference on Unmanned Aircraft Systems (ICUAS),IEEE_Xplore,10.1109/ICUAS60882.2024.10556904,INCLUDE,High,Meets all SLR inclusion criteria for GPS-denied localization/navigation algorithm and platform validation.,['UAV'],['Unspecified'],"['Camera', 'IMU', 'Radio/UWB']","['SLAM', 'Kalman Filtering']",True,False,resp_00106.json
107,Augmented Radar Odometry by Nested Optimal Filter Aided Navigation for UAVS in GNSS Denied Environment,S. Zahran; M. Mostafa; M. Moussa; A. Salib; A. Moussa; N. El-Sheimy,2021,2021 International Telecommunications Conference (ITC-Egypt),IEEE_Xplore,10.1109/ITC-Egypt52936.2021.9513978,INCLUDE,High,Meets all SLR inclusion criteria for GPS-denied localization/navigation algorithm and platform validation.,['UAV'],"['Urban', 'Adversarial']","['Camera', 'IMU', 'Radio/UWB', 'Radar']",['Kalman Filtering'],True,False,resp_00107.json
108,Measurement uncertainty model for relative visual localization of UAV by a monocular camera,P. Daponte; L. De Vito; A. Neyestani; F. Picariello; I. Tudosa,2023,2023 IEEE International Workshop on Technologies for Defense and Security (TechDefense),IEEE_Xplore,10.1109/TechDefense59795.2023.10380959,INCLUDE,High,Meets all SLR inclusion criteria for GPS-denied localization/navigation algorithm and platform validation.,['UAV'],['Unspecified'],"['Camera', 'IMU']",[],True,False,resp_00108.json
109,Application of mmWave Radar Sensors for Autonomous Robotics Navigation,X. Huang; N. Patel; K. P. Tsoi,2023,2023 IEEE Asia-Pacific Conference on Computer Science and Data Engineering (CSDE),IEEE_Xplore,10.1109/CSDE59766.2023.10487689,INCLUDE,High,Meets all SLR inclusion criteria for GPS-denied localization/navigation algorithm and platform validation.,['UGV'],['Indoor'],['Radar'],[],True,False,resp_00109.json
110,GPS-Denied Autonomous Navigation: A Sensor Fusion and Real-Time Image Processing Approach,J. P; K. S; J. S. M; M. V; H. R,2025,2025 1st International Conference on Radio Frequency Communication and Networks (RFCoN),IEEE_Xplore,10.1109/RFCoN62306.2025.11085214,INCLUDE,High,Meets all SLR inclusion criteria for GPS-denied localization/navigation algorithm and platform validation.,['General Robotics'],"['Underground', 'Urban', 'Forest/Outdoor']","['Camera', 'IMU', 'LiDAR', 'Radio/UWB']",['Kalman Filtering'],True,False,resp_00110.json
111,Position Estimation for Drones based on Visual SLAM and IMU in GPS-denied Environment,H. D. K. Motlagh; F. Lotfi; H. D. Taghirad; S. B. Germi,2019,2019 7th International Conference on Robotics and Mechatronics (ICRoM),IEEE_Xplore,10.1109/ICRoM48714.2019.9071826,INCLUDE,High,Meets all SLR inclusion criteria for GPS-denied localization/navigation algorithm and platform validation.,['UAV'],['Unspecified'],"['Camera', 'IMU', 'Radio/UWB']","['SLAM', 'Kalman Filtering']",True,False,resp_00111.json
112,Navigation System for Mobile Robot using RGBD Sensor based on Probabilistic Roadmaps,C. Zhou; J. Liu,2019,"2019 IEEE 4th Advanced Information Technology, Electronic and Automation Control Conference (IAEAC)",IEEE_Xplore,10.1109/IAEAC47372.2019.8997926,INCLUDE,High,Meets all SLR inclusion criteria for GPS-denied localization/navigation algorithm and platform validation.,['UGV'],['Indoor'],['LiDAR'],['SLAM'],True,False,resp_00112.json
113,Design and Real-Time Implementation of an Autonomous Indoor Navigation System for Service Robots,M. Indriani; M. F. Alrizki; M. D. H. Chandra; S. Dwijayanti; B. Y. Suprapto; Rendyansyah,2026,2026 2nd International Conference on Smart Mechatronics (ICSMech),IEEE_Xplore,10.1109/ICSMech69390.2026.11647210,INCLUDE,High,Meets all SLR inclusion criteria for GPS-denied localization/navigation algorithm and platform validation.,['General Robotics'],"['Indoor', 'Underground']","['IMU', 'LiDAR', 'Radio/UWB']","['VIO', 'SLAM']",True,False,resp_00113.json
114,Resilient Navigation for UAVs: GNSS Attack Detection and Seamless Transition to Visual-Inertial Localization,S. R. Akkala; H. Allaka,2025,2025 IEEE 22nd India Council International Conference (INDICON),IEEE_Xplore,10.1109/INDICON68490.2025.11392970,INCLUDE,High,Meets all SLR inclusion criteria for GPS-denied localization/navigation algorithm and platform validation.,['UAV'],['Adversarial'],"['Camera', 'IMU', 'Radio/UWB']",['VIO'],True,False,resp_00114.json
115,Low Computational Data Fusion Approach Using INS and UWB for UAV Navigation Tasks in GPS-Denied Environments,X. Kong; G. Fang; L. Liu; T. P. Tran,2019,"2019 20th International Conference on Parallel and Distributed Computing, Applications and Technologies (PDCAT)",IEEE_Xplore,10.1109/PDCAT46702.2019.00080,INCLUDE,High,Meets all SLR inclusion criteria for GPS-denied localization/navigation algorithm and platform validation.,['UAV'],['Unspecified'],"['IMU', 'Radio/UWB']","['Kalman Filtering', 'Radio Ranging']",True,False,resp_00115.json
116,Designing xDR Challenge 2025 to Evaluate Localization Performance of Smartphone with Navigation Robot for People with Visual Impairment,S. Ogiso; R. Ichikari; A. Sato; D. Sato; T. Miura; M. Kourogi; T. Okuma; T. Tanabe; T. Kurata,2025,2025 IEEE International Symposium on Mixed and Augmented Reality Adjunct (ISMAR-Adjunct),IEEE_Xplore,10.1109/ISMAR-Adjunct68609.2025.00093,INCLUDE,High,Meets all SLR inclusion criteria for GPS-denied localization/navigation algorithm and platform validation.,['UGV'],['Indoor'],"['Camera', 'Radio/UWB']",['Radio Ranging'],True,False,resp_00116.json
117,Accurate Multi-UAV Positioning in Complex Environments Using UWB-Aided GNSS/INS Fusion,M. Ren; J. Wei; Y. Xiao; H. Wang; S. Li; J. Huang,2025,"2025 7th International Conference on Internet of Things, Automation and Artificial Intelligence (IoTAAI)",IEEE_Xplore,10.1109/IoTAAI66837.2025.11213278,INCLUDE,High,Meets all SLR inclusion criteria for GPS-denied localization/navigation algorithm and platform validation.,['UAV'],"['Urban', 'Adversarial']","['IMU', 'Radio/UWB']","['Kalman Filtering', 'Radio Ranging']",True,False,resp_00117.json
118,A Vision-Aided Navigation System by Ground-Aerial Vehicle Cooperation for UAV in GNSS-Denied Environments,Z. -H. Wang; T. Zhang; K. -Y. Qin; B. Zhu,2018,"2018 IEEE CSAA Guidance, Navigation and Control Conference (CGNCC)",IEEE_Xplore,10.1109/GNCC42960.2018.9019191,INCLUDE,High,Meets all SLR inclusion criteria for GPS-denied localization/navigation algorithm and platform validation.,['UAV'],"['Indoor', 'Urban']","['Camera', 'IMU', 'Radio/UWB']",['SLAM'],True,False,resp_00118.json
119,Indoor navigation with smartphone-based visual SLAM and Bluetooth-connected wheel-robot,W. -W. Kao; B. Q. Huy,2013,2013 CACS International Automatic Control Conference (CACS),IEEE_Xplore,10.1109/CACS.2013.6734167,INCLUDE,High,Meets all SLR inclusion criteria for GPS-denied localization/navigation algorithm and platform validation.,['UGV'],['Indoor'],"['Camera', 'IMU', 'Radio/UWB']",['SLAM'],True,False,resp_00119.json
120,Localization Using Single Camera and Lidar in GPS-Denied Environments,H. Lezki; İ. Ş. Yetik,2020,2020 28th Signal Processing and Communications Applications Conference (SIU),IEEE_Xplore,10.1109/SIU49456.2020.9302512,INCLUDE,High,Meets all SLR inclusion criteria for GPS-denied localization/navigation algorithm and platform validation.,['UGV'],['Unspecified'],"['Camera', 'IMU', 'LiDAR', 'Radio/UWB']",[],True,False,resp_00120.json
121,A navigation scheme for autonomous mobile service robots working in GPS denied commercial indoor spaces,R. A. Deshmukh; M. A. Hasamnis,2023,"2023 International Conference on Communication, Circuits, and Systems (IC3S)",IEEE_Xplore,10.1109/IC3S57698.2023.10169514,INCLUDE,High,Meets all SLR inclusion criteria for GPS-denied localization/navigation algorithm and platform validation.,['UGV'],['Indoor'],['Radio/UWB'],[],True,False,resp_00121.json
123,Visual-based landing system of a multirotor UAV in GNSS denied environment,A. Marut; P. Wojciechowski; K. Wojtowicz; K. Falkowski,2023,2023 IEEE 10th International Workshop on Metrology for AeroSpace (MetroAeroSpace),IEEE_Xplore,10.1109/MetroAeroSpace57412.2023.10190013,INCLUDE,High,Meets all SLR inclusion criteria for GPS-denied localization/navigation algorithm and platform validation.,['UAV'],['Unspecified'],"['Camera', 'Radio/UWB']",['Deep Learning'],True,False,resp_00123.json
124,Map-Aided UAV Visual Localization via Visual Odometry and Orthophoto Map Alignment,Y. Zhang; Q. Yi; Y. Zong; Z. Yan; H. He,2026,2026 2nd International Conference on Unmanned Systems and Technology (UST),IEEE_Xplore,10.1109/UST70584.2026.11663724,INCLUDE,High,Meets all SLR inclusion criteria for GPS-denied localization/navigation algorithm and platform validation.,['UAV'],['Unspecified'],"['Camera', 'Radio/UWB']",[],True,False,resp_00124.json
125,Autonomous Cross-Floor Navigation System for a ROS-Based Modular Service Robot,W. -H. Wang; Y. -H. Chien; H. -H. Chiang; W. -Y. Wang; C. -C. Hsu,2019,2019 International Conference on Machine Learning and Cybernetics (ICMLC),IEEE_Xplore,10.1109/ICMLC48188.2019.8949176,INCLUDE,High,Meets all SLR inclusion criteria for GPS-denied localization/navigation algorithm and platform validation.,['General Robotics'],['Unspecified'],['LiDAR'],['Deep Learning'],True,False,resp_00125.json
126,Implementation of a 4D fast SLAM including volumetric sum of the UAV,A. Aditya,2012,2012 Sixth International Conference on Sensing Technology (ICST),IEEE_Xplore,10.1109/ICSensT.2012.6461785,INCLUDE,High,Meets all SLR inclusion criteria for GPS-denied localization/navigation algorithm and platform validation.,"['UAV', 'UGV']","['Indoor', 'Forest/Outdoor']","['Camera', 'IMU', 'LiDAR', 'Radio/UWB']","['SLAM', 'Radio Ranging']",True,False,resp_00126.json
127,Embedded Mobile ROS Platform for SLAM Application with RGB-D Cameras,A. Newman; G. Yang; B. Wang; D. Arnold; J. Saniie,2020,2020 IEEE International Conference on Electro Information Technology (EIT),IEEE_Xplore,10.1109/EIT48999.2020.9208310,INCLUDE,High,Meets all SLR inclusion criteria for GPS-denied localization/navigation algorithm and platform validation.,['General Robotics'],['Indoor'],"['Camera', 'IMU', 'Radio/UWB']",['SLAM'],True,False,resp_00127.json
128,Magnetic-map-matching Navigation For Odometry Using Low-cost Mobile Robot,Y. H. Kim; Y. Seo Kwon; J. W. Song,2020,"2020 IEEE Eurasia Conference on IOT, Communication and Engineering (ECICE)",IEEE_Xplore,10.1109/ECICE50847.2020.9301933,INCLUDE,High,Meets all SLR inclusion criteria for GPS-denied localization/navigation algorithm and platform validation.,['UGV'],['Unspecified'],['IMU'],[],True,False,resp_00128.json
129,Factor Graph Optimization based Sensor Fusion Positioning Algorithm for UAV in GPS-denied Environment,C. Wang; A. Kuanysh; X. Zhao; H. Liang; B. Yang,2025,"2025 4th International Conference on Artificial Intelligence, Human-Computer Interaction and Robotics (AIHCIR)",IEEE_Xplore,10.1109/AIHCIR67580.2025.11405273,INCLUDE,High,Meets all SLR inclusion criteria for GPS-denied localization/navigation algorithm and platform validation.,['UAV'],['Unspecified'],"['IMU', 'Radio/UWB']","['Factor Graph Optimization', 'Radio Ranging']",True,False,resp_00129.json
130,Triangulation-Enhanced WiFi-Based Autonomous Localization and Navigation System: A Low-Cost Approach,S. A. Kharmeh; E. Natsheh; R. Nasrallah; M. Masri,2024,2024 22nd International Conference on Research and Education in Mechatronics (REM),IEEE_Xplore,10.1109/REM63063.2024.10735691,INCLUDE,High,Meets all SLR inclusion criteria for GPS-denied localization/navigation algorithm and platform validation.,['General Robotics'],"['Indoor', 'Underground']",['Radio/UWB'],[],True,False,resp_00130.json
131,Digital Twin for Drone Indoor Autonomous Navigation,M. J. Kumar; S. Singh; A. Saneen; D. Thomas,2026,IEEE Sensors Letters,IEEE_Xplore,10.1109/LSENS.2025.3642424,INCLUDE,High,Meets all SLR inclusion criteria for GPS-denied localization/navigation algorithm and platform validation.,['UAV'],['Indoor'],"['Camera', 'LiDAR', 'Radio/UWB']","['Deep Learning', 'Factor Graph Optimization']",True,False,resp_00131.json
132,"Self-positioning for UAV indoor navigation based on 3D laser scanner, UWB and INS",K. Li; C. Wang; S. Huang; G. Liang; X. Wu; Y. Liao,2016,2016 IEEE International Conference on Information and Automation (ICIA),IEEE_Xplore,10.1109/ICInfA.2016.7831874,INCLUDE,High,Meets all SLR inclusion criteria for GPS-denied localization/navigation algorithm and platform validation.,['UAV'],['Indoor'],"['IMU', 'LiDAR', 'Radio/UWB']","['Kalman Filtering', 'Radio Ranging']",True,False,resp_00132.json
133,Dual-Layer Path Planning With Pose SLAM for Autonomous Exploration in GPS-Denied Environments,S. Zhang; R. Cui; W. Yan; Y. Li,2024,IEEE Transactions on Industrial Electronics,IEEE_Xplore,10.1109/TIE.2023.3288187,INCLUDE,High,Meets all SLR inclusion criteria for GPS-denied localization/navigation algorithm and platform validation.,['General Robotics'],['Unspecified'],"['IMU', 'Radio/UWB']","['VIO', 'SLAM']",True,False,resp_00133.json
134,Cooperative Localization of Multi-Agent Autonomous Aerial Vehicle (AAV) Networks in Intelligent Transportation Systems,S. Shahkar,2025,IEEE Open Journal of Intelligent Transportation Systems,IEEE_Xplore,10.1109/OJITS.2025.3531363,INCLUDE,High,Meets all SLR inclusion criteria for GPS-denied localization/navigation algorithm and platform validation.,['UAV'],['Underground'],"['IMU', 'Radio/UWB']","['SLAM', 'Radio Ranging']",True,False,resp_00134.json
135,Task-driven SLAM Benchmarking for Robot Navigation,Y. Du; S. Feng; C. G. Cort; P. A. Vela,2025,2025 IEEE/RSJ International Conference on Intelligent Robots and Systems (IROS),IEEE_Xplore,10.1109/IROS60139.2025.11246415,INCLUDE,High,Meets all SLR inclusion criteria for GPS-denied localization/navigation algorithm and platform validation.,['UGV'],['Indoor'],"['Camera', 'IMU', 'LiDAR', 'Radio/UWB']",['SLAM'],True,False,resp_00135.json
136,A Novel Positioning Method for UAV in GNSS-Denied Environments Based on Mechanical Antenna,Y. Cui; C. Wang; Q. Hu; B. Xu; X. Song; Z. Yuan; Y. Zhu,2024,IEEE Transactions on Industrial Electronics,IEEE_Xplore,10.1109/TIE.2023.3347859,INCLUDE,High,Meets all SLR inclusion criteria for GPS-denied localization/navigation algorithm and platform validation.,['UAV'],['Underground'],"['IMU', 'Radio/UWB']",['Factor Graph Optimization'],True,False,resp_00136.json
137,Multi-UAVs Cooperative Localization with Deep Reinforcement Learning in GPS-Denied Environment,Z. Wu; K. Wan; C. He; Y. Fan; H. Qiang; Y. Wu,2025,2025 IEEE International Conference on Unmanned Systems (ICUS),IEEE_Xplore,10.1109/ICUS66297.2025.11294564,INCLUDE,High,Meets all SLR inclusion criteria for GPS-denied localization/navigation algorithm and platform validation.,['UAV'],['Adversarial'],"['IMU', 'Radio/UWB']",['Kalman Filtering'],True,False,resp_00137.json
138,Autonomous Exploration and Mapping System Using Heterogeneous UAVs and UGVs in GPS-Denied Environments,H. Qin; Z. Meng; W. Meng; X. Chen; H. Sun; F. Lin; M. H. Ang,2019,IEEE Transactions on Vehicular Technology,IEEE_Xplore,10.1109/TVT.2018.2890416,INCLUDE,High,Meets all SLR inclusion criteria for GPS-denied localization/navigation algorithm and platform validation.,"['UAV', 'UGV']",['Unspecified'],['IMU'],['SLAM'],True,False,resp_00138.json
139,Scalable and precise multi-UAV indoor navigation using TDOA-based UWB localization,J. Tiemann; C. Wietfeld,2017,2017 International Conference on Indoor Positioning and Indoor Navigation (IPIN),IEEE_Xplore,10.1109/IPIN.2017.8115937,INCLUDE,High,Meets all SLR inclusion criteria for GPS-denied localization/navigation algorithm and platform validation.,['UAV'],['Indoor'],"['IMU', 'Radio/UWB']",['Radio Ranging'],True,False,resp_00139.json
140,Deploy Indoor 2D Laser SLAM on a Raspberry Pi-Based Mobile Robot,M. Liao; D. Wang; H. Yang,2019,2019 11th International Conference on Intelligent Human-Machine Systems and Cybernetics (IHMSC),IEEE_Xplore,10.1109/IHMSC.2019.10097,INCLUDE,High,Meets all SLR inclusion criteria for GPS-denied localization/navigation algorithm and platform validation.,['UGV'],['Indoor'],"['IMU', 'LiDAR']",['SLAM'],True,False,resp_00140.json
141,Mini Mapper: Cost-Effective Indoor Mapping and Navigation using Nano Drone,T. Samavedula; S. Mohapatra; S. K. Nayak,2025,2025 17th International Conference on COMmunication Systems and NETworks (COMSNETS),IEEE_Xplore,10.1109/COMSNETS63942.2025.10885580,INCLUDE,High,Meets all SLR inclusion criteria for GPS-denied localization/navigation algorithm and platform validation.,['UAV'],['Indoor'],"['Camera', 'IMU', 'LiDAR', 'Radio/UWB']",[],True,False,resp_00141.json
142,Deep Learning Integration for Indoor Navigation and Aerial Tracking Via Siamese Architectures and Multi-Scale Feature Fusion,N. N. Shwetha; V. Dalal; C. Singh; A. Jadhav; S. V. Patil; S. Gadag,2025,2025 IEEE International Conference on Intelligent Signal Processing and Effective Communication Technologies (INSPECT),IEEE_Xplore,10.1109/INSPECT67393.2025.11350754,INCLUDE,High,Meets all SLR inclusion criteria for GPS-denied localization/navigation algorithm and platform validation.,['General Robotics'],['Indoor'],[],['Deep Learning'],True,False,resp_00142.json
143,A UWB navigation system aided by sensor-based autonomous algorithm - Deployment and experiment in shopping mall,T. Kagawa; H. -B. Li; R. Miura,2014,2014 International Symposium on Wireless Personal Multimedia Communications (WPMC),IEEE_Xplore,10.1109/WPMC.2014.7014890,INCLUDE,High,Meets all SLR inclusion criteria for GPS-denied localization/navigation algorithm and platform validation.,['General Robotics'],['Indoor'],"['IMU', 'Radio/UWB']",['Radio Ranging'],True,False,resp_00143.json
144,Robust UAV Localization in GNSS-Denied Environments via Efficient Visual Scene Matching–Inertial Fusion,Z. Zhang; B. Zhang; M. Lv; S. Liu; J. Xue; H. Wei,2025,2025 6th International Conference on Computers and Artificial Intelligence Technology (CAIT),IEEE_Xplore,10.1109/CAIT68620.2025.11424858,INCLUDE,High,Meets all SLR inclusion criteria for GPS-denied localization/navigation algorithm and platform validation.,['UAV'],['Adversarial'],"['Camera', 'IMU', 'Radio/UWB']","['VIO', 'Kalman Filtering']",True,False,resp_00144.json
145,"Underwater Navigation, Localization and Path Planning for Autonomous Vehicles: A Review",F. Jalal; F. Nasir,2021,2021 International Bhurban Conference on Applied Sciences and Technologies (IBCAST),IEEE_Xplore,10.1109/IBCAST51254.2021.9393315,INCLUDE,High,Meets all SLR inclusion criteria for GPS-denied localization/navigation algorithm and platform validation.,['USV/AUV'],['Unspecified'],"['IMU', 'Radio/UWB', 'Sonar/DVL']",[],True,False,resp_00145.json
146,QR-Code Guided Autonomous Medical Assistant Robot for Indoor Hospital Environments,V. Mhadeshwar; N. Shaligram; P. Lathi; C. Yenge; M. K. Shukla; S. Sayyad; J. Bali; A. Kanwar,2025,2025 3rd World Conference on Communication & Computing (WCONF),IEEE_Xplore,10.1109/WCONF64849.2025.11233784,INCLUDE,High,Meets all SLR inclusion criteria for GPS-denied localization/navigation algorithm and platform validation.,['UGV'],['Indoor'],"['Camera', 'LiDAR', 'Radio/UWB']",['SLAM'],True,False,resp_00146.json
147,Real-time Indoor Navigation of UAV Based on Visual Delay Compensation,J. Li; S. Xu; Y. Liu; X. Liu; Z. Li; F. Zhang,2019,2019 IEEE International Conference on Mechatronics and Automation (ICMA),IEEE_Xplore,10.1109/ICMA.2019.8816511,INCLUDE,High,Meets all SLR inclusion criteria for GPS-denied localization/navigation algorithm and platform validation.,['UAV'],"['Indoor', 'Underground', 'Urban']","['Camera', 'IMU']","['VIO', 'Kalman Filtering']",True,False,resp_00147.json
148,A framework for real time indoor robot navigation using Monte Carlo Localization and ORB feature detection,L. Zhenjun; H. Nisar; A. S. Malik,2014,The 18th IEEE International Symposium on Consumer Electronics (ISCE 2014),IEEE_Xplore,10.1109/ISCE.2014.6884401,INCLUDE,High,Meets all SLR inclusion criteria for GPS-denied localization/navigation algorithm and platform validation.,['General Robotics'],['Indoor'],['Radio/UWB'],[],True,False,resp_00148.json
149,Vision-Based Global Localization for UAVs Using Deep Convolutional Neural Networks,M. Elbalshy; S. Mostafa; A. M. Kamel,2026,2026 ICEENG International Conference for Innovations in Power and Control Systems (IPCS),IEEE_Xplore,10.1109/IPCS69631.2026.11604264,INCLUDE,High,Meets all SLR inclusion criteria for GPS-denied localization/navigation algorithm and platform validation.,['UAV'],['Unspecified'],"['Camera', 'Radio/UWB']","['VIO', 'Deep Learning', 'Radio Ranging']",True,False,resp_00149.json
150,Design of touch screen based robot with obstacle detection module for autonomous path navigation,S. R. Avutu; D. Bhatia; B. V. Reddy,2017,TENCON 2017 - 2017 IEEE Region 10 Conference,IEEE_Xplore,10.1109/TENCON.2017.8228212,INCLUDE,High,Meets all SLR inclusion criteria for GPS-denied localization/navigation algorithm and platform validation.,['General Robotics'],['Indoor'],[],[],True,False,resp_00150.json
151,Radio Beacons in Indoor Navigation,J. Vaščák; I. Savko,2018,2018 World Symposium on Digital Intelligence for Systems and Machines (DISA),IEEE_Xplore,10.1109/DISA.2018.8490529,INCLUDE,High,Meets all SLR inclusion criteria for GPS-denied localization/navigation algorithm and platform validation.,['UGV'],['Indoor'],['Radio/UWB'],['Kalman Filtering'],True,False,resp_00151.json
152,Preliminary Study on System Design of USBL-Aided Underwater Navigation for Hull Cleaning Robots,P. -M. Lee; S. -M. Kim; H. Baek; B. -H. Jun,2023,OCEANS 2023 - Limerick,IEEE_Xplore,10.1109/OCEANSLimerick52467.2023.10244253,INCLUDE,High,Meets all SLR inclusion criteria for GPS-denied localization/navigation algorithm and platform validation.,['USV/AUV'],['Unspecified'],['Sonar/DVL'],[],True,False,resp_00152.json
153,Indoor radar SLAM A radar application for vision and GPS denied environments,J. W. Marck; A. Mohamoud; E. vd Houwen; R. van Heijster,2013,2013 European Microwave Conference,IEEE_Xplore,10.23919/EuMC.2013.6687024,INCLUDE,High,Meets all SLR inclusion criteria for GPS-denied localization/navigation algorithm and platform validation.,['General Robotics'],"['Indoor', 'Underground']","['IMU', 'Radio/UWB', 'Radar']",['SLAM'],True,False,resp_00153.json
154,Development of a 3D Simultaneous Localization and Mapping System for Unmanned Aerial Vehicle Navigation,F. Demim; A. A. Messaoui; S. Benmansour; A. Z. Messaoui; Y. Aouimer; A. Rouigueb; O. Moumeni; A. Boutaghan; A. Nemra,2025,2025 2nd International Conference of Advanced Technology in Electronic and Electrical Engineering (ICATEEE),IEEE_Xplore,10.1109/ICATEEE68170.2025.11406252,INCLUDE,High,Meets all SLR inclusion criteria for GPS-denied localization/navigation algorithm and platform validation.,['UAV'],"['Indoor', 'Underground', 'Urban']","['IMU', 'LiDAR', 'Radio/UWB']","['SLAM', 'Kalman Filtering']",True,False,resp_00154.json
155,Cooperative Navigation and Guidance of a Micro-Scale Aerial Vehicle by an Accompanying UAV using 3D LiDAR Relative Localization,V. Pritzl; M. Vrba; P. Štĕpán; M. Saska,2022,2022 International Conference on Unmanned Aircraft Systems (ICUAS),IEEE_Xplore,10.1109/ICUAS54217.2022.9836116,INCLUDE,High,Meets all SLR inclusion criteria for GPS-denied localization/navigation algorithm and platform validation.,['UAV'],['Unspecified'],"['Camera', 'IMU', 'LiDAR', 'Radio/UWB']","['VIO', 'SLAM', 'Radio Ranging']",True,False,resp_00155.json
156,An improved MCS/INS integrated navigation algorithm for multi-rotor UAV in indoor flight,L. Zhang; J. -Z. Lai; P. Shi; S. Bao; J. -Y. Liu,2016,"2016 IEEE Chinese Guidance, Navigation and Control Conference (CGNCC)",IEEE_Xplore,10.1109/CGNCC.2016.7829115,INCLUDE,High,Meets all SLR inclusion criteria for GPS-denied localization/navigation algorithm and platform validation.,['UAV'],['Indoor'],"['IMU', 'Radio/UWB']",['Kalman Filtering'],True,False,resp_00156.json
157,LiDAR-Based Optimized Normal Distribution Transform Localization on 3-D Map for Autonomous Navigation,A. Thakur; P. Rajalakshmi,2024,IEEE Open Journal of Instrumentation and Measurement,IEEE_Xplore,10.1109/OJIM.2024.3412219,INCLUDE,High,Meets all SLR inclusion criteria for GPS-denied localization/navigation algorithm and platform validation.,['General Robotics'],['Indoor'],['LiDAR'],"['Factor Graph Optimization', 'Radio Ranging']",True,False,resp_00157.json
158,AINS: Affordable Indoor Navigation Solution via Line Color Identification Using Mono-Camera for Autonomous Vehicles,N. Maitlo; N. Noonari; K. Arshid; N. Ahmed; S. Duraisamy,2024,2024 IEEE 9th International Conference for Convergence in Technology (I2CT),IEEE_Xplore,10.1109/I2CT61223.2024.10544260,INCLUDE,High,Meets all SLR inclusion criteria for GPS-denied localization/navigation algorithm and platform validation.,['General Robotics'],['Indoor'],"['Camera', 'Radio/UWB']",[],True,False,resp_00158.json
159,A Study on the Performance Complementarity of RGB-D Visual SLAM and LiDAR SLAM in Indoor Navigation Tasks,W. Zhang; S. Wei,2026,"2026 7th International Conference on Computer Vision, Image and Deep Learning (CVIDL)",IEEE_Xplore,10.1109/CVIDL70130.2026.11637792,INCLUDE,High,Meets all SLR inclusion criteria for GPS-denied localization/navigation algorithm and platform validation.,['General Robotics'],['Indoor'],"['Camera', 'IMU', 'LiDAR', 'Radio/UWB']","['SLAM', 'Factor Graph Optimization']",True,False,resp_00159.json
160,An indoor navigation algorithm incorporating representation of Quasi-Static Environmental Object and glass surface detection using LRF sensor,T. Shiina; Z. Wang,2017,2017 IEEE International Conference on Robotics and Biomimetics (ROBIO),IEEE_Xplore,10.1109/ROBIO.2017.8324797,INCLUDE,High,Meets all SLR inclusion criteria for GPS-denied localization/navigation algorithm and platform validation.,['UGV'],['Indoor'],['Radio/UWB'],['SLAM'],True,False,resp_00160.json
161,Sensor Fusion for Autonomous Indoor UAV Navigation in Confined Spaces,A. James; A. Seth; E. Kuantama; S. Mukhopadhyay; R. Han,2023,2023 16th International Conference on Sensing Technology (ICST),IEEE_Xplore,10.1109/ICST59744.2023.10460820,INCLUDE,High,Meets all SLR inclusion criteria for GPS-denied localization/navigation algorithm and platform validation.,['UAV'],['Indoor'],"['Camera', 'IMU', 'LiDAR', 'Radio/UWB']",[],True,False,resp_00161.json
162,Monocular SLAM and Obstacle Removal for Indoor Navigation,S. Han; M. U. Ahmed; P. K. Rhee,2018,2018 International Conference on Machine Learning and Data Engineering (iCMLDE),IEEE_Xplore,10.1109/iCMLDE.2018.00023,INCLUDE,High,Meets all SLR inclusion criteria for GPS-denied localization/navigation algorithm and platform validation.,['General Robotics'],['Indoor'],"['Camera', 'IMU']","['VIO', 'SLAM', 'Deep Learning']",True,False,resp_00162.json
163,Autonomous Indoor Navigation for Wheelchairs using Signboards,A. D.S.; J. P. K.; R. R.; A. John,2019,2019 1st International Conference on Innovations in Information and Communication Technology (ICIICT),IEEE_Xplore,10.1109/ICIICT1.2019.8741462,INCLUDE,High,Meets all SLR inclusion criteria for GPS-denied localization/navigation algorithm and platform validation.,['UGV'],['Indoor'],['Radio/UWB'],['Deep Learning'],True,False,resp_00163.json
164,Autonomous Indoor Vehicle Navigation Using Modified Steering Velocity Obstacles,M. Fuad; T. Agustinah; D. Purwanto,2020,2020 International Seminar on Intelligent Technology and Its Applications (ISITIA),IEEE_Xplore,10.1109/ISITIA49792.2020.9163776,INCLUDE,High,Meets all SLR inclusion criteria for GPS-denied localization/navigation algorithm and platform validation.,['UGV'],"['Indoor', 'Urban']","['IMU', 'LiDAR', 'Radio/UWB']",[],True,False,resp_00164.json
165,UAV Cross-View Image Retrieval and Visual Geo-Localization in GNSS-Denied Environments,Y. -C. Tai; H. -Y. Shen; C. -P. Yi,2026,2026 IEEE International Conference on Consumer Electronics - Taiwan (ICCE-Taiwan),IEEE_Xplore,10.1109/ICCE-Taiwan71481.2026.11652687,INCLUDE,High,Meets all SLR inclusion criteria for GPS-denied localization/navigation algorithm and platform validation.,['UAV'],['Urban'],['Camera'],[],True,False,resp_00165.json
166,Dronav: Deep Learning Based Autonomous Drone Navigation System,A. Darapureddy; A. Guravana; T. Daniya; D. Potunuru; B. Rajesh; A. Vugiri,2024,2024 International Conference on Smart Technologies for Sustainable Development Goals (ICSTSDG),IEEE_Xplore,10.1109/ICSTSDG61998.2024.11026630,INCLUDE,High,Meets all SLR inclusion criteria for GPS-denied localization/navigation algorithm and platform validation.,['UAV'],['Unspecified'],"['IMU', 'Radio/UWB']","['SLAM', 'Deep Learning']",True,False,resp_00166.json
167,Study on underwater navigation of crawler type mining robot,Tae-Kyeong Yeu; Suk-Min Yoon; Seung-Jea Park; S. Hong; H. -W. Kim; Chang-Ho Lee; J. -S. Choi; Ki-Young Sung,2011,OCEANS'11 MTS/IEEE KONA,IEEE_Xplore,10.23919/OCEANS.2011.6107056,INCLUDE,High,Meets all SLR inclusion criteria for GPS-denied localization/navigation algorithm and platform validation.,['USV/AUV'],"['Underground', 'Urban']","['IMU', 'Sonar/DVL']",['Kalman Filtering'],True,False,resp_00167.json
168,GenNav: A Generic Indoor Navigation System for Mobile Robots,S. S. Harithas; B. Pardia,2020,"2020 Fourth International Conference on I-SMAC (IoT in Social, Mobile, Analytics and Cloud) (I-SMAC)",IEEE_Xplore,10.1109/I-SMAC49090.2020.9243504,INCLUDE,High,Meets all SLR inclusion criteria for GPS-denied localization/navigation algorithm and platform validation.,"['UAV', 'UGV']",['Indoor'],"['IMU', 'LiDAR']",['SLAM'],True,False,resp_00168.json
169,Design and Implementation of a Behavior-Based Navigation and Obstacle Avoidance System for Quadrotor UAVs in Indoor Environments Using RPLIDAR Sensor,M. Y. Mustar; B. S. Tryatmojo; R. A. Ghifari; M. Hisyam; M. A. F. Rizqullah; S. Wahyuni,2025,2025 5th International Conference on Electronic and Electrical Engineering and Intelligent System (ICE3IS),IEEE_Xplore,10.1109/ICE3IS66769.2025.11280889,INCLUDE,High,Meets all SLR inclusion criteria for GPS-denied localization/navigation algorithm and platform validation.,['UAV'],['Indoor'],"['IMU', 'LiDAR', 'Radio/UWB']","['VIO', 'SLAM']",True,False,resp_00169.json
170,Comparing UAV camera data with satellite imagery for global localization,O. Kozachuk; P. Prystavka,2024,2024 IEEE 7th International Conference on Actual Problems of Unmanned Aerial Vehicles Development (APUAVD),IEEE_Xplore,10.1109/APUAVD64488.2024.10765865,INCLUDE,High,Meets all SLR inclusion criteria for GPS-denied localization/navigation algorithm and platform validation.,['UAV'],['Adversarial'],"['Camera', 'Radio/UWB']",['VIO'],True,False,resp_00170.json
171,Cooperative Simultaneous Arrival of Unmanned Vehicles onto a Moving Target in GPS-Denied Environment,S. Misra; A. Chakraborty; R. Sharma; K. Brink,2018,2018 IEEE Conference on Decision and Control (CDC),IEEE_Xplore,10.1109/CDC.2018.8619652,INCLUDE,High,Meets all SLR inclusion criteria for GPS-denied localization/navigation algorithm and platform validation.,['General Robotics'],['Unspecified'],"['IMU', 'Radio/UWB']",['VIO'],True,False,resp_00171.json
172,Visual Localization with Offline Google Satellite Map-Assisted for Ground Vehicles in GNSS-Denied Environment,J. Wang; B. Mao; C. Pang; S. Liu; J. Guo; Z. Fang,2025,2025 IEEE/RSJ International Conference on Intelligent Robots and Systems (IROS),IEEE_Xplore,10.1109/IROS60139.2025.11247122,INCLUDE,High,Meets all SLR inclusion criteria for GPS-denied localization/navigation algorithm and platform validation.,['UGV'],['Urban'],"['Camera', 'Radio/UWB']",['SLAM'],True,False,resp_00172.json
173,Evaluation of a Commercially Available Autonomous Visual Inertial Odometry Solution for Indoor Navigation,A. Agarwal; J. R. Crouse; E. N. Johnson,2020,2020 International Conference on Unmanned Aircraft Systems (ICUAS),IEEE_Xplore,10.1109/ICUAS48674.2020.9213962,INCLUDE,High,Meets all SLR inclusion criteria for GPS-denied localization/navigation algorithm and platform validation.,['General Robotics'],['Indoor'],"['Camera', 'IMU', 'Radio/UWB']",['Kalman Filtering'],True,False,resp_00173.json
174,Aircraft Navigation in GNSS-Denied Environments via Radio SLAM With Terrestrial Signals of Opportunity,Z. M. Kassas; N. Khairallah; J. J. Khalife; C. Lee; J. Jurado; S. Wachtel; J. Duede; Z. Hoeffner; T. Hulsey; R. Quirarte; R. Tay,2024,IEEE Transactions on Intelligent Transportation Systems,IEEE_Xplore,10.1109/TITS.2024.3405908,INCLUDE,High,Meets all SLR inclusion criteria for GPS-denied localization/navigation algorithm and platform validation.,['General Robotics'],['Urban'],"['IMU', 'Radio/UWB']",['SLAM'],True,False,resp_00174.json
175,Design and Realization of Unmanned Vehicle Autonomous Navigation System Based on Binocular Camera,T. Guo; L. Lin; H. Liu; J. Li,2023,"2023 3rd International Conference on Computer Science, Electronic Information Engineering and Intelligent Control Technology (CEI)",IEEE_Xplore,10.1109/CEI60616.2023.10527947,INCLUDE,High,Meets all SLR inclusion criteria for GPS-denied localization/navigation algorithm and platform validation.,['General Robotics'],['Indoor'],"['Camera', 'IMU', 'Radio/UWB']",[],True,False,resp_00175.json
176,Design and Experimental Validation of an Autonomous USV for Sensor Fusion-Based Navigation in GNSS-Denied Environments,S. Cohen-Salmon; I. Klein,2025,OCEANS 2025 - Great Lakes,IEEE_Xplore,10.23919/OCEANS59106.2025.11244963,INCLUDE,High,Meets all SLR inclusion criteria for GPS-denied localization/navigation algorithm and platform validation.,['USV/AUV'],['Urban'],"['IMU', 'Radio/UWB', 'Sonar/DVL']",[],True,False,resp_00176.json
177,Mobile Robot Localization Based On Low-Cost LTE And Odometry In GPS-Denied Outdoor Environment,K. Ismail; R. Liu; J. Zheng; C. Yuen; Y. L. Guan; U. -X. Tan,2019,2019 IEEE International Conference on Robotics and Biomimetics (ROBIO),IEEE_Xplore,10.1109/ROBIO49542.2019.8961750,INCLUDE,High,Meets all SLR inclusion criteria for GPS-denied localization/navigation algorithm and platform validation.,['UGV'],"['Urban', 'Forest/Outdoor']",['Radio/UWB'],[],True,False,resp_00177.json
178,Enhancing UAV Autonomous Navigation in Indoor Environments Using Reinforcement Learning and Convolutional Neural Networks,H. Safarpour Motealegh Mahalegi; A. Farhadi; G. Molnár; E. Nagy,2024,2024 IEEE 22nd Jubilee International Symposium on Intelligent Systems and Informatics (SISY),IEEE_Xplore,10.1109/SISY62279.2024.10737528,INCLUDE,High,Meets all SLR inclusion criteria for GPS-denied localization/navigation algorithm and platform validation.,['UAV'],['Indoor'],['Radio/UWB'],['Deep Learning'],True,False,resp_00178.json
179,Wireless Local Positioning System for Controlled UAV Landing in GNSS-Denied Environment,T. Pavlenko; M. Schütz; M. Vossiek; T. Walter; S. Montenegro,2019,2019 IEEE 5th International Workshop on Metrology for AeroSpace (MetroAeroSpace),IEEE_Xplore,10.1109/MetroAeroSpace.2019.8869587,INCLUDE,High,Meets all SLR inclusion criteria for GPS-denied localization/navigation algorithm and platform validation.,['UAV'],['Unspecified'],"['Radio/UWB', 'Radar']",[],True,False,resp_00179.json
180,Autonomous Drone Navigation for Warehouse Inventory Using Fiducial Markers,Q. Zhang; C. Wilson; K. Onesy; C. M. Miranda; M. Y. Wang,2024,2024 Eighth IEEE International Conference on Robotic Computing (IRC),IEEE_Xplore,10.1109/IRC63610.2024.11053981,INCLUDE,High,Meets all SLR inclusion criteria for GPS-denied localization/navigation algorithm and platform validation.,['UAV'],['Indoor'],"['IMU', 'Radio/UWB']",[],True,False,resp_00180.json
181,Vision-Based GNSS-Free Localization for UAVs in the Wild,M. -M. Gurgu; J. P. Queralta; T. Westerlund,2022,2022 7th International Conference on Mechanical Engineering and Robotics Research (ICMERR),IEEE_Xplore,10.1109/ICMERR56497.2022.10097798,INCLUDE,High,Meets all SLR inclusion criteria for GPS-denied localization/navigation algorithm and platform validation.,['UAV'],['Urban'],"['Camera', 'Radio/UWB']",[],True,False,resp_00181.json
182,Indoor Navigation Using Adaptive Neuro Fuzzy Controller for Servant Robot,W. Budiharto; A. Jazidie; D. Purwanto,2010,2010 Second International Conference on Computer Engineering and Applications,IEEE_Xplore,10.1109/ICCEA.2010.119,INCLUDE,High,Meets all SLR inclusion criteria for GPS-denied localization/navigation algorithm and platform validation.,['General Robotics'],['Indoor'],[],[],True,False,resp_00182.json
183,Monocular Visual Odometry in Mobile Robot Navigation,S. Sellak; Y. Alj; Y. Salih-Alj,2024,"2024 IEEE 12th International Symposium on Signal, Image, Video and Communications (ISIVC)",IEEE_Xplore,10.1109/ISIVC61350.2024.10577766,INCLUDE,High,Meets all SLR inclusion criteria for GPS-denied localization/navigation algorithm and platform validation.,['UGV'],['Unspecified'],['Camera'],[],True,False,resp_00183.json
184,Stereo Vision SLAM for Autonomous Uncrewed Surface Vessels in GPS-Denied and Uncharted Ports,N. P. Santos; V. T. Viegas; V. Lobo,2026,OCEANS 2026 Sanya,IEEE_Xplore,10.1109/OCEANS66983.2026.11617078,INCLUDE,High,Meets all SLR inclusion criteria for GPS-denied localization/navigation algorithm and platform validation.,['USV/AUV'],['Adversarial'],"['Camera', 'IMU', 'Radio/UWB']",['SLAM'],True,False,resp_00184.json
185,Graph-SLAM Approach for Indoor UAV Localization in Warehouse Logistics Applications,A. Moura; J. Antunes; A. Dias; A. Martins; J. Almeida,2021,2021 IEEE International Conference on Autonomous Robot Systems and Competitions (ICARSC),IEEE_Xplore,10.1109/ICARSC52212.2021.9429791,INCLUDE,High,Meets all SLR inclusion criteria for GPS-denied localization/navigation algorithm and platform validation.,['UAV'],['Indoor'],[],['SLAM'],True,False,resp_00185.json
186,A Multi-Sensor Fusion Self-Localization System of a Miniature Underwater Robot in Structured and GPS-Denied Environments,H. Xing; Y. Liu; S. Guo; L. Shi; X. Hou; W. Liu; Y. Zhao,2021,IEEE Sensors Journal,IEEE_Xplore,10.1109/JSEN.2021.3120663,INCLUDE,High,Meets all SLR inclusion criteria for GPS-denied localization/navigation algorithm and platform validation.,['USV/AUV'],"['Indoor', 'Urban']","['IMU', 'Radio/UWB']",['Kalman Filtering'],True,False,resp_00186.json
187,Topological Indoor Localization and Navigation for Autonomous Mobile Robot,H. Cheng; H. Chen; Y. Liu,2015,IEEE Transactions on Automation Science and Engineering,IEEE_Xplore,10.1109/TASE.2014.2351814,INCLUDE,High,Meets all SLR inclusion criteria for GPS-denied localization/navigation algorithm and platform validation.,['UGV'],['Indoor'],[],[],True,False,resp_00187.json
188,Research on Indoor Navigation System of UAV Based on LIDAR,C. Xin; G. Wu; C. Zhang; K. Chen; J. Wang; X. Wang,2020,2020 12th International Conference on Measuring Technology and Mechatronics Automation (ICMTMA),IEEE_Xplore,10.1109/ICMTMA50254.2020.00166,INCLUDE,High,Meets all SLR inclusion criteria for GPS-denied localization/navigation algorithm and platform validation.,['UAV'],['Indoor'],"['LiDAR', 'Radio/UWB']",[],True,False,resp_00188.json
189,A Comparative Study of SLAM Algorithms for Indoor Navigation of Autonomous Wheelchairs,A. Juneja; L. Bhandari; H. Mohammadbagherpoor; A. Singh; E. Grant,2019,2019 IEEE International Conference on Cyborg and Bionic Systems (CBS),IEEE_Xplore,10.1109/CBS46900.2019.9114512,INCLUDE,High,Meets all SLR inclusion criteria for GPS-denied localization/navigation algorithm and platform validation.,['UGV'],['Indoor'],"['Camera', 'IMU', 'LiDAR', 'Radio/UWB']","['SLAM', 'Deep Learning']",True,False,resp_00189.json
190,Autonomous humanoid robot navigation using augmented reality technique,O. Mohareri; A. B. Rad,2011,2011 IEEE International Conference on Mechatronics,IEEE_Xplore,10.1109/ICMECH.2011.5971330,INCLUDE,High,Meets all SLR inclusion criteria for GPS-denied localization/navigation algorithm and platform validation.,['General Robotics'],"['Indoor', 'Forest/Outdoor']","['Camera', 'IMU', 'Radio/UWB']",[],True,False,resp_00190.json
191,Autonomous UAV Localization with Synthetic Aperture Radar,Y. Zhou; J. Qian; H. Lyu,2025,IGARSS 2025 - 2025 IEEE International Geoscience and Remote Sensing Symposium,IEEE_Xplore,10.1109/IGARSS55030.2025.11243676,INCLUDE,High,Meets all SLR inclusion criteria for GPS-denied localization/navigation algorithm and platform validation.,['UAV'],['Unspecified'],"['Camera', 'IMU', 'LiDAR', 'Radio/UWB', 'Radar']",['SLAM'],True,False,resp_00191.json
192,Visual-Based Deep Reinforcement Learning for Mobile Robot Obstacle Avoidance Navigation,Z. Nan; H. Nam,2023,2023 14th International Conference on Information and Communication Technology Convergence (ICTC),IEEE_Xplore,10.1109/ICTC58733.2023.10393297,INCLUDE,High,Meets all SLR inclusion criteria for GPS-denied localization/navigation algorithm and platform validation.,['UGV'],['Indoor'],"['Camera', 'LiDAR', 'Radio/UWB']",[],True,False,resp_00192.json
193,Development of a Small-Size Mobile Robot for Autonomous and Remote Indoor Navigation,H. A. Raut,2025,"2025 3rd International Conference on Advancements in Electrical, Electronics, Communication, Computing and Automation (ICAECA)",IEEE_Xplore,10.1109/ICAECA63854.2025.11012369,INCLUDE,High,Meets all SLR inclusion criteria for GPS-denied localization/navigation algorithm and platform validation.,['UGV'],['Indoor'],"['Camera', 'Radio/UWB']",[],True,False,resp_00193.json
194,Benchmarking Navigation Paradigms in GPS-Denied Environments: Insights from Simulated Multi-Modal Sensor Data,A. Hussain; M. Khurram,2026,2026 International Conference on Integrated Intelligence and Cognitive Engineering (ICIICE),IEEE_Xplore,10.1109/ICIICE69672.2026.11565150,INCLUDE,High,Meets all SLR inclusion criteria for GPS-denied localization/navigation algorithm and platform validation.,['UGV'],"['Indoor', 'Underground', 'Urban', 'Adversarial']",['IMU'],['Deep Learning'],True,False,resp_00194.json
195,An Autonomous Continuous Positioning Method for Low-Altitude UAVs Based on Image Recognition in GNSS-Denied Environments,T. Du; Y. Lin,2026,"2026 International Conference on Robotics, Automation and Intelligent Transportation Systems (RAITS)",IEEE_Xplore,10.1109/RAITS68656.2026.11580149,INCLUDE,High,Meets all SLR inclusion criteria for GPS-denied localization/navigation algorithm and platform validation.,['UAV'],"['Indoor', 'Urban']","['IMU', 'Radio/UWB']",[],True,False,resp_00195.json
196,Navigation of Simultaneous Localization and Mapping by Fusing RGB-D Camera and IMU on UAV,X. Dai; Y. Mao; T. Huang; B. Li; D. Huang,2019,"2019 CAA Symposium on Fault Detection, Supervision and Safety for Technical Processes (SAFEPROCESS)",IEEE_Xplore,10.1109/SAFEPROCESS45799.2019.9213339,INCLUDE,High,Meets all SLR inclusion criteria for GPS-denied localization/navigation algorithm and platform validation.,['UAV'],['Unspecified'],"['Camera', 'IMU', 'Radio/UWB']","['SLAM', 'Kalman Filtering']",True,False,resp_00196.json
197,Adaptive navigation and motion planning for a mobile track robot,B. H. Sudantha; K. A. S. N. Sumathipala; C. Premachandra; K. M. H. K. Warnakulasooriya; C. S. Elvitigala; Y. P. Jayasuriya,2017,2017 Joint 17th World Congress of International Fuzzy Systems Association and 9th International Conference on Soft Computing and Intelligent Systems (IFSA-SCIS),IEEE_Xplore,10.1109/IFSA-SCIS.2017.8023304,INCLUDE,High,Meets all SLR inclusion criteria for GPS-denied localization/navigation algorithm and platform validation.,['UGV'],['Indoor'],"['Camera', 'IMU', 'LiDAR', 'Radio/UWB']",[],True,False,resp_00197.json
198,Autonomous UAV Implementation for Facial Recognition and Tracking in GPS-Denied Environments,D. A. H. Ollachica; B. K. A. Asante; H. Imamura,2024,IEEE Access,IEEE_Xplore,10.1109/ACCESS.2024.3447899,INCLUDE,High,Meets all SLR inclusion criteria for GPS-denied localization/navigation algorithm and platform validation.,['UAV'],"['Indoor', 'Forest/Outdoor']",['Camera'],[],True,False,resp_00198.json
199,An Autonomous Simultaneous Localization and Mapping Walker for Indoor Navigation,P. Kashyap; M. Saleh; D. Shakhbulatov; Z. Dong,2018,2018 IEEE 39th Sarnoff Symposium,IEEE_Xplore,10.1109/SARNOF.2018.8720504,INCLUDE,High,Meets all SLR inclusion criteria for GPS-denied localization/navigation algorithm and platform validation.,['General Robotics'],['Indoor'],['IMU'],['SLAM'],True,False,resp_00199.json
200,An Integrated Learning-Based Ai Mobile Platform for Autonomous Navigation and Hazardous Fire Intelligence,T. D. M. Le; B. T. Ho; H. M. Tran; K. Wang; L. V. Tran; B. Q. Vuong; S. V. T. Dao,2025,2025 24th International Symposium on Communications and Information Technologies (ISCIT),IEEE_Xplore,10.1109/ISCIT67082.2025.11231444,INCLUDE,High,Meets all SLR inclusion criteria for GPS-denied localization/navigation algorithm and platform validation.,['UGV'],['Indoor'],['Radio/UWB'],"['SLAM', 'Deep Learning']",True,False,resp_00200.json
201,Cloud Based Indoor Navigation for ROS-enabled Automated Guided Vehicles,F. Okumuş; A. F. Kocamaz,2019,2019 International Artificial Intelligence and Data Processing Symposium (IDAP),IEEE_Xplore,10.1109/IDAP.2019.8875993,INCLUDE,High,Meets all SLR inclusion criteria for GPS-denied localization/navigation algorithm and platform validation.,['General Robotics'],['Indoor'],"['IMU', 'Radio/UWB']",[],True,False,resp_00201.json
202,Design of A Positioning System for UAV in GPS-denied Environment,Z. Qiu; T. Li; F. Wang,2022,2022 21st International Symposium on Communications and Information Technologies (ISCIT),IEEE_Xplore,10.1109/ISCIT55906.2022.9931225,INCLUDE,High,Meets all SLR inclusion criteria for GPS-denied localization/navigation algorithm and platform validation.,['UAV'],['Unspecified'],"['IMU', 'Radio/UWB']","['Kalman Filtering', 'Radio Ranging']",True,False,resp_00202.json
203,Topological Indoor Localization & Navigation for Autonomous Industrial Mobile Manipulator,H. Cheng; H. Chen; Y. Liu,2012,2012 11th International Conference on Machine Learning and Applications,IEEE_Xplore,10.1109/ICMLA.2012.48,INCLUDE,High,Meets all SLR inclusion criteria for GPS-denied localization/navigation algorithm and platform validation.,['UGV'],['Indoor'],[],[],True,False,resp_00203.json
204,Fusing Multiple Navigation Solutions for Autonomous Underwater Vehicles,A. Consensi; G. Salavasidis; F. Fanelli; D. Fenucci; A. B. Phillips,2024,2024 IEEE/OES Autonomous Underwater Vehicles Symposium (AUV),IEEE_Xplore,10.1109/AUV61864.2024.11030406,INCLUDE,High,Meets all SLR inclusion criteria for GPS-denied localization/navigation algorithm and platform validation.,['USV/AUV'],['Unspecified'],['Radio/UWB'],[],True,False,resp_00204.json
205,PhysNav-DG: A Novel Adaptive Framework for Robust VLM-Sensor Fusion in Navigation Applications,T. Srinivasan; S. Patapati,2025,2025 IEEE/CVF Conference on Computer Vision and Pattern Recognition Workshops (CVPRW),IEEE_Xplore,10.1109/CVPRW67362.2025.00653,INCLUDE,High,Meets all SLR inclusion criteria for GPS-denied localization/navigation algorithm and platform validation.,['General Robotics'],['Indoor'],['IMU'],['Kalman Filtering'],True,False,resp_00205.json
206,GPR Based Positioning System for Robust Autonomous Vehicle Navigation: A Low-Latency SLAM Framework with V2X Capabilities in Mixed-GPS Environments,A. P. Roy; M. Mohamoud; V. A. Masimukku; V. Krishna Uppununthala,2025,"2025 IEEE/ION Position, Location and Navigation Symposium (PLANS)",IEEE_Xplore,10.1109/PLANS61210.2025.11028481,INCLUDE,High,Meets all SLR inclusion criteria for GPS-denied localization/navigation algorithm and platform validation.,['General Robotics'],"['Urban', 'Forest/Outdoor', 'Adversarial']","['Camera', 'IMU', 'LiDAR', 'Radio/UWB', 'Radar']","['SLAM', 'Radio Ranging']",True,False,resp_00206.json
207,V2I-Based LiDAR and RSSI-Based Ranging-Assisted Visual-Inertial Odometry for Robust Ego Vehicle Localization in GPS-Denied Environments,D. Kim; B. Jung; J. Nam; S. Lim,2026,IEEE Access,IEEE_Xplore,10.1109/ACCESS.2026.3695055,INCLUDE,High,Meets all SLR inclusion criteria for GPS-denied localization/navigation algorithm and platform validation.,['General Robotics'],['Unspecified'],"['Camera', 'IMU', 'LiDAR', 'Radio/UWB']","['VIO', 'Radio Ranging']",True,False,resp_00207.json
208,UAV Pose Estimation in GNSS-Denied Environment Assisted by Satellite Imagery Deep Learning Features,H. Hou; Q. Xu; C. Lan; W. Lu; Y. Zhang; Z. Cui; J. Qin,2021,IEEE Access,IEEE_Xplore,10.1109/ACCESS.2020.3048342,INCLUDE,High,Meets all SLR inclusion criteria for GPS-denied localization/navigation algorithm and platform validation.,['UAV'],['Unspecified'],"['Camera', 'Radio/UWB']","['Deep Learning', 'Factor Graph Optimization']",True,False,resp_00208.json
209,Design and Implementation of an Autonomous Navigation Robot Using Ros and a Multi-Sensor Platform for Educational Applications,D. D. Tu; H. S. Phuong; L. V. Chuong; D. V. Nam; P. V. Du; L. N. Phuoc,2025,2025 2nd International Conference on Integration of Computational Intelligent System (ICICIS),IEEE_Xplore,10.1109/ICICIS65613.2025.11371170,INCLUDE,High,Meets all SLR inclusion criteria for GPS-denied localization/navigation algorithm and platform validation.,['UGV'],['Unspecified'],"['Camera', 'IMU', 'LiDAR', 'Radio/UWB']",[],True,False,resp_00209.json
210,SLAM-Based Autonomous Indoor Navigation System For Electric Wheelchairs,I. T. Lakmal; K. L. A. Nuwan Perera; H. A. Harindu Y. Sarathchandra; C. Premachandra,2020,2020 International Conference on Image Processing and Robotics (ICIP),IEEE_Xplore,10.1109/ICIP48927.2020.9367336,INCLUDE,High,Meets all SLR inclusion criteria for GPS-denied localization/navigation algorithm and platform validation.,['UGV'],['Indoor'],['LiDAR'],['SLAM'],True,False,resp_00210.json
211,SIA-KalmanNet: A Structurally Integrated Attention Kalman Filter for Multi-UAV Localization in Partially GNSS-Denied Environments,X. Xin; H. Zhou; X. Feng; F. Pan; J. Wang; Z. Li,2026,IEEE Internet of Things Journal,IEEE_Xplore,10.1109/JIOT.2025.3650118,INCLUDE,High,Meets all SLR inclusion criteria for GPS-denied localization/navigation algorithm and platform validation.,['UAV'],['Unspecified'],['IMU'],"['Kalman Filtering', 'Deep Learning']",True,False,resp_00211.json
212,ROS2-based locator optimized autonomous navigation robot,H. Liang; Y. Li; Q. Guo; J. Yang,2023,"2023 5th International Conference on Robotics, Intelligent Control and Artificial Intelligence (RICAI)",IEEE_Xplore,10.1109/RICAI60863.2023.10489438,INCLUDE,High,Meets all SLR inclusion criteria for GPS-denied localization/navigation algorithm and platform validation.,['UGV'],['Indoor'],[],[],True,False,resp_00212.json
213,A Multi-UAV System for Exploration and Target Finding in Cluttered and GPS-Denied Environments,X. Zhu; F. Vanegas; F. Gonzalez; C. Sanderson,2021,2021 International Conference on Unmanned Aircraft Systems (ICUAS),IEEE_Xplore,10.1109/ICUAS51884.2021.9476820,INCLUDE,High,Meets all SLR inclusion criteria for GPS-denied localization/navigation algorithm and platform validation.,['UAV'],"['Indoor', 'Underground', 'Urban']","['IMU', 'Radio/UWB']",[],True,False,resp_00213.json
214,Autonomous Unmanned Aerial Vehicle Indoor Navigation Based on Deep Learning Approaches,H. Ghasemi; E. Balazadeh; S. Malekpour; A. Kalhor; M. T. Masouleh,2023,2023 11th RSI International Conference on Robotics and Mechatronics (ICRoM),IEEE_Xplore,10.1109/ICRoM60803.2023.10412578,INCLUDE,High,Meets all SLR inclusion criteria for GPS-denied localization/navigation algorithm and platform validation.,['UAV'],['Indoor'],"['Camera', 'IMU', 'Radio/UWB']",['Deep Learning'],True,False,resp_00214.json
215,GPS-Denied UAV-UGV Relative Positioning System via Vision-UWB Fusion,G. Mingyang; K. Sagar; X. Ning,2023,2023 IEEE 18th Conference on Industrial Electronics and Applications (ICIEA),IEEE_Xplore,10.1109/ICIEA58696.2023.10241577,INCLUDE,High,Meets all SLR inclusion criteria for GPS-denied localization/navigation algorithm and platform validation.,"['UAV', 'UGV']",['Unspecified'],['Radio/UWB'],['Radio Ranging'],True,False,resp_00215.json
216,QR Code based Indoor Navigation for Mobile Robot,S. Anuvarshini; A. P. W. Raj; S.Pranesh; S. Kirubalan,2026,2026 9th International Conference on Trends in Electronics and Informatics (ICOEI),IEEE_Xplore,10.1109/ICOEI68323.2026.11541935,INCLUDE,High,Meets all SLR inclusion criteria for GPS-denied localization/navigation algorithm and platform validation.,['UGV'],['Indoor'],"['Camera', 'IMU', 'LiDAR', 'Radio/UWB']",['SLAM'],True,False,resp_00216.json
217,An Improved Indoor Navigation Scheme Based on Vision-Language Localization,Z. Xu; Z. Jia; X. Zhou; H. Wen; Y. Li,2021,2021 33rd Chinese Control and Decision Conference (CCDC),IEEE_Xplore,10.1109/CCDC52312.2021.9601828,INCLUDE,High,Meets all SLR inclusion criteria for GPS-denied localization/navigation algorithm and platform validation.,['General Robotics'],['Indoor'],"['LiDAR', 'Radio/UWB']",[],True,False,resp_00217.json
218,A Unified Error-State Kalman Filtering Framework for Multi-Sensor Navigation of Fixed-Wing UAVS in GNSS-Denied Scenarios,G. E. V. Hernandez; R. C. Fernandes; A. Sorokin; M. Korimi; F. O. Silva,2026,2026 International Conference on Unmanned Aircraft Systems (ICUAS),IEEE_Xplore,10.1109/ICUAS69441.2026.11598562,INCLUDE,High,Meets all SLR inclusion criteria for GPS-denied localization/navigation algorithm and platform validation.,['UAV'],['Adversarial'],"['Camera', 'IMU', 'Radio/UWB']","['VIO', 'Kalman Filtering', 'Deep Learning']",True,False,resp_00218.json
219,Comparison of Planned Path and Travelled Path Using ROS Navigation Stack,R. K. Megalingam; A. Rajendraprasad; S. K. Manoharan,2020,2020 International Conference for Emerging Technology (INCET),IEEE_Xplore,10.1109/INCET49848.2020.9154132,INCLUDE,High,Meets all SLR inclusion criteria for GPS-denied localization/navigation algorithm and platform validation.,['General Robotics'],['Unspecified'],['IMU'],[],True,False,resp_00219.json
220,Satellite Image Informed Path Planning for Improved Visual Localization of Unmanned Ground Vehicles in GNSS-Denied Environments,J. Westphal; A. Saucedo; M. DeLaTorre; A. Soylemezoglu,2025,"2025 IEEE/ION Position, Location and Navigation Symposium (PLANS)",IEEE_Xplore,10.1109/PLANS61210.2025.11028214,INCLUDE,High,Meets all SLR inclusion criteria for GPS-denied localization/navigation algorithm and platform validation.,['UGV'],['Unspecified'],"['Camera', 'LiDAR', 'Radar']",['SLAM'],True,False,resp_00220.json
221,Mobile robot indoor navigation,J. Černohorský; M. Novák,2016,2016 17th International Carpathian Control Conference (ICCC),IEEE_Xplore,10.1109/CarpathianCC.2016.7501084,INCLUDE,High,Meets all SLR inclusion criteria for GPS-denied localization/navigation algorithm and platform validation.,['UGV'],['Indoor'],[],['Kalman Filtering'],True,False,resp_00221.json
222,Indoor Vision Navigation and Target Tracking System for Aerial Robot,S. Li; J. Zhan; H. Lian; M. Huang; X. Gao; Z. Lu; W. Xu; G. Xu,2020,2020 2nd International Conference on Artificial Intelligence and Advanced Manufacture (AIAM),IEEE_Xplore,10.1109/AIAM50918.2020.00017,INCLUDE,High,Meets all SLR inclusion criteria for GPS-denied localization/navigation algorithm and platform validation.,['UAV'],['Indoor'],"['Camera', 'IMU', 'Radio/UWB']",['SLAM'],True,False,resp_00222.json
223,High-Accuracy Autonomous Navigation Algorithm For Long-Distance Land Navigation In GNSS-Denied Environments,X. Du; M. Wang; W. Wu; J. Cui,2021,2021 IEEE International Conference on Unmanned Systems (ICUS),IEEE_Xplore,10.1109/ICUS52573.2021.9641426,INCLUDE,High,Meets all SLR inclusion criteria for GPS-denied localization/navigation algorithm and platform validation.,['General Robotics'],"['Underground', 'Urban', 'Forest/Outdoor', 'Adversarial']","['IMU', 'LiDAR']",['Kalman Filtering'],True,False,resp_00223.json
224,An Autonomous Attitude Determination Algorithm Adapted to the Maneuvering for UAV,C. Xu,2025,2025 5th International Conference on Mechatronics Technology and Aerospace Engineering (ICMTAE),IEEE_Xplore,10.1109/ICMTAE66890.2025.11427995,INCLUDE,High,Meets all SLR inclusion criteria for GPS-denied localization/navigation algorithm and platform validation.,['UAV'],['Urban'],['IMU'],[],True,False,resp_00224.json
225,Smart Suitcase for Visually Challenged Individuals in Airport Environments using UWB and LiDAR Fusion SLAM: Morocco Case Study,Z. Marihi; A. Saih; I. Fakir; Y. Salih-Alj,2024,2024 10th International Conference on Mechatronics and Robotics Engineering (ICMRE),IEEE_Xplore,10.1109/ICMRE60776.2024.10532180,INCLUDE,High,Meets all SLR inclusion criteria for GPS-denied localization/navigation algorithm and platform validation.,['General Robotics'],['Indoor'],"['Camera', 'IMU', 'LiDAR', 'Radio/UWB']","['SLAM', 'Radio Ranging']",True,False,resp_00225.json
226,A Review of Underwater SLAM Technologies,H. Li; G. Wang; X. Li; Y. Lian,2023,"2023 5th International Conference on Robotics, Intelligent Control and Artificial Intelligence (RICAI)",IEEE_Xplore,10.1109/RICAI60863.2023.10489371,INCLUDE,High,Meets all SLR inclusion criteria for GPS-denied localization/navigation algorithm and platform validation.,['USV/AUV'],['Unspecified'],"['IMU', 'Radio/UWB']",['SLAM'],True,False,resp_00226.json
227,Robot Navigation in a Dynamically Changing Environment,V. N. Zhidkov; N. V. Kim; N. V. Udalova,2020,2020 International Multi-Conference on Industrial Engineering and Modern Technologies (FarEastCon),IEEE_Xplore,10.1109/FarEastCon50210.2020.9271534,INCLUDE,High,Meets all SLR inclusion criteria for GPS-denied localization/navigation algorithm and platform validation.,['General Robotics'],"['Indoor', 'Underground', 'Urban']","['Camera', 'IMU']","['VIO', 'Kalman Filtering', 'Deep Learning']",True,False,resp_00227.json
228,Secure Vision-Based Navigation for Drones in GPS-Denied Environments Using Machine Learning,M. Alja’Afreh; H. Adhami; Z. AbdelQader; K. Subuh; D. Muzuk; A. AlNimer; M. Al-Dalaien; A. Karime,2025,2025 7th International Conference on Blockchain Computing and Applications (BCCA),IEEE_Xplore,10.1109/BCCA66705.2025.11229450,INCLUDE,High,Meets all SLR inclusion criteria for GPS-denied localization/navigation algorithm and platform validation.,['UAV'],"['Indoor', 'Adversarial']","['IMU', 'Radio/UWB']","['SLAM', 'Deep Learning']",True,False,resp_00228.json
229,Simulation of Indoor Localization and Navigation of Turtlebot 3 using Real Time Object Detection,C. Nandkumar; P. Shukla; V. Varma,2021,2021 International Conference on Disruptive Technologies for Multi-Disciplinary Research and Applications (CENTCON),IEEE_Xplore,10.1109/CENTCON52345.2021.9687937,INCLUDE,High,Meets all SLR inclusion criteria for GPS-denied localization/navigation algorithm and platform validation.,['UGV'],['Indoor'],"['IMU', 'Radio/UWB']",[],True,False,resp_00229.json
230,Multi-Sensor Fusion-Assisted AGV Localization System in GNSS Denied Environments,Z. Kwok; M. Sun,2023,2023 IEEE 11th International Conference on Computer Science and Network Technology (ICCSNT),IEEE_Xplore,10.1109/ICCSNT58790.2023.10334553,INCLUDE,High,Meets all SLR inclusion criteria for GPS-denied localization/navigation algorithm and platform validation.,['General Robotics'],['Unspecified'],"['IMU', 'LiDAR', 'Radio/UWB', 'Radar']",['Kalman Filtering'],True,False,resp_00230.json
231,Enhanced UAV Indoor Navigation through SLAM-Augmented UWB Localization,J. Tiemann; A. Ramsey; C. Wietfeld,2018,2018 IEEE International Conference on Communications Workshops (ICC Workshops),IEEE_Xplore,10.1109/ICCW.2018.8403539,INCLUDE,High,Meets all SLR inclusion criteria for GPS-denied localization/navigation algorithm and platform validation.,['UAV'],"['Indoor', 'Forest/Outdoor']","['Camera', 'IMU', 'Radio/UWB']","['SLAM', 'Radio Ranging']",True,False,resp_00231.json
233,High-precision underwater navigation using model-referenced pose estimation with monocular vision,J. Park; J. Kim,2016,2016 IEEE/OES Autonomous Underwater Vehicles (AUV),IEEE_Xplore,10.1109/AUV.2016.7778661,INCLUDE,High,Meets all SLR inclusion criteria for GPS-denied localization/navigation algorithm and platform validation.,['USV/AUV'],['Unspecified'],"['Camera', 'Radio/UWB']",[],True,False,resp_00233.json
234,Mobile Robot Localization via Indoor Positioning System and Odometry Fusion,M. H. Nugraha; F. Abdul; L. Bramantyo; E. Rijanto; R. P. Saputra; O. Mahendra,2024,2024 IEEE International Conference on Smart Mechatronics (ICSMech),IEEE_Xplore,10.1109/ICSMech62936.2024.10812253,INCLUDE,High,Meets all SLR inclusion criteria for GPS-denied localization/navigation algorithm and platform validation.,['UGV'],['Indoor'],['Radio/UWB'],['Kalman Filtering'],True,False,resp_00234.json
235,Doorway detection for autonomous indoor navigation of unmanned vehicles,B. Kakillioglu; K. Ozcan; S. Velipasalar,2016,2016 IEEE International Conference on Image Processing (ICIP),IEEE_Xplore,10.1109/ICIP.2016.7533078,INCLUDE,High,Meets all SLR inclusion criteria for GPS-denied localization/navigation algorithm and platform validation.,['General Robotics'],['Indoor'],['LiDAR'],[],True,False,resp_00235.json
236,MANTIS: UAV for Indoor Logistic Operations,A. Dias; J. J. Martins; J. Antunes; A. Moura; J. Almeida,2024,2024 7th Iberian Robotics Conference (ROBOT),IEEE_Xplore,10.1109/ROBOT61475.2024.10796935,INCLUDE,High,Meets all SLR inclusion criteria for GPS-denied localization/navigation algorithm and platform validation.,['UAV'],['Indoor'],"['Camera', 'IMU', 'LiDAR', 'Radio/UWB']",['VIO'],True,False,resp_00236.json
238,Acoustic Positioning and Navigation System for GNSS Denied/Challenged Environments,R. Kapoor; A. Gardi; R. Sabatini,2020,"2020 IEEE/ION Position, Location and Navigation Symposium (PLANS)",IEEE_Xplore,10.1109/PLANS46316.2020.9110156,INCLUDE,High,Meets all SLR inclusion criteria for GPS-denied localization/navigation algorithm and platform validation.,['General Robotics'],['Urban'],"['IMU', 'Sonar/DVL']",['Radio Ranging'],True,False,resp_00238.json
239,Autonomous Flight Control Design Based on Multi-Sensor Fusion for a Low-Cost Quadrotor in GPS-Denied Environments,J. Guo; X. Zhang; Z. Huang; B. Li,2022,2022 7th Asia-Pacific Conference on Intelligent Robot Systems (ACIRS),IEEE_Xplore,10.1109/ACIRS55390.2022.9845557,INCLUDE,High,Meets all SLR inclusion criteria for GPS-denied localization/navigation algorithm and platform validation.,['UAV'],['Indoor'],['IMU'],['Kalman Filtering'],True,False,resp_00239.json
240,Hybrid Autonomous Navigation using Rapid Exploring Random Trees and Reinforcement Learning for Obstacle Avoidance,B. V. Ramudu; M. Margala; A. Shaik; P. Chakrabarti,2025,2025 4th International Conference on Innovative Mechanisms for Industry Applications (ICIMIA),IEEE_Xplore,10.1109/ICIMIA67127.2025.11200788,INCLUDE,High,Meets all SLR inclusion criteria for GPS-denied localization/navigation algorithm and platform validation.,['General Robotics'],['Unspecified'],['IMU'],['SLAM'],True,False,resp_00240.json
241,Aiding Radar Odometry with S-57 Nautical Charts for GNSS-free and Compass-free Pose Estimation,C. Denker; C. Wölper; S. Stäudte; J. Wilbertz,2025,2025 22nd European Radar Conference (EuRAD),IEEE_Xplore,10.23919/EuRAD65285.2025.11234259,INCLUDE,High,Meets all SLR inclusion criteria for GPS-denied localization/navigation algorithm and platform validation.,['General Robotics'],['Unspecified'],['Radar'],[],True,False,resp_00241.json
243,A concept of UAV indoor navigation system based on magnetic field measurements,B. Brzozowski; K. Kaźmierczak; Z. Rochala; M. Wojda; K. Wojtowicz,2016,2016 IEEE Metrology for Aerospace (MetroAeroSpace),IEEE_Xplore,10.1109/MetroAeroSpace.2016.7573291,INCLUDE,High,Meets all SLR inclusion criteria for GPS-denied localization/navigation algorithm and platform validation.,['UAV'],"['Indoor', 'Underground']",['Radio/UWB'],['VIO'],True,False,resp_00243.json
244,Cooperative Relative Localization for UAV Swarm in GNSS-Denied Environments,G. Lei; Y. Ping; T. Liang; H. Ding; T. Zhang,2025,GLOBECOM 2025 - 2025 IEEE Global Communications Conference,IEEE_Xplore,10.1109/GLOBECOM59602.2025.11432122,INCLUDE,High,Meets all SLR inclusion criteria for GPS-denied localization/navigation algorithm and platform validation.,['UAV'],['Unspecified'],[],['Radio Ranging'],True,False,resp_00244.json
245,GPS-Independent Indoor Navigation-Enabled Autonomous Wheeled Robot with Obstacle Avoidance,M. V. Vardhan; T. h. Sowmya; P. Y. Priya; S. N. Wahab; B. V. S. Babu; D. Bharadwaja,2025,"2025 3rd International Conference on Device Intelligence, Computing and Communication Technologies (DICCT)",IEEE_Xplore,10.1109/DICCT64131.2025.10986396,INCLUDE,High,Meets all SLR inclusion criteria for GPS-denied localization/navigation algorithm and platform validation.,['UGV'],['Indoor'],"['IMU', 'Radio/UWB']",[],True,False,resp_00245.json
246,UAV Platforms for Autonomous Navigation in GPS-Denied Environments for Search and Rescue Missions,E. Ngo; J. Ramirez; M. Medina-Soto; S. Dirksen; E. D. Victoriano; S. Bhandari,2022,2022 International Conference on Unmanned Aircraft Systems (ICUAS),IEEE_Xplore,10.1109/ICUAS54217.2022.9836181,INCLUDE,High,Meets all SLR inclusion criteria for GPS-denied localization/navigation algorithm and platform validation.,['UAV'],['Unspecified'],['IMU'],['SLAM'],True,False,resp_00246.json
247,Filtering-RRT for Autonomous Indoor Navigation,A. V. Singh; Y. Agrawal; R. Gupta; V. A. Bohara,2024,2024 16th International Conference on COMmunication Systems & NETworkS (COMSNETS),IEEE_Xplore,10.1109/COMSNETS59351.2024.10427090,INCLUDE,High,Meets all SLR inclusion criteria for GPS-denied localization/navigation algorithm and platform validation.,['General Robotics'],['Indoor'],['LiDAR'],['Radio Ranging'],True,False,resp_00247.json
248,An Optimization Framework for Efficient Vision-Based Autonomous Drone Navigation,M. Navardi; A. Shiri; E. Humes; N. R. Waytowich; T. Mohsenin,2022,2022 IEEE 4th International Conference on Artificial Intelligence Circuits and Systems (AICAS),IEEE_Xplore,10.1109/AICAS54282.2022.9869975,INCLUDE,High,Meets all SLR inclusion criteria for GPS-denied localization/navigation algorithm and platform validation.,['UAV'],['Unspecified'],"['Camera', 'Radio/UWB']","['Deep Learning', 'Factor Graph Optimization']",True,False,resp_00248.json
249,An Autonomously Guided Differential Drive Robot Base Using Asus® Xtion Pro Live,S. I. A. P. Diddeniya; J. Liyanage; W. K. I. L. Wanniarachchi; C. Premachandra; H. N. Gunasinghe,2020,2020 International Conference on Image Processing and Robotics (ICIP),IEEE_Xplore,10.1109/ICIP48927.2020.9367341,INCLUDE,High,Meets all SLR inclusion criteria for GPS-denied localization/navigation algorithm and platform validation.,['UGV'],['Indoor'],['Radio/UWB'],[],True,False,resp_00249.json
250,Fuzzy Based Indoor Navigation for Mobile Robots,M. Tóth; D. Stojcsics; Z. Domozi; I. Lovas,2018,2018 IEEE 16th International Symposium on Intelligent Systems and Informatics (SISY),IEEE_Xplore,10.1109/SISY.2018.8524842,INCLUDE,High,Meets all SLR inclusion criteria for GPS-denied localization/navigation algorithm and platform validation.,['UGV'],['Indoor'],"['Camera', 'Radio/UWB']",[],True,False,resp_00250.json
251,Underwater Navigation using Geomagnetic Field Variations,C. V. Kaji; R. C. Hoover; S. Ragi,2019,2019 IEEE International Conference on Electro Information Technology (EIT),IEEE_Xplore,10.1109/EIT.2019.8834192,INCLUDE,High,Meets all SLR inclusion criteria for GPS-denied localization/navigation algorithm and platform validation.,['USV/AUV'],['Unspecified'],[],['Deep Learning'],True,False,resp_00251.json
252,Particle Filter-Based Localization Using Visual Feature Synchronization in GNSS-Denied Navigation,A. Şanlan; H. T. Bağcı; E. Koyuncu,2025,"2025 Integrated Communications, Navigation and Surveillance Conference (ICNS)",IEEE_Xplore,10.1109/ICNS65417.2025.10976891,INCLUDE,High,Meets all SLR inclusion criteria for GPS-denied localization/navigation algorithm and platform validation.,['UAV'],['Unspecified'],"['Camera', 'IMU']",[],True,False,resp_00252.json
253,Smart Swarm Robot Navigation System Using Ceiling- Mounted Vision and MQTT Communication,T. L; K. S. R; H. S. S; M. R. C; J. A. S. N; T. S. Varier,2026,"2026 Second International Conference on Intelligent Systems for Communication, IoT and Security (ICISCoIS)",IEEE_Xplore,10.1109/ICISCoIS62701.2026.11447757,INCLUDE,High,Meets all SLR inclusion criteria for GPS-denied localization/navigation algorithm and platform validation.,['General Robotics'],['Indoor'],['Radio/UWB'],[],True,False,resp_00253.json
254,SIFT based monocular SLAM with multi-clouds features for indoor navigation,A. M. Ali; M. J. Nordin,2010,TENCON 2010 - 2010 IEEE Region 10 Conference,IEEE_Xplore,10.1109/TENCON.2010.5685972,INCLUDE,High,Meets all SLR inclusion criteria for GPS-denied localization/navigation algorithm and platform validation.,['General Robotics'],['Indoor'],['Camera'],"['SLAM', 'Kalman Filtering']",True,False,resp_00254.json
255,A stereo and rotating laser framework for UAV navigation in GPS denied environment,Hailong Qin; Yingcai Bi; K. Z. Y. Ang; Kangli Wang; Jiaxin Li; Menglu Lan; Mo Shan; F. Lin,2016,IECON 2016 - 42nd Annual Conference of the IEEE Industrial Electronics Society,IEEE_Xplore,10.1109/IECON.2016.7793246,INCLUDE,High,Meets all SLR inclusion criteria for GPS-denied localization/navigation algorithm and platform validation.,['UAV'],"['Indoor', 'Forest/Outdoor']","['Camera', 'LiDAR', 'Radio/UWB']",[],True,False,resp_00255.json
256,"Design, Implementation & Optimization of Indoor Autonomous Mobile Robotic System Using RGBD Camera and 2D Lidar",M. Singh; N. Joshi; H. D. Joshi; K. Singh; R. K. Duvedi,2025,"2025 IEEE 4th International Conference on Smart Technologies for Power, Energy and Control (STPEC)",IEEE_Xplore,10.1109/STPEC66316.2025.11490608,INCLUDE,High,Meets all SLR inclusion criteria for GPS-denied localization/navigation algorithm and platform validation.,['UGV'],['Indoor'],"['Camera', 'LiDAR', 'Radio/UWB']",['Factor Graph Optimization'],True,False,resp_00256.json
257,ROLATIN: Robust Localization and Tracking for Indoor Navigation of Drones,A. Famili; J. -M. J. Park,2020,2020 IEEE Wireless Communications and Networking Conference (WCNC),IEEE_Xplore,10.1109/WCNC45663.2020.9120619,INCLUDE,High,Meets all SLR inclusion criteria for GPS-denied localization/navigation algorithm and platform validation.,['UAV'],"['Indoor', 'Forest/Outdoor']","['IMU', 'Radio/UWB', 'Sonar/DVL']",[],True,False,resp_00257.json
258,Comparative Performance of Simultaneous Localization and Mapping Algorithms for Unmanned Aircraft Based Navigation Systems,G. Wild; L. Fang; T. Newnham; A. Fisher; J. Palmer; C. Nagahawatt,2018,2018 5th IEEE International Workshop on Metrology for AeroSpace (MetroAeroSpace),IEEE_Xplore,10.1109/MetroAeroSpace.2018.8453536,INCLUDE,High,Meets all SLR inclusion criteria for GPS-denied localization/navigation algorithm and platform validation.,['General Robotics'],['Unspecified'],['IMU'],['SLAM'],True,False,resp_00258.json
259,MAPFL: GNSS-Free Map-Based Particle Filter Localization for Autonomous Vehicles,S. Z. N. Zukhraf; N. Muhammad,2025,"2025 XXX International Conference on Information, Communication and Automation Technologies (ICAT)",IEEE_Xplore,10.1109/ICAT66432.2025.11189291,INCLUDE,High,Meets all SLR inclusion criteria for GPS-denied localization/navigation algorithm and platform validation.,['General Robotics'],['Unspecified'],"['Camera', 'IMU', 'Radio/UWB']",[],True,False,resp_00259.json
260,Deep Learning Techniques for Autonomous Navigation of Underwater Robots,J. P. Sasi; K. Nidhi Pandagre; A. Royappa; S. Walke; P. G; N. L,2023,"2023 10th IEEE Uttar Pradesh Section International Conference on Electrical, Electronics and Computer Engineering (UPCON)",IEEE_Xplore,10.1109/UPCON59197.2023.10434865,INCLUDE,High,Meets all SLR inclusion criteria for GPS-denied localization/navigation algorithm and platform validation.,['USV/AUV'],['Urban'],"['Camera', 'IMU', 'LiDAR', 'Radio/UWB', 'Sonar/DVL']","['SLAM', 'Deep Learning']",True,False,resp_00260.json
261,A new integrated navigation system for the indoor unmanned aerial vehicles (UAVs) based on the neural network predictive compensation,X. Guan; C. Cai,2018,2018 33rd Youth Academic Annual Conference of Chinese Association of Automation (YAC),IEEE_Xplore,10.1109/YAC.2018.8406440,INCLUDE,High,Meets all SLR inclusion criteria for GPS-denied localization/navigation algorithm and platform validation.,['UAV'],['Indoor'],"['LiDAR', 'Radio/UWB']","['Kalman Filtering', 'Deep Learning']",True,False,resp_00261.json
262,Multi-Agent Mapping and Navigation of Unknown GPS-Denied Environments Using a Relative Navigation Framework,J. M. Olson; N. A. Toombs; T. W. McLain,2020,2020 International Conference on Unmanned Aircraft Systems (ICUAS),IEEE_Xplore,10.1109/ICUAS48674.2020.9213860,INCLUDE,High,Meets all SLR inclusion criteria for GPS-denied localization/navigation algorithm and platform validation.,['UAV'],['Unspecified'],"['IMU', 'Radio/UWB']",['SLAM'],True,False,resp_00262.json
263,Sensor fusion for indoor navigation and tracking of automated guided vehicles,R. G. Yudanto; F. Petré,2015,2015 International Conference on Indoor Positioning and Indoor Navigation (IPIN),IEEE_Xplore,10.1109/IPIN.2015.7346941,INCLUDE,High,Meets all SLR inclusion criteria for GPS-denied localization/navigation algorithm and platform validation.,['UGV'],['Indoor'],"['IMU', 'Radio/UWB']","['Kalman Filtering', 'Radio Ranging']",True,False,resp_00263.json
264,Autonomous UAV Navigation for Target Detection in Visually Degraded and GPS Denied Environments,S. Boiteau; F. Vanegas; J. Sandino; F. Gonzalez; J. Galvez-Serna,2023,2023 IEEE Aerospace Conference,IEEE_Xplore,10.1109/AERO55745.2023.10115544,INCLUDE,High,Meets all SLR inclusion criteria for GPS-denied localization/navigation algorithm and platform validation.,['UAV'],"['Indoor', 'Adversarial']","['Camera', 'IMU', 'Radio/UWB']",['VIO'],True,False,resp_00264.json
265,Enhancing Underwater Navigation Through Cross-Correlation-Aware Deep INS/DVL Fusion,N. Cohen; I. Klein,2025,OCEANS 2025 - Great Lakes,IEEE_Xplore,10.23919/OCEANS59106.2025.11245115,INCLUDE,High,Meets all SLR inclusion criteria for GPS-denied localization/navigation algorithm and platform validation.,['USV/AUV'],"['Indoor', 'Urban']","['IMU', 'Sonar/DVL']","['Kalman Filtering', 'Deep Learning']",True,False,resp_00265.json
266,Single-Image Depth to 3D Path planning for Collision-Free Drone Navigation,R. J. Alitappeh; M. H. Bahar; A. Ramzanian,2025,2025 11th International Conference on Signal Processing and Intelligent Systems (ICSPIS),IEEE_Xplore,10.1109/ICSPIS68676.2025.11551755,INCLUDE,High,Meets all SLR inclusion criteria for GPS-denied localization/navigation algorithm and platform validation.,['UAV'],['Indoor'],"['Camera', 'Radio/UWB']",[],True,False,resp_00266.json
267,"SARATHI-DRONE: A Smart Drone for Autonomous Search, Rescue, and Human Identification",A. Tripathi; A. K. Singh; A. Tyagi; S. Garg,2026,2026 3rd International Conference on Advancements and Key Challenges in Green Energy and Computing (AKGEC),IEEE_Xplore,10.1109/AKGEC68790.2026.11485745,INCLUDE,High,Meets all SLR inclusion criteria for GPS-denied localization/navigation algorithm and platform validation.,['UAV'],['Unspecified'],"['Camera', 'Radio/UWB']",['SLAM'],True,False,resp_00267.json
268,Indoor Navigation and Control of Quadrotor UAV Based on Low Cost MCS,Y. Dai; Q. Zeng; J. Lai; K. Sun; Y. Zhou,2018,"2018 IEEE CSAA Guidance, Navigation and Control Conference (CGNCC)",IEEE_Xplore,10.1109/GNCC42960.2018.9018681,INCLUDE,High,Meets all SLR inclusion criteria for GPS-denied localization/navigation algorithm and platform validation.,['UAV'],['Indoor'],['IMU'],[],True,False,resp_00268.json
269,Toward Bio-Inspired Autonomous Navigation: Long-Range Marine AUV Navigation,A. Biondi; C. Cammelletti; R. Costanzi; P. Luschi; A. Pascoal,2025,OCEANS 2025 Brest,IEEE_Xplore,10.1109/OCEANS58557.2025.11104410,INCLUDE,High,Meets all SLR inclusion criteria for GPS-denied localization/navigation algorithm and platform validation.,['USV/AUV'],['Unspecified'],"['IMU', 'Radio/UWB']",[],True,False,resp_00269.json
270,Develop the Framework Conception for Hybrid Indoor Navigation for Monitoring inside Building using Quadcopter,S. Khruahong; O. Surinta,2019,2019 14th International Joint Symposium on Artificial Intelligence and Natural Language Processing (iSAI-NLP),IEEE_Xplore,10.1109/iSAI-NLP48611.2019.9045445,INCLUDE,High,Meets all SLR inclusion criteria for GPS-denied localization/navigation algorithm and platform validation.,['UAV'],['Indoor'],['Radio/UWB'],[],True,False,resp_00270.json
271,Hybrid IMU-Aided Approach for Optimized Visual Odometry,A. Mahmoud; M. M. Atia,2019,2019 IEEE Global Conference on Signal and Information Processing (GlobalSIP),IEEE_Xplore,10.1109/GlobalSIP45357.2019.8969460,INCLUDE,High,Meets all SLR inclusion criteria for GPS-denied localization/navigation algorithm and platform validation.,"['UAV', 'UGV']",['Unspecified'],"['Camera', 'IMU', 'Radio/UWB']","['VIO', 'Kalman Filtering']",True,False,resp_00271.json
272,Preliminary Results on Cooperative Localization of ASV and AUV Using Acoustic Relative Positioning,J. Choi; M. Kang; K. Choo; D. Kim; J. Park,2025,"2025 25th International Conference on Control, Automation and Systems (ICCAS)",IEEE_Xplore,10.23919/ICCAS66577.2025.11301245,INCLUDE,High,Meets all SLR inclusion criteria for GPS-denied localization/navigation algorithm and platform validation.,['USV/AUV'],['Unspecified'],"['IMU', 'Sonar/DVL']",['Kalman Filtering'],True,False,resp_00272.json
273,A Comparison of EKF and PF to Localize an Autonomous Underwater Vehicle (AUV) using Inertial Navigation System,B. Raza; M. Arshad; S. S. Haider Zaidi; M. Abdullah; F. Alam,2024,2024 21st International Bhurban Conference on Applied Sciences and Technology (IBCAST),IEEE_Xplore,10.1109/IBCAST61650.2024.10876904,INCLUDE,High,Meets all SLR inclusion criteria for GPS-denied localization/navigation algorithm and platform validation.,['USV/AUV'],['Unspecified'],['IMU'],['Kalman Filtering'],True,False,resp_00273.json
274,Navigation and control of unmanned aerial vehicles in GPS-denied environments,B. Chen,2014,2014 13th International Conference on Control Automation Robotics & Vision (ICARCV),IEEE_Xplore,10.1109/ICARCV.2014.7064483,INCLUDE,High,Meets all SLR inclusion criteria for GPS-denied localization/navigation algorithm and platform validation.,['UAV'],"['Indoor', 'Forest/Outdoor']",['Radio/UWB'],['Radio Ranging'],True,False,resp_00274.json
275,AUTO-PACK: Autonomous Robot for Efficient Medical Logistics in Hospital,M. S; P. P; S. S S; K. P; G. R; P. K S,2025,2025 3rd International Conference on Intelligent Data Communication Technologies and Internet of Things (IDCIoT),IEEE_Xplore,10.1109/IDCIOT64235.2025.10914788,INCLUDE,High,Meets all SLR inclusion criteria for GPS-denied localization/navigation algorithm and platform validation.,['General Robotics'],"['Indoor', 'Urban']","['IMU', 'Radio/UWB']",['SLAM'],True,False,resp_00275.json
276,Ultra-wideband Automatic Anchor's Localization for Indoor Path Tracking,A. Mahmoud; P. Coser; H. Sadruddin; M. Atia,2022,2022 IEEE Sensors,IEEE_Xplore,10.1109/SENSORS52175.2022.9967088,INCLUDE,High,Meets all SLR inclusion criteria for GPS-denied localization/navigation algorithm and platform validation.,['General Robotics'],['Indoor'],"['IMU', 'Radio/UWB']","['SLAM', 'Radio Ranging']",True,False,resp_00276.json
277,Semi-Autonomous Interaction Framework for Contact-Based Operations with Commercial UAVs IN GNSS-Denied Environments,A. González-Morgado; Q. Zhang; G. Damigos; E. Cuniato; T. Hui; E. Sahin; G. Nikolakopoulos; R. Siegwart; M. Fumagalli; A. Ollero; G. Heredia,2025,2025 International Conference on Unmanned Aircraft Systems (ICUAS),IEEE_Xplore,10.1109/ICUAS65942.2025.11007825,INCLUDE,High,Meets all SLR inclusion criteria for GPS-denied localization/navigation algorithm and platform validation.,['UAV'],['Forest/Outdoor'],"['Camera', 'Radio/UWB']",[],True,False,resp_00277.json
278,Navigation Methods for UAVs in GNSS-Denied Environments Using Artificial Intelligence,N. V. Quynh; P. N. Huu; T. Han-Trong,2026,2026 Eleventh International Conference on Communications and Electronics (ICCE),IEEE_Xplore,10.1109/ICCE70609.2026.11658445,INCLUDE,High,Meets all SLR inclusion criteria for GPS-denied localization/navigation algorithm and platform validation.,['UAV'],['Urban'],['Radio/UWB'],[],True,False,resp_00278.json
279,LGVINS: LiDAR-GPS-Visual and Inertial System Based Multi-Sensor Fusion for Smooth and Reliable UAV State Estimation,M. Irfan; S. Dalai; P. Trslic; M. C. Santos; J. Riordan; G. Dooly,2025,IEEE Transactions on Intelligent Vehicles,IEEE_Xplore,10.1109/TIV.2024.3469551,INCLUDE,High,Meets all SLR inclusion criteria for GPS-denied localization/navigation algorithm and platform validation.,"['UAV', 'UGV']","['Indoor', 'Urban', 'Forest/Outdoor']","['Camera', 'IMU', 'LiDAR', 'Radio/UWB']",['Radio Ranging'],True,False,resp_00279.json
280,NLP Enabled Autonomous Indoor Navigation Robot for Kannada in RHCs,K. A. Kathare; C. G. Kushal; K. P. Kottukapally; K. Sharma; V. Acharya,2024,2024 8th International Conference on Computational System and Information Technology for Sustainable Solutions (CSITSS),IEEE_Xplore,10.1109/CSITSS64042.2024.10816986,INCLUDE,High,Meets all SLR inclusion criteria for GPS-denied localization/navigation algorithm and platform validation.,['General Robotics'],['Indoor'],"['Camera', 'Radio/UWB']",[],True,False,resp_00280.json
281,UAV Tracking with Lidar as a Camera Sensor in GNSS-Denied Environments,H. Sier; X. Yu; I. Catalano; J. P. Queralta; Z. Zou; T. Westerlund,2023,2023 International Conference on Localization and GNSS (ICL-GNSS),IEEE_Xplore,10.1109/ICL-GNSS57829.2023.10148919,INCLUDE,High,Meets all SLR inclusion criteria for GPS-denied localization/navigation algorithm and platform validation.,['UAV'],['Indoor'],"['Camera', 'LiDAR', 'Radio/UWB']",['Radio Ranging'],True,False,resp_00281.json
282,Deep Reinforcement Learning Based UAV for Indoor Navigation and Exploration in Unknown Environments,A. Seel; F. Kreutzjans; B. Küster; M. Stonis; L. Overmeyer,2022,"2022 8th International Conference on Control, Automation and Robotics (ICCAR)",IEEE_Xplore,10.1109/ICCAR55106.2022.9782602,INCLUDE,High,Meets all SLR inclusion criteria for GPS-denied localization/navigation algorithm and platform validation.,['UAV'],['Indoor'],"['Camera', 'IMU', 'LiDAR', 'Radio/UWB']",[],True,False,resp_00282.json
283,Deep Reinforcement Learning Framework for UAV Indoor Navigation,J. J. Martins; A. Amaral; A. Dias,2024,2024 7th Iberian Robotics Conference (ROBOT),IEEE_Xplore,10.1109/ROBOT61475.2024.10796906,INCLUDE,High,Meets all SLR inclusion criteria for GPS-denied localization/navigation algorithm and platform validation.,['UAV'],['Indoor'],"['IMU', 'Radio/UWB']",[],True,False,resp_00283.json
284,"LIVW-Localization: A Multimodal Information Fused Vehicle Localization Method for Complex, Large-Scale, and GNSS-Denied Environments",J. Wang; Z. Shen; Z. Lan; C. Pang; Z. Fang,2024,IEEE Sensors Journal,IEEE_Xplore,10.1109/JSEN.2024.3434491,INCLUDE,High,Meets all SLR inclusion criteria for GPS-denied localization/navigation algorithm and platform validation.,['UGV'],"['Underground', 'Forest/Outdoor']","['Camera', 'IMU', 'LiDAR', 'Radio/UWB']",[],True,False,resp_00284.json
285,A Shared-Ground-Target-Groups-Based Cooperative Localization Method for UAVS,X. Li; C. Ni; J. She; Y. Liu,2025,2025 International Conference on Unmanned Systems and Technology (UST),IEEE_Xplore,10.1109/UST66533.2025.11340017,INCLUDE,High,Meets all SLR inclusion criteria for GPS-denied localization/navigation algorithm and platform validation.,['UAV'],['Unspecified'],['IMU'],[],True,False,resp_00285.json
286,A Multi-Stage Matching-Based Inertial/Geomagnetic Integrated Navigation Algorithm for UAVs in GNSS-Denied Environments,Y. Cheng; L. Zhang; X. He; H. Tian; D. Han; Y. Lv; C. Fan,2025,2025 DGON Inertial Sensors and Applications (ISA),IEEE_Xplore,10.1109/ISA67150.2025.11279287,INCLUDE,High,Meets all SLR inclusion criteria for GPS-denied localization/navigation algorithm and platform validation.,['UAV'],['Indoor'],"['IMU', 'Radio/UWB']",['Kalman Filtering'],True,False,resp_00286.json
287,Next Generation Security And Surveillance System Using Autonomous Vehicles,M. F. Ayub; F. Ghawash; M. A. Shabbir; M. Kamran; F. A. Butt,2018,"2018 Ubiquitous Positioning, Indoor Navigation and Location-Based Services (UPINLBS)",IEEE_Xplore,10.1109/UPINLBS.2018.8559744,INCLUDE,High,Meets all SLR inclusion criteria for GPS-denied localization/navigation algorithm and platform validation.,"['UAV', 'UGV']","['Indoor', 'Forest/Outdoor']",['Radio/UWB'],[],True,False,resp_00287.json
288,Lane-Level Map-Aided SLAM Approach for Persistent Positioning in GNSS-Denied Areas,Y. Liu; W. Jiang; X. Zhang,2025,IEEE Transactions on Instrumentation and Measurement,IEEE_Xplore,10.1109/TIM.2025.3545891,INCLUDE,High,Meets all SLR inclusion criteria for GPS-denied localization/navigation algorithm and platform validation.,['General Robotics'],['Urban'],"['Camera', 'IMU', 'LiDAR']","['SLAM', 'Factor Graph Optimization']",True,False,resp_00288.json
289,Development of a Simulated UAV Platform for Sensor-Fusion-Based SLAM,M. F. Mummtaz; J. Yoo; I. B. K. Y. Utama; I. Zaini; Y. M. Jang,2026,2026 International Conference on Artificial Intelligence in Information and Communication (ICAIIC),IEEE_Xplore,10.1109/ICAIIC68212.2026.11454340,INCLUDE,High,Meets all SLR inclusion criteria for GPS-denied localization/navigation algorithm and platform validation.,['UAV'],['Adversarial'],"['Camera', 'IMU', 'LiDAR', 'Radio/UWB']",['SLAM'],True,False,resp_00289.json
290,Kinect depth image based door detection for autonomous indoor navigation,Y. Zhou; G. Jiang; G. Xu; X. Wu; L. Krundel,2014,The 23rd IEEE International Symposium on Robot and Human Interactive Communication,IEEE_Xplore,10.1109/ROMAN.2014.6926245,INCLUDE,High,Meets all SLR inclusion criteria for GPS-denied localization/navigation algorithm and platform validation.,['General Robotics'],['Indoor'],['Radio/UWB'],[],True,False,resp_00290.json
291,Efficiently Kinematic-Constraint-Coupled State Estimation for Integrated Aerial Platforms in GPS-Denied Environments,G. Lai; Y. Yu; F. Sun; J. Qi; V. Lippiello,2025,IEEE Robotics and Automation Letters,IEEE_Xplore,10.1109/LRA.2025.3536292,INCLUDE,High,Meets all SLR inclusion criteria for GPS-denied localization/navigation algorithm and platform validation.,['UAV'],['Unspecified'],"['Camera', 'IMU', 'Radio/UWB']",[],True,False,resp_00291.json
292,NOVA: Navigation via Object-Centric Visual Autonomy for High-Speed Target Tracking in Unstructured GPS-Denied Environments,A. Saviolo; G. Loianno,2025,IEEE Transactions on Field Robotics,IEEE_Xplore,10.1109/TFR.2025.3625905,INCLUDE,High,Meets all SLR inclusion criteria for GPS-denied localization/navigation algorithm and platform validation.,['General Robotics'],"['Indoor', 'Urban', 'Forest/Outdoor']","['Camera', 'IMU', 'Radio/UWB']",['VIO'],True,False,resp_00292.json
293,Adaptive Square-Root Cubature Kalman Filter Based Low Cost UAV Positioning in Dark and GPS-Denied Environments,B. Yang; E. Yang; H. Shi; L. Yu; C. Niu,2025,IEEE Transactions on Intelligent Vehicles,IEEE_Xplore,10.1109/TIV.2024.3457678,INCLUDE,High,Meets all SLR inclusion criteria for GPS-denied localization/navigation algorithm and platform validation.,['UAV'],['Unspecified'],"['IMU', 'Radio/UWB']","['Kalman Filtering', 'Radio Ranging']",True,False,resp_00293.json
294,A Novel Approach to Computationally Lighter GNSS-Denied UAV Navigation Using Monocular Camera,J. Bhowmick; A. Singh; H. Gupta; R. Nallanthighal,2021,"2021 7th International Conference on Automation, Robotics and Applications (ICARA)",IEEE_Xplore,10.1109/ICARA51699.2021.9376502,INCLUDE,High,Meets all SLR inclusion criteria for GPS-denied localization/navigation algorithm and platform validation.,['UAV'],['Urban'],"['Camera', 'IMU', 'Radio/UWB']",[],True,False,resp_00294.json
295,Integrated UWB and LIDAR Assisted Localization and Navigation System for Automated Platooning,T. Dupga; A. Deshwal; S. Navik; A. Pal,2025,"2025 21th International Conference on Wireless and Mobile Computing, Networking and Communications (WiMob)",IEEE_Xplore,10.1109/WiMob66857.2025.11257436,INCLUDE,High,Meets all SLR inclusion criteria for GPS-denied localization/navigation algorithm and platform validation.,['General Robotics'],['Unspecified'],"['IMU', 'LiDAR', 'Radio/UWB']","['SLAM', 'Radio Ranging']",True,False,resp_00295.json
296,Optical flow sensor integrated navigation system for quadrotor in GPS-denied environment,S. -E. Tsai; S. -H. Zhuang,2016,2016 International Conference on Robotics and Automation Engineering (ICRAE),IEEE_Xplore,10.1109/ICRAE.2016.7738795,INCLUDE,High,Meets all SLR inclusion criteria for GPS-denied localization/navigation algorithm and platform validation.,['UAV'],"['Indoor', 'Forest/Outdoor']",['Radio/UWB'],[],True,False,resp_00296.json
297,A Distributed SLAM with UWB-VIO Fusion Framework for Enhanced Relative Localization of Multi-UAVs System,Q. Cai; B. Jiang; Y. Wu; H. Xu,2023,"2023 4th International Conference on Computer Vision, Image and Deep Learning (CVIDL)",IEEE_Xplore,10.1109/CVIDL58838.2023.10166845,INCLUDE,High,Meets all SLR inclusion criteria for GPS-denied localization/navigation algorithm and platform validation.,['UAV'],['Unspecified'],"['Camera', 'IMU', 'Radio/UWB']","['VIO', 'SLAM', 'Factor Graph Optimization', 'Radio Ranging']",True,False,resp_00297.json
298,Indoor Navigation Framework for Mapping and Localization of Multiple Robotic Wheelchairs,Y. Lokuge; P. Madumal; T. Kumara; N. Ranasinghe,2014,"2014 5th International Conference on Intelligent Systems, Modelling and Simulation",IEEE_Xplore,10.1109/ISMS.2014.39,INCLUDE,High,Meets all SLR inclusion criteria for GPS-denied localization/navigation algorithm and platform validation.,['UGV'],['Indoor'],[],[],True,False,resp_00298.json
299,Monocular vision based autonomous navigation for a cost-effective MAV in GPS-denied environments,I. Sa; H. He; V. Huynh; P. Corke,2013,2013 IEEE/ASME International Conference on Advanced Intelligent Mechatronics,IEEE_Xplore,10.1109/AIM.2013.6584283,INCLUDE,High,Meets all SLR inclusion criteria for GPS-denied localization/navigation algorithm and platform validation.,['UAV'],['Underground'],"['Camera', 'Radio/UWB']",[],True,False,resp_00299.json
300,UML-based design of a robotic wheelchair system for indoor navigation using a visual marker,B. K. Kim; H. Tanaka; Y. Sumi,2015,"2015 15th International Conference on Control, Automation and Systems (ICCAS)",IEEE_Xplore,10.1109/ICCAS.2015.7364981,INCLUDE,High,Meets all SLR inclusion criteria for GPS-denied localization/navigation algorithm and platform validation.,['UGV'],['Indoor'],"['Camera', 'Radio/UWB']",[],True,False,resp_00300.json
301,Deep Reinforcement Learning Indoor Autonomous Drone: Navigation in Unknown Environment Based on Relative Position Decision,P. Phueakthong; J. Varagul; N. Pinrath,2024,"2024 4th International Conference on Robotics, Automation and Artificial Intelligence (RAAI)",IEEE_Xplore,10.1109/RAAI64504.2024.10949537,INCLUDE,High,Meets all SLR inclusion criteria for GPS-denied localization/navigation algorithm and platform validation.,['UAV'],['Indoor'],[],[],True,False,resp_00301.json
302,Drone Navigation Using Region and Edge Exploitation-Based Deep CNN,M. A. Arshad; S. H. Khan; S. Qamar; M. W. Khan; I. Murtza; J. Gwak; A. Khan,2022,IEEE Access,IEEE_Xplore,10.1109/ACCESS.2022.3204876,INCLUDE,High,Meets all SLR inclusion criteria for GPS-denied localization/navigation algorithm and platform validation.,['UAV'],['Urban'],['Radio/UWB'],['Deep Learning'],True,False,resp_00302.json
303,Adaptive-Robust Fusion Strategy for Autonomous Navigation in GNSS-Challenged Environments,K. Shen; Y. Li; T. Liu; J. Zuo; Z. Yang,2024,IEEE Internet of Things Journal,IEEE_Xplore,10.1109/JIOT.2023.3315758,INCLUDE,High,Meets all SLR inclusion criteria for GPS-denied localization/navigation algorithm and platform validation.,['General Robotics'],"['Urban', 'Adversarial']",['Radio/UWB'],['Kalman Filtering'],True,False,resp_00303.json
304,Visual Assist System With Enhanced Localization for Indoor Navigation of Visually Impaired People,D. Adapa; V. S. Shekhawat; A. Gautam; S. Mohan,2024,IEEE Access,IEEE_Xplore,10.1109/ACCESS.2024.3482714,INCLUDE,High,Meets all SLR inclusion criteria for GPS-denied localization/navigation algorithm and platform validation.,['General Robotics'],['Indoor'],"['Camera', 'Radio/UWB']",['SLAM'],True,False,resp_00304.json
305,A method based on CNN-BiLSTM for UAV navigation error compensation in GNSS denied environment,Y. -h. Shao; B. Han; Y. Luo,2023,2023 9th International Conference on Computer and Communications (ICCC),IEEE_Xplore,10.1109/ICCC59590.2023.10507546,INCLUDE,High,Meets all SLR inclusion criteria for GPS-denied localization/navigation algorithm and platform validation.,['UAV'],"['Urban', 'Adversarial']","['IMU', 'Radio/UWB']",['Deep Learning'],True,False,resp_00305.json
306,A Robust and Rapidly Deployable Waypoint Navigation Architecture for Long-Duration Operations in GPS-Denied Environments,E. Pearson; B. Englot,2023,2023 20th International Conference on Ubiquitous Robots (UR),IEEE_Xplore,10.1109/UR57808.2023.10202392,INCLUDE,High,Meets all SLR inclusion criteria for GPS-denied localization/navigation algorithm and platform validation.,['UGV'],['Indoor'],"['IMU', 'Radio/UWB']",['SLAM'],True,False,resp_00306.json
307,Real-time Apriltag Inertial Fusion Localization for Large Indoor Navigation,J. Chen; Y. Gao; S. Li,2020,2020 Chinese Automation Congress (CAC),IEEE_Xplore,10.1109/CAC51589.2020.9326501,INCLUDE,High,Meets all SLR inclusion criteria for GPS-denied localization/navigation algorithm and platform validation.,['General Robotics'],['Indoor'],"['Camera', 'IMU', 'LiDAR', 'Radio/UWB']","['SLAM', 'Kalman Filtering']",True,False,resp_00307.json
308,Human-like indoor navigation for Autonomous Industrial Mobile Manipulator,H. Cheng; H. Chen; Y. Liu; W. Sheng,2012,2012 IEEE International Conference on Information and Automation,IEEE_Xplore,10.1109/ICInfA.2012.6246801,INCLUDE,High,Meets all SLR inclusion criteria for GPS-denied localization/navigation algorithm and platform validation.,['UGV'],['Indoor'],"['LiDAR', 'Radio/UWB']",[],True,False,resp_00308.json
309,Improving indoor navigation of autonomous robots by an explicit representation of doors,M. Nieuwenhuisen; J. Stückler; S. Behnke,2010,2010 IEEE International Conference on Robotics and Automation,IEEE_Xplore,10.1109/ROBOT.2010.5509689,INCLUDE,High,Meets all SLR inclusion criteria for GPS-denied localization/navigation algorithm and platform validation.,['UGV'],['Indoor'],"['IMU', 'Radio/UWB']",['VIO'],True,False,resp_00309.json
310,On-board sensors-based indoor navigation techniques of micro aerial vehicle,Y. Zhou; Q. Wu; Z. Li,2017,2017 12th IEEE Conference on Industrial Electronics and Applications (ICIEA),IEEE_Xplore,10.1109/ICIEA.2017.8282957,INCLUDE,High,Meets all SLR inclusion criteria for GPS-denied localization/navigation algorithm and platform validation.,['UAV'],['Indoor'],['Radio/UWB'],[],True,False,resp_00310.json
311,Comparison of Various SLAM Systems for Mobile Robot in an Indoor Environment,M. Filipenko; I. Afanasyev,2018,2018 International Conference on Intelligent Systems (IS),IEEE_Xplore,10.1109/IS.2018.8710464,INCLUDE,High,Meets all SLR inclusion criteria for GPS-denied localization/navigation algorithm and platform validation.,['UGV'],['Indoor'],"['Camera', 'LiDAR']",['SLAM'],True,False,resp_00311.json
313,Low cost 3D mapping for indoor navigation,Y. Bergeon; I. Hadda; V. Křivánek; J. Motsch; A. Štefek,2015,International Conference on Military Technologies (ICMT) 2015,IEEE_Xplore,10.1109/MILTECHS.2015.7153749,INCLUDE,High,Meets all SLR inclusion criteria for GPS-denied localization/navigation algorithm and platform validation.,['General Robotics'],['Indoor'],['Radio/UWB'],[],True,False,resp_00313.json
314,FFDL-Enhanced Distributed Cooperative Localization for Vehicle Swarms in GNSS-Denied Environments,L. Shi; S. Yan; P. Zhu; Y. Zhou; L. Lv,2026,2026 IEEE 15th Data Driven Control and Learning Systems (DDCLS),IEEE_Xplore,10.1109/DDCLS71227.2026.11610561,INCLUDE,High,Meets all SLR inclusion criteria for GPS-denied localization/navigation algorithm and platform validation.,['General Robotics'],['Underground'],"['IMU', 'Radio/UWB']","['Kalman Filtering', 'Radio Ranging']",True,False,resp_00314.json
315,Smart inertial sensor-based navigation system for flexible snake robot,M. M. Billah; M. R. Khan,2014,"2014 IEEE International Conference on Smart Instrumentation, Measurement and Applications (ICSIMA)",IEEE_Xplore,10.1109/ICSIMA.2014.7047427,INCLUDE,High,Meets all SLR inclusion criteria for GPS-denied localization/navigation algorithm and platform validation.,['General Robotics'],['Indoor'],"['IMU', 'Radio/UWB']",[],True,False,resp_00315.json
316,System for Drone-Based Indoor Mapping for Augmented Reality,T. Sloan; B. Wallace; R. Goubran,2025,2025 IEEE International Instrumentation and Measurement Technology Conference (I2MTC),IEEE_Xplore,10.1109/I2MTC62753.2025.11079049,INCLUDE,High,Meets all SLR inclusion criteria for GPS-denied localization/navigation algorithm and platform validation.,['UAV'],['Indoor'],"['IMU', 'Radio/UWB']","['VIO', 'SLAM', 'Radio Ranging']",True,False,resp_00316.json
317,Simulation of UWB Radar-Based Positioning Performance for a UAV in an Urban Area,H. Lee; W. Kim; J. Seo,2018,2018 IEEE International Conference on Consumer Electronics - Asia (ICCE-Asia),IEEE_Xplore,10.1109/ICCE-ASIA.2018.8552148,INCLUDE,High,Meets all SLR inclusion criteria for GPS-denied localization/navigation algorithm and platform validation.,['UAV'],['Urban'],"['IMU', 'Radio/UWB', 'Radar']",['Radio Ranging'],True,False,resp_00317.json
318,Cooperative Navigation Method Based on Adaptive CKF for UAVs In GPS Denied Areas,Y. Yu; S. Peng; Q. Li; X. Dong; Z. Ren,2018,"2018 IEEE CSAA Guidance, Navigation and Control Conference (CGNCC)",IEEE_Xplore,10.1109/GNCC42960.2018.9018972,INCLUDE,High,Meets all SLR inclusion criteria for GPS-denied localization/navigation algorithm and platform validation.,['UAV'],['Urban'],"['IMU', 'Radio/UWB']",['Kalman Filtering'],True,False,resp_00318.json
319,UKF SLAM-Enhanced Perception and Navigation for Effective Area Coverage in Autonomous Driving,H. Mailka; M. Abouzahir; M. Ramzi; A. E. Ouardi; S. R. Flórez,2024,"2024 IEEE International Conference on Sensing, Diagnostics, Prognostics, and Control (SDPC)",IEEE_Xplore,10.1109/SDPC62810.2024.10707767,INCLUDE,High,Meets all SLR inclusion criteria for GPS-denied localization/navigation algorithm and platform validation.,['UGV'],['Unspecified'],"['LiDAR', 'Radio/UWB']","['SLAM', 'Kalman Filtering']",True,False,resp_00319.json
320,Localization - guaranteed navigation in GPS-denied environment via multi-UAV closed-loop coordination,S. Jiang; M. Shen,2020,2020 IEEE Aerospace Conference,IEEE_Xplore,10.1109/AERO47225.2020.9172535,INCLUDE,High,Meets all SLR inclusion criteria for GPS-denied localization/navigation algorithm and platform validation.,['UAV'],['Unspecified'],"['Camera', 'IMU', 'Radio/UWB']",[],True,False,resp_00320.json
321,Tracking Feasibility of UWB Positioning System for Lighter-than-Air Indoor Robot Navigation,K. Naheem; A. Elsharkawy; M. S. Kim,2021,"2021 21st International Conference on Control, Automation and Systems (ICCAS)",IEEE_Xplore,10.23919/ICCAS52745.2021.9649883,INCLUDE,High,Meets all SLR inclusion criteria for GPS-denied localization/navigation algorithm and platform validation.,['General Robotics'],['Indoor'],"['LiDAR', 'Radio/UWB']",['Radio Ranging'],True,False,resp_00321.json
322,Underwater navigation sensors calibration in inland water spaces,B. Matias; J. Almeida; A. Ferreira; A. Martins; H. Ferreira; E. Silva,2017,OCEANS 2017 - Aberdeen,IEEE_Xplore,10.1109/OCEANSE.2017.8084901,INCLUDE,High,Meets all SLR inclusion criteria for GPS-denied localization/navigation algorithm and platform validation.,['USV/AUV'],['Underground'],"['IMU', 'Sonar/DVL']",[],True,False,resp_00322.json
323,Distributed Cooperative UAV Leader-Follower Strategies in GNSS-Denied Environments,F. A. Ayane; B. El Khamlichi; A. E. F. Seghrouchni,2025,2025 21st International Conference on Distributed Computing in Smart Systems and the Internet of Things (DCOSS-IoT),IEEE_Xplore,10.1109/DCOSS-IoT65416.2025.00066,INCLUDE,High,Meets all SLR inclusion criteria for GPS-denied localization/navigation algorithm and platform validation.,['UAV'],['Unspecified'],['IMU'],[],True,False,resp_00323.json
324,Semantics Indoor Navigation Using a Path Finding and Spatial Mapping for Assisting Visually Impaired Person,B. K. A. Asante; H. Imamura,2024,2024 Joint 13th International Conference on Soft Computing and Intelligent Systems and 25th International Symposium on Advanced Intelligent Systems (SCIS&ISIS),IEEE_Xplore,10.1109/SCISISIS61014.2024.10760133,INCLUDE,High,Meets all SLR inclusion criteria for GPS-denied localization/navigation algorithm and platform validation.,['General Robotics'],['Indoor'],"['Camera', 'Radio/UWB']",[],True,False,resp_00324.json
325,GNSS/Inertial Navigation/Wireless Station Fusion UAV 3-D Positioning Algorithm With Urban Canyon Environment,C. Tang; Y. Wang; L. Zhang; Y. Zhang,2022,IEEE Sensors Journal,IEEE_Xplore,10.1109/JSEN.2022.3199487,INCLUDE,High,Meets all SLR inclusion criteria for GPS-denied localization/navigation algorithm and platform validation.,['UAV'],['Urban'],"['IMU', 'Radio/UWB']","['Kalman Filtering', 'Deep Learning']",True,False,resp_00325.json
326,Magnetic field mapping as a support for UAV indoor navigation system,B. Brzozowski; K. Kaźmierczak,2017,2017 IEEE International Workshop on Metrology for AeroSpace (MetroAeroSpace),IEEE_Xplore,10.1109/MetroAeroSpace.2017.7999535,INCLUDE,High,Meets all SLR inclusion criteria for GPS-denied localization/navigation algorithm and platform validation.,['UAV'],['Indoor'],"['Camera', 'Radio/UWB']",[],True,False,resp_00326.json
327,Research on Multi-Sensor Indoor Cross-Floor Autonomous Navigation System Based on LiDAR-Visual Fusion SLAM,X. Wang; J. Wu; S. Niu; X. Xiang,2025,2025 IEEE 8th International Conference on Information Systems and Computer Aided Education (ICISCAE),IEEE_Xplore,10.1109/ICISCAE66104.2025.11307785,INCLUDE,High,Meets all SLR inclusion criteria for GPS-denied localization/navigation algorithm and platform validation.,['UGV'],['Indoor'],"['Camera', 'IMU', 'LiDAR', 'Radio/UWB']",['SLAM'],True,False,resp_00327.json
328,Robust Underwater Localization via Sensor Fusion and Transformer-Based Visual Odometry,M. W. Mughal; S. SUn; S. A. Mehdi; F. Maurelli,2025,OCEANS 2025 - Great Lakes,IEEE_Xplore,10.23919/OCEANS59106.2025.11245027,INCLUDE,High,Meets all SLR inclusion criteria for GPS-denied localization/navigation algorithm and platform validation.,['USV/AUV'],['Urban'],"['Camera', 'IMU', 'Sonar/DVL']",['Deep Learning'],True,False,resp_00328.json
329,PFIN: An Efficient Particle Filter-Based Indoor Navigation Framework for UAVs,G. Raja; S. Suresh; S. Anbalagan; A. Ganapathisubramaniyan; N. Kumar,2021,IEEE Transactions on Vehicular Technology,IEEE_Xplore,10.1109/TVT.2021.3072727,INCLUDE,High,Meets all SLR inclusion criteria for GPS-denied localization/navigation algorithm and platform validation.,['UAV'],"['Indoor', 'Urban']","['Camera', 'IMU']","['VIO', 'Kalman Filtering']",True,False,resp_00329.json
330,A High-Fidelity Digital Twin Framework for Multi-Modal Sim-to-Real Transfer for Robust UAV Autonomy,R. Priyanshu; M. Agarwal; P. Kumar,2026,"2026 International Conference on Computing, Communication, Control and Cyber-Physical Systems (I5CPS)",IEEE_Xplore,10.1109/I5CPS67958.2026.11452535,INCLUDE,High,Meets all SLR inclusion criteria for GPS-denied localization/navigation algorithm and platform validation.,['UAV'],['Urban'],"['Camera', 'IMU', 'Radio/UWB']",['VIO'],True,False,resp_00330.json
331,Path Planning for Bathymetry-aided Underwater Navigation,G. Rui; M. Chitre,2018,2018 IEEE/OES Autonomous Underwater Vehicle Workshop (AUV),IEEE_Xplore,10.1109/AUV.2018.8729772,INCLUDE,High,Meets all SLR inclusion criteria for GPS-denied localization/navigation algorithm and platform validation.,['USV/AUV'],['Unspecified'],[],[],True,False,resp_00331.json
332,Thermal-Inertial Localization for Autonomous Navigation of Aerial Robots through Obscurants,C. Papachristos; F. Mascarich; K. Alexis,2018,2018 International Conference on Unmanned Aircraft Systems (ICUAS),IEEE_Xplore,10.1109/ICUAS.2018.8453447,INCLUDE,High,Meets all SLR inclusion criteria for GPS-denied localization/navigation algorithm and platform validation.,['General Robotics'],['Adversarial'],"['Camera', 'IMU', 'LiDAR', 'Radio/UWB']",['Kalman Filtering'],True,False,resp_00332.json
333,Sparsed potential-PCNN for real time path planning and indoor navigation scheme for mobile robots,S. U. Ahmed; U. A. Malik; K. F. Iqbal; Y. Ayaz; F. Kunwar,2011,2011 IEEE International Conference on Mechatronics and Automation,IEEE_Xplore,10.1109/ICMA.2011.5986339,INCLUDE,High,Meets all SLR inclusion criteria for GPS-denied localization/navigation algorithm and platform validation.,['UGV'],['Indoor'],"['IMU', 'Radio/UWB']",['Deep Learning'],True,False,resp_00333.json
334,UAV Deployment Optimization for ISAC in Aerial GPS Denied Environments,J. Yang; J. Lim,2025,2025 16th International Conference on Information and Communication Technology Convergence (ICTC),IEEE_Xplore,10.1109/ICTC66702.2025.11389050,INCLUDE,High,Meets all SLR inclusion criteria for GPS-denied localization/navigation algorithm and platform validation.,['UAV'],['Unspecified'],"['IMU', 'Radio/UWB']",['Factor Graph Optimization'],True,False,resp_00334.json
335,Multi-UAV formation geometries for cooperative navigation in GNSS-challenging environments,F. Causa; A. R. Vetrella; G. Fasano; D. Accardo,2018,"2018 IEEE/ION Position, Location and Navigation Symposium (PLANS)",IEEE_Xplore,10.1109/PLANS.2018.8373453,INCLUDE,High,Meets all SLR inclusion criteria for GPS-denied localization/navigation algorithm and platform validation.,['UAV'],['Unspecified'],"['Camera', 'IMU', 'Radio/UWB']",[],True,False,resp_00335.json
336,Error State Extended Kalman Filter Multi-Sensor Fusion for Unmanned Aerial Vehicle Localization in GPS and Magnetometer Denied Indoor Environments,L. Marković; M. Kovač; R. Milijas; M. Car; S. Bogdan,2022,2022 International Conference on Unmanned Aircraft Systems (ICUAS),IEEE_Xplore,10.1109/ICUAS54217.2022.9836124,INCLUDE,High,Meets all SLR inclusion criteria for GPS-denied localization/navigation algorithm and platform validation.,['UAV'],['Indoor'],"['Camera', 'IMU', 'LiDAR', 'Radio/UWB']","['SLAM', 'Kalman Filtering', 'Radio Ranging']",True,False,resp_00336.json
337,"ROS2 - Powered Autonomous Navigation for TurtleBot3: Integrating Nav2 Stack in Gazebo, RViz and Real-World Environments",A. K. M J; A. V. Babu; S. Damodaran; R. K. James; M. Murshid; T. S. Warrier,2024,"2024 IEEE International Conference on Signal Processing, Informatics, Communication and Energy Systems (SPICES)",IEEE_Xplore,10.1109/SPICES62143.2024.10779642,INCLUDE,High,Meets all SLR inclusion criteria for GPS-denied localization/navigation algorithm and platform validation.,['General Robotics'],['Unspecified'],"['Camera', 'IMU', 'Radio/UWB']",[],True,False,resp_00337.json
338,Development Status and Key Navigation Technology Analysis of Autonomous Underwater Vehicles,Z. Li; Y. Wang; W. Yang; Y. Ji,2020,2020 3rd International Conference on Unmanned Systems (ICUS),IEEE_Xplore,10.1109/ICUS50048.2020.9274926,INCLUDE,High,Meets all SLR inclusion criteria for GPS-denied localization/navigation algorithm and platform validation.,['USV/AUV'],['Unspecified'],[],[],True,False,resp_00338.json
339,Semantic Navigation Applied to Narrow Passages for Intelligent Wheelchairs,D. Correia; A. Pereira; E. Pedrosa,2023,2023 IEEE International Conference on Autonomous Robot Systems and Competitions (ICARSC),IEEE_Xplore,10.1109/ICARSC58346.2023.10129568,INCLUDE,High,Meets all SLR inclusion criteria for GPS-denied localization/navigation algorithm and platform validation.,['UGV'],['Indoor'],"['IMU', 'Radio/UWB']",[],True,False,resp_00339.json
340,A Comparative Study of 2D SLAM Algorithms for ROS-Based Mapping,U. P. Bhushan; N. Innocent; A. Laddi,2025,"2025 7th International Conference on Signal Processing, Computing and Control (ISPCC)",IEEE_Xplore,10.1109/ISPCC66872.2025.11039381,INCLUDE,High,Meets all SLR inclusion criteria for GPS-denied localization/navigation algorithm and platform validation.,['General Robotics'],['Indoor'],"['IMU', 'Radio/UWB']","['SLAM', 'Factor Graph Optimization']",True,False,resp_00340.json
341,Adaptive-Weighted EKF and LiDAR–IMU Tight-Coupling Enabled GPS-Denied UAV Navigation,F. Li; L. Wang; W. Qing; Y. Li; Y. Liu; Y. Niu,2025,2025 International Conference on Intelligent Robotics and Automatic Control (IRAC),IEEE_Xplore,10.1109/IRAC67707.2025.11381094,INCLUDE,High,Meets all SLR inclusion criteria for GPS-denied localization/navigation algorithm and platform validation.,['UAV'],"['Indoor', 'Urban']","['IMU', 'LiDAR', 'Radio/UWB']","['Kalman Filtering', 'Factor Graph Optimization']",True,False,resp_00341.json
342,System Development and Integration of Unmanned Aerial Vehicle Navigation Techniques for Indoor Environments,K. -L. Chang; H. -Y. Lin,2024,2024 IEEE International Conference on Industrial Technology (ICIT),IEEE_Xplore,10.1109/ICIT58233.2024.10540747,INCLUDE,High,Meets all SLR inclusion criteria for GPS-denied localization/navigation algorithm and platform validation.,['UAV'],['Indoor'],"['Camera', 'IMU', 'Radio/UWB']","['VIO', 'SLAM', 'Radio Ranging']",True,False,resp_00342.json
343,Vision-Aided Multi-UAV Autonomous Flocking in GPS-Denied Environment,Y. Tang; Y. Hu; J. Cui; F. Liao; M. Lao; F. Lin; R. S. H. Teo,2019,IEEE Transactions on Industrial Electronics,IEEE_Xplore,10.1109/TIE.2018.2824766,INCLUDE,High,Meets all SLR inclusion criteria for GPS-denied localization/navigation algorithm and platform validation.,['UAV'],['Unspecified'],"['Camera', 'LiDAR', 'Radio/UWB']",['Radio Ranging'],True,False,resp_00343.json
344,Comparative Study on Object Tracking Algorithms for mobile robot Navigation in GPS-denied Environment,H. S. Hewawasam; M. Y. Ibrahim; G. Kahandawa; T. A. Choudhury,2019,2019 IEEE International Conference on Industrial Technology (ICIT),IEEE_Xplore,10.1109/ICIT.2019.8754960,INCLUDE,High,Meets all SLR inclusion criteria for GPS-denied localization/navigation algorithm and platform validation.,['UGV'],['Unspecified'],[],['Kalman Filtering'],True,False,resp_00344.json
345,Distance function based 6DOF localization for unmanned aerial vehicles in GPS denied environments,J. Unicomb; L. Dantanarayana; J. Arukgoda; R. Ranasinghe; G. Dissanayake; T. Furukawa,2017,2017 IEEE/RSJ International Conference on Intelligent Robots and Systems (IROS),IEEE_Xplore,10.1109/IROS.2017.8206421,INCLUDE,High,Meets all SLR inclusion criteria for GPS-denied localization/navigation algorithm and platform validation.,['UAV'],['Unspecified'],"['Camera', 'IMU', 'Radio/UWB']",['Kalman Filtering'],True,False,resp_00345.json
346,Autonomous Flight in Unknown GNSS-denied Environments for Disaster Examination,D. Schleich; M. Beul; J. Quenzel; S. Behnke,2021,2021 International Conference on Unmanned Aircraft Systems (ICUAS),IEEE_Xplore,10.1109/ICUAS51884.2021.9476790,INCLUDE,High,Meets all SLR inclusion criteria for GPS-denied localization/navigation algorithm and platform validation.,['UAV'],"['Indoor', 'Forest/Outdoor']",['Radio/UWB'],[],True,False,resp_00346.json
347,A Novel Three-Stage Robust Adaptive Filtering Algorithm for Visual-Inertial Odometry in GNSS-Denied Environments,Z. Yue; C. Tang; Y. Gao,2023,IEEE Sensors Journal,IEEE_Xplore,10.1109/JSEN.2023.3289313,INCLUDE,High,Meets all SLR inclusion criteria for GPS-denied localization/navigation algorithm and platform validation.,"['UAV', 'UGV']",['Unspecified'],"['Camera', 'IMU', 'Radio/UWB']","['VIO', 'Kalman Filtering']",True,False,resp_00347.json
348,Robot Indoor Navigation Using Visible Light Communication,Y. -H. Hsueh; P. -C. Su; Y. -F. Lin; H. -H. Huang; T. -C. Liu,2018,2018 Pacific Neighborhood Consortium Annual Conference and Joint Meetings (PNC),IEEE_Xplore,10.23919/PNC.2018.8579454,INCLUDE,High,Meets all SLR inclusion criteria for GPS-denied localization/navigation algorithm and platform validation.,['General Robotics'],['Indoor'],['Radio/UWB'],[],True,False,resp_00348.json
349,Improving the navigation of indoor mobile robots using Kalman filter,M. Ghandour; H. Liu; N. Stoll; K. Thurow,2015,2015 IEEE International Instrumentation and Measurement Technology Conference (I2MTC) Proceedings,IEEE_Xplore,10.1109/I2MTC.2015.7151487,INCLUDE,High,Meets all SLR inclusion criteria for GPS-denied localization/navigation algorithm and platform validation.,['UGV'],['Indoor'],['Radio/UWB'],['Kalman Filtering'],True,False,resp_00349.json
350,Research on Autonomous Navigation of a Disinfection Robot for Hospital Based on ROS,J. Wang; B. Zhang; H. Tang; X. Wei; J. Wang,2023,"2023 IEEE 3rd International Conference on Information Technology, Big Data and Artificial Intelligence (ICIBA)",IEEE_Xplore,10.1109/ICIBA56860.2023.10165392,INCLUDE,High,Meets all SLR inclusion criteria for GPS-denied localization/navigation algorithm and platform validation.,['UGV'],['Indoor'],"['IMU', 'LiDAR', 'Radar']",['VIO'],True,False,resp_00350.json
351,Aerial-DEM Geolocalization for GPS-Denied UAS Navigation,T. Wang; C. Sun; G. Lao,2018,2018 Ninth International Conference on Intelligent Control and Information Processing (ICICIP),IEEE_Xplore,10.1109/ICICIP.2018.8606681,INCLUDE,High,Meets all SLR inclusion criteria for GPS-denied localization/navigation algorithm and platform validation.,['General Robotics'],['Unspecified'],"['Camera', 'IMU', 'Radio/UWB', 'Radar']",['Deep Learning'],True,False,resp_00351.json
352,A Bionic Data-Driven Approach for Long-Distance Underwater Navigation With Anomaly Resistance,S. Yang; X. Zhang; S. Zhang; X. Ma; W. Bai; Y. Li; T. Huang,2025,IEEE Transactions on Instrumentation and Measurement,IEEE_Xplore,10.1109/TIM.2025.3545179,INCLUDE,High,Meets all SLR inclusion criteria for GPS-denied localization/navigation algorithm and platform validation.,['USV/AUV'],['Unspecified'],"['IMU', 'Radio/UWB']",[],True,False,resp_00352.json
353,Enhancing Visual Odometry: Integrating Load Variability and Optimized RGB-Depth Fusion in Transformer Networks,S. Yang; Y. Wang; Z. Lu; J. Liu,2025,2025 IEEE 5th International Conference on Software Engineering and Artificial Intelligence (SEAI),IEEE_Xplore,10.1109/SEAI65851.2025.11108824,INCLUDE,High,Meets all SLR inclusion criteria for GPS-denied localization/navigation algorithm and platform validation.,['General Robotics'],['Indoor'],"['Camera', 'Radio/UWB']","['VIO', 'Deep Learning']",True,False,resp_00353.json
354,"Underwater Navigation using 3D Vision, Edge Processing, and Autonomy",J. Mattern; L. Bezanson; V. Nguyen; J. Seawall; R. Conescu; D. Moore,2021,OCEANS 2021: San Diego – Porto,IEEE_Xplore,10.23919/OCEANS44145.2021.9705880,INCLUDE,High,Meets all SLR inclusion criteria for GPS-denied localization/navigation algorithm and platform validation.,['USV/AUV'],['Underground'],"['Radio/UWB', 'Sonar/DVL']","['VIO', 'SLAM']",True,False,resp_00354.json
355,Navigation Error Sensitivity of Autonomous Carrier Landing Systems in GPS-denied Environments,T. Gerratt; A. Strate; R. Christensen,2020,"2020 IEEE/ION Position, Location and Navigation Symposium (PLANS)",IEEE_Xplore,10.1109/PLANS46316.2020.9109926,INCLUDE,High,Meets all SLR inclusion criteria for GPS-denied localization/navigation algorithm and platform validation.,['UAV'],['Urban'],"['Camera', 'IMU', 'Radio/UWB']",['Kalman Filtering'],True,False,resp_00355.json
356,Development of indoor navigation software for intelligent wheelchair,U. Yayan; B. Akar; F. Inan; A. Yazici,2014,2014 IEEE International Symposium on Innovations in Intelligent Systems and Applications (INISTA) Proceedings,IEEE_Xplore,10.1109/INISTA.2014.6873639,INCLUDE,High,Meets all SLR inclusion criteria for GPS-denied localization/navigation algorithm and platform validation.,['UGV'],"['Indoor', 'Forest/Outdoor']",['Radio/UWB'],[],True,False,resp_00356.json
357,Flying carpet’s indoor navigation assessing one-step Q-learning potentiality,T. Anagnostopoulos,2024,2024 9th International Conference on Mathematics and Computers in Sciences and Industry (MCSI),IEEE_Xplore,10.1109/MCSI63438.2024.00021,INCLUDE,High,Meets all SLR inclusion criteria for GPS-denied localization/navigation algorithm and platform validation.,['General Robotics'],['Indoor'],['Radio/UWB'],[],True,False,resp_00357.json
358,The positioning system use for autonomous navigation of unmanned aerial vehicles,Q. Zhang; Y. Wei; X. Li; H. Xu,2021,2021 33rd Chinese Control and Decision Conference (CCDC),IEEE_Xplore,10.1109/CCDC52312.2021.9602371,INCLUDE,High,Meets all SLR inclusion criteria for GPS-denied localization/navigation algorithm and platform validation.,['UAV'],['Indoor'],"['IMU', 'Radio/UWB']","['Kalman Filtering', 'Radio Ranging']",True,False,resp_00358.json
359,Robust GPR-Aided Localization for Autonomous Vehicles in GPS-Denied Environments,F. M. Bahr; M. Stolz; A. Elashry; D. Watzenig,2025,"2025 13th International Japan-Africa Conference on Electronics, Communications, and Computations (JAC-ECC)",IEEE_Xplore,10.1109/JAC-ECC67970.2025.11417633,INCLUDE,High,Meets all SLR inclusion criteria for GPS-denied localization/navigation algorithm and platform validation.,['UGV'],"['Underground', 'Adversarial']","['IMU', 'Radio/UWB', 'Radar']",['Kalman Filtering'],True,False,resp_00359.json
360,PSO-AntWalk: Autonomous Robot Navigation Using Particle Swarm Optimization with Ant Colony Optimization Based Antwalk Function,S. R. Addula; R. B. N; A. D. S. C; D. Kesavan; G. Malathi,2026,2026 3rd International Conference on Integrated Intelligence and Communication Systems (ICIICS),IEEE_Xplore,10.1109/ICIICS67880.2026.11483366,INCLUDE,High,Meets all SLR inclusion criteria for GPS-denied localization/navigation algorithm and platform validation.,['General Robotics'],['Unspecified'],['IMU'],"['SLAM', 'Factor Graph Optimization']",True,False,resp_00360.json
361,Two-dimension positioning solution of high accuracy navigation and orientation for service robots,R. S. Kulikov; A. A. Chugunov; D. V. Tsaregorodcev; N. I. Petukhov; I. R. Indrikov,2019,"2019 International Youth Conference on Radio Electronics, Electrical and Power Engineering (REEPE)",IEEE_Xplore,10.1109/REEPE.2019.8708781,INCLUDE,High,Meets all SLR inclusion criteria for GPS-denied localization/navigation algorithm and platform validation.,['UGV'],['Indoor'],"['IMU', 'Radio/UWB']",['Radio Ranging'],True,False,resp_00361.json
362,Unmanned aerial vehicle relative navigation in GPS denied environments,J. Hardy; J. Strader; J. N. Gross; Y. Gu; M. Keck; J. Douglas; C. N. Taylor,2016,"2016 IEEE/ION Position, Location and Navigation Symposium (PLANS)",IEEE_Xplore,10.1109/PLANS.2016.7479719,INCLUDE,High,Meets all SLR inclusion criteria for GPS-denied localization/navigation algorithm and platform validation.,['UAV'],['Underground'],"['Camera', 'IMU', 'Radio/UWB']","['Kalman Filtering', 'Radio Ranging']",True,False,resp_00362.json
363,Enhanced UAV navigation in GNSS denied environment using repeated dynamics pattern recognition,S. Zahran; A. Moussa; N. El-Sheimy,2018,"2018 IEEE/ION Position, Location and Navigation Symposium (PLANS)",IEEE_Xplore,10.1109/PLANS.2018.8373497,INCLUDE,High,Meets all SLR inclusion criteria for GPS-denied localization/navigation algorithm and platform validation.,['UAV'],['Unspecified'],['IMU'],['Kalman Filtering'],True,False,resp_00363.json
364,Autonomous Indoor Navigator,A. Sojan; C. Thomas; B. Raj; S. A. Simon; S. K. John; A. A. Jose,2025,2025 11th International Conference on Smart Computing and Communications (ICSCC),IEEE_Xplore,10.1109/ICSCC66177.2025.11233830,INCLUDE,High,Meets all SLR inclusion criteria for GPS-denied localization/navigation algorithm and platform validation.,['UGV'],['Indoor'],"['IMU', 'LiDAR', 'Radio/UWB']",['SLAM'],True,False,resp_00364.json
365,Stereo Orientation Prior for UAV Robust and Accurate Visual Odometry,R. Duan; D. P. Paudel; C. Fu; P. Lu,2022,IEEE/ASME Transactions on Mechatronics,IEEE_Xplore,10.1109/TMECH.2022.3140923,INCLUDE,High,Meets all SLR inclusion criteria for GPS-denied localization/navigation algorithm and platform validation.,['UAV'],['Indoor'],"['Camera', 'IMU', 'Radio/UWB']",[],True,False,resp_00365.json
366,Autonomous Omnidirectional Mobile Robot for Indoor Navigation,M. Yazdanpour; V. Tran; S. Tayabee,2024,2024 IEEE International Conference on Electro Information Technology (eIT),IEEE_Xplore,10.1109/eIT60633.2024.10609938,INCLUDE,High,Meets all SLR inclusion criteria for GPS-denied localization/navigation algorithm and platform validation.,['UGV'],['Indoor'],"['Camera', 'Radio/UWB']",[],True,False,resp_00366.json
367,The Design of Indoor Mobile Robot Navigation System Based on UWB Location,Y. Lv; P. Jiang,2018,"2018 Eighth International Conference on Instrumentation & Measurement, Computer, Communication and Control (IMCCC)",IEEE_Xplore,10.1109/IMCCC.2018.00077,INCLUDE,High,Meets all SLR inclusion criteria for GPS-denied localization/navigation algorithm and platform validation.,['UGV'],['Indoor'],['Radio/UWB'],['Radio Ranging'],True,False,resp_00367.json
368,Lane-Level Localization of Vehicle in GPS-Denied Environment,N. U. Javed; R. Zhu; A. Kopanev; S. Tan; Q. Ahmed,2025,"2025 IEEE/ION Position, Location and Navigation Symposium (PLANS)",IEEE_Xplore,10.1109/PLANS61210.2025.11028441,INCLUDE,High,Meets all SLR inclusion criteria for GPS-denied localization/navigation algorithm and platform validation.,['UGV'],['Underground'],['Radio/UWB'],[],True,False,resp_00368.json
369,Autonomous Flight Control of a Nano Quadrotor Helicopter in a GPS-Denied Environment Using On-Board Vision,X. Zhang; B. Xian; B. Zhao; Y. Zhang,2015,IEEE Transactions on Industrial Electronics,IEEE_Xplore,10.1109/TIE.2015.2420036,INCLUDE,High,Meets all SLR inclusion criteria for GPS-denied localization/navigation algorithm and platform validation.,['UAV'],"['Indoor', 'Urban', 'Forest/Outdoor']","['Camera', 'IMU']","['VIO', 'SLAM']",True,False,resp_00369.json
370,WHU-Helmet: A Helmet-Based Multisensor SLAM Dataset for the Evaluation of Real-Time 3-D Mapping in Large-Scale GNSS-Denied Environments,J. Li; W. Wu; B. Yang; X. Zou; Y. Yang; X. Zhao; Z. Dong,2023,IEEE Transactions on Geoscience and Remote Sensing,IEEE_Xplore,10.1109/TGRS.2023.3275307,INCLUDE,High,Meets all SLR inclusion criteria for GPS-denied localization/navigation algorithm and platform validation.,['Wearable'],"['Indoor', 'Underground', 'Forest/Outdoor']","['IMU', 'LiDAR', 'Radio/UWB']","['VIO', 'SLAM']",True,False,resp_00370.json
371,Design and Integration of a Multi-Sensor System for Enhanced Indoor Autonomous Navigation,S. Vegesana; H. Penumatcha; C. Jaiswal; I. W. AlHmoud; B. Gokaraju,2024,SoutheastCon 2024,IEEE_Xplore,10.1109/SoutheastCon52093.2024.10500129,INCLUDE,High,Meets all SLR inclusion criteria for GPS-denied localization/navigation algorithm and platform validation.,['General Robotics'],['Indoor'],"['Camera', 'IMU', 'LiDAR', 'Radio/UWB']",[],True,False,resp_00371.json
372,UAV-Assisted Visual SLAM Generating Reconstructed 3D Scene Graphs in GPS-Denied Environments,A. Radwan; A. Tourani; H. Bavle; H. Voos; J. L. Sanchez-Lopez,2024,2024 International Conference on Unmanned Aircraft Systems (ICUAS),IEEE_Xplore,10.1109/ICUAS60882.2024.10556948,INCLUDE,High,Meets all SLR inclusion criteria for GPS-denied localization/navigation algorithm and platform validation.,['UAV'],['Indoor'],"['Camera', 'IMU', 'Radio/UWB']",['SLAM'],True,False,resp_00372.json
373,Improving Robot Navigation and Obstacle Avoidance using Kinect 2.0,A. Basiri; M. A. Oskoei; A. Basiri; A. M. Shahri,2017,2017 5th RSI International Conference on Robotics and Mechatronics (ICRoM),IEEE_Xplore,10.1109/ICRoM.2017.8466145,INCLUDE,High,Meets all SLR inclusion criteria for GPS-denied localization/navigation algorithm and platform validation.,['UGV'],['Unspecified'],"['IMU', 'LiDAR', 'Radio/UWB']",[],True,False,resp_00373.json
374,A Factor Graph-Based Multiple Sensors Fusion Method for Enhanced Underwater Navigation of Remotely Operated Vehicles,S. Cheng; H. Zhu; X. Qu; Y. Wang,2024,2024 IEEE International Conference on Unmanned Systems (ICUS),IEEE_Xplore,10.1109/ICUS61736.2024.10839879,INCLUDE,High,Meets all SLR inclusion criteria for GPS-denied localization/navigation algorithm and platform validation.,['USV/AUV'],['Urban'],"['IMU', 'Radio/UWB']",['Factor Graph Optimization'],True,False,resp_00374.json
375,Design and research of intelligent wheelchair robot based on lidar and ROS,J. Wang; Y. Zhang; P. Jiang,2022,"2022 IEEE 6th Advanced Information Technology, Electronic and Automation Control Conference (IAEAC )",IEEE_Xplore,10.1109/IAEAC54830.2022.9930033,INCLUDE,High,Meets all SLR inclusion criteria for GPS-denied localization/navigation algorithm and platform validation.,['UGV'],['Indoor'],"['LiDAR', 'Radio/UWB']",[],True,False,resp_00375.json
376,Indoor Object C1assification for Autonomous Navigation Assistance Based on Deep CNN Model,M. Aftf; R. Ayachi; Y. Said; E. Pissaloux; M. Atri,2019,2019 IEEE International Symposium on Measurements & Networking (M&N),IEEE_Xplore,10.1109/IWMN.2019.8805042,INCLUDE,High,Meets all SLR inclusion criteria for GPS-denied localization/navigation algorithm and platform validation.,['General Robotics'],['Indoor'],['Camera'],['Deep Learning'],True,False,resp_00376.json
377,Indoor Localization Using Low-Cost Sensors: Application to a ROS-Based Minicar,I. Shinko; J. Ismailaj; E. K. Meçe; A. Bozzi,2025,2025 20th Annual System of Systems Engineering Conference (SoSE),IEEE_Xplore,10.1109/SoSE66311.2025.11083834,INCLUDE,High,Meets all SLR inclusion criteria for GPS-denied localization/navigation algorithm and platform validation.,['General Robotics'],['Indoor'],"['Camera', 'IMU', 'LiDAR', 'Radio/UWB']",[],True,False,resp_00377.json
378,Performance Comparison between Several Underwater Navigation Algorithms for Autonomous Underwater Vehicle,P. Lv; J. Guo; X. Zhang; B. He; T. Yan,2018,2018 OCEANS - MTS/IEEE Kobe Techno-Oceans (OTO),IEEE_Xplore,10.1109/OCEANSKOBE.2018.8559381,INCLUDE,High,Meets all SLR inclusion criteria for GPS-denied localization/navigation algorithm and platform validation.,['USV/AUV'],['Unspecified'],[],['Kalman Filtering'],True,False,resp_00378.json
379,Vehicle Control in GNSS-Denied Environments Using Map-Based Localization and Model Predictive Control,L. Beer; A. Bienemann; T. Luettel; M. Maehlisch,2024,2024 9th International Conference on Control and Robotics Engineering (ICCRE),IEEE_Xplore,10.1109/ICCRE61448.2024.10589907,INCLUDE,High,Meets all SLR inclusion criteria for GPS-denied localization/navigation algorithm and platform validation.,['General Robotics'],['Urban'],"['LiDAR', 'Radio/UWB']",['Factor Graph Optimization'],True,False,resp_00379.json
380,LIDAR based Mapping and Path Planning for Autonomous Vehicles,A. Dahake; J. Chinchkar; R. Chulpar; S. Bhatlawande; S. Shilaskar,2025,2025 6th International Conference on Intelligent Communication Technologies and Virtual Mobile Networks (ICICV),IEEE_Xplore,10.1109/ICICV64824.2025.11085948,INCLUDE,High,Meets all SLR inclusion criteria for GPS-denied localization/navigation algorithm and platform validation.,['General Robotics'],['Indoor'],"['IMU', 'LiDAR', 'Radio/UWB']",['SLAM'],True,False,resp_00380.json
381,"Self-Positioning for Mobile Robot Indoor Navigation Based on Wheel Odometry, Inertia Measurement Unit and Ultra Wideband",S. Zhang; X. Tan; Q. Wu,2021,"2021 5th International Conference on Vision, Image and Signal Processing (ICVISP)",IEEE_Xplore,10.1109/ICVISP54630.2021.00027,INCLUDE,High,Meets all SLR inclusion criteria for GPS-denied localization/navigation algorithm and platform validation.,['UGV'],"['Indoor', 'Underground']","['IMU', 'Radio/UWB']","['Kalman Filtering', 'Radio Ranging']",True,False,resp_00381.json
382,Integration of Extended Kalman Filtering and Deep Reinforcement Learning for Autonomous UAV Navigation Under GPS Jamming,W. Aldosari,2026,IEEE Access,IEEE_Xplore,10.1109/ACCESS.2026.3660675,INCLUDE,High,Meets all SLR inclusion criteria for GPS-denied localization/navigation algorithm and platform validation.,['UAV'],['Adversarial'],"['IMU', 'Radio/UWB']",['Kalman Filtering'],True,False,resp_00382.json
383,Towards the Development of Autonomous Wheelchair,M. Craciunescu; D. Baicu; M. Cîrciumaru; S. Mocanu; R. Dobrescu,2019,2019 22nd International Conference on Control Systems and Computer Science (CSCS),IEEE_Xplore,10.1109/CSCS.2019.00101,INCLUDE,High,Meets all SLR inclusion criteria for GPS-denied localization/navigation algorithm and platform validation.,['UGV'],['Indoor'],[],['Deep Learning'],True,False,resp_00383.json
384,Research on indoor navigation of mobile robot based on INS and ultrosound,X. Nong; L. Cheng; D. Yating; P. Rui; Y. Chen; H. Wu,2017,2017 12th IEEE Conference on Industrial Electronics and Applications (ICIEA),IEEE_Xplore,10.1109/ICIEA.2017.8282848,INCLUDE,High,Meets all SLR inclusion criteria for GPS-denied localization/navigation algorithm and platform validation.,['UGV'],['Indoor'],"['IMU', 'Radio/UWB']","['Kalman Filtering', 'Radio Ranging']",True,False,resp_00384.json
385,3D Autonomous Underwater Navigation Using Seabed Acoustic Sensing,A. B. Miller; B. M. Miller,2018,2018 26th Mediterranean Conference on Control and Automation (MED),IEEE_Xplore,10.1109/MED.2018.8442781,INCLUDE,High,Meets all SLR inclusion criteria for GPS-denied localization/navigation algorithm and platform validation.,"['UAV', 'USV/AUV']",['Urban'],"['IMU', 'Radio/UWB', 'Sonar/DVL']",[],True,False,resp_00385.json
386,Template matching localization for GPS denied environments,S. Rowe; P. Mahal; L. Burkowski; G. Beach; C. J. Cohen,2012,2012 IEEE Applied Imagery Pattern Recognition Workshop (AIPR),IEEE_Xplore,10.1109/AIPR.2012.6528208,INCLUDE,High,Meets all SLR inclusion criteria for GPS-denied localization/navigation algorithm and platform validation.,['General Robotics'],['Unspecified'],['IMU'],[],True,False,resp_00386.json
387,Obstacle avoidance navigation method for robot based on deep reinforcement learning,X. Ruan; C. Lin; J. Huang; Y. Li,2022,2022 IEEE 6th Information Technology and Mechatronics Engineering Conference (ITOEC),IEEE_Xplore,10.1109/ITOEC53115.2022.9734337,INCLUDE,High,Meets all SLR inclusion criteria for GPS-denied localization/navigation algorithm and platform validation.,['UGV'],['Indoor'],['Radio/UWB'],['Deep Learning'],True,False,resp_00387.json
388,Multi-UAV Cooperative Navigation Based on Multisource Information Fusion: A Review,F. Song; Q. Zeng; R. Zhang; X. Zhu; X. Ye; Z. Zhang,2026,IEEE Sensors Journal,IEEE_Xplore,10.1109/JSEN.2025.3646302,INCLUDE,High,Meets all SLR inclusion criteria for GPS-denied localization/navigation algorithm and platform validation.,['UAV'],['Unspecified'],[],['Factor Graph Optimization'],True,False,resp_00388.json
389,Pose-A VLoc: a Drone Adaptive Visual Continuous Localization Framework Based on Pose Assistance,C. You,2026,"2026 International Conference on Image, Signal Processing and Pattern Recognition (ISPP)",IEEE_Xplore,10.1109/ISPP69262.2026.11543040,INCLUDE,High,Meets all SLR inclusion criteria for GPS-denied localization/navigation algorithm and platform validation.,['UAV'],['Unspecified'],"['Camera', 'IMU']",[],True,False,resp_00389.json
390,ROS-Based Indoor Autonomous Exploration and Navigation Wheelchair,Z. Li; Y. Xiong; L. Zhou,2017,2017 10th International Symposium on Computational Intelligence and Design (ISCID),IEEE_Xplore,10.1109/ISCID.2017.55,INCLUDE,High,Meets all SLR inclusion criteria for GPS-denied localization/navigation algorithm and platform validation.,['UGV'],['Indoor'],"['Camera', 'LiDAR', 'Radio/UWB']",[],True,False,resp_00390.json
391,Multi-UAV Collaboration and IMU Fusion Localization Method in Partial GNSS-Denied Scenarios,Y. Zheng; Y. Xie; J. Li,2023,IEEE Access,IEEE_Xplore,10.1109/ACCESS.2023.3315870,INCLUDE,High,Meets all SLR inclusion criteria for GPS-denied localization/navigation algorithm and platform validation.,['UAV'],['Unspecified'],"['IMU', 'Radio/UWB']","['Kalman Filtering', 'Radio Ranging']",True,False,resp_00391.json
392,A Method for Navigation System of Security Robot based on Millimeter Wave,F. Li; R. Zheng; X. Liu; Z. Lu; C. Zhao; L. Gong,2021,2021 33rd Chinese Control and Decision Conference (CCDC),IEEE_Xplore,10.1109/CCDC52312.2021.9602098,INCLUDE,High,Meets all SLR inclusion criteria for GPS-denied localization/navigation algorithm and platform validation.,['General Robotics'],['Indoor'],"['Camera', 'LiDAR', 'Radio/UWB', 'Radar']",[],True,False,resp_00392.json
393,navCLIP: A Novel CLIP-Guided Drone Navigation Model,H. Samma,2026,IEEE Access,IEEE_Xplore,10.1109/ACCESS.2026.3695592,INCLUDE,High,Meets all SLR inclusion criteria for GPS-denied localization/navigation algorithm and platform validation.,['UAV'],['Indoor'],"['Camera', 'IMU', 'Radio/UWB']",['Deep Learning'],True,False,resp_00393.json
394,Research on Laser Navigation Mapping and Path Planning of Tracked Mobile Robot Based on Hector SLAM,Y. Wu; Z. Ding,2018,2018 International Conference on Intelligent Informatics and Biomedical Sciences (ICIIBMS),IEEE_Xplore,10.1109/ICIIBMS.2018.8549954,INCLUDE,High,Meets all SLR inclusion criteria for GPS-denied localization/navigation algorithm and platform validation.,['UGV'],['Unspecified'],['LiDAR'],['SLAM'],True,False,resp_00394.json
395,Semantic LiDAR Point Cloud Mapping and Cloud-Based SLAM for Autonomous Driving,F. Andert; O. Böttcher; A. Mushyam; P. Schmälzle,2025,"2025 IEEE/ION Position, Location and Navigation Symposium (PLANS)",IEEE_Xplore,10.1109/PLANS61210.2025.11028497,INCLUDE,High,Meets all SLR inclusion criteria for GPS-denied localization/navigation algorithm and platform validation.,['General Robotics'],['Urban'],"['LiDAR', 'Radio/UWB']","['VIO', 'SLAM']",True,False,resp_00395.json
396,Location Aware and Drift Control Using a Smartphone On-board an Unmanned Aerial Vehicle,A. Farooq; M. Sadaf; T. Nosheen; N. Chumuang,2024,"2024 21st International Conference on Electrical Engineering/Electronics, Computer, Telecommunications and Information Technology (ECTI-CON)",IEEE_Xplore,10.1109/ECTI-CON60892.2024.10594950,INCLUDE,High,Meets all SLR inclusion criteria for GPS-denied localization/navigation algorithm and platform validation.,['UAV'],"['Indoor', 'Forest/Outdoor']",['Radio/UWB'],[],True,False,resp_00396.json
397,Autonomous multi-floor indoor navigation with a computationally constrained micro aerial vehicle,S. Shen; N. Michael; V. Kumar,2011,2011 IEEE International Conference on Robotics and Automation,IEEE_Xplore,10.1109/ICRA.2011.5980364,INCLUDE,High,Meets all SLR inclusion criteria for GPS-denied localization/navigation algorithm and platform validation.,"['UAV', 'UGV']","['Indoor', 'Forest/Outdoor']",['Radio/UWB'],[],True,False,resp_00397.json
398,ROS Powered Autonomous Mobile Robot for Indoor Applications,M. H T; M. L; M. Sajjad,2024,2024 International Conference on Intelligent Algorithms for Computational Intelligence Systems (IACIS),IEEE_Xplore,10.1109/IACIS61494.2024.10721860,INCLUDE,High,Meets all SLR inclusion criteria for GPS-denied localization/navigation algorithm and platform validation.,['UGV'],['Indoor'],"['IMU', 'LiDAR', 'Radio/UWB']","['Kalman Filtering', 'Radio Ranging']",True,False,resp_00398.json
399,SLAM-DRLnav: A SLAM-Enhanced Deep Reinforcement Learning Navigation Framework for Indoor Self-driving,S. Nam; C. Woo; S. Kang; T. A. Nguyen; D. Min,2023,"2023 International Conference on Mechatronics, Control and Robotics (ICMCR)",IEEE_Xplore,10.1109/ICMCR56776.2023.10181042,INCLUDE,High,Meets all SLR inclusion criteria for GPS-denied localization/navigation algorithm and platform validation.,['UGV'],['Indoor'],[],['SLAM'],True,False,resp_00399.json
400,Indoor Navigation System by Combining Ultrasonic Wave TOA and Inertial Measurement,R. Tientadakul; H. Nakanishi; T. Shiigi; Z. Huang; L. W. Jacky Tsay; N. Kondo,2020,2020 59th Annual Conference of the Society of Instrument and Control Engineers of Japan (SICE),IEEE_Xplore,10.23919/SICE48898.2020.9240233,INCLUDE,High,Meets all SLR inclusion criteria for GPS-denied localization/navigation algorithm and platform validation.,['General Robotics'],['Indoor'],"['IMU', 'Radio/UWB']",[],True,False,resp_00400.json
401,Vehicle Cooperative Localization Based on UWB Technology in GNSS-Denied Environments,H. Yao; X. Qu; L. Wu; Y. Wu,2025,IEEE Sensors Journal,IEEE_Xplore,10.1109/JSEN.2025.3592804,INCLUDE,High,Meets all SLR inclusion criteria for GPS-denied localization/navigation algorithm and platform validation.,['General Robotics'],['Underground'],"['IMU', 'Radio/UWB']","['Factor Graph Optimization', 'Radio Ranging']",True,False,resp_00401.json
402,Indoor Navigation for Assistive Robots using EEG Signals as Feedback,S. A. S. Bellary; D. Grabowsky; J. M. Conrad,2020,2020 SoutheastCon,IEEE_Xplore,10.1109/SoutheastCon44009.2020.9249750,INCLUDE,High,Meets all SLR inclusion criteria for GPS-denied localization/navigation algorithm and platform validation.,['General Robotics'],['Indoor'],"['IMU', 'Radio/UWB']",[],True,False,resp_00402.json
403,A computer vision-aided motion sensing algorithm for mobile robot's indoor navigation,M. Diop; Lee Yeng Ong; T. S. Lim; C. H. Lim,2016,2016 IEEE 14th International Workshop on Advanced Motion Control (AMC),IEEE_Xplore,10.1109/AMC.2016.7496383,INCLUDE,High,Meets all SLR inclusion criteria for GPS-denied localization/navigation algorithm and platform validation.,['UGV'],['Indoor'],['Camera'],[],True,False,resp_00403.json
404,The Growing Importance of Alternative Indoor and Seamless Positioning and Navigation in Response to Escalating GNSS Attacks,V. Renaudin; F. Le Bourhis,2024,2024 14th International Conference on Indoor Positioning and Indoor Navigation (IPIN),IEEE_Xplore,10.1109/IPIN62893.2024.10786132,INCLUDE,High,Meets all SLR inclusion criteria for GPS-denied localization/navigation algorithm and platform validation.,['General Robotics'],"['Indoor', 'Underground', 'Adversarial']",['Radio/UWB'],[],True,False,resp_00404.json
405,Small-UAS navigation using 3D imager and infrared camera in structured environments,A. Bharadwaj; A. Schultz; R. Gilabert; J. Huff; M. U. de Haag,2016,"2016 IEEE/ION Position, Location and Navigation Symposium (PLANS)",IEEE_Xplore,10.1109/PLANS.2016.7479751,INCLUDE,High,Meets all SLR inclusion criteria for GPS-denied localization/navigation algorithm and platform validation.,['General Robotics'],['Indoor'],"['Camera', 'IMU']",[],True,False,resp_00405.json
406,Underwater integrated navigation technology based on SINS/LBL tight combination,Y. Luo; M. Liu; D. Peng,2025,"2025 6th International Conference on Geology, Mapping and Remote Sensing (ICGMRS)",IEEE_Xplore,10.1109/ICGMRS66001.2025.11064983,INCLUDE,High,Meets all SLR inclusion criteria for GPS-denied localization/navigation algorithm and platform validation.,['USV/AUV'],['Urban'],"['IMU', 'Radio/UWB', 'Sonar/DVL']",['Kalman Filtering'],True,False,resp_00406.json
407,Guidance of an Autonomous Surface Vehicle for Underwater Navigation Aid,J. P. Sousa; B. M. Ferreira; N. A. Cruz,2018,2018 IEEE/OES Autonomous Underwater Vehicle Workshop (AUV),IEEE_Xplore,10.1109/AUV.2018.8729815,INCLUDE,High,Meets all SLR inclusion criteria for GPS-denied localization/navigation algorithm and platform validation.,['USV/AUV'],['Unspecified'],"['IMU', 'Radio/UWB', 'Sonar/DVL']",[],True,False,resp_00407.json
408,Autonomous Navigation of a Single UAV in Cluttered Indoor Environment via Cuckoo Search Algorithm,D. H. Burande; S. C. Kulkarni; N. L. Bhirud; I. Swain; A. M. Ekatpure; S. Agrawal,2025,"2025 International Conference on Electronics and Computing, Communication Networking Automation Technologies (ICEC2NT)",IEEE_Xplore,10.1109/ICEC2NT65402.2025.11380007,INCLUDE,High,Meets all SLR inclusion criteria for GPS-denied localization/navigation algorithm and platform validation.,['UAV'],['Indoor'],"['IMU', 'Radio/UWB']",[],True,False,resp_00408.json
409,Dust-Resilient Autonomous Navigation and Mapping for UAVs in GNSS-Denied Underground Tunnels,M. A. Montes-Grova; J. M. González-Marín; F. J. Pérez-Grau; A. Viguria,2026,2026 International Conference on Unmanned Aircraft Systems (ICUAS),IEEE_Xplore,10.1109/ICUAS69441.2026.11598747,INCLUDE,High,Meets all SLR inclusion criteria for GPS-denied localization/navigation algorithm and platform validation.,['UAV'],"['Underground', 'Urban', 'Adversarial']","['Camera', 'IMU', 'LiDAR', 'Radio/UWB']",[],True,False,resp_00409.json
410,Door negotiation of a omni robot platform using depth map based navigation in dynamic environment,A. S. Kundu; O. Mazumder; R. Chattaraj; S. Bhaumik,2014,2014 Seventh International Conference on Contemporary Computing (IC3),IEEE_Xplore,10.1109/IC3.2014.6897169,INCLUDE,High,Meets all SLR inclusion criteria for GPS-denied localization/navigation algorithm and platform validation.,['UGV'],['Unspecified'],['Radio/UWB'],[],True,False,resp_00410.json
412,Learning to Navigate and Track Using a Decentralized Reinforcement Learning Framework for UAV Operations in GNSS-Denied Terrain,P. N. D. Almalis; G. A. Tsihrintzis; A. Stergioulis; M. Michail; T. Tilemachos,2025,2025 IEEE 37th International Conference on Tools with Artificial Intelligence (ICTAI),IEEE_Xplore,10.1109/ICTAI66417.2025.00154,INCLUDE,High,Meets all SLR inclusion criteria for GPS-denied localization/navigation algorithm and platform validation.,['UAV'],['Urban'],"['IMU', 'Radio/UWB']",['Factor Graph Optimization'],True,False,resp_00412.json
413,First-person indoor navigation via vision-inertial data fusion,A. Farnoosh; M. Nabian; P. Closas; S. Ostadabbas,2018,"2018 IEEE/ION Position, Location and Navigation Symposium (PLANS)",IEEE_Xplore,10.1109/PLANS.2018.8373507,INCLUDE,High,Meets all SLR inclusion criteria for GPS-denied localization/navigation algorithm and platform validation.,['General Robotics'],['Indoor'],"['Camera', 'IMU', 'Radio/UWB']",['Kalman Filtering'],True,False,resp_00413.json
414,Development of an Efficient Path Planning Algorithm for Indoor Navigation,O. V. P. Arista; O. R. V. Barona; R. S. Nuñez Cruz,2021,"2021 18th International Conference on Electrical Engineering, Computing Science and Automatic Control (CCE)",IEEE_Xplore,10.1109/CCE53527.2021.9633059,INCLUDE,High,Meets all SLR inclusion criteria for GPS-denied localization/navigation algorithm and platform validation.,['General Robotics'],['Indoor'],"['IMU', 'Radio/UWB']","['SLAM', 'Factor Graph Optimization']",True,False,resp_00414.json
415,A GPS/BeiDou Dual-Mode Mobile Robot Localization Error Compensation Method Fused with IMU,Y. Wang; Z. Xue,2026,2026 9th International Conference on Advanced Algorithms and Control Engineering (ICAACE),IEEE_Xplore,10.1109/ICAACE69793.2026.11508702,INCLUDE,High,Meets all SLR inclusion criteria for GPS-denied localization/navigation algorithm and platform validation.,['UGV'],"['Urban', 'Forest/Outdoor']",['IMU'],['Kalman Filtering'],True,False,resp_00415.json
416,Vision-based pose estimation for autonomous indoor navigation of micro-scale Unmanned Aircraft Systems,P. Rudol; M. Wzorek; P. Doherty,2010,2010 IEEE International Conference on Robotics and Automation,IEEE_Xplore,10.1109/ROBOT.2010.5509203,INCLUDE,High,Meets all SLR inclusion criteria for GPS-denied localization/navigation algorithm and platform validation.,['General Robotics'],['Indoor'],['Camera'],[],True,False,resp_00416.json
417,An Indoor Navigation Robot Using Augmented Reality,A. Corotan; J. J. Z. Irgen-Gioro,2019,"2019 5th International Conference on Control, Automation and Robotics (ICCAR)",IEEE_Xplore,10.1109/ICCAR.2019.8813348,INCLUDE,High,Meets all SLR inclusion criteria for GPS-denied localization/navigation algorithm and platform validation.,['General Robotics'],['Indoor'],[],[],True,False,resp_00417.json
418,A Comprehensive Study on Supermarket Indoor Navigation for Visually Impaired using Computer Vision Techniques,S. Kayalvizhi; S. Roshni; R. Ponraj; S. Priya Dharshini,2023,2022 OPJU International Technology Conference on Emerging Technologies for Sustainable Development (OTCON),IEEE_Xplore,10.1109/OTCON56053.2023.10114030,INCLUDE,High,Meets all SLR inclusion criteria for GPS-denied localization/navigation algorithm and platform validation.,['General Robotics'],['Indoor'],"['Camera', 'IMU', 'Radio/UWB']",[],True,False,resp_00418.json
419,A New Velocity Meter Based on Hall Effect Sensors for UAV Indoor Navigation,S. Zahran; A. M. Moussa; A. B. Sesay; N. El-Sheimy,2019,IEEE Sensors Journal,IEEE_Xplore,10.1109/JSEN.2018.2890094,INCLUDE,High,Meets all SLR inclusion criteria for GPS-denied localization/navigation algorithm and platform validation.,['UAV'],"['Indoor', 'Urban']",['IMU'],['Kalman Filtering'],True,False,resp_00419.json
420,TOM-Odometry: A Generalized Localization Framework Based on Topological Map and Odometry,S. Si; Y. Huang; Y. Nie; L. Xiao; D. Zhao; B. Dai; Y. Zhang,2023,IEEE Transactions on Aerospace and Electronic Systems,IEEE_Xplore,10.1109/TAES.2022.3219802,INCLUDE,High,Meets all SLR inclusion criteria for GPS-denied localization/navigation algorithm and platform validation.,['General Robotics'],"['Urban', 'Forest/Outdoor']","['Camera', 'Radio/UWB']",[],True,False,resp_00420.json
421,Occupancy grid map generation using 360° scanning xtion pro live for indoor mobile robot navigation,A. S. Kundu; O. Mazumder; A. Dhar; S. Bhaumik,2016,"2016 IEEE First International Conference on Control, Measurement and Instrumentation (CMI)",IEEE_Xplore,10.1109/CMI.2016.7413791,INCLUDE,High,Meets all SLR inclusion criteria for GPS-denied localization/navigation algorithm and platform validation.,['UGV'],['Indoor'],[],[],True,False,resp_00421.json
422,A hybrid lidar-based indoor navigation system enhanced by ceiling visual codes for mobile robots,J. Xiong; Y. Liu; X. Ye; L. Han; H. Qian; Y. Xu,2016,2016 IEEE International Conference on Robotics and Biomimetics (ROBIO),IEEE_Xplore,10.1109/ROBIO.2016.7866575,INCLUDE,High,Meets all SLR inclusion criteria for GPS-denied localization/navigation algorithm and platform validation.,['UGV'],['Indoor'],"['Camera', 'LiDAR', 'Radio/UWB']",[],True,False,resp_00422.json
423,Circumnavigation of an Unknown Target Using Range-only Measurements in GPS-denied Environments,F. Dong; Y. Hsu; K. You,2019,2019 IEEE 15th International Conference on Control and Automation (ICCA),IEEE_Xplore,10.1109/ICCA.2019.8899523,INCLUDE,High,Meets all SLR inclusion criteria for GPS-denied localization/navigation algorithm and platform validation.,['General Robotics'],['Unspecified'],"['IMU', 'Radio/UWB']",[],True,False,resp_00423.json
424,Comparative Analysis of Underwater Positioning and Navigation Systems,H. Alamleh; A. A. S. AlQahtani; B. Al Smadi,2021,"2021 IEEE 12th Annual Ubiquitous Computing, Electronics & Mobile Communication Conference (UEMCON)",IEEE_Xplore,10.1109/UEMCON53757.2021.9666718,INCLUDE,High,Meets all SLR inclusion criteria for GPS-denied localization/navigation algorithm and platform validation.,['USV/AUV'],['Unspecified'],['Sonar/DVL'],['SLAM'],True,False,resp_00424.json
425,Evaluation of Real-Time Vehicle Localization Accuracy Using Vision-Based Deep Learning and Sensor Fusion in GPS-Denied Scenarios,C. -H. Huang; R. -T. Juang; C. -Y. Liu,2025,IEEE Access,IEEE_Xplore,10.1109/ACCESS.2025.3627600,INCLUDE,High,Meets all SLR inclusion criteria for GPS-denied localization/navigation algorithm and platform validation.,['UAV'],['Unspecified'],"['Camera', 'IMU', 'Radio/UWB']","['Kalman Filtering', 'Deep Learning']",True,False,resp_00425.json
426,Leonardo Drone Contest 2021: Politecnico di Milano team architecture,G. Roggi; S. Meraglia; M. Lovera,2022,2022 International Conference on Unmanned Aircraft Systems (ICUAS),IEEE_Xplore,10.1109/ICUAS54217.2022.9836103,INCLUDE,High,Meets all SLR inclusion criteria for GPS-denied localization/navigation algorithm and platform validation.,['UAV'],"['Indoor', 'Urban']",['Radio/UWB'],[],True,False,resp_00426.json
427,Scene-Matching Localization for Autonomous Evtol Based on Bag-Of-Visual-Words,S. Xiang; M. Ye; T. Wang; Y. Zhang; Z. Men; A. Xie,2023,IGARSS 2023 - 2023 IEEE International Geoscience and Remote Sensing Symposium,IEEE_Xplore,10.1109/IGARSS52108.2023.10282008,INCLUDE,High,Meets all SLR inclusion criteria for GPS-denied localization/navigation algorithm and platform validation.,['UAV'],['Urban'],"['Camera', 'Radio/UWB']",[],True,False,resp_00427.json
428,Humanoid robot indoor navigation based on 2D bar codes: application to the NAO robot,L. George; A. Mazel,2013,2013 13th IEEE-RAS International Conference on Humanoid Robots (Humanoids),IEEE_Xplore,10.1109/HUMANOIDS.2013.7029995,INCLUDE,High,Meets all SLR inclusion criteria for GPS-denied localization/navigation algorithm and platform validation.,['General Robotics'],['Indoor'],['Camera'],[],True,False,resp_00428.json
429,Real time visual SLAM for underwater robotic inspection,M. Meireles; R. Lourenço; A. Dias; J. M. Almeida; H. Silva; A. Martins,2014,2014 Oceans - St. John's,IEEE_Xplore,10.1109/OCEANS.2014.7003097,INCLUDE,High,Meets all SLR inclusion criteria for GPS-denied localization/navigation algorithm and platform validation.,['USV/AUV'],['Indoor'],"['Camera', 'IMU']",['SLAM'],True,False,resp_00429.json
430,Drones Guiding Drones: Cooperative Navigation of a Less-Equipped Micro Aerial Vehicle in Cluttered Environments,V. Pritzl; M. Vrba; Y. Stasinchuk; V. Krátký; J. Horyna; P. Štěpán; M. Saska,2024,2024 IEEE/RSJ International Conference on Intelligent Robots and Systems (IROS),IEEE_Xplore,10.1109/IROS58592.2024.10802770,INCLUDE,High,Meets all SLR inclusion criteria for GPS-denied localization/navigation algorithm and platform validation.,['UAV'],['Urban'],"['Camera', 'LiDAR', 'Radio/UWB']",['Radio Ranging'],True,False,resp_00430.json
431,"AOA Sensor Placement for Anchor-Assisted Target Localization in GNSS-Denied Environment: Formulation, Bounds and Optimization",S. Xu; L. Wu; X. Li; X. Wu; T. Xu,2025,IEEE Transactions on Mobile Computing,IEEE_Xplore,10.1109/TMC.2025.3570768,INCLUDE,High,Meets all SLR inclusion criteria for GPS-denied localization/navigation algorithm and platform validation.,['General Robotics'],['Unspecified'],"['IMU', 'Radio/UWB']",['Factor Graph Optimization'],True,False,resp_00431.json
432,ROS-Based Autonomous Maintenance and Inspection Robot for Industrial Safety,M. Tauseef; C. Sharma; C. G. S; A. C. S; S. Manna,2025,"2025 Third International Conference on Networks, Multimedia and Information Technology (NMITCON)",IEEE_Xplore,10.1109/NMITCON65824.2025.11188235,INCLUDE,High,Meets all SLR inclusion criteria for GPS-denied localization/navigation algorithm and platform validation.,['General Robotics'],['Unspecified'],"['LiDAR', 'Radio/UWB']",['SLAM'],True,False,resp_00432.json
433,Social Robot Motion for Low-Velocity Indoor Navigation: Simulation Results,F. Rivera; W. Orozco; E. Pinos; M. Toibero; J. Montesdeoca; B. S. Guevara,2024,2024 IEEE ANDESCON,IEEE_Xplore,10.1109/ANDESCON61840.2024.10755617,INCLUDE,High,Meets all SLR inclusion criteria for GPS-denied localization/navigation algorithm and platform validation.,['General Robotics'],"['Indoor', 'Urban']","['IMU', 'Radio/UWB']",[],True,False,resp_00433.json
434,Distributed Motion Capture-Based Testbed for Indoor UAV Navigation Research,M. Kurenda; K. Wojtowicz; K. Sibilski; J. Djabin; J. Kochan; A. Marut,2026,2026 IEEE 13th International Workshop on Metrology for AeroSpace (MetroAeroSpace),IEEE_Xplore,10.1109/MetroAeroSpace69299.2026.11646639,INCLUDE,High,Meets all SLR inclusion criteria for GPS-denied localization/navigation algorithm and platform validation.,['UAV'],"['Indoor', 'Urban']",['Radio/UWB'],[],True,False,resp_00434.json
435,AUV Tightly Coupled Terrain Aided Navigation Strategy Based on Isogonal MBES Modeling Method,S. Pan; X. Xu; Y. Yao; J. Zhang; L. Zhang,2024,IEEE Transactions on Intelligent Vehicles,IEEE_Xplore,10.1109/TIV.2023.3345467,INCLUDE,High,Meets all SLR inclusion criteria for GPS-denied localization/navigation algorithm and platform validation.,['USV/AUV'],['Urban'],"['IMU', 'Radio/UWB', 'Sonar/DVL']",[],True,False,resp_00435.json
436,Indoor integrated navigation for differential wheeled robot using ceiling artificial landmark,Song Yulong; Lian Baowang; Li Cha,2013,"Proceedings 2013 International Conference on Mechatronic Sciences, Electric Engineering and Computer (MEC)",IEEE_Xplore,10.1109/MEC.2013.6885173,INCLUDE,High,Meets all SLR inclusion criteria for GPS-denied localization/navigation algorithm and platform validation.,['UGV'],['Indoor'],"['Camera', 'IMU']",['Kalman Filtering'],True,False,resp_00436.json
437,Drift-Resilient Indoor 3D Mapping in GPS-Denied Environments Using RKO-LIO with Velodyne-Pixhawk Integration in ROS 2,A. M. N. S. Alqadhi; M. A. M. S. Bajhaw; M. El Muhammed; A. Ucar,2026,"2026 8th International Congress on Human-Computer Interaction, Optimization and Robotic Applications (ICHORA)",IEEE_Xplore,10.1109/ICHORA69329.2026.11537209,INCLUDE,High,Meets all SLR inclusion criteria for GPS-denied localization/navigation algorithm and platform validation.,['General Robotics'],['Indoor'],"['IMU', 'LiDAR', 'Radio/UWB']",[],True,False,resp_00437.json
438,Vision-based object path following on a quadcopter for GPS-denied environments,D. H. S. De Mel; K. A. Stol; J. A. D. Mills; B. R. Eastwood,2017,2017 International Conference on Unmanned Aircraft Systems (ICUAS),IEEE_Xplore,10.1109/ICUAS.2017.7991500,INCLUDE,High,Meets all SLR inclusion criteria for GPS-denied localization/navigation algorithm and platform validation.,['UAV'],['Urban'],"['Camera', 'IMU', 'Radio/UWB']",[],True,False,resp_00438.json
439,Arduino-Based Indoor Navigation System with Finger Print Method,A. E. Coşgun; H. Demir; B. Şenol,2025,2025 9th International Symposium on Innovative Approaches in Smart Technologies (ISAS),IEEE_Xplore,10.1109/ISAS66241.2025.11101840,INCLUDE,High,Meets all SLR inclusion criteria for GPS-denied localization/navigation algorithm and platform validation.,['General Robotics'],['Indoor'],"['IMU', 'Radio/UWB']",[],True,False,resp_00439.json
440,Control Design and Visual Autonomous Navigation of Quadrotor,B. Mouaad; B. Z. Razika; R. H. Ramzi; C. Karim,2019,2019 International Conference on Advanced Electrical Engineering (ICAEE),IEEE_Xplore,10.1109/ICAEE47123.2019.9014735,INCLUDE,High,Meets all SLR inclusion criteria for GPS-denied localization/navigation algorithm and platform validation.,['UAV'],['Unspecified'],"['Camera', 'IMU', 'LiDAR', 'Radio/UWB']","['VIO', 'SLAM']",True,False,resp_00440.json
441,Navigation Without Localization Using Stable Cycles,Q. Brateau; L. Degorre; F. Le Bars; L. Jaulin,2026,IEEE Journal of Oceanic Engineering,IEEE_Xplore,10.1109/JOE.2026.3652057,INCLUDE,High,Meets all SLR inclusion criteria for GPS-denied localization/navigation algorithm and platform validation.,['USV/AUV'],['Unspecified'],['Radio/UWB'],[],True,False,resp_00441.json
442,4G Enabled PhoneBot with Cloud based SLAM,P. Sasithong; Y. M. Myint; C. Kriangprapakit; C. Kertiopas; I. Ullah; L. Wuttisittikulkij; T. Loetchaipitak; K. Chaipirawat; R. Chancharoen; M. Saadi,2020,"2020 International Conference on Electronics, Information, and Communication (ICEIC)",IEEE_Xplore,10.1109/ICEIC49074.2020.9051151,INCLUDE,High,Meets all SLR inclusion criteria for GPS-denied localization/navigation algorithm and platform validation.,['General Robotics'],['Indoor'],"['LiDAR', 'Radio/UWB']",['SLAM'],True,False,resp_00442.json
443,Routing Models of Autonomous Unmanned System for Solving Problems in Object Identification at the Warehouse,V. A. Manakova; N. N. Maiorov; A. S. Kostin,2025,2025 Wave Electronics and its Application in Information and Telecommunication Systems (WECONF),IEEE_Xplore,10.1109/WECONF65186.2025.11017289,INCLUDE,High,Meets all SLR inclusion criteria for GPS-denied localization/navigation algorithm and platform validation.,['UAV'],['Indoor'],['Radio/UWB'],[],True,False,resp_00443.json
444,Autonomous Aerial Swarming in GNSS-denied Environments with High Obstacle Density,A. Ahmad; V. Walter; P. Petráček; M. Petrlík; T. Báča; D. Žaitlík; M. Saska,2021,2021 IEEE International Conference on Robotics and Automation (ICRA),IEEE_Xplore,10.1109/ICRA48506.2021.9561284,INCLUDE,High,Meets all SLR inclusion criteria for GPS-denied localization/navigation algorithm and platform validation.,['UAV'],['Forest/Outdoor'],['IMU'],[],True,False,resp_00444.json
445,Towards autonomous landing on a moving vessel through fiducial markers,R. Polvara; S. Sharma; J. Wan; A. Manning; R. Sutton,2017,2017 European Conference on Mobile Robots (ECMR),IEEE_Xplore,10.1109/ECMR.2017.8098671,INCLUDE,High,Meets all SLR inclusion criteria for GPS-denied localization/navigation algorithm and platform validation.,['UAV'],['Indoor'],"['IMU', 'Radio/UWB']",['Kalman Filtering'],True,False,resp_00445.json
446,CHAMELEON: Visual-inertial indoor navigation,J. Rydell; E. Emilsson,2012,"Proceedings of the 2012 IEEE/ION Position, Location and Navigation Symposium",IEEE_Xplore,10.1109/PLANS.2012.6236925,INCLUDE,High,Meets all SLR inclusion criteria for GPS-denied localization/navigation algorithm and platform validation.,['Wearable'],['Indoor'],"['Camera', 'IMU']","['VIO', 'SLAM']",True,False,resp_00446.json
447,A Perception-Based Architecture for Autonomous Convoying in GNSS-Denied Areas,A. Bienemann; L. Beer; A. Reich; T. Steinecker; B. Forkel; A. Backhaus; P. Berthold; J. D. González; P. Mortimer; T. Luettel; M. Maehlisch,2025,IEEE Transactions on Field Robotics,IEEE_Xplore,10.1109/TFR.2025.3600195,INCLUDE,High,Meets all SLR inclusion criteria for GPS-denied localization/navigation algorithm and platform validation.,['General Robotics'],['Unspecified'],['Radio/UWB'],['Radio Ranging'],True,False,resp_00447.json
448,Indoor Navigation System of Mobile Robot with Trajectory Optimization,Q. Liu; Y. Jiang; Y. Li,2022,2022 26th International Conference on Methods and Models in Automation and Robotics (MMAR),IEEE_Xplore,10.1109/MMAR55195.2022.9874287,INCLUDE,High,Meets all SLR inclusion criteria for GPS-denied localization/navigation algorithm and platform validation.,['UGV'],['Indoor'],['Radio/UWB'],['Factor Graph Optimization'],True,False,resp_00448.json
449,An Autonomous Navigation Method using 2D LiDAR for Structured Indoor Environments,J. J. Loukas; J. -D. Park,2025,"2025 International Conference on Artificial Intelligence, Computer, Data Sciences and Applications (ACDSA)",IEEE_Xplore,10.1109/ACDSA65407.2025.11165885,INCLUDE,High,Meets all SLR inclusion criteria for GPS-denied localization/navigation algorithm and platform validation.,['General Robotics'],"['Indoor', 'Underground']","['LiDAR', 'Radio/UWB']",[],True,False,resp_00449.json
450,Aerial Swarm Search for GNSS-Denied Maritime Surveillance,S. Yang; D. Lin; S. He; I. Hussain; L. Seneviratne,2024,IEEE Transactions on Aerospace and Electronic Systems,IEEE_Xplore,10.1109/TAES.2024.3362764,INCLUDE,High,Meets all SLR inclusion criteria for GPS-denied localization/navigation algorithm and platform validation.,['UAV'],['Unspecified'],"['IMU', 'Radio/UWB']","['VIO', 'Factor Graph Optimization']",True,False,resp_00450.json
451,Indoor navigation of mobile robot using fuzzy logic controller,J. Johnson; D. J. Godwin,2015,"2015 3rd International Conference on Signal Processing, Communication and Networking (ICSCN)",IEEE_Xplore,10.1109/ICSCN.2015.7219873,INCLUDE,High,Meets all SLR inclusion criteria for GPS-denied localization/navigation algorithm and platform validation.,['UGV'],['Indoor'],"['IMU', 'Sonar/DVL']",['VIO'],True,False,resp_00451.json
453,A proposal for UAV clustering-based relative localization in GNSS-denied environments,A. Boulkaid; A. Bermúdez; R. Casado; L. Orozco-Barbosa; A. Haqiq,2025,2025 14th IFIP/IEEE International Conference on Performance Evaluation and Modeling in Wired and Wireless Networks (PEMWN),IEEE_Xplore,10.23919/PEMWN67312.2025.11304114,INCLUDE,High,Meets all SLR inclusion criteria for GPS-denied localization/navigation algorithm and platform validation.,['UAV'],['Urban'],[],[],True,False,resp_00453.json
454,A SLAM Algorithm: A Superior Approach for Room Cleaning Robot,M. Maqbool; M. H. Ashfaq; N. A. Nawaz; K. Ishaq,2024,2024 5th International Conference on Innovative Computing (ICIC),IEEE_Xplore,10.1109/ICIC63915.2024.11116501,INCLUDE,High,Meets all SLR inclusion criteria for GPS-denied localization/navigation algorithm and platform validation.,['General Robotics'],['Indoor'],"['IMU', 'Radio/UWB']",['SLAM'],True,False,resp_00454.json
455,Airborne-Relay-based Algorithm for Locating Crashed UAVs in GPS-Denied Environments,D. Oh; J. Lim; J. -K. Lee; H. Baek,2019,"2019 IEEE 10th Annual Ubiquitous Computing, Electronics & Mobile Communication Conference (UEMCON)",IEEE_Xplore,10.1109/UEMCON47517.2019.8993065,INCLUDE,High,Meets all SLR inclusion criteria for GPS-denied localization/navigation algorithm and platform validation.,['UAV'],['Unspecified'],['IMU'],[],True,False,resp_00455.json
456,TDOA based Tightly Coupled Sensor Fusion for UAV Positioning in GPS-denied Environment,Z. Wang; B. Yang; H. Liu; Z. Tong; H. Shi,2024,"2024 3rd International Conference on Robotics, Artificial Intelligence and Intelligent Control (RAIIC)",IEEE_Xplore,10.1109/RAIIC61787.2024.10670977,INCLUDE,High,Meets all SLR inclusion criteria for GPS-denied localization/navigation algorithm and platform validation.,['UAV'],['Unspecified'],"['IMU', 'Radio/UWB']",['Radio Ranging'],True,False,resp_00456.json
457,Development of an Indoor Navigation System for Mobile Robots Using Sensor Fusion and Path Planning Algorithms,S. Suryaprakash; P. Thirumoorthi; T. Viswanathan,2023,"2023 2nd International Conference on Advancements in Electrical, Electronics, Communication, Computing and Automation (ICAECA)",IEEE_Xplore,10.1109/ICAECA56562.2023.10200495,INCLUDE,High,Meets all SLR inclusion criteria for GPS-denied localization/navigation algorithm and platform validation.,['UGV'],['Indoor'],"['IMU', 'Radio/UWB']",[],True,False,resp_00457.json
458,Design and Analysis of a Single-rotor UAV for Safe Indoor Navigation,S. S. Aditya; B. Bhushan; A. K. Agarwal,2023,2023 14th International Conference on Mechanical and Aerospace Engineering (ICMAE),IEEE_Xplore,10.1109/ICMAE59650.2023.10424495,INCLUDE,High,Meets all SLR inclusion criteria for GPS-denied localization/navigation algorithm and platform validation.,['UAV'],['Indoor'],[],[],True,False,resp_00458.json
459,Safe Tightly-Constrained UAV Swarming in GNSS-denied Environments,A. Dmytruk; T. Nascimento; A. Ahmad; T. Báča; M. Saska,2021,2021 International Conference on Unmanned Aircraft Systems (ICUAS),IEEE_Xplore,10.1109/ICUAS51884.2021.9476794,INCLUDE,High,Meets all SLR inclusion criteria for GPS-denied localization/navigation algorithm and platform validation.,['UAV'],['Forest/Outdoor'],['IMU'],[],True,False,resp_00459.json
460,ROS based service robot platform,R. Mishra; A. Javed,2018,"2018 4th International Conference on Control, Automation and Robotics (ICCAR)",IEEE_Xplore,10.1109/ICCAR.2018.8384644,INCLUDE,High,Meets all SLR inclusion criteria for GPS-denied localization/navigation algorithm and platform validation.,['General Robotics'],['Indoor'],"['Camera', 'IMU', 'Radio/UWB']",[],True,False,resp_00460.json
461,Autonomous MAV navigation in complex GNSS-denied 3D environments,M. Nieuwenhuisen; D. Droeschel; M. Beul; S. Behnke,2015,"2015 IEEE International Symposium on Safety, Security, and Rescue Robotics (SSRR)",IEEE_Xplore,10.1109/SSRR.2015.7443012,INCLUDE,High,Meets all SLR inclusion criteria for GPS-denied localization/navigation algorithm and platform validation.,['UAV'],['Indoor'],"['LiDAR', 'Radio/UWB']",[],True,False,resp_00461.json
462,Local Navigation System for a Robot Based on a Network of BLE Beacons,D. A. Yukhimets; I. E. Naidanova; N. V. Andrukhovsky,2024,2024 International Russian Automation Conference (RusAutoCon),IEEE_Xplore,10.1109/RusAutoCon61949.2024.10694049,INCLUDE,High,Meets all SLR inclusion criteria for GPS-denied localization/navigation algorithm and platform validation.,['UGV'],"['Indoor', 'Underground']",['Radio/UWB'],['Deep Learning'],True,False,resp_00462.json
463,Feature extraction from 2D laser range data for indoor navigation of aerial robot,X. He; Z. Cai,2013,2013 Chinese Automation Congress,IEEE_Xplore,10.1109/CAC.2013.6775748,INCLUDE,High,Meets all SLR inclusion criteria for GPS-denied localization/navigation algorithm and platform validation.,['General Robotics'],['Indoor'],"['IMU', 'LiDAR']",[],True,False,resp_00463.json
464,Relative visual-inertial odometry for fixed-wing aircraft in GPS-denied environments,G. Ellingson; K. Brink; T. McLain,2018,"2018 IEEE/ION Position, Location and Navigation Symposium (PLANS)",IEEE_Xplore,10.1109/PLANS.2018.8373454,INCLUDE,High,Meets all SLR inclusion criteria for GPS-denied localization/navigation algorithm and platform validation.,['General Robotics'],['Unspecified'],"['Camera', 'IMU', 'Radio/UWB']","['VIO', 'Kalman Filtering', 'Factor Graph Optimization']",True,False,resp_00464.json
465,"Employing an Embedded Renderer as Recognition Tool for Odometry, Map-Building, Navigation, and Localization on Active Sensing Robotics",P. Kunbum; T. Takeshi,2024,IEEE Journal of Indoor and Seamless Positioning and Navigation,IEEE_Xplore,10.1109/JISPIN.2024.3433671,INCLUDE,High,Meets all SLR inclusion criteria for GPS-denied localization/navigation algorithm and platform validation.,['General Robotics'],['Indoor'],"['Camera', 'IMU', 'Radio/UWB']",[],True,False,resp_00465.json
466,Autonomous Mapping of Uncharted Ports: Comparison of SIFT and Semi-Global Block Matching Based Stereo Vision on Real Port Data,V. Viegas; N. P. Santos; V. Lobo,2025,OCEANS 2025 - Great Lakes,IEEE_Xplore,10.23919/OCEANS59106.2025.11244895,INCLUDE,High,Meets all SLR inclusion criteria for GPS-denied localization/navigation algorithm and platform validation.,['USV/AUV'],['Unspecified'],"['Camera', 'IMU', 'LiDAR', 'Radio/UWB']",['SLAM'],True,False,resp_00466.json
467,Navigating the Future: A Kalman Filter-Based Global-Local-Global (GLG) Position Estimation for Autonomous Vehicles in GPS Denied Environments,S. Shakeera; N. Sreyas; V. B. N. Jyothi; H. Venkataraman,2026,IEEE Embedded Systems Letters,IEEE_Xplore,10.1109/LES.2025.3550171,INCLUDE,High,Meets all SLR inclusion criteria for GPS-denied localization/navigation algorithm and platform validation.,['USV/AUV'],['Underground'],['IMU'],['Kalman Filtering'],True,False,resp_00467.json
468,Indoor navigation algorithm for mobile robot using wireless sensor networks,O. M. Elfadil; Y. M. Alkasim; E. B. Abbas,2017,"2017 International Conference on Communication, Control, Computing and Electronics Engineering (ICCCCEE)",IEEE_Xplore,10.1109/ICCCCEE.2017.7866693,INCLUDE,High,Meets all SLR inclusion criteria for GPS-denied localization/navigation algorithm and platform validation.,"['UGV', 'Wearable']","['Indoor', 'Forest/Outdoor']",['Radio/UWB'],[],True,False,resp_00468.json
469,Design and Flight Test of an Aerial Manipulator for Applications in GPS-Denied Environments,M. Ng; F. Vanegas; K. Morton; J. Sandino; F. Gonzalez,2022,2022 International Conference on Unmanned Aircraft Systems (ICUAS),IEEE_Xplore,10.1109/ICUAS54217.2022.9836060,INCLUDE,High,Meets all SLR inclusion criteria for GPS-denied localization/navigation algorithm and platform validation.,['UAV'],['Indoor'],['Radio/UWB'],[],True,False,resp_00469.json
470,P3-LOAM: PPP/LiDAR Loosely Coupled SLAM With Accurate Covariance Estimation and Robust RAIM in Urban Canyon Environment,T. Li; L. Pei; Y. Xiang; Q. Wu; S. Xia; L. Tao; X. Guan; W. Yu,2021,IEEE Sensors Journal,IEEE_Xplore,10.1109/JSEN.2020.3042968,INCLUDE,High,Meets all SLR inclusion criteria for GPS-denied localization/navigation algorithm and platform validation.,['General Robotics'],['Urban'],"['IMU', 'LiDAR']","['SLAM', 'Radio Ranging']",True,False,resp_00470.json
471,Gaussian Process Regression for Improved Underwater Navigation,N. Cohen; I. Klein,2025,"2025 IEEE/ION Position, Location and Navigation Symposium (PLANS)",IEEE_Xplore,10.1109/PLANS61210.2025.11028550,INCLUDE,High,Meets all SLR inclusion criteria for GPS-denied localization/navigation algorithm and platform validation.,['USV/AUV'],['Urban'],"['IMU', 'Radio/UWB', 'Sonar/DVL']","['Kalman Filtering', 'Deep Learning']",True,False,resp_00471.json
472,The Autonomous Platforms Inertial Dataset,A. Shurin; A. Saraev; M. Yona; Y. Gutnik; S. Faber; A. Etzion; I. Klein,2022,IEEE Access,IEEE_Xplore,10.1109/ACCESS.2022.3144076,INCLUDE,High,Meets all SLR inclusion criteria for GPS-denied localization/navigation algorithm and platform validation.,"['UAV', 'USV/AUV']","['Indoor', 'Underground', 'Urban']","['IMU', 'Radio/UWB', 'Sonar/DVL']",[],True,False,resp_00472.json
473,Towards a model of UAVs navigation in urban canyon through defeasible logic,H. -P. Lam; G. Governatori,2013,Journal of Logic and Computation,IEEE_Xplore,10.1093/logcom/exr028,INCLUDE,High,Meets all SLR inclusion criteria for GPS-denied localization/navigation algorithm and platform validation.,['UAV'],['Urban'],"['IMU', 'Radio/UWB']",[],True,False,resp_00473.json
474,Hybrid-VINS: Underwater Tightly Coupled Hybrid Visual Inertial Dense SLAM for AUV,Y. Ou; J. Fan; C. Zhou; P. Zhang; Zeng-Guang,2025,IEEE Transactions on Industrial Electronics,IEEE_Xplore,10.1109/TIE.2024.3440515,INCLUDE,High,Meets all SLR inclusion criteria for GPS-denied localization/navigation algorithm and platform validation.,['USV/AUV'],['Unspecified'],"['Camera', 'IMU', 'Radio/UWB']",['SLAM'],True,False,resp_00474.json
475,P2P-DroneLoc: Peer-to-Peer Localization for GPS-Denied Drones using Camera and WiFi Fine Time Measurement,K. Ashraf; A. Ashok,2022,2022 IEEE International Conference on Advanced Networks and Telecommunications Systems (ANTS),IEEE_Xplore,10.1109/ANTS56424.2022.10227756,INCLUDE,High,Meets all SLR inclusion criteria for GPS-denied localization/navigation algorithm and platform validation.,['UAV'],['Forest/Outdoor'],"['Camera', 'Radio/UWB']",[],True,False,resp_00475.json
476,A Modular Loosely-Coupled Multi-Sensor Localization Framework for Low-Cost UGVs in GNSS-Denied Environments,F. Rasinhas; V. Viegas; B. Damas,2026,"2026 12th International Conference on Control, Decision and Information Technologies (CoDIT)",IEEE_Xplore,10.1109/CoDIT70676.2026.11630961,INCLUDE,High,Meets all SLR inclusion criteria for GPS-denied localization/navigation algorithm and platform validation.,['UGV'],"['Indoor', 'Forest/Outdoor']","['Camera', 'IMU', 'LiDAR', 'Radio/UWB']",['Kalman Filtering'],True,False,resp_00476.json
477,A Novel Mobile Robot Navigation Method Based on Hand-Drawn Paths,X. Hou; W. Li; Y. Han; A. Wang; Y. Yang; L. Liu; Y. Tian,2020,IEEE Sensors Journal,IEEE_Xplore,10.1109/JSEN.2020.2997055,INCLUDE,High,Meets all SLR inclusion criteria for GPS-denied localization/navigation algorithm and platform validation.,['UGV'],['Unspecified'],"['Camera', 'Radio/UWB']",['VIO'],True,False,resp_00477.json
478,Indoor Navigation with Human Assistance for Service Robots Using D*Lite,R. Alves; J. Silva de Morais; C. R. Lopes,2018,"2018 IEEE International Conference on Systems, Man, and Cybernetics (SMC)",IEEE_Xplore,10.1109/SMC.2018.00696,INCLUDE,High,Meets all SLR inclusion criteria for GPS-denied localization/navigation algorithm and platform validation.,['General Robotics'],['Indoor'],"['IMU', 'Radio/UWB']",[],True,False,resp_00478.json
479,LiDAR-Based Autonomous Wheelchair Using ROS2 Navigation Stack,T. Michael; M. A. K; J. D. Cherian; J. J. Tharakan; E. D. P. B; S. Radhakrishnan,2026,"2026 9th International Conference on Circuit, Power & Computing Technologies (ICCPCT)",IEEE_Xplore,10.1109/ICCPCT70290.2026.11654687,INCLUDE,High,Meets all SLR inclusion criteria for GPS-denied localization/navigation algorithm and platform validation.,['UGV'],['Indoor'],"['IMU', 'LiDAR']",['SLAM'],True,False,resp_00479.json
480,Multi-Sensor Fusion Based Indoor Localization and Navigation System for Dual-Ackerman Steering Mobile Robots,Y. Lu; Q. Hao; S. Zhang,2026,"2026 12th International Conference on Electrical Engineering, Control and Robotics (EECR)",IEEE_Xplore,10.1109/EECR69522.2026.11548898,INCLUDE,High,Meets all SLR inclusion criteria for GPS-denied localization/navigation algorithm and platform validation.,['UGV'],['Indoor'],"['IMU', 'Radio/UWB']",['SLAM'],True,False,resp_00480.json
481,An Onboard Transformer-Based Physics-Informed System for UAV Trajectory Prediction and State Classification in GNSS-Denied Environments,N. Souli; Y. Grigoriou; P. Chrysanthou; P. Kolios; G. Ellinas,2026,2026 International Conference on Unmanned Aircraft Systems (ICUAS),IEEE_Xplore,10.1109/ICUAS69441.2026.11598599,INCLUDE,High,Meets all SLR inclusion criteria for GPS-denied localization/navigation algorithm and platform validation.,['UAV'],['Forest/Outdoor'],[],"['Kalman Filtering', 'Deep Learning']",True,False,resp_00481.json
482,Kilometer-Scale Autonomous Navigation in Subarctic Forests: Challenges and Lessons Learned,D. Baril; S. -P. Deschênes; O. Gamache; M. Vaidis; D. LaRocque; J. Laconte; V. Kubelka; P. Giguère; F. Pomerleau,2022,Field Robotics,IEEE_Xplore,10.55417/fr.2022050,INCLUDE,High,Meets all SLR inclusion criteria for GPS-denied localization/navigation algorithm and platform validation.,['UGV'],"['Indoor', 'Forest/Outdoor']","['IMU', 'LiDAR', 'Radio/UWB']",[],True,False,resp_00482.json
483,Future Uncertainty-Based Control for Relative Navigation in GPS-Denied Environments,H. Bai; C. N. Taylor,2020,IEEE Transactions on Aerospace and Electronic Systems,IEEE_Xplore,10.1109/TAES.2020.2974052,INCLUDE,High,Meets all SLR inclusion criteria for GPS-denied localization/navigation algorithm and platform validation.,['General Robotics'],['Unspecified'],"['IMU', 'Radio/UWB']",[],True,False,resp_00483.json
484,Autonomous robotic SLAM-based indoor navigation for high resolution sampling with complete coverage,I. Wieser; A. V. Ruiz; M. Frassl; M. Angermann; J. Mueller; M. Lichtenstern,2014,"2014 IEEE/ION Position, Location and Navigation Symposium - PLANS 2014",IEEE_Xplore,10.1109/PLANS.2014.6851459,INCLUDE,High,Meets all SLR inclusion criteria for GPS-denied localization/navigation algorithm and platform validation.,['General Robotics'],['Indoor'],"['IMU', 'Radio/UWB']",['SLAM'],True,False,resp_00484.json
485,Multi-Sensor 6-DoF Localization For Aerial Robots In Complex GNSS-Denied Environments,J. L. Paneque; J. R. Martínez-de Dios; A. Ollero,2019,2019 IEEE/RSJ International Conference on Intelligent Robots and Systems (IROS),IEEE_Xplore,10.1109/IROS40897.2019.8967686,INCLUDE,High,Meets all SLR inclusion criteria for GPS-denied localization/navigation algorithm and platform validation.,['General Robotics'],['Urban'],"['Camera', 'LiDAR', 'Radio/UWB']",[],True,False,resp_00485.json
486,Visual odometry using optic flow for Unmanned Aerial Vehicles,V. More; H. Kumar; S. Kaingade; P. Gaidhani; N. Gupta,2015,2015 International Conference on Cognitive Computing and Information Processing(CCIP),IEEE_Xplore,10.1109/CCIP.2015.7100731,INCLUDE,High,Meets all SLR inclusion criteria for GPS-denied localization/navigation algorithm and platform validation.,['UAV'],['Indoor'],"['Camera', 'Radio/UWB']",[],True,False,resp_00486.json
487,Photometric-Planner for Visual Path Following,E. A. Rodríguez Martínez; G. Caron; C. Pégard; D. Lara-Alabazares,2021,IEEE Sensors Journal,IEEE_Xplore,10.1109/JSEN.2020.3027848,INCLUDE,High,Meets all SLR inclusion criteria for GPS-denied localization/navigation algorithm and platform validation.,['UAV'],"['Indoor', 'Forest/Outdoor']",['Camera'],[],True,False,resp_00487.json
488,UAV Navigation in Unknown Indoor Environment Aware of Localization Uncertainty by Using Trilateration Method Based on UGVs,O. Nakeshbandi; S. Kumano; Z. Wang,2025,2025 IEEE International Conference on Real-time Computing and Robotics (RCAR),IEEE_Xplore,10.1109/RCAR65431.2025.11139692,INCLUDE,High,Meets all SLR inclusion criteria for GPS-denied localization/navigation algorithm and platform validation.,"['UAV', 'UGV']",['Indoor'],"['Camera', 'IMU', 'Radio/UWB']",[],True,False,resp_00488.json
489,UAV Vision Aided INS/Odometer Integration for Land Vehicle Autonomous Navigation,J. Dong; X. Ren; S. Han; S. Luo,2022,IEEE Transactions on Vehicular Technology,IEEE_Xplore,10.1109/TVT.2022.3151729,INCLUDE,High,Meets all SLR inclusion criteria for GPS-denied localization/navigation algorithm and platform validation.,['UAV'],['Urban'],"['Camera', 'IMU']",['Kalman Filtering'],True,False,resp_00489.json
490,A Review of ROS-Based Robot Navigation Technologies,J. Gao; R. Guo; M. Wang; B. Wang; M. Zhang,2026,"2026 6th International Conference on Artificial Intelligence, Big Data and Algorithms (CAIBDA)",IEEE_Xplore,10.1109/CAIBDA70336.2026.11621098,INCLUDE,High,Meets all SLR inclusion criteria for GPS-denied localization/navigation algorithm and platform validation.,['General Robotics'],['Unspecified'],[],"['SLAM', 'Factor Graph Optimization']",True,False,resp_00490.json
491,Autonomous indoor navigation of low-cost quadcopters,A. Hussein; A. Al-Kaff; A. de la Escalera; J. M. Armingol,2015,"2015 IEEE International Conference on Service Operations And Logistics, And Informatics (SOLI)",IEEE_Xplore,10.1109/SOLI.2015.7367607,INCLUDE,High,Meets all SLR inclusion criteria for GPS-denied localization/navigation algorithm and platform validation.,"['UAV', 'UGV']","['Indoor', 'Underground']",['IMU'],['Factor Graph Optimization'],True,False,resp_00491.json
492,Stereo-vision based autonomous underwater navigation — The platform SARSTION,S. Mehmood; A. J. Choudhry; H. Anwar; S. Mahmood; A. A. Khan,2016,2016 13th International Bhurban Conference on Applied Sciences and Technology (IBCAST),IEEE_Xplore,10.1109/IBCAST.2016.7429933,INCLUDE,High,Meets all SLR inclusion criteria for GPS-denied localization/navigation algorithm and platform validation.,['USV/AUV'],['Unspecified'],"['Camera', 'Radio/UWB', 'Sonar/DVL']",[],True,False,resp_00492.json
493,Monocular visual SLAM for small UAVs in GPS-denied environments,C. Wang; T. Wang; J. Liang; Y. Chen; Y. Zhang; C. Wang,2012,2012 IEEE International Conference on Robotics and Biomimetics (ROBIO),IEEE_Xplore,10.1109/ROBIO.2012.6491082,INCLUDE,High,Meets all SLR inclusion criteria for GPS-denied localization/navigation algorithm and platform validation.,['UAV'],"['Indoor', 'Urban']","['Camera', 'IMU']","['SLAM', 'Kalman Filtering']",True,False,resp_00493.json
494,Joint placement and communication optimization of uav base stations in GPS-denied environments,J. Yang; J. Lee; J. Lim,2024,Journal of Communications and Networks,IEEE_Xplore,10.23919/JCN.2024.000056,INCLUDE,High,Meets all SLR inclusion criteria for GPS-denied localization/navigation algorithm and platform validation.,['UAV'],['Adversarial'],"['IMU', 'Radio/UWB']",['Factor Graph Optimization'],True,False,resp_00494.json
495,Analysis on the performance of VIO according to Trajectory Planning of UAV,E. M. Lee; H. Myung,2020,"2020 20th International Conference on Control, Automation and Systems (ICCAS)",IEEE_Xplore,10.23919/ICCAS50221.2020.9268220,INCLUDE,High,Meets all SLR inclusion criteria for GPS-denied localization/navigation algorithm and platform validation.,['UAV'],['Urban'],"['Camera', 'IMU']",['VIO'],True,False,resp_00495.json
496,Multi-vehicle cooperative localization and mapping with the assistance of dynamic beacons in GNSS-denied environment,C. Zhang; C. Jiang; S. Liu,2024,2024 7th International Symposium on Autonomous Systems (ISAS),IEEE_Xplore,10.1109/ISAS61044.2024.10552478,INCLUDE,High,Meets all SLR inclusion criteria for GPS-denied localization/navigation algorithm and platform validation.,['General Robotics'],['Adversarial'],"['IMU', 'LiDAR', 'Radio/UWB']","['VIO', 'SLAM', 'Radio Ranging']",True,False,resp_00496.json
497,Autonomous Navigation of Robots on Roads using Vision-Based Techniques for Road Identification and Lane Detection,S. Manore; M. Sasikumar; A. Suryawanshi,2024,"2024 18th International Conference on Control, Automation, Robotics and Vision (ICARCV)",IEEE_Xplore,10.1109/ICARCV63323.2024.10821591,INCLUDE,High,Meets all SLR inclusion criteria for GPS-denied localization/navigation algorithm and platform validation.,['General Robotics'],['Indoor'],['Radio/UWB'],[],True,False,resp_00497.json
498,A Tightly Coupled Polarization Compass and VIO Integrated Navigation for Applications in GNSS-denied environments,J. Li; S. Wang; P. Huang; X. Zhang,2022,2022 5th International Symposium on Autonomous Systems (ISAS),IEEE_Xplore,10.1109/ISAS55863.2022.9757349,INCLUDE,High,Meets all SLR inclusion criteria for GPS-denied localization/navigation algorithm and platform validation.,['General Robotics'],['Forest/Outdoor'],"['Camera', 'IMU']",['VIO'],True,False,resp_00498.json
499,The Practice of Cloud-based Navigation System for Indoor Robot,T. T. Khanh; T. Hoang Hai; V. Nguyen; T. D. T. Nguyen; N. Thien Thu; E. -N. Huh,2020,2020 14th International Conference on Ubiquitous Information Management and Communication (IMCOM),IEEE_Xplore,10.1109/IMCOM48794.2020.9001709,INCLUDE,High,Meets all SLR inclusion criteria for GPS-denied localization/navigation algorithm and platform validation.,['General Robotics'],['Indoor'],['Radio/UWB'],[],True,False,resp_00499.json
500,Navigation of vehicle in urban canyon via two-satellite GNSS and map aiding,R. S. Kulikov; A. I. Perov,2017,"2017 Dynamics of Systems, Mechanisms and Machines (Dynamics)",IEEE_Xplore,10.1109/Dynamics.2017.8239473,INCLUDE,High,Meets all SLR inclusion criteria for GPS-denied localization/navigation algorithm and platform validation.,['General Robotics'],"['Indoor', 'Urban']",['Radio/UWB'],[],True,False,resp_00500.json
501,FreeNavi: Landmark-Based Mapless Indoor Navigation Based on WiFi Fingerprints,Y. Guo; W. Wang; X. Chen,2017,2017 IEEE 85th Vehicular Technology Conference (VTC Spring),IEEE_Xplore,10.1109/VTCSpring.2017.8108350,INCLUDE,High,Meets all SLR inclusion criteria for GPS-denied localization/navigation algorithm and platform validation.,['General Robotics'],['Indoor'],['Radio/UWB'],[],True,False,resp_00501.json
502,LD3DGS-SLAM: Long-Distance Monocular SLAM With 3-D Gaussian Splatting and GNSS-Aided Localization for UAVs,D. Li; T. Yang; Y. Wang; H. Qin; S. Fan; S. Zhang; Y. Zhang; J. Li,2026,IEEE Internet of Things Journal,IEEE_Xplore,10.1109/JIOT.2025.3638876,INCLUDE,High,Meets all SLR inclusion criteria for GPS-denied localization/navigation algorithm and platform validation.,['UAV'],['Urban'],"['Camera', 'IMU', 'LiDAR', 'Radio/UWB']","['SLAM', 'Factor Graph Optimization']",True,False,resp_00502.json
503,Decimeter-Accuracy Positioning for Drones Using Two-Stage Trilateration in a GPS-Denied Environment,Y. -E. Chen; H. -H. Liew; J. -C. Chao; R. -B. Wu,2023,IEEE Internet of Things Journal,IEEE_Xplore,10.1109/JIOT.2022.3231704,INCLUDE,High,Meets all SLR inclusion criteria for GPS-denied localization/navigation algorithm and platform validation.,['UAV'],"['Indoor', 'Underground', 'Forest/Outdoor']",['Radio/UWB'],['Radio Ranging'],True,False,resp_00503.json
504,An inexpensive method for evaluating the localization performance of a mobile robot navigation system,H. Kikkeri; G. Parent; M. Jalobeanu; S. Birchfield,2014,2014 IEEE International Conference on Robotics and Automation (ICRA),IEEE_Xplore,10.1109/ICRA.2014.6907455,INCLUDE,High,Meets all SLR inclusion criteria for GPS-denied localization/navigation algorithm and platform validation.,['UGV'],['Indoor'],"['Camera', 'Radio/UWB']",[],True,False,resp_00504.json
505,Integrated Indoor Navigation System for Ground Vehicles With Automatic 3-D Alignment and Position Initialization,M. M. Atia; S. Liu; H. Nematallah; T. B. Karamat; A. Noureldin,2015,IEEE Transactions on Vehicular Technology,IEEE_Xplore,10.1109/TVT.2015.2397004,INCLUDE,High,Meets all SLR inclusion criteria for GPS-denied localization/navigation algorithm and platform validation.,['UGV'],['Indoor'],"['IMU', 'LiDAR', 'Radio/UWB']","['Kalman Filtering', 'Radio Ranging']",True,False,resp_00505.json
506,Infrastructure-Free ADAS Scenario Execution using a Vision-Based Autonomous Mobile Robot,B. Sakal; E. S. Ardakani; H. Stuebing,2026,2026 IEEE International Symposium on Robotic and Sensors Environments (ROSE),IEEE_Xplore,10.1109/ROSE69181.2026.11570973,INCLUDE,High,Meets all SLR inclusion criteria for GPS-denied localization/navigation algorithm and platform validation.,['UGV'],['Indoor'],"['Camera', 'Radio/UWB']",['SLAM'],True,False,resp_00506.json
507,Towards GNSS-Free UAV Localization via XFeatLightGlue and Semantic Embedding,J. Shi; J. Cheng; Q. Li; X. Lu; C. Zhang; L. Li,2025,2025 6th International Conference on Big Data & Artificial Intelligence & Software Engineering (ICBASE),IEEE_Xplore,10.1109/ICBASE66587.2025.11181328,INCLUDE,High,Meets all SLR inclusion criteria for GPS-denied localization/navigation algorithm and platform validation.,['UAV'],['Unspecified'],['Radio/UWB'],['Deep Learning'],True,False,resp_00507.json
508,Study of Optical Flow Sensor for Non-GPS Environment for Micro-Category UAV Application,D. Sougrakpam; A. Themvinah; C. Thounaojam; D. K. Tarao; T. Chitaranjan; S. S. Singh,2025,"2025 13th International Conference on Intelligent Embedded, MicroElectronics, Communication and Optical Networks (IEMECON)",IEEE_Xplore,10.1109/IEMECON69302.2025.11365640,INCLUDE,High,Meets all SLR inclusion criteria for GPS-denied localization/navigation algorithm and platform validation.,['UAV'],"['Indoor', 'Forest/Outdoor']","['IMU', 'Radio/UWB']",['Kalman Filtering'],True,False,resp_00508.json
509,Improving Simultaneous Localization and Mapping for pedestrian navigation and automatic mapping of buildings by using online human-based feature labeling,P. Robertson; M. Angermann; M. Khider,2010,"IEEE/ION Position, Location and Navigation Symposium",IEEE_Xplore,10.1109/PLANS.2010.5507304,INCLUDE,High,Meets all SLR inclusion criteria for GPS-denied localization/navigation algorithm and platform validation.,['General Robotics'],['Indoor'],"['IMU', 'Radio/UWB']",['SLAM'],True,False,resp_00509.json
510,PINNARX: A Physics-Informed Framework for Resilient Inertial Navigation in GNSS-Denied Environments,A. Fekry; E. M. Mustafa; A. M. Kamel; Y. Elhalwagy; A. Abosekeen; A. Noureldin,2026,IEEE Transactions on Instrumentation and Measurement,IEEE_Xplore,10.1109/TIM.2026.3659553,INCLUDE,High,Meets all SLR inclusion criteria for GPS-denied localization/navigation algorithm and platform validation.,['General Robotics'],['Urban'],"['IMU', 'Radio/UWB']","['Kalman Filtering', 'Deep Learning']",True,False,resp_00510.json
511,LiDAR-Based Real-Time 2D Mapping for Autonomous Vehicles Using Hector SLAM on an Embedded Jetson Orin Nano Platform,P. D. Bao; H. Thang; T. L. H. Vu; P. M. Duc; L. T. Phuoc,2026,2026 11th International Conference on Applying New Technology in Green Buildings (ATiGB),IEEE_Xplore,10.1109/ATiGB70203.2026.11628401,INCLUDE,High,Meets all SLR inclusion criteria for GPS-denied localization/navigation algorithm and platform validation.,['General Robotics'],['Indoor'],"['IMU', 'LiDAR']","['SLAM', 'Factor Graph Optimization']",True,False,resp_00511.json
512,Improvement of altitude precision in indoor and urban canyon navigation for small flying vehicles,E. Petritoli; F. Leccese,2015,2015 IEEE Metrology for Aerospace (MetroAeroSpace),IEEE_Xplore,10.1109/MetroAeroSpace.2015.7180626,INCLUDE,High,Meets all SLR inclusion criteria for GPS-denied localization/navigation algorithm and platform validation.,['UAV'],"['Indoor', 'Urban']","['IMU', 'LiDAR', 'Radio/UWB']",[],True,False,resp_00512.json
513,Intelligent Visual Navigation System of High Accuracy,V. M. Sineglazov; V. S. Ischenko,2019,2019 IEEE 5th International Conference Actual Problems of Unmanned Aerial Vehicles Developments (APUAVD),IEEE_Xplore,10.1109/APUAVD47061.2019.8943916,INCLUDE,High,Meets all SLR inclusion criteria for GPS-denied localization/navigation algorithm and platform validation.,['UAV'],['Unspecified'],"['Camera', 'Radio/UWB']",['Deep Learning'],True,False,resp_00513.json
514,UWB and IMU Based Positioning with Multi-UAVs in GPS-Denied Environments,J. Guo; S. Yang; T. Li,2025,2025 5th International Conference on Computer Science and Blockchain (CCSB),IEEE_Xplore,10.1109/CCSB66722.2025.11154351,INCLUDE,High,Meets all SLR inclusion criteria for GPS-denied localization/navigation algorithm and platform validation.,['UAV'],['Forest/Outdoor'],"['Camera', 'IMU', 'LiDAR', 'Radio/UWB']",['Radio Ranging'],True,False,resp_00514.json
515,Extended Range AUV Localization and Navigation Aided by Gravity Anomalies and Bathymetry,F. Heubach; M. L. Seto,2020,2020 IEEE/OES Autonomous Underwater Vehicles Symposium (AUV),IEEE_Xplore,10.1109/AUV50043.2020.9267918,INCLUDE,High,Meets all SLR inclusion criteria for GPS-denied localization/navigation algorithm and platform validation.,['USV/AUV'],['Unspecified'],"['IMU', 'Radio/UWB']",[],True,False,resp_00515.json
516,An Indoor Localization Service using 360 Degree Spherical Camera,T. YASHIRO; H. HIRAYAMA; K. SAKAMURA,2020,2020 IEEE 2nd Global Conference on Life Sciences and Technologies (LifeTech),IEEE_Xplore,10.1109/LifeTech48969.2020.1570617174,INCLUDE,High,Meets all SLR inclusion criteria for GPS-denied localization/navigation algorithm and platform validation.,['General Robotics'],['Indoor'],['Camera'],[],True,False,resp_00516.json
517,Coarse-to-Fine Global Localization for Autonomous Vehicles in GNSS-Denied Environments,T. Zhang; Y. Chen; G. Wang; Y. Zhang; C. K. Ahn; H. Zhang; J. Hu,2026,IEEE Transactions on Vehicular Technology,IEEE_Xplore,10.1109/TVT.2026.3673515,INCLUDE,High,Meets all SLR inclusion criteria for GPS-denied localization/navigation algorithm and platform validation.,['General Robotics'],['Adversarial'],"['LiDAR', 'Radio/UWB']",[],True,False,resp_00517.json
518,Improved MHE-Based Tightly Coupled SINS/USBL Method for Underwater Navigation,D. Wang; S. Sun; H. Huang; J. Wang,2025,IEEE Sensors Journal,IEEE_Xplore,10.1109/JSEN.2025.3596701,INCLUDE,High,Meets all SLR inclusion criteria for GPS-denied localization/navigation algorithm and platform validation.,['USV/AUV'],['Unspecified'],"['IMU', 'Radio/UWB']",['Kalman Filtering'],True,False,resp_00518.json
519,A Cloud-based Brain-controlled Wheelchair with Autonomous Indoor Navigation System,A. Lakas; F. Kharbash; A. N. Belkacem,2021,2021 International Wireless Communications and Mobile Computing (IWCMC),IEEE_Xplore,10.1109/IWCMC51323.2021.9498751,INCLUDE,High,Meets all SLR inclusion criteria for GPS-denied localization/navigation algorithm and platform validation.,['UGV'],['Indoor'],"['IMU', 'Radio/UWB']",[],True,False,resp_00519.json
520,Research on Indoor and Outdoor Navigation Technology Based on the Combination of Differential GNSS and Lidar SLAM,G. Ren; C. Ai; Q. Xu; Z. Wang; Z. Wang; D. Geng,2020,2020 IEEE International Conference on Real-time Computing and Robotics (RCAR),IEEE_Xplore,10.1109/RCAR49640.2020.9303252,INCLUDE,High,Meets all SLR inclusion criteria for GPS-denied localization/navigation algorithm and platform validation.,['UGV'],"['Indoor', 'Forest/Outdoor']","['LiDAR', 'Radio/UWB']",['SLAM'],True,False,resp_00520.json
521,Multistage Learning-Based Fusion Framework for Autonomous Vehicle Localization in GNSS-Denied Environments,K. Wei; X. Li; W. Zhu; W. Hu; Y. Hu; H. Che,2025,IEEE Sensors Journal,IEEE_Xplore,10.1109/JSEN.2025.3586680,INCLUDE,High,Meets all SLR inclusion criteria for GPS-denied localization/navigation algorithm and platform validation.,['General Robotics'],['Unspecified'],"['Camera', 'IMU', 'LiDAR', 'Radio/UWB']","['Factor Graph Optimization', 'Radio Ranging']",True,False,resp_00521.json
522,An Improved Extended Kalman Filter for UAV Localization in UWB Navigation System,J. Chen; H. Ye; H. Pei,2023,2023 China Automation Congress (CAC),IEEE_Xplore,10.1109/CAC59555.2023.10449981,INCLUDE,High,Meets all SLR inclusion criteria for GPS-denied localization/navigation algorithm and platform validation.,['UAV'],['Unspecified'],"['IMU', 'Radio/UWB']","['Kalman Filtering', 'Radio Ranging']",True,False,resp_00522.json
523,Integration of Optical Wireless Positioning and Deep Learning-Based Drone Detection,A. Muñoz-Torres; I. Soto; R. Zamorano-Illanes; D. Zabala-Blanco; C. Azurdia; Z. Ghassemlooy; M. Ijaz,2025,2025 South American Conference On Visible Light Communications (SACVLC),IEEE_Xplore,10.1109/SACVLC67412.2025.11262018,INCLUDE,High,Meets all SLR inclusion criteria for GPS-denied localization/navigation algorithm and platform validation.,['UAV'],['Indoor'],[],['Deep Learning'],True,False,resp_00523.json
524,Comparative Benchmarking of TD3 for Multi-Stage Indoor Navigation,S. Sun; J. Han; X. Wang,2026,2026 International Conference on Intelligent Perception and Autonomous Control (IPAC),IEEE_Xplore,10.1109/IPAC69021.2026.11542699,INCLUDE,High,Meets all SLR inclusion criteria for GPS-denied localization/navigation algorithm and platform validation.,['General Robotics'],['Indoor'],['Radio/UWB'],['Factor Graph Optimization'],True,False,resp_00524.json
525,Observability Analysis and Optimization of Cooperative Navigation System With a Low-Cost Inertial Sensor Array,K. Shen; J. Zuo; Y. Li; S. Zuo; W. Guo,2023,IEEE Internet of Things Journal,IEEE_Xplore,10.1109/JIOT.2023.3235524,INCLUDE,High,Meets all SLR inclusion criteria for GPS-denied localization/navigation algorithm and platform validation.,['General Robotics'],"['Indoor', 'Forest/Outdoor']","['IMU', 'Radio/UWB']",['Factor Graph Optimization'],True,False,resp_00525.json
526,Range-Only EKF-Based Relative Navigation for UAV Swarms in GPS-Denied Zones,D. Belfadel; D. Haessig; C. Chibane,2024,IEEE Access,IEEE_Xplore,10.1109/ACCESS.2024.3481409,INCLUDE,High,Meets all SLR inclusion criteria for GPS-denied localization/navigation algorithm and platform validation.,['UAV'],['Urban'],"['IMU', 'Radio/UWB']",['Kalman Filtering'],True,False,resp_00526.json
527,Low-SWaP GNSS-denied Navigation using LTE Signals of Opportunity,T. Sweat; W. K. Harrison; M. Rice; R. W. Beard,2025,"2025 IEEE/ION Position, Location and Navigation Symposium (PLANS)",IEEE_Xplore,10.1109/PLANS61210.2025.11028479,INCLUDE,High,Meets all SLR inclusion criteria for GPS-denied localization/navigation algorithm and platform validation.,['UAV'],"['Urban', 'Adversarial']","['IMU', 'Radio/UWB']",['Kalman Filtering'],True,False,resp_00527.json
528,Navigation Autonomy with Web-Based Remote Monitoring for Robotic Cars in Indoor Scenario,Y. Lin; M. -L. Huang; C. -H. Lin; H. -H. Chiang,2022,2022 IEEE International Conference on Consumer Electronics - Taiwan,IEEE_Xplore,10.1109/ICCE-Taiwan55306.2022.9869263,INCLUDE,High,Meets all SLR inclusion criteria for GPS-denied localization/navigation algorithm and platform validation.,['General Robotics'],['Indoor'],['Radio/UWB'],[],True,False,resp_00528.json
529,Enhancing the UAV Localization Accuracy by Removing False Matches Using Affine Consistency,R. Malik; A. Qureshi; M. Farooq; M. A. Akhter,2024,2024 21st International Bhurban Conference on Applied Sciences and Technology (IBCAST),IEEE_Xplore,10.1109/IBCAST61650.2024.10877263,INCLUDE,High,Meets all SLR inclusion criteria for GPS-denied localization/navigation algorithm and platform validation.,['UAV'],['Unspecified'],[],[],True,False,resp_00529.json
530,Cooperative Localization of a GPS-Denied UAV Using Direction-of-Arrival Measurements,J. S. Russell; M. Ye; B. D. O. Anderson; H. Hmam; P. Sarunic,2020,IEEE Transactions on Aerospace and Electronic Systems,IEEE_Xplore,10.1109/TAES.2019.2942704,INCLUDE,High,Meets all SLR inclusion criteria for GPS-denied localization/navigation algorithm and platform validation.,['UAV'],['Unspecified'],['IMU'],[],True,False,resp_00530.json
531,Construction of Autonomous Driving Maps employing LiDAR Odometry,I. Hamieh; R. Myers; T. Rahman,2019,2019 IEEE Canadian Conference of Electrical and Computer Engineering (CCECE),IEEE_Xplore,10.1109/CCECE.2019.8861901,INCLUDE,High,Meets all SLR inclusion criteria for GPS-denied localization/navigation algorithm and platform validation.,['General Robotics'],"['Indoor', 'Urban']","['IMU', 'LiDAR']","['SLAM', 'Radio Ranging']",True,False,resp_00531.json
532,"Indoor Autonomous Multi-UAVs: A Review of Current Research, Enabling Technologies and Open Challenges",Z. Haider; C. J. Sreenan; K. N. Brown; A. O’Mahony,2025,IEEE Access,IEEE_Xplore,10.1109/ACCESS.2025.3642189,INCLUDE,High,Meets all SLR inclusion criteria for GPS-denied localization/navigation algorithm and platform validation.,['UAV'],"['Indoor', 'Underground']",['Radio/UWB'],[],True,False,resp_00532.json
533,An Integrated GNSS/LiDAR-SLAM Pose Estimation Framework for Large-Scale Map Building in Partially GNSS-Denied Environments,G. He; X. Yuan; Y. Zhuang; H. Hu,2021,IEEE Transactions on Instrumentation and Measurement,IEEE_Xplore,10.1109/TIM.2020.3024405,INCLUDE,High,Meets all SLR inclusion criteria for GPS-denied localization/navigation algorithm and platform validation.,['General Robotics'],"['Indoor', 'Forest/Outdoor']","['IMU', 'LiDAR']","['SLAM', 'Radio Ranging']",True,False,resp_00533.json
534,Integrated UWB-Vision Approach for Autonomous Docking of UAVs in GPS-denied Environments,T. -M. Nguyen; T. H. Nguyen; M. Cao; Z. Qiu; L. Xie,2019,2019 International Conference on Robotics and Automation (ICRA),IEEE_Xplore,10.1109/ICRA.2019.8793851,INCLUDE,High,Meets all SLR inclusion criteria for GPS-denied localization/navigation algorithm and platform validation.,['UAV'],['Unspecified'],['Radio/UWB'],"['Factor Graph Optimization', 'Radio Ranging']",True,False,resp_00534.json
535,Indoor positioning and obstacle detection for visually impaired navigation system based on LSD-SLAM,Y. Endo; K. Sato; A. Yamashita; K. Matsubayashi,2017,2017 International Conference on Biometrics and Kansei Engineering (ICBAKE),IEEE_Xplore,10.1109/ICBAKE.2017.8090635,INCLUDE,High,Meets all SLR inclusion criteria for GPS-denied localization/navigation algorithm and platform validation.,['Wearable'],['Indoor'],"['Camera', 'IMU', 'Radio/UWB']",['SLAM'],True,False,resp_00535.json
536,A LiDAR Odometry for Outdoor Mobile Robots Using NDT Based Scan Matching in GPS-denied environments,B. Zhou; Z. Tang; K. Qian; F. Fang; X. Ma,2017,"2017 IEEE 7th Annual International Conference on CYBER Technology in Automation, Control, and Intelligent Systems (CYBER)",IEEE_Xplore,10.1109/CYBER.2017.8446588,INCLUDE,High,Meets all SLR inclusion criteria for GPS-denied localization/navigation algorithm and platform validation.,['UGV'],['Forest/Outdoor'],"['IMU', 'LiDAR', 'Radio/UWB']",[],True,False,resp_00536.json
537,Indoor Navigation and Attitude Estimation for Uas Using Inertial Sensors and Extended Kalman Filtering,S. Ponte; G. Ariante; A. Menichino; V. Di Vito; G. Del Core,2026,2026 IEEE 13th International Workshop on Metrology for AeroSpace (MetroAeroSpace),IEEE_Xplore,10.1109/MetroAeroSpace69299.2026.11646697,INCLUDE,High,Meets all SLR inclusion criteria for GPS-denied localization/navigation algorithm and platform validation.,['General Robotics'],"['Indoor', 'Urban', 'Forest/Outdoor', 'Adversarial']","['Camera', 'IMU', 'Radio/UWB']",['Kalman Filtering'],True,False,resp_00537.json
538,Towards a Multi-Pixel Time-of-Flight Indoor Navigation System for Nano-Drone Applications,V. Niculescu; H. Müller; I. Ostovar; T. Polonelli; M. Magno; L. Benini,2022,2022 IEEE International Instrumentation and Measurement Technology Conference (I2MTC),IEEE_Xplore,10.1109/I2MTC48687.2022.9806701,INCLUDE,High,Meets all SLR inclusion criteria for GPS-denied localization/navigation algorithm and platform validation.,['UAV'],['Indoor'],"['Camera', 'IMU', 'Radio/UWB']",['Radio Ranging'],True,False,resp_00538.json
539,Indoor positioning and navigation for micro UAV drones — Work in progress,B. Ben Moshe; N. Shvalb; J. Baadani; I. Nagar; H. Levy,2012,2012 IEEE 27th Convention of Electrical and Electronics Engineers in Israel,IEEE_Xplore,10.1109/EEEI.2012.6377021,INCLUDE,High,Meets all SLR inclusion criteria for GPS-denied localization/navigation algorithm and platform validation.,['UAV'],['Indoor'],"['Camera', 'Radio/UWB']",[],True,False,resp_00539.json
540,High Precision Indoor Navigation for Autonomous Vehicles,E. S. Morales; M. Botsch; B. Huber; A. G. Higuera,2019,2019 International Conference on Indoor Positioning and Indoor Navigation (IPIN),IEEE_Xplore,10.1109/IPIN.2019.8911780,INCLUDE,High,Meets all SLR inclusion criteria for GPS-denied localization/navigation algorithm and platform validation.,['General Robotics'],"['Indoor', 'Underground', 'Urban']","['IMU', 'LiDAR']",[],True,False,resp_00540.json
541,A Resilient Cooperative Homing Method with Foundation Models for Multi-Robot Systems in GPS-Denied Unknown Environments,H. Lee,2025,2025 3rd International Conference on Foundation and Large Language Models (FLLM),IEEE_Xplore,10.1109/FLLM67465.2025.11391143,INCLUDE,High,Meets all SLR inclusion criteria for GPS-denied localization/navigation algorithm and platform validation.,['General Robotics'],"['Urban', 'Adversarial']",['Radio/UWB'],['Deep Learning'],True,False,resp_00541.json
542,Path planning for cooperative underwater range-only navigation using a single beacon,M. Chitre,2010,"2010 International Conference on Autonomous and Intelligent Systems, AIS 2010",IEEE_Xplore,10.1109/AIS.2010.5547044,INCLUDE,High,Meets all SLR inclusion criteria for GPS-denied localization/navigation algorithm and platform validation.,['USV/AUV'],['Unspecified'],"['Radio/UWB', 'Sonar/DVL']",[],True,False,resp_00542.json
543,Data-Driven Underwater Navigation workshop: AUV Close-Range Localization and Guidance Employing an Electro-Magnetic Beacon,Y. Gutnik; N. Cohen; I. Klein; M. Groper,2023,2023 IEEE Underwater Technology (UT),IEEE_Xplore,10.1109/UT49729.2023.10103448,INCLUDE,High,Meets all SLR inclusion criteria for GPS-denied localization/navigation algorithm and platform validation.,['USV/AUV'],['Unspecified'],"['IMU', 'Sonar/DVL']",[],True,False,resp_00543.json
544,Season-Invariant GNSS-Denied Visual Localization for UAVs,J. Kinnari; F. Verdoja; V. Kyrki,2022,IEEE Robotics and Automation Letters,IEEE_Xplore,10.1109/LRA.2022.3191038,INCLUDE,High,Meets all SLR inclusion criteria for GPS-denied localization/navigation algorithm and platform validation.,['UAV'],['Unspecified'],"['Camera', 'Radio/UWB']",['Deep Learning'],True,False,resp_00544.json
545,Indoor localization of Unmanned Aerial Vehicle based on passive UHF RFID systems,Jae Sung Choi; Byung Rak Son; Hee Kuk Kang; Dong Ha Lee,2012,2012 9th International Conference on Ubiquitous Robots and Ambient Intelligence (URAI),IEEE_Xplore,10.1109/URAI.2012.6462966,INCLUDE,High,Meets all SLR inclusion criteria for GPS-denied localization/navigation algorithm and platform validation.,['UAV'],['Indoor'],['Radio/UWB'],[],True,False,resp_00545.json
546,A Multisensor Fusion Method Based on Strict Velocity for Underwater Navigation System,D. Wang; B. Wang; H. Huang; H. Zhang,2023,IEEE Sensors Journal,IEEE_Xplore,10.1109/JSEN.2023.3287600,INCLUDE,High,Meets all SLR inclusion criteria for GPS-denied localization/navigation algorithm and platform validation.,['USV/AUV'],['Urban'],"['IMU', 'Radio/UWB', 'Sonar/DVL']",['Kalman Filtering'],True,False,resp_00546.json
547,Optimization of Localization Error in Multi-Agent Systems through Cooperative Positioning: Autonomous Navigation in Partially Denied GNSS Environments,S. Shahkar; K. Khorasani,2023,2023 IEEE International Symposium on Inertial Sensors and Systems (INERTIAL),IEEE_Xplore,10.1109/INERTIAL56358.2023.10103968,INCLUDE,High,Meets all SLR inclusion criteria for GPS-denied localization/navigation algorithm and platform validation.,"['UAV', 'UGV']",['Adversarial'],[],['Factor Graph Optimization'],True,False,resp_00547.json
548,Acoustic Localization of Underwater Robots: A Time of Arrival-Based Particle Filter Approach Using Asynchronous Beacon Pinging,B. Ramachandran; S. T. Mayberry; F. Zhang,2023,"2023 8th International Conference on Automation, Control and Robotics Engineering (CACRE)",IEEE_Xplore,10.1109/CACRE58689.2023.10208534,INCLUDE,High,Meets all SLR inclusion criteria for GPS-denied localization/navigation algorithm and platform validation.,['USV/AUV'],['Unspecified'],"['IMU', 'Radio/UWB', 'Sonar/DVL']",[],True,False,resp_00548.json
549,EKF-Based Fusion of Wi-Fi/LiDAR/IMU for Indoor Localization and Navigation,Z. Li; Z. Tang; K. S. Kim; S. Li; J. S. Smith,2025,2025 Thirteenth International Symposium on Computing and Networking Workshops (CANDARW),IEEE_Xplore,10.1109/CANDARW68385.2025.00012,INCLUDE,High,Meets all SLR inclusion criteria for GPS-denied localization/navigation algorithm and platform validation.,['General Robotics'],['Indoor'],"['IMU', 'LiDAR', 'Radio/UWB']","['SLAM', 'Kalman Filtering', 'Deep Learning', 'Radio Ranging']",True,False,resp_00549.json
550,Omni-Bot: An Autonomous Inspection Robot for Underground Parking Garages Using Multi-Modal SLAM and Reinforcement Learning-Based Navigation,C. Zhang; Y. Cao; X. He; P. He; B. Wang; H. Yang; T. Wang; C. Jiang; F. Han; F. Li; Y. Chen,2025,"2025 International Ubiquitous Positioning, Indoor Navigation and Location-Based Services Conference (UPINLBS)",IEEE_Xplore,10.1109/UPINLBS68186.2025.11468399,INCLUDE,High,Meets all SLR inclusion criteria for GPS-denied localization/navigation algorithm and platform validation.,['General Robotics'],"['Indoor', 'Underground', 'Adversarial']","['Camera', 'IMU', 'LiDAR', 'Radio/UWB']","['SLAM', 'Factor Graph Optimization', 'Radio Ranging']",True,False,resp_00550.json
551,Depth Control Based on PID Using a Pressure Sensor in an Autonomous Underwater Vehicle,E. C. Dursun; S. Yilmaz; S. G. Karatop,2025,2025 16th International Conference on Electrical and Electronics Engineering (ELECO),IEEE_Xplore,10.1109/ELECO69582.2025.11329270,INCLUDE,High,Meets all SLR inclusion criteria for GPS-denied localization/navigation algorithm and platform validation.,['USV/AUV'],['Unspecified'],['Radio/UWB'],[],True,False,resp_00551.json
552,Fusing odometry and sparse UWB radar measurements for indoor slam,T. Deibler; J. Thielecke,2013,"2013 Workshop on Sensor Data Fusion: Trends, Solutions, Applications (SDF)",IEEE_Xplore,10.1109/SDF.2013.6698259,INCLUDE,High,Meets all SLR inclusion criteria for GPS-denied localization/navigation algorithm and platform validation.,['General Robotics'],['Indoor'],"['IMU', 'Radio/UWB', 'Radar']","['SLAM', 'Radio Ranging']",True,False,resp_00552.json
553,Modeling and simulation of underwater robot combined navigation and position based on adaptive filter gain UKF,X. Yang; Z. Li,2022,2022 37th Youth Academic Annual Conference of Chinese Association of Automation (YAC),IEEE_Xplore,10.1109/YAC57282.2022.10023586,INCLUDE,High,Meets all SLR inclusion criteria for GPS-denied localization/navigation algorithm and platform validation.,['USV/AUV'],['Unspecified'],"['IMU', 'Sonar/DVL']","['Kalman Filtering', 'Radio Ranging']",True,False,resp_00553.json
554,Performance Enhancement of INS/GNSS/Refreshed-SLAM Integration for Acceptable Lane-Level Navigation Accuracy,K. -W. Chiang; G. -J. Tsai; H. -J. Chu; N. El-Sheimy,2020,IEEE Transactions on Vehicular Technology,IEEE_Xplore,10.1109/TVT.2020.2966765,INCLUDE,High,Meets all SLR inclusion criteria for GPS-denied localization/navigation algorithm and platform validation.,['General Robotics'],['Unspecified'],"['IMU', 'LiDAR', 'Radio/UWB']","['SLAM', 'Kalman Filtering', 'Radio Ranging']",True,False,resp_00554.json
555,Performance analysis of filter based airborne simultaneous localization and mapping methods,E. Duymaz; A. E. Oğuz; H. Temeltaş,2015,2015 7th International Conference on Recent Advances in Space Technologies (RAST),IEEE_Xplore,10.1109/RAST.2015.7208333,INCLUDE,High,Meets all SLR inclusion criteria for GPS-denied localization/navigation algorithm and platform validation.,['General Robotics'],['Unspecified'],"['IMU', 'Radio/UWB']","['SLAM', 'Kalman Filtering']",True,False,resp_00555.json
556,Planar Marker Recognition-Based AMR Localization and Docking Method for Multirobot Cooperation in Indoor Factory Construction,S. Jun Lee; H. Lee; M. Young Kim,2026,IEEE Sensors Journal,IEEE_Xplore,10.1109/JSEN.2025.3638811,INCLUDE,High,Meets all SLR inclusion criteria for GPS-denied localization/navigation algorithm and platform validation.,['UGV'],['Indoor'],"['IMU', 'LiDAR', 'Radio/UWB']","['SLAM', 'Radio Ranging']",True,False,resp_00556.json
557,SLAPS: Simultaneous Localization and Phase Shift for a RIS-Equipped UAV in 5G/6G Wireless Communication Networks,M. Eskandari; A. V. Savkin,2023,IEEE Transactions on Intelligent Vehicles,IEEE_Xplore,10.1109/TIV.2023.3298607,INCLUDE,High,Meets all SLR inclusion criteria for GPS-denied localization/navigation algorithm and platform validation.,['UAV'],['Urban'],"['IMU', 'Radio/UWB', 'Radar']",[],True,False,resp_00557.json
558,Self-triggered Distributed Formation Control of Under-actuated Unmanned Surface Vehicles in GPS-denied Environments,X. He; G. Wang; L. Liu; H. Wang; Z. Peng; D. Wang,2024,2024 14th International Conference on Information Science and Technology (ICIST),IEEE_Xplore,10.1109/ICIST63249.2024.10805456,INCLUDE,High,Meets all SLR inclusion criteria for GPS-denied localization/navigation algorithm and platform validation.,['USV/AUV'],['Urban'],"['IMU', 'Radio/UWB']",[],True,False,resp_00558.json
559,Recent Advances in SLAM for Degraded Environments: A Review,W. Wang; Q. Zhang; Y. Hu; M. Gallay; W. Zheng; J. Guo,2025,IEEE Sensors Journal,IEEE_Xplore,10.1109/JSEN.2025.3584218,INCLUDE,High,Meets all SLR inclusion criteria for GPS-denied localization/navigation algorithm and platform validation.,['General Robotics'],"['Indoor', 'Underground', 'Adversarial']","['Camera', 'IMU', 'LiDAR']","['SLAM', 'Radio Ranging']",True,False,resp_00559.json
560,Implementation of a Hydrodynamic Model-Based Navigation System for a Low-Cost AUV Fleet,S. A. T. Randeni P.; N. R. Rypkema; E. M. Fischell; A. L. Forrest; M. R. Benjamin; H. Schmidt,2018,2018 IEEE/OES Autonomous Underwater Vehicle Workshop (AUV),IEEE_Xplore,10.1109/AUV.2018.8729758,INCLUDE,High,Meets all SLR inclusion criteria for GPS-denied localization/navigation algorithm and platform validation.,['USV/AUV'],['Underground'],"['IMU', 'Radio/UWB']",[],True,False,resp_00560.json
561,Advanced Ubiquitous Positioning for a Poultry Robot: Integrating INS/GNSS/UWB with SLAM Approach,C. -L. Chang; M. -S. Jan; R. -Y. Xu,2024,2024 10th International Conference on Applied System Innovation (ICASI),IEEE_Xplore,10.1109/ICASI60819.2024.10547806,INCLUDE,High,Meets all SLR inclusion criteria for GPS-denied localization/navigation algorithm and platform validation.,['General Robotics'],['Unspecified'],"['IMU', 'Radio/UWB']","['SLAM', 'Kalman Filtering', 'Radio Ranging']",True,False,resp_00561.json
562,Fast and Effective Identification of Window and Door Openings for UAVs' Indoor Navigation,O. Alparslan; O. Cetin,2021,2021 International Conference on Unmanned Aircraft Systems (ICUAS),IEEE_Xplore,10.1109/ICUAS51884.2021.9476840,INCLUDE,High,Meets all SLR inclusion criteria for GPS-denied localization/navigation algorithm and platform validation.,['UAV'],"['Indoor', 'Underground']","['LiDAR', 'Radio/UWB']",[],True,False,resp_00562.json
563,Architecture and design considerations for an autonomous mobile robot,J. Pechiar,2021,2021 IEEE URUCON,IEEE_Xplore,10.1109/URUCON53396.2021.9647380,INCLUDE,High,Meets all SLR inclusion criteria for GPS-denied localization/navigation algorithm and platform validation.,['UGV'],"['Indoor', 'Forest/Outdoor']",[],[],True,False,resp_00563.json
564,Devising Overtraining Curriculum Learning Techniques to Enhance Autonomous Navigation Reinforcement Learning,A. Patel; P. Gloor,2023,2023 IEEE MIT Undergraduate Research Technology Conference (URTC),IEEE_Xplore,10.1109/URTC60662.2023.10534950,INCLUDE,High,Meets all SLR inclusion criteria for GPS-denied localization/navigation algorithm and platform validation.,['General Robotics'],['Indoor'],[],[],True,False,resp_00564.json
565,Map data representation for indoor navigation a design framework towards a construction of indoor map,W. Jeamwatthanachai; M. Wald; G. Wills,2016,2016 International Conference on Information Society (i-Society),IEEE_Xplore,10.1109/i-Society.2016.7854184,INCLUDE,High,Meets all SLR inclusion criteria for GPS-denied localization/navigation algorithm and platform validation.,['General Robotics'],"['Indoor', 'Forest/Outdoor']",[],[],True,False,resp_00565.json
566,A novel localization and navigation approach for an indoor autonomous mobile surveillance robot,S. M. Umer; Y. Ou; W. Feng,2014,2014 4th IEEE International Conference on Information Science and Technology,IEEE_Xplore,10.1109/ICIST.2014.6920319,INCLUDE,High,Meets all SLR inclusion criteria for GPS-denied localization/navigation algorithm and platform validation.,['UGV'],['Indoor'],"['Camera', 'Radio/UWB']",[],True,False,resp_00566.json
567,BEVRender: Vision-based Cross-view Vehicle Registration in Off-road GNSS-denied Environment,L. Jin; W. Dong; W. Wang; M. Kaess,2024,2024 IEEE/RSJ International Conference on Intelligent Robots and Systems (IROS),IEEE_Xplore,10.1109/IROS58592.2024.10802702,INCLUDE,High,Meets all SLR inclusion criteria for GPS-denied localization/navigation algorithm and platform validation.,['UGV'],['Unspecified'],"['Camera', 'IMU', 'Radio/UWB']",[],True,False,resp_00567.json
568,Comparative Analysis of Deep-Reinforcement Learning-Based Autonomous Mobile Robot for Goal-Driven Mapless Indoor Navigation,R. L. Mintuda; D. F. Layo; R. J. Candare; R. Porras,2025,2025 9th International Artificial Intelligence and Data Processing Symposium (IDAP),IEEE_Xplore,10.1109/IDAP68205.2025.11222214,INCLUDE,High,Meets all SLR inclusion criteria for GPS-denied localization/navigation algorithm and platform validation.,['UGV'],['Indoor'],"['IMU', 'Radio/UWB']",[],True,False,resp_00568.json
569,Drone Positioning in a Specified Location Using Visual Data Under GPS-denied Conditions,D. Kahitin; V. Kazymyr; M. Suslo; Y. Yatchenko; P. Oleksiienko,2025,2025 IEEE 13th International Conference on Intelligent Data Acquisition and Advanced Computing Systems: Technology and Applications (IDAACS),IEEE_Xplore,10.1109/IDAACS68557.2025.11322385,INCLUDE,High,Meets all SLR inclusion criteria for GPS-denied localization/navigation algorithm and platform validation.,['UAV'],['Adversarial'],"['Camera', 'IMU', 'Radio/UWB']",[],True,False,resp_00569.json
570,Autonomous Indoor Navigation Using PPO and SAC with Cross-sensor fusion in Simulated Environment,Seher; S. U. Bazai; M. I. Ghafoor; U. A. Bhatti; M. A. Siddiqui,2025,2025 International Conference on Frontiers of Information Technology (FIT),IEEE_Xplore,10.1109/FIT67061.2025.11333588,INCLUDE,High,Meets all SLR inclusion criteria for GPS-denied localization/navigation algorithm and platform validation.,['General Robotics'],['Indoor'],"['Camera', 'IMU', 'LiDAR']",['Factor Graph Optimization'],True,False,resp_00570.json
571,DRAL: Deep Reinforcement Adaptive Learning for Multi-UAVs Navigation in Unknown Indoor Environment,K. Mo; L. Chu; X. Zhang; X. Su; Y. Qian; Y. Ou; W. Pretorius,2024,2024 7th International Conference on Mechatronics and Computer Technology Engineering (MCTE),IEEE_Xplore,10.1109/MCTE62870.2024.11117708,INCLUDE,High,Meets all SLR inclusion criteria for GPS-denied localization/navigation algorithm and platform validation.,['UAV'],"['Indoor', 'Urban']","['Camera', 'IMU', 'Radio/UWB']",['Deep Learning'],True,False,resp_00571.json
572,GNSS-Independent Navigation of UAV through Utilization of Sensor Fusion and Intelligence System,S. E. Meheretu; S. Y. Hailesilassie; E. Nigussie,2022,2022 International Conference on Information and Communication Technology for Development for Africa (ICT4DA),IEEE_Xplore,10.1109/ICT4DA56482.2022.9971437,INCLUDE,High,Meets all SLR inclusion criteria for GPS-denied localization/navigation algorithm and platform validation.,['UAV'],['Adversarial'],['Radio/UWB'],[],True,False,resp_00572.json
573,A Review of UAV Positioning in LAIN: Toward a 5G-Core “Space-Air-Ground” Integrated and Cooperative Architecture,Y. Jin; Z. Deng; H. Zhang; Z. Ding; X. Tang; Z. Wang,2026,ENGINEERING Information Technology & Electronic Engineering,IEEE_Xplore,10.1631/ENG.ITEE.2025.0127,INCLUDE,High,Meets all SLR inclusion criteria for GPS-denied localization/navigation algorithm and platform validation.,['UAV'],['Underground'],['Radio/UWB'],[],True,False,resp_00573.json
574,Navigation of USV for GPS-Disabled Environment based on Extended Kalman Filter,H. Nugroho; C. J. Xan; T. J. Yee; L. K. Yong; L. Z. Quan; M. I. Rusydi,2023,2023 IEEE Symposium on Computers & Informatics (ISCI),IEEE_Xplore,10.1109/ISCI58771.2023.10391881,INCLUDE,High,Meets all SLR inclusion criteria for GPS-denied localization/navigation algorithm and platform validation.,['USV/AUV'],['Unspecified'],['Radio/UWB'],['Kalman Filtering'],True,False,resp_00574.json
575,Context-Aware Sensor Fusion and Mode-Switching Control for an Autonomous Underwater Vehicle,S. N. Dendukuri; G. V. Hollweg,2025,2025 17th Seminar on Power Electronics and Control (SEPOC),IEEE_Xplore,10.1109/SEPOC67005.2025.11297629,INCLUDE,High,Meets all SLR inclusion criteria for GPS-denied localization/navigation algorithm and platform validation.,['USV/AUV'],['Urban'],"['Camera', 'IMU', 'Sonar/DVL']","['VIO', 'Kalman Filtering']",True,False,resp_00575.json
576,EL-OGISLAM: Escalator Landmark-based Occupancy Grid Inertial SLAM framework,X. Li; Z. Xiong; Y. Cui; Y. Sun; Y. Qian,2023,2023 13th International Conference on Indoor Positioning and Indoor Navigation (IPIN),IEEE_Xplore,10.1109/IPIN57070.2023.10332526,INCLUDE,High,Meets all SLR inclusion criteria for GPS-denied localization/navigation algorithm and platform validation.,['Wearable'],"['Indoor', 'Underground']",['IMU'],"['SLAM', 'Factor Graph Optimization']",True,False,resp_00576.json
577,The NavINST Dataset for Multi-Sensor Autonomous Navigation,P. R. M. D. Araujo; E. Mounier; Q. Bader; E. Dawson; S. I. Kaoud Abdelaziz; A. Zekry; M. Elhabiby; A. Noureldin,2025,IEEE Access,IEEE_Xplore,10.1109/ACCESS.2025.3565878,INCLUDE,High,Meets all SLR inclusion criteria for GPS-denied localization/navigation algorithm and platform validation.,['General Robotics'],"['Indoor', 'Urban']","['Camera', 'IMU', 'LiDAR', 'Radio/UWB', 'Radar']",[],True,False,resp_00577.json
578,A Modular UAV Hardware Platform for Aerial Indoor Navigation Research and Development,K. M. Deliparaschos; S. G. Loizou; A. C. Zolotas,2024,2024 International Conference on Unmanned Aircraft Systems (ICUAS),IEEE_Xplore,10.1109/ICUAS60882.2024.10557007,INCLUDE,High,Meets all SLR inclusion criteria for GPS-denied localization/navigation algorithm and platform validation.,['UAV'],['Indoor'],"['Camera', 'IMU', 'LiDAR', 'Radio/UWB']",['Radio Ranging'],True,False,resp_00578.json
579,LiDAR-Based Decentralized Collaborative Localization and Mapping for Multi-AAV With Stable Triangle Descriptor,G. Chang; H. Shen; Y. Hui; X. Zhang; J. Lu; H. Lu; B. Tian,2025,IEEE Transactions on Instrumentation and Measurement,IEEE_Xplore,10.1109/TIM.2025.3557821,INCLUDE,High,Meets all SLR inclusion criteria for GPS-denied localization/navigation algorithm and platform validation.,['UAV'],['Unspecified'],"['IMU', 'LiDAR', 'Radio/UWB']","['SLAM', 'Factor Graph Optimization']",True,False,resp_00579.json
580,Doctor Assistant Robot: Navigation Through Wifi Fingerprinting and Simultaneous Localization and Mapping,A. Wazwaz; A. Yousef; M. Bader,2025,2025 16th International Conference on Information and Communication Systems (ICICS),IEEE_Xplore,10.1109/ICICS65354.2025.11072966,INCLUDE,High,Meets all SLR inclusion criteria for GPS-denied localization/navigation algorithm and platform validation.,['General Robotics'],"['Indoor', 'Forest/Outdoor']","['IMU', 'LiDAR', 'Radio/UWB']",[],True,False,resp_00580.json
581,Seamless Indoor Navigation: Leveraging AI Computer Vision and GPS Spoofing for UGV Autonomy,S. Ioannou; M. Raspopoulos; S. Peng,2026,"2026 12th International Conference on Control, Decision and Information Technologies (CoDIT)",IEEE_Xplore,10.1109/CoDIT70676.2026.11630918,INCLUDE,High,Meets all SLR inclusion criteria for GPS-denied localization/navigation algorithm and platform validation.,['UGV'],"['Indoor', 'Adversarial']","['Camera', 'IMU', 'Radio/UWB']",['Kalman Filtering'],True,False,resp_00581.json
582,Research on Localization and Path Planning of Indoor Robot Based on ROS,X. Wang; X. Ma; S. Zhu; K. Zhang; Y. Sun,2021,2021 International Conference on Computer Information Science and Artificial Intelligence (CISAI),IEEE_Xplore,10.1109/CISAI54367.2021.00159,INCLUDE,High,Meets all SLR inclusion criteria for GPS-denied localization/navigation algorithm and platform validation.,['UGV'],['Indoor'],['LiDAR'],[],True,False,resp_00582.json
583,Optimization method of MEMS IMU/LADAR integrated navigation system based on Compressed-EKF,Y. -j. Hang; J. -y. Liu; R. -b. Li; Y. -r. Sun; T. -w. Lei; Y. -j. Hang; J. -y. Liu; R. -b. Li; Y. -r. Sun; T. -w. Lei,2014,"2014 IEEE/ION Position, Location and Navigation Symposium - PLANS 2014",IEEE_Xplore,10.1109/PLANS.2014.6851365,INCLUDE,High,Meets all SLR inclusion criteria for GPS-denied localization/navigation algorithm and platform validation.,['UAV'],['Indoor'],"['IMU', 'Radio/UWB', 'Radar']","['SLAM', 'Kalman Filtering', 'Factor Graph Optimization']",True,False,resp_00583.json
584,An Indoor Localization Method for Humanoid Robot Based on Artificial Landmark,L. Guohua; X. Xiandong; Y. Xiang; W. Yadong; Q. Tianwei,2015,"2015 Fifth International Conference on Instrumentation and Measurement, Computer, Communication and Control (IMCCC)",IEEE_Xplore,10.1109/IMCCC.2015.394,INCLUDE,High,Meets all SLR inclusion criteria for GPS-denied localization/navigation algorithm and platform validation.,['General Robotics'],"['Indoor', 'Underground']",[],[],True,False,resp_00584.json
585,Inertial Navigation aided by Simultaneous Localization and Mapping,V. Sazdovski; P. M. G. Silson; A. Tsourdos,2010,2010 5th IEEE International Conference Intelligent Systems,IEEE_Xplore,10.1109/IS.2010.5548334,INCLUDE,High,Meets all SLR inclusion criteria for GPS-denied localization/navigation algorithm and platform validation.,['UGV'],['Unspecified'],['IMU'],[],True,False,resp_00585.json
586,Development of a 3D-Printed Differential-Drive Mobile Robot with ROS 2,Z. -Y. Chew; B. -H. Kwan; C. -H. Goh; S. -C. Chan; M. -Y. Ooi; B. I. Ismail; Q. Zhang; D. W. -K. Ng,2026,2026 11th International Conference on Control and Robotics Engineering (ICCRE),IEEE_Xplore,10.1109/ICCRE69951.2026.11593488,INCLUDE,High,Meets all SLR inclusion criteria for GPS-denied localization/navigation algorithm and platform validation.,['UGV'],['Indoor'],"['IMU', 'LiDAR', 'Radio/UWB']",['SLAM'],True,False,resp_00586.json
587,Research on the Control System of Dual Lidar Mobile Robot,R. Qiu; H. Wang; H. Qiu; L. Huang; L. Yang; H. Qiu,2021,"2021 4th International Conference on Robotics, Control and Automation Engineering (RCAE)",IEEE_Xplore,10.1109/RCAE53607.2021.9638944,INCLUDE,High,Meets all SLR inclusion criteria for GPS-denied localization/navigation algorithm and platform validation.,['UGV'],['Indoor'],"['IMU', 'LiDAR']",[],True,False,resp_00587.json
588,A SLAM Based Semantic Indoor Navigation System for Visually Impaired Users,X. Zhang; B. Li; S. L. Joseph; J. Xiao; Y. Sun; Y. Tian; J. P. Muñoz; C. Yi,2015,"2015 IEEE International Conference on Systems, Man, and Cybernetics",IEEE_Xplore,10.1109/SMC.2015.258,INCLUDE,High,Meets all SLR inclusion criteria for GPS-denied localization/navigation algorithm and platform validation.,['Wearable'],['Indoor'],"['Camera', 'IMU', 'Radio/UWB']",['SLAM'],True,False,resp_00588.json
589,Unmanned ground vehicle simulation with the Virtual Autonomous Navigation Environment,C. Goodin; J. T. Carrillo; D. P. McInnis; C. L. Cummins; P. J. Durst; B. Q. Gates; B. S. Newell,2017,2017 International Conference on Military Technologies (ICMT),IEEE_Xplore,10.1109/MILTECHS.2017.7988748,INCLUDE,High,Meets all SLR inclusion criteria for GPS-denied localization/navigation algorithm and platform validation.,['UGV'],['Urban'],"['IMU', 'Radio/UWB']",[],True,False,resp_00589.json
590,Extended Kalman Filter for indoor and outdoor localization of a wheeled mobile robot,A. Skobeleva; V. Ugrinovskii; I. Petersen,2016,2016 Australian Control Conference (AuCC),IEEE_Xplore,10.1109/AUCC.2016.7868190,INCLUDE,High,Meets all SLR inclusion criteria for GPS-denied localization/navigation algorithm and platform validation.,['UGV'],"['Indoor', 'Forest/Outdoor']",['IMU'],['Kalman Filtering'],True,False,resp_00590.json
591,On improved Simultaneous Localization and Mapping algorithm for underwater navigation,M. Cao; Z. Li; F. Li,2016,2016 35th Chinese Control Conference (CCC),IEEE_Xplore,10.1109/ChiCC.2016.7554177,INCLUDE,High,Meets all SLR inclusion criteria for GPS-denied localization/navigation algorithm and platform validation.,['USV/AUV'],['Unspecified'],"['IMU', 'Radio/UWB']","['SLAM', 'Kalman Filtering']",True,False,resp_00591.json
592,YO-VIO: Robust Multi-Sensor Semantic Fusion Localization in Dynamic Indoor Environments,C. Huang; H. Lin; H. Lin; H. Liu; Z. Gao; L. Huang,2021,2021 International Conference on Indoor Positioning and Indoor Navigation (IPIN),IEEE_Xplore,10.1109/IPIN51156.2021.9662614,INCLUDE,High,Meets all SLR inclusion criteria for GPS-denied localization/navigation algorithm and platform validation.,['General Robotics'],['Indoor'],"['Camera', 'IMU']","['VIO', 'SLAM']",True,False,resp_00592.json
593,Evaluating Global Navigation Satellite System (GNSS) Performance for Autonomous Vehicle Navigation in Urban Environments,S. Stefanov; V. Markova; M. Markov,2025,"2025 6th International Conference on Communications, Information, Electronic and Energy Systems (CIEES)",IEEE_Xplore,10.1109/CIEES66347.2025.11300010,INCLUDE,High,Meets all SLR inclusion criteria for GPS-denied localization/navigation algorithm and platform validation.,['General Robotics'],"['Underground', 'Urban', 'Adversarial']",['Radio/UWB'],[],True,False,resp_00593.json
594,Google map aided visual navigation for UAVs in GPS-denied environment,M. Shan; F. Wang; F. Lin; Z. Gao; Y. Z. Tang; B. M. Chen,2015,2015 IEEE International Conference on Robotics and Biomimetics (ROBIO),IEEE_Xplore,10.1109/ROBIO.2015.7418753,INCLUDE,High,Meets all SLR inclusion criteria for GPS-denied localization/navigation algorithm and platform validation.,['UAV'],['Unspecified'],['Camera'],[],True,False,resp_00594.json
595,Optimal Navigation and Obstacle Avoidance for UAV in Urban Canyons,Y. Hu; A. Gardi,2025,2025 IEEE 12th International Workshop on Metrology for AeroSpace (MetroAeroSpace),IEEE_Xplore,10.1109/MetroAeroSpace64938.2025.11114464,INCLUDE,High,Meets all SLR inclusion criteria for GPS-denied localization/navigation algorithm and platform validation.,['UAV'],['Urban'],"['Camera', 'IMU', 'Radio/UWB']","['VIO', 'Kalman Filtering']",True,False,resp_00595.json
596,Robust Motion Controller for Mobile Robot Navigation in Indoor Environment,F. A. Jafar; M. M. Ali; M. N. Muhammad; N. A. Zakaria; K. Yokota,2012,"2012 Fourth International Conference on Computational Intelligence, Modelling and Simulation",IEEE_Xplore,10.1109/CIMSim.2012.48,INCLUDE,High,Meets all SLR inclusion criteria for GPS-denied localization/navigation algorithm and platform validation.,['UGV'],['Indoor'],"['Camera', 'Radio/UWB']",[],True,False,resp_00596.json
597,Fusion of Visual Attention and Scene Descriptions With Deep Reinforcement Learning for AAV Indoor Autonomous Navigation,H. Samma; A. Abubaker; M. B. Aremu; M. Abdel-Nasser; S. El-Ferik,2025,IEEE Access,IEEE_Xplore,10.1109/ACCESS.2025.3566428,INCLUDE,High,Meets all SLR inclusion criteria for GPS-denied localization/navigation algorithm and platform validation.,['General Robotics'],['Indoor'],"['Camera', 'IMU']",['Deep Learning'],True,False,resp_00597.json
598,Compact Passive Millimeter Wave Imager for Degraded Visual and GPS-Denied Navigation,T. Dillon; C. Schuetz; A. Wright; S. Kozacik; Z. El-Azom; S. Shi; D. Prather; A. Rutkowski,2019,2019 IEEE Research and Applications of Photonics in Defense Conference (RAPID),IEEE_Xplore,10.1109/RAPID.2019.8864251,INCLUDE,High,Meets all SLR inclusion criteria for GPS-denied localization/navigation algorithm and platform validation.,['UAV'],['Adversarial'],"['Camera', 'Radio/UWB']",[],True,False,resp_00598.json
599,Indoor Navigation Based on Global and Local Path Planning for Wheeled Mobile Robot in Airport,X. Xu; C. Wang,2018,2018 13th World Congress on Intelligent Control and Automation (WCICA),IEEE_Xplore,10.1109/WCICA.2018.8630407,INCLUDE,High,Meets all SLR inclusion criteria for GPS-denied localization/navigation algorithm and platform validation.,['UGV'],['Indoor'],"['IMU', 'Radio/UWB']",['Radio Ranging'],True,False,resp_00599.json
600,Are Learning-Based Approaches Ready for Real-World Indoor Navigation? A Case for Imitation Learning,N. Selvaraj; A. Mitrevski; S. Houben,2025,2025 European Conference on Mobile Robots (ECMR),IEEE_Xplore,10.1109/ECMR65884.2025.11163316,INCLUDE,High,Meets all SLR inclusion criteria for GPS-denied localization/navigation algorithm and platform validation.,['UGV'],['Indoor'],"['Camera', 'LiDAR', 'Radio/UWB']",[],True,False,resp_00600.json
601,Waypoint Navigation in the Image Plane for Autonomous Navigation of UAV in Vision-Based UAV-AGV System*,A. Kumar Sivarathri; A. Shukla; A. Gupta,2024,2024 20th IEEE/ASME International Conference on Mechatronic and Embedded Systems and Applications (MESA),IEEE_Xplore,10.1109/MESA61532.2024.10704849,INCLUDE,High,Meets all SLR inclusion criteria for GPS-denied localization/navigation algorithm and platform validation.,['UAV'],['Unspecified'],"['Camera', 'IMU', 'Radio/UWB']",[],True,False,resp_00601.json
602,Long Range Underwater Localization and Navigation using Gravity-Based Measurements,P. Pasnani; M. Seto; J. Gu,2020,"2020 IEEE International Conference on Systems, Man, and Cybernetics (SMC)",IEEE_Xplore,10.1109/SMC42975.2020.9282989,INCLUDE,High,Meets all SLR inclusion criteria for GPS-denied localization/navigation algorithm and platform validation.,['USV/AUV'],['Unspecified'],['IMU'],['SLAM'],True,False,resp_00602.json
603,Research On Air-Ground Collaborative Navigation Method in Unknown Indoor Environment,Z. Wang; X. Liang; J. Chen; Z. Huang,2026,"2026 International Conference on Complex Systems, Intelligent Science and Computing Technology (CSITec)",IEEE_Xplore,10.23919/CSITecCPS00081.2026.00012,INCLUDE,High,Meets all SLR inclusion criteria for GPS-denied localization/navigation algorithm and platform validation.,"['UAV', 'UGV']",['Indoor'],"['Camera', 'IMU', 'Radio/UWB']",['Kalman Filtering'],True,False,resp_00603.json
604,A Fully Autonomous Indoor Quadrotor,S. Grzonka; G. Grisetti; W. Burgard,2012,IEEE Transactions on Robotics,IEEE_Xplore,10.1109/TRO.2011.2162999,INCLUDE,High,Meets all SLR inclusion criteria for GPS-denied localization/navigation algorithm and platform validation.,['UAV'],"['Indoor', 'Forest/Outdoor']",['Radio/UWB'],[],True,False,resp_00604.json
606,Semantic Mapping Based on ORB-SLAM and YOLO in Indoor Scenes,Q. Wang; K. Mima; K. Tobita,2023,"2023 IEEE 5th Eurasia Conference on IOT, Communication and Engineering (ECICE)",IEEE_Xplore,10.1109/ECICE59523.2023.10383074,INCLUDE,High,Meets all SLR inclusion criteria for GPS-denied localization/navigation algorithm and platform validation.,['General Robotics'],['Indoor'],"['Camera', 'IMU']",['SLAM'],True,False,resp_00606.json
607,Integration of GNSS and Fiber-Optic Gyroscope: Improving Navigation Robustness under Satellite Signal Loss,Y. Tashtay; N. Smailov; K. Tazhen; A. Sabibolda; A. Nazarova; A. Bazarbay,2025,2025 International Conference on Electrical Engineering and Photonics (EExPolytech),IEEE_Xplore,10.1109/EExPolytech66949.2025.11253802,INCLUDE,High,Meets all SLR inclusion criteria for GPS-denied localization/navigation algorithm and platform validation.,['UAV'],"['Indoor', 'Urban', 'Adversarial']","['IMU', 'Radio/UWB']",['Kalman Filtering'],True,False,resp_00607.json
608,Signal Strength-Guided Return Navigation for UAVs in GPS-Denied Environments,O. Rathnayake; J. C. Yapa; L. Alahakoon; A. P. Thilakarathna; B. Dissanayake; D. Athauda,2026,2025 IEEE 19th International Conference on Industrial and Information Systems (ICIIS),IEEE_Xplore,10.1109/ICIIS69028.2026.11450718,INCLUDE,High,Meets all SLR inclusion criteria for GPS-denied localization/navigation algorithm and platform validation.,['UAV'],['Unspecified'],['Radio/UWB'],['Factor Graph Optimization'],True,False,resp_00608.json
609,Navigation Guided by Visual Markers and Path Planning for Mobile Robots in Confined Environments,F. A. Chicaiza; J. Gaia; C. Soria; E. Slawiñski,2022,2022 IEEE Biennial Congress of Argentina (ARGENCON),IEEE_Xplore,10.1109/ARGENCON55245.2022.9939773,INCLUDE,High,Meets all SLR inclusion criteria for GPS-denied localization/navigation algorithm and platform validation.,['UGV'],['Indoor'],"['Camera', 'IMU', 'Radio/UWB']",['SLAM'],True,False,resp_00609.json
610,Simulation of UAV-Based Indoor Mapping for Multi-Story Building Using a RGB-D SLAM Solution,W. Wu; B. Chen; D. Liu,2024,2024 IEEE International Instrumentation and Measurement Technology Conference (I2MTC),IEEE_Xplore,10.1109/I2MTC60896.2024.10560638,INCLUDE,High,Meets all SLR inclusion criteria for GPS-denied localization/navigation algorithm and platform validation.,['UAV'],['Indoor'],"['Camera', 'IMU', 'LiDAR', 'Radio/UWB']",['SLAM'],True,False,resp_00610.json
611,Application of Robust Filtering Algorithm Based on Mahalanobis Distance in Anti GNSS Deception Attack of Multi-sensor Integrated Navigation on Unmanned Platforms,P. Jiang; W. Dong; Y. Guo,2026,2026 Joint International Conference on Automation-Intelligence-Safety (ICAIS) & International Symposium on Autonomous Systems (ISAS),IEEE_Xplore,10.1109/ICAISISAS68969.2026.11567838,INCLUDE,High,Meets all SLR inclusion criteria for GPS-denied localization/navigation algorithm and platform validation.,['General Robotics'],['Adversarial'],"['IMU', 'Radio/UWB']",[],True,False,resp_00611.json
612,Research on Autonomous UAV Power Inspection Method Based on Visual SLAM and Multi-View 3D Reconstruction,M. Li; S. Huang,2025,"2025 5th International Conference on Computer Science, Electronic Information Engineering and Intelligent Control Technology (CEI)",IEEE_Xplore,10.1109/CEI66465.2025.11398715,INCLUDE,High,Meets all SLR inclusion criteria for GPS-denied localization/navigation algorithm and platform validation.,['UAV'],['Unspecified'],['Camera'],['SLAM'],True,False,resp_00612.json
613,On hearing your position through light for mobile robot indoor navigation,S. Ma; Q. Liu; P. Sheu,2016,2016 IEEE International Conference on Multimedia & Expo Workshops (ICMEW),IEEE_Xplore,10.1109/ICMEW.2016.7574761,INCLUDE,High,Meets all SLR inclusion criteria for GPS-denied localization/navigation algorithm and platform validation.,['UGV'],['Indoor'],['Radio/UWB'],[],True,False,resp_00613.json
614,Autonomous Cooperative Mapping of GPS-Denied Cluttered Environments Using Gaussian Process Regression,D. Mansfield; N. Sadeghzadeh-Nokhodberiz; A. Montazeri,2024,2024 IEEE 18th International Conference on Control & Automation (ICCA),IEEE_Xplore,10.1109/ICCA62789.2024.10591901,INCLUDE,High,Meets all SLR inclusion criteria for GPS-denied localization/navigation algorithm and platform validation.,['UGV'],['Indoor'],['Radio/UWB'],"['VIO', 'SLAM']",True,False,resp_00614.json
615,UAV State Estimation and Trajectory Prediction using Transformer-based Neural Networks and Feature-based Visual Odometry,Y. Grigoriou; N. Souli; P. Chrysanthou; P. Kolios; G. Ellinas,2025,"2025 IEEE International Conference on Systems, Man, and Cybernetics (SMC)",IEEE_Xplore,10.1109/SMC58881.2025.11343560,INCLUDE,High,Meets all SLR inclusion criteria for GPS-denied localization/navigation algorithm and platform validation.,['UAV'],['Forest/Outdoor'],"['Camera', 'IMU', 'Radio/UWB']",['Deep Learning'],True,False,resp_00615.json
616,Novel method for underwater navigation aiding using a companion underwater robot as a guiding platforms,V. Djapic; Đ. Nađ; G. Ferri; E. Omerdic; G. Dooly; D. Toal; Z. Vukić,2013,2013 MTS/IEEE OCEANS - Bergen,IEEE_Xplore,10.1109/OCEANS-Bergen.2013.6608153,INCLUDE,High,Meets all SLR inclusion criteria for GPS-denied localization/navigation algorithm and platform validation.,['USV/AUV'],['Underground'],['Radio/UWB'],[],True,False,resp_00616.json
617,Visual-Inertial Fusion for Indoor Autonomous Navigation of a Quadrotor Using ORB-SLAM,S. J. Haddadi; E. B. Castelan,2018,"2018 Latin American Robotic Symposium, 2018 Brazilian Symposium on Robotics (SBR) and 2018 Workshop on Robotics in Education (WRE)",IEEE_Xplore,10.1109/LARS/SBR/WRE.2018.00028,INCLUDE,High,Meets all SLR inclusion criteria for GPS-denied localization/navigation algorithm and platform validation.,['UAV'],['Indoor'],"['Camera', 'IMU']","['VIO', 'SLAM', 'Kalman Filtering']",True,False,resp_00617.json
618,Long-Term Localization Method Integrated With Voxel Mapping LiDAR Odometry and Adaptive Updating Map in Diverse Environment,H. Liu; S. Pan; X. Wang; W. Gao; B. Yu; H. Zhao,2025,IEEE Transactions on Instrumentation and Measurement,IEEE_Xplore,10.1109/TIM.2025.3533630,INCLUDE,High,Meets all SLR inclusion criteria for GPS-denied localization/navigation algorithm and platform validation.,['General Robotics'],['Unspecified'],"['IMU', 'LiDAR', 'Radio/UWB']","['SLAM', 'Kalman Filtering', 'Radio Ranging']",True,False,resp_00618.json
619,Submarine Geophysical Navigation of Autonomous Underwater Vehicle Using Extended Kalman Filter,Z. Yu; Q. Zhang; G. Chen; C. Huang; J. Lan,2023,"2023 IEEE International Conference on Electrical, Automation and Computer Engineering (ICEACE)",IEEE_Xplore,10.1109/ICEACE60673.2023.10442118,INCLUDE,High,Meets all SLR inclusion criteria for GPS-denied localization/navigation algorithm and platform validation.,['USV/AUV'],['Underground'],"['Radio/UWB', 'Sonar/DVL']",['Kalman Filtering'],True,False,resp_00619.json
620,Terrain Aided Planetary UAV Localization Based on Geo-referencing,X. Wan; Y. Shao; S. Zhang; S. Li,2022,IEEE Transactions on Geoscience and Remote Sensing,IEEE_Xplore,10.1109/TGRS.2022.3198745,INCLUDE,High,Meets all SLR inclusion criteria for GPS-denied localization/navigation algorithm and platform validation.,['UAV'],['Unspecified'],"['IMU', 'Radio/UWB']","['SLAM', 'Factor Graph Optimization']",True,False,resp_00620.json
621,Routing unmanned vehicles in GPS-denied environments,K. Sundar; S. Misra; S. Rathinam; R. Sharma,2017,2017 International Conference on Unmanned Aircraft Systems (ICUAS),IEEE_Xplore,10.1109/ICUAS.2017.7991488,INCLUDE,High,Meets all SLR inclusion criteria for GPS-denied localization/navigation algorithm and platform validation.,['General Robotics'],['Unspecified'],"['IMU', 'Radio/UWB']",['Factor Graph Optimization'],True,False,resp_00621.json
622,Micro-Drone Ego-Velocity and Height Estimation in GPS-Denied Environments Using an FMCW MIMO Radar,J. Barra; T. Creuzet; S. Lesecq; G. Scorletti; E. Blanco; M. Zarudniev,2023,IEEE Sensors Journal,IEEE_Xplore,10.1109/JSEN.2022.3229421,INCLUDE,High,Meets all SLR inclusion criteria for GPS-denied localization/navigation algorithm and platform validation.,['UAV'],['Urban'],"['IMU', 'Radio/UWB', 'Radar']",[],True,False,resp_00622.json
623,Thermal-LiDAR Fusion for Robust Tunnel Localization in GNSS-Denied and Low-Visibility Conditions,L. Schichler; K. Festl; S. Solmaz; D. Watzenig,2025,2025 IEEE International Automated Vehicle Validation Conference (IAVVC),IEEE_Xplore,10.1109/IAVVC61942.2025.11219499,INCLUDE,High,Meets all SLR inclusion criteria for GPS-denied localization/navigation algorithm and platform validation.,['General Robotics'],"['Underground', 'Urban', 'Adversarial']","['Camera', 'IMU', 'LiDAR', 'Radio/UWB']","['SLAM', 'Kalman Filtering']",True,False,resp_00623.json
624,Autonomous indoor navigation of a stock quadcopter with off-board control,A. Garcia; K. Ghose,2017,"2017 Workshop on Research, Education and Development of Unmanned Aerial Systems (RED-UAS)",IEEE_Xplore,10.1109/RED-UAS.2017.8101656,INCLUDE,High,Meets all SLR inclusion criteria for GPS-denied localization/navigation algorithm and platform validation.,['UAV'],"['Indoor', 'Underground']","['Camera', 'Radio/UWB']",[],True,False,resp_00624.json
625,A method to LRF noise filtering for the transparent obstacle in mobile robot indoor navigation environment with straight glass wall,J. Park; J. -W. Jung,2016,2016 13th International Conference on Ubiquitous Robots and Ambient Intelligence (URAI),IEEE_Xplore,10.1109/URAI.2016.7625735,INCLUDE,High,Meets all SLR inclusion criteria for GPS-denied localization/navigation algorithm and platform validation.,['UGV'],['Indoor'],"['LiDAR', 'Radio/UWB', 'Sonar/DVL']",[],True,False,resp_00625.json
626,Integrated indoor navigation system for aerial vehicle using visual odometry and artificial landmark matching,X. He; Z. Cai; D. Huang; Y. Wang,2014,"Proceedings of 2014 IEEE Chinese Guidance, Navigation and Control Conference",IEEE_Xplore,10.1109/CGNCC.2014.7007494,INCLUDE,High,Meets all SLR inclusion criteria for GPS-denied localization/navigation algorithm and platform validation.,"['UAV', 'UGV']",['Indoor'],"['Camera', 'IMU', 'Radio/UWB']",['SLAM'],True,False,resp_00626.json
627,Comparative Analysis of A * Algorithm and Deep Deterministic Policy Gradient for Autonomous Navigation in Indoor Environment,A. A. S; M. Menon; A. Robens; M. P. V.,2025,"2025 IEEE 2nd International Conference on Information Technology, Electronics and Intelligent Communication Systems (ICITEICS)",IEEE_Xplore,10.1109/ICITEICS64870.2025.11341112,INCLUDE,High,Meets all SLR inclusion criteria for GPS-denied localization/navigation algorithm and platform validation.,['General Robotics'],['Indoor'],"['IMU', 'Radio/UWB']",[],True,False,resp_00627.json
628,Pair-Navi: Peer-to-Peer Indoor Navigation with Mobile Visual SLAM,E. Dong; J. Xu; C. Wu; Y. Liu; Z. Yang,2019,IEEE INFOCOM 2019 - IEEE Conference on Computer Communications,IEEE_Xplore,10.1109/INFOCOM.2019.8737640,INCLUDE,High,Meets all SLR inclusion criteria for GPS-denied localization/navigation algorithm and platform validation.,['General Robotics'],['Indoor'],"['Camera', 'Radio/UWB']","['VIO', 'SLAM']",True,False,resp_00628.json
629,Vehicle Inertial Localization With Adaptive Noise Estimation and Pseudo-Measurement Constraints in GNSS-Denied Environment,G. Huang; J. Liu; Y. Zhao; X. Gong; J. Hyyppä; W. Zhang,2025,IEEE Internet of Things Journal,IEEE_Xplore,10.1109/JIOT.2025.3593605,INCLUDE,High,Meets all SLR inclusion criteria for GPS-denied localization/navigation algorithm and platform validation.,['General Robotics'],"['Urban', 'Adversarial']","['IMU', 'Radio/UWB']","['Kalman Filtering', 'Deep Learning']",True,False,resp_00629.json
630,Real-Time Detection of Mine-Like Objects for Semantic-Guided Underwater Robot Navigation,V. Sineglazov; M. Savchenko,2025,2025 IEEE 8th International Conference on Methods and Systems of Navigation and Motion Control (MSNMC),IEEE_Xplore,10.1109/MSNMC61130.2025.11399724,INCLUDE,High,Meets all SLR inclusion criteria for GPS-denied localization/navigation algorithm and platform validation.,['USV/AUV'],['Underground'],"['Radio/UWB', 'Sonar/DVL']",[],True,False,resp_00630.json
631,Invited Speaker 1: Navigation without GPS for Unmanned Aerial Vehicles,L. Feng,2019,2019 International Conference on Computer and Drone Applications (IConDA),IEEE_Xplore,10.1109/IConDA47345.2019.9034681,INCLUDE,High,Meets all SLR inclusion criteria for GPS-denied localization/navigation algorithm and platform validation.,['UAV'],"['Indoor', 'Forest/Outdoor']",['IMU'],[],True,False,resp_00631.json
632,Acouhouse: An Acoustic Lighthouses System to Enable Underwater Navigation,M. Biagi,2025,OCEANS 2025 - Great Lakes,IEEE_Xplore,10.23919/OCEANS59106.2025.11244900,INCLUDE,High,Meets all SLR inclusion criteria for GPS-denied localization/navigation algorithm and platform validation.,['USV/AUV'],['Unspecified'],"['Camera', 'Radio/UWB', 'Sonar/DVL']",[],True,False,resp_00632.json
634,A Study on a Navigation Method Based on Linguistic Information for Service Robots,S. Sasaki; S. Muramatsu; K. Inagaki,2025,IECON 2025 – 51st Annual Conference of the IEEE Industrial Electronics Society,IEEE_Xplore,10.1109/IECON58223.2025.11221575,INCLUDE,High,Meets all SLR inclusion criteria for GPS-denied localization/navigation algorithm and platform validation.,['General Robotics'],['Urban'],['Radio/UWB'],['SLAM'],True,False,resp_00634.json
635,Visual Navigation of Mobile Robots in Complex Environments Based on Distributed Deep Reinforcement Learning,Y. Zhang; W. Feng; Z. Yang; Z. Zhou; Z. Zhu; W. Wang,2022,2022 6th Asian Conference on Artificial Intelligence Technology (ACAIT),IEEE_Xplore,10.1109/ACAIT56212.2022.10137974,INCLUDE,High,Meets all SLR inclusion criteria for GPS-denied localization/navigation algorithm and platform validation.,['UGV'],['Unspecified'],['Camera'],['Factor Graph Optimization'],True,False,resp_00635.json
636,A Fine Anti-Noise Algorithm Based on Matrix Block Variational Estimation in Underwater Navigation,H. Huang; J. Tang; B. Wang; G. Li; Y. Han,2021,2021 40th Chinese Control Conference (CCC),IEEE_Xplore,10.23919/CCC52363.2021.9549465,INCLUDE,High,Meets all SLR inclusion criteria for GPS-denied localization/navigation algorithm and platform validation.,['USV/AUV'],"['Underground', 'Urban']","['IMU', 'Radio/UWB']",['Kalman Filtering'],True,False,resp_00636.json
637,Miniature IMU/INS with optimally fused low drift MEMS gyro and accelerometers for applications in GPS-denied environments,M. Tanenhaus; D. Carhoun; T. Geis; E. Wan; A. Holland,2012,"Proceedings of the 2012 IEEE/ION Position, Location and Navigation Symposium",IEEE_Xplore,10.1109/PLANS.2012.6236890,INCLUDE,High,Meets all SLR inclusion criteria for GPS-denied localization/navigation algorithm and platform validation.,['UAV'],['Unspecified'],"['IMU', 'Radio/UWB']",['Kalman Filtering'],True,False,resp_00637.json
638,A Universal LiDAR SLAM Accelerator System on Low-Cost FPGA,K. Sugiura; H. Matsutani,2022,IEEE Access,IEEE_Xplore,10.1109/ACCESS.2022.3157822,INCLUDE,High,Meets all SLR inclusion criteria for GPS-denied localization/navigation algorithm and platform validation.,['UGV'],['Indoor'],"['IMU', 'LiDAR', 'Radio/UWB']","['SLAM', 'Radio Ranging']",True,False,resp_00638.json
639,A Vision-Based Approach to Autonomous Landing of an eVTOL Aircraft in GPS-Denied Environments,F. V. Benitez; A. Rutherford; J. Van Hilst; E. Babcock; M. Schlief; L. Markussen,2023,2023 IEEE/AIAA 42nd Digital Avionics Systems Conference (DASC),IEEE_Xplore,10.1109/DASC58513.2023.10311329,INCLUDE,High,Meets all SLR inclusion criteria for GPS-denied localization/navigation algorithm and platform validation.,['UAV'],['Unspecified'],['Radio/UWB'],[],True,False,resp_00639.json
640,Thermal Image Based Direct Method Visual-Inertial Odometry for Robot Navigation,Z. Sun; J. Yuan; Y. Wang; G. Qu; H. Yu,2023,"2023 5th International Conference on Robotics, Intelligent Control and Artificial Intelligence (RICAI)",IEEE_Xplore,10.1109/RICAI60863.2023.10488925,INCLUDE,High,Meets all SLR inclusion criteria for GPS-denied localization/navigation algorithm and platform validation.,['General Robotics'],['Unspecified'],"['Camera', 'IMU', 'Radio/UWB']","['VIO', 'SLAM', 'Factor Graph Optimization']",True,False,resp_00640.json
641,Analysis of information provision methods for indoor navigation using interactive floor projection,M. Suyama; F. Hayashi; T. Sasaki,2017,2017 IEEE/SICE International Symposium on System Integration (SII),IEEE_Xplore,10.1109/SII.2017.8279355,INCLUDE,High,Meets all SLR inclusion criteria for GPS-denied localization/navigation algorithm and platform validation.,['General Robotics'],"['Indoor', 'Forest/Outdoor']","['LiDAR', 'Radio/UWB']",[],True,False,resp_00641.json
642,A Novel Approach to Mobile Indoor Navigation Systems,M. Zhanbyrtayev; B. Kassenov,2016,2016 IEEE/ACM International Conference on Mobile Software Engineering and Systems (MOBILESoft),IEEE_Xplore,10.1145/2897073.2897131,INCLUDE,High,Meets all SLR inclusion criteria for GPS-denied localization/navigation algorithm and platform validation.,['General Robotics'],"['Indoor', 'Underground', 'Forest/Outdoor']",['Radio/UWB'],[],True,False,resp_00642.json
643,"Robust Localization in Both Urban and Rural Environments for Fusion of LiDAR-SLAM, GNSS, and Odometry",T. Ochiai; F. Xu; K. Sekiguchi; K. Nonaka,2022,2022 IEEE Conference on Control Technology and Applications (CCTA),IEEE_Xplore,10.1109/CCTA49430.2022.9966039,INCLUDE,High,Meets all SLR inclusion criteria for GPS-denied localization/navigation algorithm and platform validation.,['General Robotics'],['Urban'],"['IMU', 'LiDAR']",['SLAM'],True,False,resp_00643.json
644,Autonomous Localization and Navigation for Drones Over Rivers,P. -C. Wu; Y. -Y. Chen; C. -L. Lin; H. Wang,2026,IEEE Access,IEEE_Xplore,10.1109/ACCESS.2025.3650454,INCLUDE,High,Meets all SLR inclusion criteria for GPS-denied localization/navigation algorithm and platform validation.,['UAV'],"['Urban', 'Forest/Outdoor', 'Adversarial']","['Camera', 'IMU', 'Radio/UWB']","['Kalman Filtering', 'Deep Learning']",True,False,resp_00644.json
645,Lidar Indoor Navigation,V. Y; N. M; K. B. Maradi; P. Aneesh; K. R,2025,2025 International Conference on Intelligent Systems and Pioneering Innovations in Robotics and Electric Mobility (INSPIRE),IEEE_Xplore,10.1109/INSPIRE67328.2025.11300615,INCLUDE,High,Meets all SLR inclusion criteria for GPS-denied localization/navigation algorithm and platform validation.,['General Robotics'],"['Indoor', 'Underground']","['IMU', 'LiDAR', 'Radio/UWB']",['SLAM'],True,False,resp_00645.json
646,Indoor Mapping and Analysis Based on Optimized Existing 2D SLAM Algorithm,Y. Xiao; G. Zhang; J. Hu; Y. Zhou; H. Fan; S. Zhang,2024,"2024 3rd International Conference on Robotics, Artificial Intelligence and Intelligent Control (RAIIC)",IEEE_Xplore,10.1109/RAIIC61787.2024.10670734,INCLUDE,High,Meets all SLR inclusion criteria for GPS-denied localization/navigation algorithm and platform validation.,['General Robotics'],['Indoor'],['LiDAR'],"['SLAM', 'Factor Graph Optimization']",True,False,resp_00646.json
647,Radiation Source Localization in GPS-Denied Environments Using Aerial Robots,F. Mascarich; T. Wilson; C. Papachristos; K. Alexis,2018,2018 IEEE International Conference on Robotics and Automation (ICRA),IEEE_Xplore,10.1109/ICRA.2018.8460760,INCLUDE,High,Meets all SLR inclusion criteria for GPS-denied localization/navigation algorithm and platform validation.,['General Robotics'],['Indoor'],"['Camera', 'IMU', 'Radio/UWB']",['VIO'],True,False,resp_00647.json
648,Vision aided motion estimation for unmanned helicopters in GPS denied environments,Feng Lin; B. M. Chen; T. H. Lee,2010,2010 IEEE Conference on Cybernetics and Intelligent Systems,IEEE_Xplore,10.1109/ICCIS.2010.5518578,INCLUDE,High,Meets all SLR inclusion criteria for GPS-denied localization/navigation algorithm and platform validation.,['UAV'],['Urban'],['IMU'],['Kalman Filtering'],True,False,resp_00648.json
649,Localization and feature recognition: Implementation on an indoor navigator robot,Z. Lye; H. Nisar; K. Lai; K. Yeap,2014,2014 10th France-Japan/ 8th Europe-Asia Congress on Mecatronics (MECATRONICS2014- Tokyo),IEEE_Xplore,10.1109/MECATRONICS.2014.7018561,INCLUDE,High,Meets all SLR inclusion criteria for GPS-denied localization/navigation algorithm and platform validation.,['General Robotics'],['Indoor'],[],[],True,False,resp_00649.json
650,Leveraging Smart Tunnel Systems: V2X-Driven Positioning for CAVs in GNSS-Denied Scenarios,R. Viterbo; M. Piavanini; L. Italiano; M. Brambilla; M. Cerutti; S. B. Felix; S. Specchia; E. Piantoni; G. Megna; D. Franceschini; B. Carambia; S. Savaresi; M. Nicoli,2025,2025 IEEE Wireless Communications and Networking Conference (WCNC),IEEE_Xplore,10.1109/WCNC61545.2025.10978281,INCLUDE,High,Meets all SLR inclusion criteria for GPS-denied localization/navigation algorithm and platform validation.,['General Robotics'],['Underground'],['Radio/UWB'],['Radio Ranging'],True,False,resp_00650.json
651,Vector Field-based Autonomous Navigation in a Tunnel-like Environment,L. Feng; J. Bao; B. Li; L. Wu,2024,2024 14th International Conference on Indoor Positioning and Indoor Navigation (IPIN),IEEE_Xplore,10.1109/IPIN62893.2024.10786181,INCLUDE,High,Meets all SLR inclusion criteria for GPS-denied localization/navigation algorithm and platform validation.,['General Robotics'],['Underground'],"['IMU', 'Radio/UWB']",[],True,False,resp_00651.json
652,Reinforcement Learning-Based Autonomous UAV Navigation in Indoor Environments Towards Human Detection,V. Geeganage; L. Gamage; H. Weerathunga; C. Premachandra; B. H. Sudantha,2026,2026 International Conference on Image Processing and Robotics (ICIPRoB),IEEE_Xplore,10.1109/ICIPRoB69625.2026.11497788,INCLUDE,High,Meets all SLR inclusion criteria for GPS-denied localization/navigation algorithm and platform validation.,['UAV'],['Indoor'],"['Camera', 'IMU', 'LiDAR', 'Radio/UWB']",['Factor Graph Optimization'],True,False,resp_00652.json
653,An efficient UAV navigation solution for confined but partially known indoor environments,F. Wang; K. Wang; S. Lai; S. K. Phang; B. M. Chen; T. H. Lee,2014,11th IEEE International Conference on Control & Automation (ICCA),IEEE_Xplore,10.1109/ICCA.2014.6871120,INCLUDE,High,Meets all SLR inclusion criteria for GPS-denied localization/navigation algorithm and platform validation.,['UAV'],['Indoor'],"['IMU', 'LiDAR', 'Radio/UWB']",[],True,False,resp_00653.json
654,Robust self-localization system based on multi-sensor information fusion in city environments,Z. Xia; S. Tang,2019,2019 International Conference on Information Technology and Computer Application (ITCA),IEEE_Xplore,10.1109/ITCA49981.2019.00011,INCLUDE,High,Meets all SLR inclusion criteria for GPS-denied localization/navigation algorithm and platform validation.,['General Robotics'],['Urban'],"['IMU', 'LiDAR']","['SLAM', 'Kalman Filtering']",True,False,resp_00654.json
655,Map construction and exploration with measurements of laser rangefinders,G. -S. Huang; S. -Y. Pan,2017,2017 IEEE International Conference on Mechatronics and Automation (ICMA),IEEE_Xplore,10.1109/ICMA.2017.8016067,INCLUDE,High,Meets all SLR inclusion criteria for GPS-denied localization/navigation algorithm and platform validation.,['General Robotics'],['Indoor'],"['IMU', 'LiDAR']",['SLAM'],True,False,resp_00655.json
656,Vision-Based UAV Localization by Aerial and Satellite Image Matching,H. -Y. Lin; P. -H. Chen; C. -W. Yeh,2026,IEEE Access,IEEE_Xplore,10.1109/ACCESS.2026.3684630,INCLUDE,High,Meets all SLR inclusion criteria for GPS-denied localization/navigation algorithm and platform validation.,['UAV'],"['Indoor', 'Urban', 'Adversarial']","['Camera', 'Radio/UWB']",[],True,False,resp_00656.json
657,EKF-LOAM: An Adaptive Fusion of LiDAR SLAM With Wheel Odometry and Inertial Data for Confined Spaces With Few Geometric Features,G. P. C. Júnior; A. M. C. Rezende; V. R. F. Miranda; R. Fernandes; H. Azpúrua; A. A. Neto; G. Pessin; G. M. Freitas,2022,IEEE Transactions on Automation Science and Engineering,IEEE_Xplore,10.1109/TASE.2022.3169442,INCLUDE,High,Meets all SLR inclusion criteria for GPS-denied localization/navigation algorithm and platform validation.,['UGV'],['Underground'],"['Camera', 'IMU', 'LiDAR', 'Radio/UWB']","['SLAM', 'Kalman Filtering']",True,False,resp_00657.json
658,Depth camera based indoor mobile robot localization and navigation,J. Biswas; M. Veloso,2012,2012 IEEE International Conference on Robotics and Automation,IEEE_Xplore,10.1109/ICRA.2012.6224766,INCLUDE,High,Meets all SLR inclusion criteria for GPS-denied localization/navigation algorithm and platform validation.,['UGV'],['Indoor'],"['Camera', 'IMU', 'LiDAR']",[],True,False,resp_00658.json
659,Fast Swarming of UAVs in GNSS-Denied Feature-Poor Environments Without Explicit Communication,J. Horyna; V. Krátký; V. Pritzl; T. Báča; E. Ferrante; M. Saska,2024,IEEE Robotics and Automation Letters,IEEE_Xplore,10.1109/LRA.2024.3390596,INCLUDE,High,Meets all SLR inclusion criteria for GPS-denied localization/navigation algorithm and platform validation.,['UAV'],['Urban'],['Radio/UWB'],[],True,False,resp_00659.json
660,Multiple Autonomous Surface Vehicles for Autonomous Cooperative Navigation Tasks in a Marine Environment: Development and Preliminary Field Tests,J. Park; M. Kang; Y. Lee; J. Jung; H. -T. Choi; J. Choi,2023,IEEE Access,IEEE_Xplore,10.1109/ACCESS.2023.3262985,INCLUDE,High,Meets all SLR inclusion criteria for GPS-denied localization/navigation algorithm and platform validation.,['USV/AUV'],['Unspecified'],['Radio/UWB'],[],True,False,resp_00660.json
661,Combining Remote and In-situ Sensing for Autonomous Underwater Vehicle Localization and Navigation,C. A. Rojas; P. V. Padrao; J. E. Fuentes; A. R. Albayrak; B. Osmanoglu; L. Bobadilla,2022,"OCEANS 2022, Hampton Roads",IEEE_Xplore,10.1109/OCEANS47191.2022.9977208,INCLUDE,High,Meets all SLR inclusion criteria for GPS-denied localization/navigation algorithm and platform validation.,['USV/AUV'],['Unspecified'],['Radio/UWB'],['Kalman Filtering'],True,False,resp_00661.json
662,Joint Placement and Communication Optimization of UAV Base Stations in Aerial GPS Denied Environments with Supplementary Node Assistance,J. Yang; J. Lee; J. Lim,2024,2024 15th International Conference on Information and Communication Technology Convergence (ICTC),IEEE_Xplore,10.1109/ICTC62082.2024.10827425,INCLUDE,High,Meets all SLR inclusion criteria for GPS-denied localization/navigation algorithm and platform validation.,['UAV'],['Adversarial'],['IMU'],['Factor Graph Optimization'],True,False,resp_00662.json
663,Grounding Implicit Goal Description for Robot Indoor Navigation via Recursive Belief Update,R. Chen; J. Zhao; L. Zhang,2020,2020 3rd International Conference on Control and Robots (ICCR),IEEE_Xplore,10.1109/ICCR51572.2020.9344198,INCLUDE,High,Meets all SLR inclusion criteria for GPS-denied localization/navigation algorithm and platform validation.,['General Robotics'],['Indoor'],['Radio/UWB'],[],True,False,resp_00663.json
664,A UAV system for inspection of industrial facilities,J. Nikolic; M. Burri; J. Rehder; S. Leutenegger; C. Huerzeler; R. Siegwart,2013,2013 IEEE Aerospace Conference,IEEE_Xplore,10.1109/AERO.2013.6496959,INCLUDE,High,Meets all SLR inclusion criteria for GPS-denied localization/navigation algorithm and platform validation.,['UAV'],['Indoor'],"['Camera', 'IMU', 'LiDAR', 'Radio/UWB']",[],True,False,resp_00664.json
665,Separated Sonar Localization System for Indoor Robot Navigation,W. Chen; J. Xu; X. Zhao; Y. Liu; J. Yang,2021,IEEE Transactions on Industrial Electronics,IEEE_Xplore,10.1109/TIE.2020.2994856,INCLUDE,High,Meets all SLR inclusion criteria for GPS-denied localization/navigation algorithm and platform validation.,['UGV'],['Indoor'],"['IMU', 'Sonar/DVL']",[],True,False,resp_00665.json
666,Autonomous Navigation of a Mobile Robot with a Monocular Camera Using Deep Reinforcement Learning and Semantic Image Segmentation,R. Tsuruta; K. Morioka,2024,2024 IEEE/SICE International Symposium on System Integration (SII),IEEE_Xplore,10.1109/SII58957.2024.10417188,INCLUDE,High,Meets all SLR inclusion criteria for GPS-denied localization/navigation algorithm and platform validation.,['UGV'],['Unspecified'],"['Camera', 'IMU']",[],True,False,resp_00666.json
667,Moving correction method of a mobile robot using passive RFID system based on obstacle prediction,T. Nakanishi; M. Fujimoto; R. Nagao; S. Tatsukawa; T. Wada; H. Okada; K. Mutsuura,2014,2014 International Conference on Indoor Positioning and Indoor Navigation (IPIN),IEEE_Xplore,10.1109/IPIN.2014.7275490,INCLUDE,High,Meets all SLR inclusion criteria for GPS-denied localization/navigation algorithm and platform validation.,['UGV'],['Indoor'],"['IMU', 'Radio/UWB']",[],True,False,resp_00667.json
668,Fusing vision and odometry for accurate indoor robot localization,B. Bischoff; D. Nguyen-Tuong; F. Streichert; M. Ewert; A. Knoll,2012,2012 12th International Conference on Control Automation Robotics & Vision (ICARCV),IEEE_Xplore,10.1109/ICARCV.2012.6485183,INCLUDE,High,Meets all SLR inclusion criteria for GPS-denied localization/navigation algorithm and platform validation.,['General Robotics'],['Indoor'],"['Camera', 'LiDAR', 'Radio/UWB']",['Kalman Filtering'],True,False,resp_00668.json
669,Robust Factor Graph Optimization for GNSS/INS Tightly Coupled Integration: A Flexible Strategy for Urban Navigation Resilience,K. Wang; L. Wu; Y. Ben; Q. Li; C. Lv; L. Hou,2025,IEEE Sensors Journal,IEEE_Xplore,10.1109/JSEN.2025.3583479,INCLUDE,High,Meets all SLR inclusion criteria for GPS-denied localization/navigation algorithm and platform validation.,['UAV'],"['Indoor', 'Urban', 'Adversarial']",['Radio/UWB'],['Factor Graph Optimization'],True,False,resp_00669.json
670,A low-cost indoor and outdoor terrestrial autonomous navigation model,G. Susi; A. Cristini; M. Salerno; E. Daddario,2014,2014 22nd Telecommunications Forum Telfor (TELFOR),IEEE_Xplore,10.1109/TELFOR.2014.7034499,INCLUDE,High,Meets all SLR inclusion criteria for GPS-denied localization/navigation algorithm and platform validation.,['General Robotics'],"['Indoor', 'Forest/Outdoor']",[],[],True,False,resp_00670.json
671,DaHOG-based Mobile Robot Indoor Global Localization,H. Cheong; E. Kim; S. -K. Park,2020,"2020 20th International Conference on Control, Automation and Systems (ICCAS)",IEEE_Xplore,10.23919/ICCAS50221.2020.9268378,INCLUDE,High,Meets all SLR inclusion criteria for GPS-denied localization/navigation algorithm and platform validation.,['UGV'],['Indoor'],"['Camera', 'Radio/UWB']",[],True,False,resp_00671.json
672,Visual Localization system for GPS-Blind Environments in Unmanned Aerial Vehicles,Y. Murhij; D. Gavrilov; V. Buzdin; W. Kafa; E. Tatarinova; A. Fateev; S. Shkatula; D. Krichevets,2024,"2024 8th International Conference on Information, Control, and Communication Technologies (ICCT)",IEEE_Xplore,10.1109/ICCT62929.2024.10875019,INCLUDE,High,Meets all SLR inclusion criteria for GPS-denied localization/navigation algorithm and platform validation.,['UAV'],"['Urban', 'Forest/Outdoor']","['Camera', 'Radio/UWB']",[],True,False,resp_00672.json
673,Towards a Low-Cost Robot Navigation Approach based on a RGB-D Sensor Network,M. Bertoni; S. Michieletto; G. Michieletto,2022,2022 IEEE 17th International Conference on Advanced Motion Control (AMC),IEEE_Xplore,10.1109/AMC51637.2022.9729292,INCLUDE,High,Meets all SLR inclusion criteria for GPS-denied localization/navigation algorithm and platform validation.,['General Robotics'],['Indoor'],"['Camera', 'Radio/UWB']",[],True,False,resp_00673.json
674,Enhanced Relative Localization Based on Persistent Excitation for Multi-UAVs in GPS-Denied Environments,F. She; Y. Zhang; D. Shi; H. Zhou; X. Ren; T. Xu,2020,IEEE Access,IEEE_Xplore,10.1109/ACCESS.2020.3015593,INCLUDE,High,Meets all SLR inclusion criteria for GPS-denied localization/navigation algorithm and platform validation.,['UAV'],['Unspecified'],['IMU'],[],True,False,resp_00674.json
675,Accurate EKF-Based Underwater Navigation System with RSSI Validation and Delay-Compensated USBL Measurements,K. R. A. Kamel; F. Fiorini; A. Giuseppi; G. Tomasicchio; F. D. Priscoli,2026,2026 IEEE 13th International Workshop on Metrology for AeroSpace (MetroAeroSpace),IEEE_Xplore,10.1109/MetroAeroSpace69299.2026.11646811,INCLUDE,High,Meets all SLR inclusion criteria for GPS-denied localization/navigation algorithm and platform validation.,['USV/AUV'],['Urban'],"['IMU', 'Radio/UWB', 'Sonar/DVL']",['Kalman Filtering'],True,False,resp_00675.json
676,Mitigating Perceptual Drift in ROS2 LiDAR-Based SLAM During Wall-Parallel Motion,R. P; S. G. D; Y. J. M. Shirur; M. Hussain; B. S; S. K. Panda,2026,"2026 International Conference on Intelligent and Innovative Technologies in Computing, Electrical and Electronics (IITCEE)",IEEE_Xplore,10.1109/IITCEE67948.2026.11394124,INCLUDE,High,Meets all SLR inclusion criteria for GPS-denied localization/navigation algorithm and platform validation.,['UGV'],['Unspecified'],"['IMU', 'LiDAR', 'Radio/UWB']","['VIO', 'SLAM']",True,False,resp_00676.json
677,Design a Novel Target to Improve Positioning Accuracy of Autonomous Vehicular Navigation System in GPS Denied Environments,W. Liu; Z. Li; S. Sun; M. K. Gupta; H. Du; R. Malekian; M. A. Sotelo; W. Li,2021,IEEE Transactions on Industrial Informatics,IEEE_Xplore,10.1109/TII.2021.3052529,INCLUDE,High,Meets all SLR inclusion criteria for GPS-denied localization/navigation algorithm and platform validation.,['General Robotics'],"['Underground', 'Forest/Outdoor']","['IMU', 'LiDAR', 'Radio/UWB']",[],True,False,resp_00677.json
678,Inside Bridges: Autonomous Crack Inspection with Nano UAVs in GNSS-Denied Environments,D. Müller; P. Herbers; R. Dyrska; F. Çelik; M. König; M. Mönnigmann,2024,"2024 18th International Conference on Control, Automation, Robotics and Vision (ICARCV)",IEEE_Xplore,10.1109/ICARCV63323.2024.10821644,INCLUDE,High,Meets all SLR inclusion criteria for GPS-denied localization/navigation algorithm and platform validation.,['UAV'],['Indoor'],"['Camera', 'IMU', 'LiDAR', 'Radio/UWB']",[],True,False,resp_00678.json
679,Fetchmate - Autonomous Indoor Mapping and Object Detection with AI Vision,S. Rakshan; N. SR; L. J; G. K; A. S; A. VM; G. Khurana,2025,2025 1st International Conference on Smart and Intelligent Systems (SISCON),IEEE_Xplore,10.1109/SISCON66686.2025.11409222,INCLUDE,High,Meets all SLR inclusion criteria for GPS-denied localization/navigation algorithm and platform validation.,['UGV'],['Indoor'],"['Camera', 'IMU', 'LiDAR', 'Radio/UWB']",['SLAM'],True,False,resp_00679.json
680,MATLAB-Driven Virtual Simulation and Performance Analysis of an Autonomous Underwater Vehicle (AUV) Homing and Docking System,R. G. P; R. M.G,2025,2025 5th International Conference on Artificial Intelligence and Signal Processing (AISP),IEEE_Xplore,10.1109/AISP68263.2025.11396231,INCLUDE,High,Meets all SLR inclusion criteria for GPS-denied localization/navigation algorithm and platform validation.,['USV/AUV'],['Urban'],"['Camera', 'IMU']",['VIO'],True,False,resp_00680.json
681,Scalable indoor navigation system based on proximity Bluetooth beacons using tools of AI,M. Bérubé; K. Bouchard; S. Gaboury,2017,"2017 IEEE SmartWorld, Ubiquitous Intelligence & Computing, Advanced & Trusted Computed, Scalable Computing & Communications, Cloud & Big Data Computing, Internet of People and Smart City Innovation (SmartWorld/SCALCOM/UIC/ATC/CBDCom/IOP/SCI)",IEEE_Xplore,10.1109/UIC-ATC.2017.8397547,INCLUDE,High,Meets all SLR inclusion criteria for GPS-denied localization/navigation algorithm and platform validation.,['General Robotics'],['Indoor'],['Radio/UWB'],[],True,False,resp_00681.json
682,Monocular Visual Odometry with Unmanned Underwater Vehicle Using Low Cost Sensors,P. Dabove; V. Di Pietra; M. Piras,2020,"2020 IEEE/ION Position, Location and Navigation Symposium (PLANS)",IEEE_Xplore,10.1109/PLANS46316.2020.9109841,INCLUDE,High,Meets all SLR inclusion criteria for GPS-denied localization/navigation algorithm and platform validation.,"['UGV', 'USV/AUV']",['Underground'],"['Camera', 'IMU']",[],True,False,resp_00682.json
683,Real time UGV positioning based on Reference beacons aided LiDAR scan matching,W. Ye; X. Fan; J. Tang,2018,"2018 Ubiquitous Positioning, Indoor Navigation and Location-Based Services (UPINLBS)",IEEE_Xplore,10.1109/UPINLBS.2018.8559846,INCLUDE,High,Meets all SLR inclusion criteria for GPS-denied localization/navigation algorithm and platform validation.,['UGV'],['Indoor'],"['IMU', 'LiDAR', 'Radio/UWB']",[],True,False,resp_00683.json
684,Tightly Coupled Multifactor Optimization-Based Hybrid Visual Localization for UAV,L. Chen; Z. Guo; N. Wang; W. Chen; J. He; X. Zhang; H. Sun,2025,IEEE Transactions on Instrumentation and Measurement,IEEE_Xplore,10.1109/TIM.2025.3597617,INCLUDE,High,Meets all SLR inclusion criteria for GPS-denied localization/navigation algorithm and platform validation.,['UAV'],['Unspecified'],['Camera'],"['VIO', 'Factor Graph Optimization']",True,False,resp_00684.json
685,Study on the effective visual navigation for an alife mobile robot,J. Wang; M. Sugisaka,2011,2011 IEEE International Conference on Mechatronics and Automation,IEEE_Xplore,10.1109/ICMA.2011.5986324,INCLUDE,High,Meets all SLR inclusion criteria for GPS-denied localization/navigation algorithm and platform validation.,['UGV'],['Unspecified'],"['Camera', 'Radio/UWB']",[],True,False,resp_00685.json
686,Nonlinear Dynamic Model-Based State Estimators for Underwater Navigation of Remotely Operated Vehicles,J. C. Kinsey; Q. Yang; J. C. Howland,2014,IEEE Transactions on Control Systems Technology,IEEE_Xplore,10.1109/TCST.2013.2293958,INCLUDE,High,Meets all SLR inclusion criteria for GPS-denied localization/navigation algorithm and platform validation.,['USV/AUV'],['Urban'],['Sonar/DVL'],['Kalman Filtering'],True,False,resp_00686.json
687,On the scalability of experimentally determined aerodynamic model for model-based navigation on a delta-wing UAV,P. Longobardi; J. Skaloud,2023,2023 IEEE 10th International Workshop on Metrology for AeroSpace (MetroAeroSpace),IEEE_Xplore,10.1109/MetroAeroSpace57412.2023.10189996,INCLUDE,High,Meets all SLR inclusion criteria for GPS-denied localization/navigation algorithm and platform validation.,['UAV'],['Underground'],['Radio/UWB'],[],True,False,resp_00687.json
688,Single Vehicle Localization and Routing in GPS-Denied Environments Using Range-Only Measurements,S. Misra; B. Wang; K. Sundar; R. Sharma; S. Rathinam,2020,IEEE Access,IEEE_Xplore,10.1109/ACCESS.2019.2963286,INCLUDE,High,Meets all SLR inclusion criteria for GPS-denied localization/navigation algorithm and platform validation.,['UGV'],['Unspecified'],"['IMU', 'Radio/UWB']",['Factor Graph Optimization'],True,False,resp_00688.json
689,Bio Inspired Approaches for Indoor Path Navigation and Spatial Map Formation by Analysing Depth Data,R. Chaudhuri; S. Deb; S. Shubham,2022,2022 IEEE International Conference on Distributed Computing and Electrical Circuits and Electronics (ICDCECE),IEEE_Xplore,10.1109/ICDCECE53908.2022.9793071,INCLUDE,High,Meets all SLR inclusion criteria for GPS-denied localization/navigation algorithm and platform validation.,['UGV'],['Indoor'],"['Camera', 'Radio/UWB']",['Factor Graph Optimization'],True,False,resp_00689.json
690,Autonomous Indoor Navigation Robot for Restaurant Environments,R. R. Subramanian; M. M. Krishna; N. Jithendra; R. K. Sree; L. L. Lavanya; S. P. Pavan Kumar,2025,"2025 International Conference on Computational Robotics, Testing and Engineering Evaluation (ICCRTEE)",IEEE_Xplore,10.1109/ICCRTEE64519.2025.11052900,INCLUDE,High,Meets all SLR inclusion criteria for GPS-denied localization/navigation algorithm and platform validation.,['General Robotics'],['Indoor'],"['Camera', 'Radio/UWB']",[],True,False,resp_00690.json
691,An autonomous ground explorer utilizing a vision-based approach to indoor navigation,E. Mattison; A. Garcia,2011,"IX Latin American Robotics Symposium and IEEE Colombian Conference on Automatic Control, 2011 IEEE",IEEE_Xplore,10.1109/LARC.2011.6086807,INCLUDE,High,Meets all SLR inclusion criteria for GPS-denied localization/navigation algorithm and platform validation.,"['UAV', 'UGV']",['Indoor'],"['Camera', 'LiDAR']",[],True,False,resp_00691.json
692,A High Accuracy and Large-Scale Detection for Fixed-Wing UAV Autonomous Ground Landing With GNSS-Denied,B. Fang; Z. Zhong; X. Jiang,2025,IEEE Access,IEEE_Xplore,10.1109/ACCESS.2025.3550127,INCLUDE,High,Meets all SLR inclusion criteria for GPS-denied localization/navigation algorithm and platform validation.,['UAV'],['Unspecified'],"['Camera', 'IMU', 'Radio/UWB']",[],True,False,resp_00692.json
693,Characterization and Testing of a High-Resolution Time-of-Flight Camera for Autonomous Navigation,R. Opromolla; G. Fasano; G. Rufino; M. Grassi,2018,2018 5th IEEE International Workshop on Metrology for AeroSpace (MetroAeroSpace),IEEE_Xplore,10.1109/MetroAeroSpace.2018.8453522,INCLUDE,High,Meets all SLR inclusion criteria for GPS-denied localization/navigation algorithm and platform validation.,['UAV'],['Unspecified'],"['Camera', 'LiDAR', 'Radio/UWB']",['Radio Ranging'],True,False,resp_00693.json
694,UWB and IMU System Fusion for Indoor Navigation,W. Guosheng; Q. Shuqi; L. Qiang; W. Heng; L. Huican; L. Bing,2018,2018 37th Chinese Control Conference (CCC),IEEE_Xplore,10.23919/ChiCC.2018.8483323,INCLUDE,High,Meets all SLR inclusion criteria for GPS-denied localization/navigation algorithm and platform validation.,['General Robotics'],['Indoor'],"['IMU', 'Radio/UWB']","['Kalman Filtering', 'Radio Ranging']",True,False,resp_00694.json
695,Drift-Free Visual SLAM for Mobile Robot Localization by Integrating UWB Technology,H. -Y. Lin; M. -C. Yeh,2022,IEEE Access,IEEE_Xplore,10.1109/ACCESS.2022.3203438,INCLUDE,High,Meets all SLR inclusion criteria for GPS-denied localization/navigation algorithm and platform validation.,['UGV'],['Indoor'],"['Camera', 'IMU', 'Radio/UWB']","['SLAM', 'Kalman Filtering', 'Radio Ranging']",True,False,resp_00695.json
696,Task-Driven SLAM Benchmarking for Dynamic Indoor Navigation in ROS2,J. Chow; R. Gupta; N. Rajabi; M. Zuhayr; Y. Du; P. A. Vela,2025,2025 IEEE Opportunity Research Scholars Symposium (ORSS),IEEE_Xplore,10.1109/ORSS66051.2025.11121645,INCLUDE,High,Meets all SLR inclusion criteria for GPS-denied localization/navigation algorithm and platform validation.,['General Robotics'],"['Indoor', 'Underground']","['Camera', 'IMU', 'LiDAR']",['SLAM'],True,False,resp_00696.json
697,Development of an autonomous outdoor patrol robot in private road environment,J. Jin; C. Jung; D. Kim; W. Chung,2010,ICCAS 2010,IEEE_Xplore,10.1109/ICCAS.2010.5670198,INCLUDE,High,Meets all SLR inclusion criteria for GPS-denied localization/navigation algorithm and platform validation.,['General Robotics'],"['Indoor', 'Forest/Outdoor']","['LiDAR', 'Radio/UWB']",['Kalman Filtering'],True,False,resp_00697.json
698,Kilometer Sign Positioning-Aided INS/Odometer Integration for Land Vehicle Autonomous Navigation,H. Hu; K. Li; W. Liang; Q. Li; Z. Xie,2023,IEEE Sensors Journal,IEEE_Xplore,10.1109/JSEN.2023.3236063,INCLUDE,High,Meets all SLR inclusion criteria for GPS-denied localization/navigation algorithm and platform validation.,['General Robotics'],['Unspecified'],"['Camera', 'IMU', 'Radio/UWB']",['Kalman Filtering'],True,False,resp_00698.json
699,"Design, Dynamics Modelling and Control of a H-Shape Multi-rotor System for Indoor Navigation",S. K. Phang; S. Zeeshan Ahmed; M. R. Abdul Hamid,2019,2019 1st International Conference on Unmanned Vehicle Systems-Oman (UVS),IEEE_Xplore,10.1109/UVS.2019.8658354,INCLUDE,High,Meets all SLR inclusion criteria for GPS-denied localization/navigation algorithm and platform validation.,['UAV'],"['Indoor', 'Urban']","['Camera', 'LiDAR', 'Radio/UWB']",[],True,False,resp_00699.json
700,SLAM-TSM: Enhanced Indoor LiDAR SLAM With Total Station Measurements for Accurate Trajectory Estimation,D. Zhang; W. Tan; J. Zelek; L. Ma; J. Li,2025,IEEE Transactions on Intelligent Transportation Systems,IEEE_Xplore,10.1109/TITS.2024.3504487,INCLUDE,High,Meets all SLR inclusion criteria for GPS-denied localization/navigation algorithm and platform validation.,['General Robotics'],['Indoor'],"['IMU', 'LiDAR', 'Radio/UWB']","['SLAM', 'Factor Graph Optimization']",True,False,resp_00700.json
701,Vision-Based Autonomous Drone Navigation Using Deep Reinforcement Learning,N. Narole; D. Prasad; S. R. Gaikwad; S. S. Badhiye; B. Jolad; J. S. Nadaf,2026,2026 International Conference on Emerging Smart Computing and Informatics (ESCI),IEEE_Xplore,10.1109/ESCI68015.2026.11493377,INCLUDE,High,Meets all SLR inclusion criteria for GPS-denied localization/navigation algorithm and platform validation.,['UAV'],['Underground'],"['Camera', 'Radio/UWB']","['VIO', 'Deep Learning', 'Factor Graph Optimization']",True,False,resp_00701.json
702,DRL-Based User Scheduling for Collaborative Localization in GNSS Denied Environment,D. Yuan; C. Guo; B. Liao,2025,2025 IEEE International Workshop on Radio Frequency and Antenna Technologies (iWRF&AT),IEEE_Xplore,10.1109/iWRFAT65352.2025.11102892,INCLUDE,High,Meets all SLR inclusion criteria for GPS-denied localization/navigation algorithm and platform validation.,['General Robotics'],['Adversarial'],"['IMU', 'Radio/UWB', 'Radar']","['Kalman Filtering', 'Factor Graph Optimization']",True,False,resp_00702.json
703,Kite-Inspired Deadlock-Free Deploying for UAV Swarm-to-Swarm in GNSS-Denied Environment,Y. Li; H. Pang; H. Li; Q. Li,2024,IEEE Internet of Things Journal,IEEE_Xplore,10.1109/JIOT.2024.3449634,INCLUDE,High,Meets all SLR inclusion criteria for GPS-denied localization/navigation algorithm and platform validation.,['UAV'],['Adversarial'],"['IMU', 'Radio/UWB']",[],True,False,resp_00703.json
704,Cloud-Based Autonomous Indoor Navigation: A Case Study,U. Baroudi; M. Alharbi; K. Alhouty; H. Baafeef; K. Alofi,2020,2020 2nd International Conference on Computer and Information Sciences (ICCIS),IEEE_Xplore,10.1109/ICCIS49240.2020.9257633,INCLUDE,High,Meets all SLR inclusion criteria for GPS-denied localization/navigation algorithm and platform validation.,['General Robotics'],['Indoor'],['Radio/UWB'],[],True,False,resp_00704.json
705,Recursive Extended Finite-Memory Positioning Algorithm for Robust UAV Positioning in GNSS-Denied Environment,S. S. Lee; J. M. Pak; P. Shi; C. K. Ahn,2026,IEEE Internet of Things Journal,IEEE_Xplore,10.1109/JIOT.2025.3629868,INCLUDE,High,Meets all SLR inclusion criteria for GPS-denied localization/navigation algorithm and platform validation.,['UAV'],"['Indoor', 'Underground', 'Forest/Outdoor']","['IMU', 'Radio/UWB']",['Radio Ranging'],True,False,resp_00705.json
706,Towards Robust UAV Tracking in GNSS-Denied Environments: A Multi-LiDAR Multi-UAV Dataset,I. Catalano; X. Yu; J. P. Queralta,2023,2023 IEEE International Conference on Robotics and Biomimetics (ROBIO),IEEE_Xplore,10.1109/ROBIO58561.2023.10354788,INCLUDE,High,Meets all SLR inclusion criteria for GPS-denied localization/navigation algorithm and platform validation.,['UAV'],"['Indoor', 'Urban', 'Forest/Outdoor']","['Camera', 'LiDAR', 'Radio/UWB']",[],True,False,resp_00706.json
707,Precision Positioning for Smart Logistics Using Ultra-Wideband Technology-Based Indoor Navigation: A Review,M. Elsanhoury; P. Mäkelä; J. Koljonen; P. Välisuo; A. Shamsuzzoha; T. Mantere; M. Elmusrati; H. Kuusniemi,2022,IEEE Access,IEEE_Xplore,10.1109/ACCESS.2022.3169267,INCLUDE,High,Meets all SLR inclusion criteria for GPS-denied localization/navigation algorithm and platform validation.,['General Robotics'],['Indoor'],['Radio/UWB'],"['VIO', 'Radio Ranging']",True,False,resp_00707.json
708,Target Circumnavigation of Mobile Robots in GPS-Denied Environments,J. Wang; B. Ma; Y. He,2024,IEEE Robotics and Automation Letters,IEEE_Xplore,10.1109/LRA.2024.3368295,INCLUDE,High,Meets all SLR inclusion criteria for GPS-denied localization/navigation algorithm and platform validation.,['UGV'],['Unspecified'],"['IMU', 'Radio/UWB']",['Radio Ranging'],True,False,resp_00708.json
709,Lidar-mmW Radar Fusion for Safer UGV Autonomous Navigation with Collision Avoidance,D. N. Robsrud; Ø. Øvsthus; L. Muggerud; J. Amendola; L. R. Cenkeramaddi; I. Tyapin; A. Jha,2023,"2023 11th International Conference on Control, Mechatronics and Automation (ICCMA)",IEEE_Xplore,10.1109/ICCMA59762.2023.10375017,INCLUDE,High,Meets all SLR inclusion criteria for GPS-denied localization/navigation algorithm and platform validation.,['UGV'],['Indoor'],"['LiDAR', 'Radio/UWB', 'Radar']",[],True,False,resp_00709.json
710,Data association approach to mobile robot localization using non-unique landmarks,D. Hong; G. Heo; C. -W. Myung; W. -S. Ra,2017,"2017 17th International Conference on Control, Automation and Systems (ICCAS)",IEEE_Xplore,10.23919/ICCAS.2017.8204370,INCLUDE,High,Meets all SLR inclusion criteria for GPS-denied localization/navigation algorithm and platform validation.,['UGV'],['Underground'],"['IMU', 'Radio/UWB']",[],True,False,resp_00710.json
711,A Local-observation-based Safe Autonomous Navigation Approach in an Unknown Environment,X. Li; J. Liu; V. K. Z. Koh; Y. Zheng; G. Hu; Z. Lin,2023,2023 IEEE 18th Conference on Industrial Electronics and Applications (ICIEA),IEEE_Xplore,10.1109/ICIEA58696.2023.10241824,INCLUDE,High,Meets all SLR inclusion criteria for GPS-denied localization/navigation algorithm and platform validation.,['UAV'],['Unspecified'],"['IMU', 'LiDAR', 'Radio/UWB']",['Factor Graph Optimization'],True,False,resp_00711.json
712,Intelligent Indoor Navigation for Home Robots based on Large Language Models,Z. Chen; Z. Su; C. Chesser; C. Bourlon; W. Sheng,2025,2025 IEEE 21st International Conference on Automation Science and Engineering (CASE),IEEE_Xplore,10.1109/CASE58245.2025.11163777,INCLUDE,High,Meets all SLR inclusion criteria for GPS-denied localization/navigation algorithm and platform validation.,['UGV'],['Indoor'],[],[],True,False,resp_00712.json
713,Autonomous UAV Pipeline Landing via Depth-LiDAR Fusion in GNSS-Denied Refineries,D. Tejero-Ruiz; M. A. Montes-Grova; F. J. Pérez-Grau; A. Viguria; A. Ollero,2026,IEEE Robotics and Automation Letters,IEEE_Xplore,10.1109/LRA.2026.3662655,INCLUDE,High,Meets all SLR inclusion criteria for GPS-denied localization/navigation algorithm and platform validation.,['UAV'],['Indoor'],"['LiDAR', 'Radio/UWB']",[],True,False,resp_00713.json
714,Indoor navigation research with the Khepera III mobile robot: An experimental baseline with a case-study on ultra-wideband positioning,A. Prorok; A. Arfire; A. Bahr; J. R. Farserotu; A. Martinoli,2010,2010 International Conference on Indoor Positioning and Indoor Navigation,IEEE_Xplore,10.1109/IPIN.2010.5647880,INCLUDE,High,Meets all SLR inclusion criteria for GPS-denied localization/navigation algorithm and platform validation.,['UGV'],['Indoor'],['Radio/UWB'],['Radio Ranging'],True,False,resp_00714.json
715,Aesthetic marker decoding system for indoor robot navigation,Z. V. Farkas; K. Szekeres; P. Korondi,2014,IECON 2014 - 40th Annual Conference of the IEEE Industrial Electronics Society,IEEE_Xplore,10.1109/IECON.2014.7048884,INCLUDE,High,Meets all SLR inclusion criteria for GPS-denied localization/navigation algorithm and platform validation.,['General Robotics'],['Indoor'],"['Camera', 'Radio/UWB']",[],True,False,resp_00715.json
716,Cooperative Search Area optimization using Multiple Unmanned Aerial Vehicles in a GPS-denied Environment,S. Misra; S. Biswas; A. A. Minai; R. Sharma,2019,2019 International Conference on Unmanned Aircraft Systems (ICUAS),IEEE_Xplore,10.1109/ICUAS.2019.8798332,INCLUDE,High,Meets all SLR inclusion criteria for GPS-denied localization/navigation algorithm and platform validation.,['UAV'],['Unspecified'],"['IMU', 'Radio/UWB']",['Factor Graph Optimization'],True,False,resp_00716.json
717,An Indoor Navigation System for Autonomous Shopping Cart,A. -V. Nguyen-Lam; H. -L. Pham; D. -K. Nguyen; A. -T. Tran; V. -H. Nguyen,2025,2025 10th International Conference on Applying New Technology in Green Buildings (ATiGB),IEEE_Xplore,10.1109/ATiGB66719.2025.11142112,INCLUDE,High,Meets all SLR inclusion criteria for GPS-denied localization/navigation algorithm and platform validation.,['General Robotics'],"['Indoor', 'Underground']",[],[],True,False,resp_00717.json
718,Autonomous Quadcopter with Cascaded Control and Vision Tracking for GPS-Denied Indoor Missions,D. Du; J. Lu; K. Long; B. Xu; Z. Dong,2025,2025 4th International Conference on Electronic Information Technology (EIT),IEEE_Xplore,10.1109/EIT67313.2025.11231920,INCLUDE,High,Meets all SLR inclusion criteria for GPS-denied localization/navigation algorithm and platform validation.,['General Robotics'],"['Indoor', 'Underground']",['Radio/UWB'],[],True,False,resp_00718.json
719,Autonomous landing of small unmanned aerial rotorcraft based on monocular vision in GPS-denied area,C. Miao; J. Li,2015,IEEE/CAA Journal of Automatica Sinica,IEEE_Xplore,10.1109/JAS.2015.7032912,INCLUDE,High,Meets all SLR inclusion criteria for GPS-denied localization/navigation algorithm and platform validation.,['UAV'],['Unspecified'],"['Camera', 'Radio/UWB']","['Kalman Filtering', 'Factor Graph Optimization']",True,False,resp_00719.json
720,Relative navigation approach for vision-based aerial GPS-denied navigation,R. C. Leishman; T. W. McLain; R. W. Beard,2013,2013 International Conference on Unmanned Aircraft Systems (ICUAS),IEEE_Xplore,10.1109/ICUAS.2013.6564707,INCLUDE,High,Meets all SLR inclusion criteria for GPS-denied localization/navigation algorithm and platform validation.,['UAV'],['Unspecified'],"['Camera', 'Radio/UWB']","['SLAM', 'Kalman Filtering']",True,False,resp_00720.json
721,Seamless Indoor and Outdoor Navigation for Ugvs Using Image-Based Localization,K. Phetmeesri; K. Sukvichai,2025,2025 17th International Conference on Knowledge and Smart Technology (KST),IEEE_Xplore,10.1109/KST65016.2025.11003312,INCLUDE,High,Meets all SLR inclusion criteria for GPS-denied localization/navigation algorithm and platform validation.,['UGV'],"['Indoor', 'Urban', 'Forest/Outdoor']","['Camera', 'Radio/UWB']",[],True,False,resp_00721.json
722,A Probabilistic Hierarchical Optimization Method for Cooperative UAV Swarms,X. Chen; R. Wang; Z. Xiong; Q. Cong,2025,2025 IEEE International Conference on Unmanned Systems (ICUS),IEEE_Xplore,10.1109/ICUS66297.2025.11294808,INCLUDE,High,Meets all SLR inclusion criteria for GPS-denied localization/navigation algorithm and platform validation.,['UAV'],['Unspecified'],['Radio/UWB'],"['VIO', 'Factor Graph Optimization']",True,False,resp_00722.json
723,Flight Test Evaluation of a LIDAR/inertial Navigator for Autonomous Drone Operations in GNSS-denied Urban Environments,A. -S. Polz; F. Frickenstein; M. U. de Haag,2025,"2025 IEEE/ION Position, Location and Navigation Symposium (PLANS)",IEEE_Xplore,10.1109/PLANS61210.2025.11028504,INCLUDE,High,Meets all SLR inclusion criteria for GPS-denied localization/navigation algorithm and platform validation.,['UAV'],['Urban'],"['IMU', 'LiDAR', 'Radio/UWB']",['Radio Ranging'],True,False,resp_00723.json
724,BotanicGarden: A High-Quality Dataset for Robot Navigation in Unstructured Natural Environments,Y. Liu; Y. Fu; M. Qin; Y. Xu; B. Xu; F. Chen; B. Goossens; P. Z. H. Sun; H. Yu; C. Liu; L. Chen; W. Tao; H. Zhao,2024,IEEE Robotics and Automation Letters,IEEE_Xplore,10.1109/LRA.2024.3359548,INCLUDE,High,Meets all SLR inclusion criteria for GPS-denied localization/navigation algorithm and platform validation.,['UGV'],['Unspecified'],"['Camera', 'IMU', 'LiDAR']","['VIO', 'SLAM']",True,False,resp_00724.json
725,INS/Wi-Fi based indoor navigation using adaptive Kalman filtering and vehicle constraints,W. Chai; C. Chen; E. Edwan; J. Zhang; O. Loffeld,2012,"2012 9th Workshop on Positioning, Navigation and Communication",IEEE_Xplore,10.1109/WPNC.2012.6268735,INCLUDE,High,Meets all SLR inclusion criteria for GPS-denied localization/navigation algorithm and platform validation.,['UGV'],['Indoor'],['IMU'],['Kalman Filtering'],True,False,resp_00725.json
726,UWB SLAM with Rao-Blackwellized Monte Carlo data association,T. Deißler; J. Thielecke,2010,2010 International Conference on Indoor Positioning and Indoor Navigation,IEEE_Xplore,10.1109/IPIN.2010.5647596,INCLUDE,High,Meets all SLR inclusion criteria for GPS-denied localization/navigation algorithm and platform validation.,['General Robotics'],['Unspecified'],"['IMU', 'Radio/UWB', 'Radar']","['SLAM', 'Radio Ranging']",True,False,resp_00726.json
727,Closed-Loop Benchmarking of Stereo Visual-Inertial SLAM Systems: Understanding the Impact of Drift and Latency on Tracking Accuracy,Y. Zhao; J. S. Smith; S. H. Karumanchi; P. A. Vela,2020,2020 IEEE International Conference on Robotics and Automation (ICRA),IEEE_Xplore,10.1109/ICRA40945.2020.9197003,INCLUDE,High,Meets all SLR inclusion criteria for GPS-denied localization/navigation algorithm and platform validation.,['General Robotics'],"['Indoor', 'Underground']","['Camera', 'IMU']","['VIO', 'SLAM']",True,False,resp_00727.json
728,"Development of DeepSeek-Based Conversational Robot System for Indoor Navigation Assistance in FKTE1 Building, UniMAP",M. O. A. Aldini; A. H. Ismail; M. N. Ayob; H. H. Basri; L. J. Wen; D. Thongkot,2025,2025 9th International Conference on Man-Machine Systems (ICoMMS),IEEE_Xplore,10.1109/ICoMMS66553.2025.11200366,INCLUDE,High,Meets all SLR inclusion criteria for GPS-denied localization/navigation algorithm and platform validation.,['General Robotics'],['Indoor'],[],[],True,False,resp_00728.json
729,Communication-Free Formation Flight Control for Autonomous Fixed-Wing UAVs in GNSS-denied environments,L. Mata; L. G. Insa,2024,2024 International Conference on Unmanned Aircraft Systems (ICUAS),IEEE_Xplore,10.1109/ICUAS60882.2024.10557068,INCLUDE,High,Meets all SLR inclusion criteria for GPS-denied localization/navigation algorithm and platform validation.,['UAV'],['Unspecified'],['IMU'],[],True,False,resp_00729.json
730,Spectrum Monitoring for Public Safety Application in UAV GPS-Denied Environments,C. H. Huang; W. L. Chen,2025,2025 International Automatic Control Conference (CACS),IEEE_Xplore,10.1109/CACS67552.2025.11288218,INCLUDE,High,Meets all SLR inclusion criteria for GPS-denied localization/navigation algorithm and platform validation.,['UAV'],['Unspecified'],"['IMU', 'Radio/UWB']",[],True,False,resp_00730.json
731,Towards Autonomous Robotic Structure Inspection with Dense-Direct Visual-SLAM,D. Navarro; R. Antoine; E. Malis; P. Martinet,2024,2024 32nd European Signal Processing Conference (EUSIPCO),IEEE_Xplore,10.23919/EUSIPCO63174.2024.10715467,INCLUDE,High,Meets all SLR inclusion criteria for GPS-denied localization/navigation algorithm and platform validation.,['UAV'],['Unspecified'],"['Camera', 'IMU', 'Radio/UWB', 'Radar']",['SLAM'],True,False,resp_00731.json
732,Network Optimization for Multistatic Ultrasonic Sensors Based Indoor Navigation System,R. Kapoor; A. Gard; R. Sabatini,2018,2018 5th IEEE International Workshop on Metrology for AeroSpace (MetroAeroSpace),IEEE_Xplore,10.1109/MetroAeroSpace.2018.8453593,INCLUDE,High,Meets all SLR inclusion criteria for GPS-denied localization/navigation algorithm and platform validation.,['General Robotics'],"['Indoor', 'Urban']","['IMU', 'Sonar/DVL']","['Factor Graph Optimization', 'Radio Ranging']",True,False,resp_00732.json
733,Geomagnetic-Guided Underwater Navigation With Gradient Multiattention Neural Networks,S. Yang; X. Zhang; D. Liu; W. Bai; F. Liu,2024,IEEE Sensors Journal,IEEE_Xplore,10.1109/JSEN.2024.3478289,INCLUDE,High,Meets all SLR inclusion criteria for GPS-denied localization/navigation algorithm and platform validation.,['USV/AUV'],['Unspecified'],"['IMU', 'Radio/UWB']",['Deep Learning'],True,False,resp_00733.json
734,Perception-Based Accurate Autonomous Vehicle Following in GNSS-Denied Environments,A. Bienemann; A. Reich; T. Luettel; M. Maehlisch,2024,2024 IEEE 27th International Conference on Intelligent Transportation Systems (ITSC),IEEE_Xplore,10.1109/ITSC58415.2024.10920111,INCLUDE,High,Meets all SLR inclusion criteria for GPS-denied localization/navigation algorithm and platform validation.,['General Robotics'],['Unspecified'],[],['VIO'],True,False,resp_00734.json
736,Vision-based pose estimation for indoor navigation of unmanned micro aerial vehicle based on the 3D model of environment,A. Buyval; M. Gavrilenkov,2015,"2015 International Conference on Mechanical Engineering, Automation and Control Systems (MEACS)",IEEE_Xplore,10.1109/MEACS.2015.7414857,INCLUDE,High,Meets all SLR inclusion criteria for GPS-denied localization/navigation algorithm and platform validation.,['UAV'],['Indoor'],"['Camera', 'IMU', 'LiDAR', 'Radio/UWB']",[],True,False,resp_00736.json
737,Look Further: Socially-Compliant Navigation System in Residential Buildings,A. Shiba; M. Obata; N. Kau; Z. Beck; R. Shah; M. Sudano; S. Lee,2025,2025 20th ACM/IEEE International Conference on Human-Robot Interaction (HRI),IEEE_Xplore,10.1109/HRI61500.2025.10973828,INCLUDE,High,Meets all SLR inclusion criteria for GPS-denied localization/navigation algorithm and platform validation.,['UGV'],['Indoor'],['Radio/UWB'],[],True,False,resp_00737.json
738,Navigation algorithm for mobile robots using WSN,O. M. Elfadil,2013,"2013 INTERNATIONAL CONFERENCE ON COMPUTING, ELECTRICAL AND ELECTRONIC ENGINEERING (ICCEEE)",IEEE_Xplore,10.1109/ICCEEE.2013.6634000,INCLUDE,High,Meets all SLR inclusion criteria for GPS-denied localization/navigation algorithm and platform validation.,['UGV'],['Unspecified'],['Radio/UWB'],[],True,False,resp_00738.json
740,LiDAR-Based Autonomous Docking System for Uncooperative Vessels in GNSS-Denied Environments Using a Size-Adaptive Dubins Path,H. Kuang; M. Basri; S. Yang; X. He; M. U. Din; L. Seneviratne; I. Hussain; D. Lin; Y. Dong; S. He,2026,IEEE Journal of Oceanic Engineering,IEEE_Xplore,10.1109/JOE.2025.3625371,INCLUDE,High,Meets all SLR inclusion criteria for GPS-denied localization/navigation algorithm and platform validation.,['USV/AUV'],['Unspecified'],"['LiDAR', 'Radio/UWB']",['Radio Ranging'],True,False,resp_00740.json
741,"An Overview of Using External Beacons with UAV for Navigation, Localization, and Information Exchange",A. Phadke; A. Hadimlioglu,2024,2024 6th International Conference on Control and Robotics (ICCR),IEEE_Xplore,10.1109/ICCR64365.2024.10927537,INCLUDE,High,Meets all SLR inclusion criteria for GPS-denied localization/navigation algorithm and platform validation.,['UAV'],['Urban'],['Radio/UWB'],['VIO'],True,False,resp_00741.json
742,CL2F: Close-Loop Communication and Localization Framework for High-Mobility UAV Swarm Networks in Partial GNSS-Denied Environments,J. Li; Y. Zhang; Y. Chen; H. Yu,2025,2025 IEEE Annual Congress on Artificial Intelligence of Things (AIoT),IEEE_Xplore,10.1109/AIoT66900.2025.00125,INCLUDE,High,Meets all SLR inclusion criteria for GPS-denied localization/navigation algorithm and platform validation.,['UAV'],['Unspecified'],"['IMU', 'Radio/UWB']",['Factor Graph Optimization'],True,False,resp_00742.json
743,Quaternion-Based Unscented Kalman Filter for 6-DoF Vision-Based Inertial Navigation in GPS-Denied Regions,K. Ghanizadegan; H. A. Hashim,2025,IEEE Transactions on Instrumentation and Measurement,IEEE_Xplore,10.1109/TIM.2024.3509582,INCLUDE,High,Meets all SLR inclusion criteria for GPS-denied localization/navigation algorithm and platform validation.,['UAV'],['Urban'],"['Camera', 'IMU', 'Radio/UWB']","['VIO', 'Kalman Filtering']",True,False,resp_00743.json
744,Aerial Robots On the Way to Underground: An Experimental Evaluation of VINS-Mono on Visual-Inertial Odometry Camera,L. J. Chen; J. Henawy; B. B. Kocer; G. G. L. Seet,2019,2019 International Conference on Data Mining Workshops (ICDMW),IEEE_Xplore,10.1109/ICDMW.2019.00024,INCLUDE,High,Meets all SLR inclusion criteria for GPS-denied localization/navigation algorithm and platform validation.,['UAV'],"['Indoor', 'Underground']","['Camera', 'IMU', 'LiDAR', 'Radio/UWB']",['VIO'],True,False,resp_00744.json
745,Joint Indoor Localization and Navigation of UAVs for Network Formation Control,A. Guerra; D. Dardari; P. M. Djurić,2018,"2018 52nd Asilomar Conference on Signals, Systems, and Computers",IEEE_Xplore,10.1109/ACSSC.2018.8645291,INCLUDE,High,Meets all SLR inclusion criteria for GPS-denied localization/navigation algorithm and platform validation.,['UAV'],['Indoor'],['Radio/UWB'],[],True,False,resp_00745.json
746,A Seamless Indoor and Outdoor Low-cost Integrated Navigation System Based on LIDAR/GPS/INS,N. Li; L. Guan; Y. Gao,2020,2020 IEEE 92nd Vehicular Technology Conference (VTC2020-Fall),IEEE_Xplore,10.1109/VTC2020-Fall49728.2020.9348869,INCLUDE,High,Meets all SLR inclusion criteria for GPS-denied localization/navigation algorithm and platform validation.,['General Robotics'],"['Indoor', 'Underground', 'Forest/Outdoor']","['IMU', 'LiDAR']","['Kalman Filtering', 'Radio Ranging']",True,False,resp_00746.json
747,Challenges of Autonomous Navigation and Perception Technology for Unmanned Special Vehicles in Underground Mine,X. Xu; L. Li; W. Jiao; Q. Zhang,2023,2023 6th International Symposium on Autonomous Systems (ISAS),IEEE_Xplore,10.1109/ISAS59543.2023.10164322,INCLUDE,High,Meets all SLR inclusion criteria for GPS-denied localization/navigation algorithm and platform validation.,['General Robotics'],['Underground'],['Radio/UWB'],[],True,False,resp_00747.json
748,Trajectory tracking and formation flight of autonomous UAVs in GPS-denied environments using onboard sensing,C. Hui; C. Yousheng; W. W. Shing,2014,"Proceedings of 2014 IEEE Chinese Guidance, Navigation and Control Conference",IEEE_Xplore,10.1109/CGNCC.2014.7007585,INCLUDE,High,Meets all SLR inclusion criteria for GPS-denied localization/navigation algorithm and platform validation.,"['UAV', 'UGV']",['Indoor'],"['Camera', 'Radio/UWB']",['Radio Ranging'],True,False,resp_00748.json
749,Document image analysis by a mobile robot for autonomous indoor navigation,D. M. Rojas Castro; A. Revel; M. Ménard,2015,2015 13th International Conference on Document Analysis and Recognition (ICDAR),IEEE_Xplore,10.1109/ICDAR.2015.7333743,INCLUDE,High,Meets all SLR inclusion criteria for GPS-denied localization/navigation algorithm and platform validation.,['UGV'],['Indoor'],['Camera'],[],True,False,resp_00749.json
750,Vehicle-Road Cooperative Positioning Algorithm Based on Road Code in GNSS-Denied Environment,Y. Yang; Z. Zhao; D. Yan; Y. Wang; X. Zhu,2025,IEEE Transactions on Intelligent Transportation Systems,IEEE_Xplore,10.1109/TITS.2025.3530690,INCLUDE,High,Meets all SLR inclusion criteria for GPS-denied localization/navigation algorithm and platform validation.,['General Robotics'],"['Underground', 'Urban']","['IMU', 'Radio/UWB']",['Kalman Filtering'],True,False,resp_00750.json
751,i-TEAMS: Cooperative GNC for small UAV formations,A. R. Vetrella; G. Fasano; D. Accardo,2015,2015 IEEE Metrology for Aerospace (MetroAeroSpace),IEEE_Xplore,10.1109/MetroAeroSpace.2015.7180704,INCLUDE,High,Meets all SLR inclusion criteria for GPS-denied localization/navigation algorithm and platform validation.,['UAV'],['Unspecified'],[],[],True,False,resp_00751.json
752,Cooperative localisation of UAVs in a GPS-denied environment using bearing measurements,L. Zhang; M. Ye; B. D. O. Anderson; P. Sarunic; H. Hmam,2016,2016 IEEE 55th Conference on Decision and Control (CDC),IEEE_Xplore,10.1109/CDC.2016.7798924,INCLUDE,High,Meets all SLR inclusion criteria for GPS-denied localization/navigation algorithm and platform validation.,['UAV'],['Underground'],"['IMU', 'Radio/UWB']",[],True,False,resp_00752.json
753,Formation Maintenance Method for Multi-UAV in Unknown Environments,P. Liu; J. Chen; X. Lu; X. Tang; J. Fan; W. Zhou,2025,"2025 4th International Conference on Artificial Intelligence, Internet of Things and Cloud Computing Technology (AIoTC)",IEEE_Xplore,10.1109/AIoTC66747.2025.11198761,INCLUDE,High,Meets all SLR inclusion criteria for GPS-denied localization/navigation algorithm and platform validation.,['UAV'],['Unspecified'],"['Camera', 'IMU', 'Radio/UWB']","['VIO', 'Kalman Filtering', 'Radio Ranging']",True,False,resp_00753.json
754,Vision-Language Model Informed Relative Navigation for GPS-Denied Environments,A. Pasqualina; A. Peckham; C. Craddock; S. Laxminarayan; K. Winkleblech; S. S. S. Kumar; H. Chhaya; J. Paquet; J. H. Ramos; M. Anderson,2026,2026 IEEE Aerospace Conference,IEEE_Xplore,10.1109/AERO66936.2026.11520049,INCLUDE,High,Meets all SLR inclusion criteria for GPS-denied localization/navigation algorithm and platform validation.,['General Robotics'],['Unspecified'],"['IMU', 'Radio/UWB']",[],True,False,resp_00754.json
755,Integrated Navigation and Positioning based on UWB,H. Qian; F. Wang,2020,2020 7th International Conference on Information Science and Control Engineering (ICISCE),IEEE_Xplore,10.1109/ICISCE50968.2020.00472,INCLUDE,High,Meets all SLR inclusion criteria for GPS-denied localization/navigation algorithm and platform validation.,['General Robotics'],['Indoor'],['Radio/UWB'],['Radio Ranging'],True,False,resp_00755.json
756,A Learning Based AHRS Method for Underwater Navigation,P. Cui; C. Cao; F. Zhang,2024,2024 IEEE 10th International Conference on Underwater System Technology: Theory and Applications (USYS),IEEE_Xplore,10.1109/USYS62456.2024.11116099,INCLUDE,High,Meets all SLR inclusion criteria for GPS-denied localization/navigation algorithm and platform validation.,['USV/AUV'],['Urban'],"['IMU', 'Radio/UWB', 'Sonar/DVL']",[],True,False,resp_00756.json
757,Exploiting Symmetries to Design EKFs With Consistency Properties for Navigation and SLAM,M. Brossard; A. Barrau; S. Bonnabel,2019,IEEE Sensors Journal,IEEE_Xplore,10.1109/JSEN.2018.2882714,INCLUDE,High,Meets all SLR inclusion criteria for GPS-denied localization/navigation algorithm and platform validation.,['General Robotics'],['Unspecified'],"['IMU', 'Radio/UWB']","['SLAM', 'Kalman Filtering', 'Factor Graph Optimization']",True,False,resp_00757.json
758,Intelligent Buoys for Aiding AUV Navigation Under the Ice,P. Norgren; T. Mo-Bjørkelund; K. Gade; Ø. Hegrenæs; M. Ludvigsen,2020,2020 IEEE/OES Autonomous Underwater Vehicles Symposium (AUV),IEEE_Xplore,10.1109/AUV50043.2020.9267889,INCLUDE,High,Meets all SLR inclusion criteria for GPS-denied localization/navigation algorithm and platform validation.,['USV/AUV'],['Adversarial'],"['IMU', 'Sonar/DVL']",[],True,False,resp_00758.json
759,IoT based 2D Indoor Navigation System using BLE Beacons and Dijkstra's Algorithm,K. Ramaneti; N. Mohanty; V. B. Kumaravelu,2021,2021 12th International Conference on Computing Communication and Networking Technologies (ICCCNT),IEEE_Xplore,10.1109/ICCCNT51525.2021.9580047,INCLUDE,High,Meets all SLR inclusion criteria for GPS-denied localization/navigation algorithm and platform validation.,['General Robotics'],"['Indoor', 'Forest/Outdoor']",['Radio/UWB'],[],True,False,resp_00759.json
760,Visual-based Autonomous Unmanned Aerial Vehicle for Inspection in Indoor Environments,R. B. Grando; P. M. Pinheiro; N. P. Bortoluzzi; C. B. da Silva; O. F. Zauk; M. O. Piñeiro; V. M. Aoki; A. L. S. Kelbouscas; Y. B. Lima; P. L. J. Drews; A. A. Neto,2020,"2020 Latin American Robotics Symposium (LARS), 2020 Brazilian Symposium on Robotics (SBR) and 2020 Workshop on Robotics in Education (WRE)",IEEE_Xplore,10.1109/LARS/SBR/WRE51543.2020.9307024,INCLUDE,High,Meets all SLR inclusion criteria for GPS-denied localization/navigation algorithm and platform validation.,['UAV'],['Indoor'],"['Camera', 'IMU', 'Radio/UWB']",[],True,False,resp_00760.json
761,Comparative analysis of zero order Sugeno and Mamdani fuzzy logic controllers for obstacle avoidance behavior in mobile robot navigation,U. Farooq; K. M. Hasan; G. Abbas; M. U. Asad,2011,The 2011 International Conference and Workshop on Current Trends in Information Technology (CTIT 11),IEEE_Xplore,10.1109/CTIT.2011.6107945,INCLUDE,High,Meets all SLR inclusion criteria for GPS-denied localization/navigation algorithm and platform validation.,['UGV'],['Indoor'],['Radio/UWB'],['VIO'],True,False,resp_00761.json
762,Performance of the ICCP algorithm for underwater navigation,M. Li; Y. Liu; L. Xiao,2014,2014 International Conference on Mechatronics and Control (ICMC),IEEE_Xplore,10.1109/ICMC.2014.7231579,INCLUDE,High,Meets all SLR inclusion criteria for GPS-denied localization/navigation algorithm and platform validation.,['USV/AUV'],['Unspecified'],"['IMU', 'Sonar/DVL']",[],True,False,resp_00762.json
763,Concept of an Ultrasound-Based Collaborative Mobile Robot Localization System as a Tool in Engineering Education,A. G. Györök; P. Udvardy; B. Beszédes,2025,2025 IEEE 23rd Jubilee International Symposium on Intelligent Systems and Informatics (SISY),IEEE_Xplore,10.1109/SISY67000.2025.11205389,INCLUDE,High,Meets all SLR inclusion criteria for GPS-denied localization/navigation algorithm and platform validation.,['UGV'],['Indoor'],['Radio/UWB'],[],True,False,resp_00763.json
764,Wheeled Robot SLAM in Degenerate Environments under IoT and SDN: Multi-Sensor Fusion Based on Multi-Feature Loop Closure Optimization,M. Xue; X. Tian,2025,2025 34th International Conference on Computer Communications and Networks (ICCCN),IEEE_Xplore,10.1109/ICCCN65249.2025.11133904,INCLUDE,High,Meets all SLR inclusion criteria for GPS-denied localization/navigation algorithm and platform validation.,['UGV'],['Unspecified'],"['Camera', 'IMU', 'LiDAR', 'Radio/UWB']","['VIO', 'SLAM', 'Factor Graph Optimization']",True,False,resp_00764.json
765,Cooperative Terrain-Based GNSS-Denied Navigation With Particle Filter,Z. Uygar Yengin; E. Koyuncu,2025,IEEE Access,IEEE_Xplore,10.1109/ACCESS.2025.3580462,INCLUDE,High,Meets all SLR inclusion criteria for GPS-denied localization/navigation algorithm and platform validation.,['General Robotics'],['Unspecified'],"['IMU', 'Radio/UWB']",[],True,False,resp_00765.json
766,GNSS-denied geolocalization of UAVs by visual matching of onboard camera images with orthophotos,J. Kinnari; F. Verdoja; V. Kyrki,2021,2021 20th International Conference on Advanced Robotics (ICAR),IEEE_Xplore,10.1109/ICAR53236.2021.9659333,INCLUDE,High,Meets all SLR inclusion criteria for GPS-denied localization/navigation algorithm and platform validation.,['UAV'],['Adversarial'],"['Camera', 'IMU', 'Radio/UWB']",[],True,False,resp_00766.json
767,A Multipurpose Mobile Manipulator for Autonomous Firefighting and Construction of Outdoor Structures,M. Basiri; J. Gonçalves; J. Rosa; R. Bettencourt; A. Vale; P. Lima,2021,Field Robotics,IEEE_Xplore,10.55417/fr.2021004,INCLUDE,High,Meets all SLR inclusion criteria for GPS-denied localization/navigation algorithm and platform validation.,['General Robotics'],"['Indoor', 'Forest/Outdoor']",['Radio/UWB'],[],True,False,resp_00767.json
768,Design and Deployment of an Autonomous Unmanned Ground Vehicle for Urban Firefighting Scenarios,K. Jindal; A. Wang; D. Thakur; A. Zhou; V. Spurny; V. Walter; G. Broughton; T. Krajnik; M. Saska; G. Loianno,2021,Field Robotics,IEEE_Xplore,10.55417/fr.2021007,INCLUDE,High,Meets all SLR inclusion criteria for GPS-denied localization/navigation algorithm and platform validation.,['UGV'],"['Indoor', 'Urban']","['Camera', 'IMU', 'Radio/UWB']",[],True,False,resp_00768.json
769,Pose-Graph Based Multi-sensor Fusion for Indoor Mobile Robot Localization and Mapping,J. Y. Lee; M. Y. Kim,2026,2026 Seventeenth International Conference on Ubiquitous and Future Networks (ICUFN),IEEE_Xplore,10.1109/ICUFN69619.2026.11628675,INCLUDE,High,Meets all SLR inclusion criteria for GPS-denied localization/navigation algorithm and platform validation.,['UGV'],['Indoor'],"['Camera', 'IMU', 'LiDAR', 'Radio/UWB']","['SLAM', 'Deep Learning', 'Factor Graph Optimization']",True,False,resp_00769.json
770,Autonomous Obstacle Avoidance Vehicle Using LIDAR and an Embedded System,N. Baras; G. Nantzios; D. Ziouzios; M. Dasygenis,2019,2019 8th International Conference on Modern Circuits and Systems Technologies (MOCAST),IEEE_Xplore,10.1109/MOCAST.2019.8742065,INCLUDE,High,Meets all SLR inclusion criteria for GPS-denied localization/navigation algorithm and platform validation.,['General Robotics'],['Indoor'],"['IMU', 'LiDAR', 'Radio/UWB']",['VIO'],True,False,resp_00770.json
771,Ultrasonic local positioning system for mobile robot navigation: From low to high level processing,J. Ureña; D. Gualda; Á. Hernández; E. García; J. M. Villadangos; M. C. Pérez; J. C. García; J. J. García; A. Jiménez,2015,2015 IEEE International Conference on Industrial Technology (ICIT),IEEE_Xplore,10.1109/ICIT.2015.7125610,INCLUDE,High,Meets all SLR inclusion criteria for GPS-denied localization/navigation algorithm and platform validation.,['UGV'],['Indoor'],['IMU'],[],True,False,resp_00771.json
773,Analysis on 2D Mapping for Mobile Robotonthesharped Edge Area,M. H. Bin Peeie; D. Ling Ze Yew; M. Kettner; M. Aizzat Bin Zakaria; M. Izhar Bin Ishak,2024,2024 9th International Conference on Mechatronics Engineering (ICOM),IEEE_Xplore,10.1109/ICOM61675.2024.10652363,INCLUDE,High,Meets all SLR inclusion criteria for GPS-denied localization/navigation algorithm and platform validation.,['UGV'],['Indoor'],"['IMU', 'LiDAR']",['SLAM'],True,False,resp_00773.json
774,INHA: Localization of Mobile Robots Based on Feature Matching with a Single Camera,J. Lee; X. Cui; S. Lee; H. Kim; H. Kim,2013,"2013 IEEE International Conference on Systems, Man, and Cybernetics",IEEE_Xplore,10.1109/SMC.2013.472,INCLUDE,High,Meets all SLR inclusion criteria for GPS-denied localization/navigation algorithm and platform validation.,['UGV'],['Unspecified'],"['Camera', 'Radio/UWB']",[],True,False,resp_00774.json
775,Improvements based on Adaptive Monte Carlo Localization,W. Huang; J. Yuan,2024,"2024 5th International Conference on Information Science, Parallel and Distributed Systems (ISPDS)",IEEE_Xplore,10.1109/ISPDS62779.2024.10667543,INCLUDE,High,Meets all SLR inclusion criteria for GPS-denied localization/navigation algorithm and platform validation.,['General Robotics'],['Indoor'],[],[],True,False,resp_00775.json
776,WBF-PS: WiGig Beam Fingerprinting for UAV Positioning System in GPS-denied Environments,P. -Y. Hong; C. -Y. Li; H. -R. Chang; Y. Hsueh; K. Wang,2020,IEEE INFOCOM 2020 - IEEE Conference on Computer Communications,IEEE_Xplore,10.1109/INFOCOM41043.2020.9155468,INCLUDE,High,Meets all SLR inclusion criteria for GPS-denied localization/navigation algorithm and platform validation.,['UAV'],['Indoor'],['Radio/UWB'],['VIO'],True,False,resp_00776.json
777,JONA-SLAM: Tightly Coupled SLAM With Joint Observation and Normal-Aware Loop Closure,Q. Jian; Q. Ma; X. Wang; S. Ullah,2026,IEEE Sensors Journal,IEEE_Xplore,10.1109/JSEN.2026.3669355,INCLUDE,High,Meets all SLR inclusion criteria for GPS-denied localization/navigation algorithm and platform validation.,['General Robotics'],"['Indoor', 'Underground', 'Urban', 'Adversarial']","['Camera', 'IMU', 'LiDAR', 'Radio/UWB']","['VIO', 'SLAM', 'Radio Ranging']",True,False,resp_00777.json
778,LiDAR-Visual-Inertial Fusion Architectures for GNSS-Resilient Aerial Navigation: Performance Assessment,L. Turci; F. Causa; R. Opromolla; G. Fasano,2025,2025 AIAA DATC/IEEE 44th Digital Avionics Systems Conference (DASC),IEEE_Xplore,10.1109/DASC66011.2025.11257343,INCLUDE,High,Meets all SLR inclusion criteria for GPS-denied localization/navigation algorithm and platform validation.,['UAV'],['Unspecified'],"['Camera', 'IMU', 'LiDAR']","['VIO', 'Kalman Filtering']",True,False,resp_00778.json
779,"AerialVL: A Dataset, Baseline and Algorithm Framework for Aerial-Based Visual Localization With Reference Map",M. He; C. Chen; J. Liu; C. Li; X. Lyu; G. Huang; Z. Meng,2024,IEEE Robotics and Automation Letters,IEEE_Xplore,10.1109/LRA.2024.3441491,INCLUDE,High,Meets all SLR inclusion criteria for GPS-denied localization/navigation algorithm and platform validation.,['UAV'],['Unspecified'],['Camera'],[],True,False,resp_00779.json
780,Autonomous Multi-Robot Exploration with Ground Vehicles in DARPA Subterranean Challenge Finals,J. Bayer; P. Cížek; J. Faigl,2023,Field Robotics,IEEE_Xplore,10.55417/fr.2023008,INCLUDE,High,Meets all SLR inclusion criteria for GPS-denied localization/navigation algorithm and platform validation.,['UGV'],['Underground'],['Radio/UWB'],['VIO'],True,False,resp_00780.json
781,Robust Urban Canyon Localization for Autonomous Vehicles via IMM-Based Adaptive Fusion of GNSS/INS and VIO,J. Lee; J. Byeon; J. Kim; J. Yoo,2026,IEEE Access,IEEE_Xplore,10.1109/ACCESS.2026.3677244,INCLUDE,High,Meets all SLR inclusion criteria for GPS-denied localization/navigation algorithm and platform validation.,['General Robotics'],"['Urban', 'Adversarial']","['Camera', 'IMU']","['VIO', 'Kalman Filtering']",True,False,resp_00781.json
782,IMU/Vision/Lidar integrated navigation system in GNSS denied environments,S. Yun; Y. J. Lee; S. Sung,2013,2013 IEEE Aerospace Conference,IEEE_Xplore,10.1109/AERO.2013.6497403,INCLUDE,High,Meets all SLR inclusion criteria for GPS-denied localization/navigation algorithm and platform validation.,['General Robotics'],['Forest/Outdoor'],"['IMU', 'LiDAR']",['Kalman Filtering'],True,False,resp_00782.json
783,Research on An Autonomous Tunnel Inspection UAV based on Visual Feature Extraction and Multi-sensor Fusion Indoor Navigation System,S. Ge; F. Pan; D. Wang; P. Ning,2021,2021 33rd Chinese Control and Decision Conference (CCDC),IEEE_Xplore,10.1109/CCDC52312.2021.9602626,INCLUDE,High,Meets all SLR inclusion criteria for GPS-denied localization/navigation algorithm and platform validation.,['UAV'],"['Indoor', 'Underground', 'Forest/Outdoor']","['Camera', 'IMU', 'Radio/UWB']",['Kalman Filtering'],True,False,resp_00783.json
784,ESP32-Driven Real-Time Indoor Localization Using Wi-Fi RSSI and a Simple Path Loss Model,R. Waddar; A. A. Patil; G. Korimath; R. Kalyani; S. Shirol; N. C. Iyer,2025,2025 International Conference on Emerging Technologies in Computing and Communication (ETCC),IEEE_Xplore,10.1109/ETCC65847.2025.11108539,INCLUDE,High,Meets all SLR inclusion criteria for GPS-denied localization/navigation algorithm and platform validation.,['UGV'],"['Indoor', 'Underground']",['Radio/UWB'],['Factor Graph Optimization'],True,False,resp_00784.json
785,Ultra-Wideband Localization Modules for Autonomous Lawn Mowers: A Cost-Effective Feasibility Study,S. Sharma; T. S. Thind; P. Gupta; H. Ahmad; R. Rout; S. K. Sharma,2025,2025 2nd International Conference on Computational Intelligence and Computing Applications (ICCICA),IEEE_Xplore,10.1109/ICCICA67008.2025.11337516,INCLUDE,High,Meets all SLR inclusion criteria for GPS-denied localization/navigation algorithm and platform validation.,['General Robotics'],['Forest/Outdoor'],"['LiDAR', 'Radio/UWB']",['Radio Ranging'],True,False,resp_00785.json
786,Experimental demonstration of self-localized Ultra Wideband indoor mobile robot navigation system,M. Segura; H. Hashemi; C. Sisterna; V. Mut,2010,2010 International Conference on Indoor Positioning and Indoor Navigation,IEEE_Xplore,10.1109/IPIN.2010.5647457,INCLUDE,High,Meets all SLR inclusion criteria for GPS-denied localization/navigation algorithm and platform validation.,['UGV'],['Indoor'],['Radio/UWB'],['Radio Ranging'],True,False,resp_00786.json
787,A Novel Consistent-Robust SINS/GNSS/NHC Integrated Navigation Method for Autonomous Vehicles Under Intermittent GNSS Outage,S. Du; Y. Huang; W. Wen; Y. Zhang,2024,IEEE Transactions on Intelligent Vehicles,IEEE_Xplore,10.1109/TIV.2024.3406756,INCLUDE,High,Meets all SLR inclusion criteria for GPS-denied localization/navigation algorithm and platform validation.,['General Robotics'],['Underground'],"['IMU', 'Radio/UWB']",[],True,False,resp_00787.json
788,RTK-LIO: Tightly Coupled RTK/LiDAR/Inertial Navigation System Based on Optimization Approach,R. Wang; Y. Zhang; T. Li; C. Wang; Q. Wu; L. Pei; W. -A. Zhang,2025,IEEE Sensors Journal,IEEE_Xplore,10.1109/JSEN.2025.3574472,INCLUDE,High,Meets all SLR inclusion criteria for GPS-denied localization/navigation algorithm and platform validation.,['General Robotics'],['Urban'],"['IMU', 'LiDAR', 'Radio/UWB']","['Factor Graph Optimization', 'Radio Ranging']",True,False,resp_00788.json
789,An interactive virtual mobile assistance for indoor navigation using wireless Beacon technology,U. A. A. Niroshika; W. A. G. C. Weerakoon,2020,2020 IEEE 2nd International Conference on Artificial Intelligence in Engineering and Technology (IICAIET),IEEE_Xplore,10.1109/IICAIET49801.2020.9257870,INCLUDE,High,Meets all SLR inclusion criteria for GPS-denied localization/navigation algorithm and platform validation.,['General Robotics'],['Indoor'],"['Camera', 'Radio/UWB']",[],True,False,resp_00789.json
790,Ultra-wideband Received Signal Strength Analysis for UAV Indoor NLOS Navigation,C. Vidan; G. -F. Ivănescu; T. L. Grigorie,2023,2023 Power Quality and Electromagnetic Compatibility at Low Frequency (PQEMC-LF),IEEE_Xplore,10.1109/PQEMC-LF58184.2023.10211601,INCLUDE,High,Meets all SLR inclusion criteria for GPS-denied localization/navigation algorithm and platform validation.,['UAV'],['Indoor'],['Radio/UWB'],['Radio Ranging'],True,False,resp_00790.json
791,Smart Blind Stick: A Destination Guidelines System for Indoor Navigation,A. Y. Al-Dawod; Y. M. Abbosh; D. M. Ali,2025,2025 IEEE International RF and Microwave Conference (RFM),IEEE_Xplore,10.1109/RFM67034.2025.11284397,INCLUDE,High,Meets all SLR inclusion criteria for GPS-denied localization/navigation algorithm and platform validation.,['General Robotics'],['Indoor'],"['Camera', 'Radio/UWB']",[],True,False,resp_00791.json
792,Large-Scale Autonomous Flight With Real-Time Semantic SLAM Under Dense Forest Canopy,X. Liu; G. V. Nardari; F. Cladera; Y. Tao; A. Zhou; T. Donnelly; C. Qu; S. W. Chen; R. A. F. Romero; C. J. Taylor; V. Kumar,2022,IEEE Robotics and Automation Letters,IEEE_Xplore,10.1109/LRA.2022.3154047,INCLUDE,High,Meets all SLR inclusion criteria for GPS-denied localization/navigation algorithm and platform validation.,['UAV'],['Forest/Outdoor'],"['LiDAR', 'Radio/UWB']",['SLAM'],True,False,resp_00792.json
793,RFID positioning robot: An indoor navigation system,B. Olszewski; S. Fenton; B. Tworek; J. Liang; K. Yelamarthi,2013,"IEEE International Conference on Electro-Information Technology , EIT 2013",IEEE_Xplore,10.1109/EIT.2013.6632687,INCLUDE,High,Meets all SLR inclusion criteria for GPS-denied localization/navigation algorithm and platform validation.,['UGV'],['Indoor'],['Radio/UWB'],[],True,False,resp_00793.json
794,Improving Visual Inertial Odometry with UWB Positioning for UAV Indoor Navigation,J. -R. Zhan; H. -Y. Lin,2022,2022 26th International Conference on Pattern Recognition (ICPR),IEEE_Xplore,10.1109/ICPR56361.2022.9956500,INCLUDE,High,Meets all SLR inclusion criteria for GPS-denied localization/navigation algorithm and platform validation.,['UAV'],['Indoor'],"['Camera', 'IMU', 'Radio/UWB']","['VIO', 'Factor Graph Optimization', 'Radio Ranging']",True,False,resp_00794.json
795,Real-Time Localization of Mobile Robots in Indoor Environments Using a Ceiling Camera Structure,R. C. A. Nascimento; B. M. F. Silva; L. M. G. Gonçalves,2013,2013 Latin American Robotics Symposium and Competition,IEEE_Xplore,10.1109/LARS.2013.58,INCLUDE,High,Meets all SLR inclusion criteria for GPS-denied localization/navigation algorithm and platform validation.,['UGV'],['Indoor'],"['Camera', 'Radio/UWB']",[],True,False,resp_00795.json
796,PCL-Based Autonomous Wheelchair Navigation in Unmapped Indoor Environments,V. Contractor; H. S. Grewal; N. Thotappala Jayaprakash; A. Matthews; K. George,2018,"2018 9th IEEE Annual Ubiquitous Computing, Electronics & Mobile Communication Conference (UEMCON)",IEEE_Xplore,10.1109/UEMCON.2018.8796660,INCLUDE,High,Meets all SLR inclusion criteria for GPS-denied localization/navigation algorithm and platform validation.,['UGV'],['Indoor'],"['Camera', 'LiDAR', 'Radio/UWB']",[],True,False,resp_00796.json
797,Voxel-Based Localization and Mapping for Multirobot System in GPS-Denied Environments,H. Shen; Q. Zong; B. Tian; H. Lu,2022,IEEE Transactions on Industrial Electronics,IEEE_Xplore,10.1109/TIE.2022.3153822,INCLUDE,High,Meets all SLR inclusion criteria for GPS-denied localization/navigation algorithm and platform validation.,['General Robotics'],['Unspecified'],"['IMU', 'Radio/UWB']",[],True,False,resp_00797.json
798,Indoor navigation for mobile robots using predictive fields,N. Pradhan; T. Burg; S. Birchfield; U. Hasirci,2013,2013 American Control Conference,IEEE_Xplore,10.1109/ACC.2013.6580330,INCLUDE,High,Meets all SLR inclusion criteria for GPS-denied localization/navigation algorithm and platform validation.,['UGV'],['Indoor'],['Radio/UWB'],[],True,False,resp_00798.json
799,Vision-Based Localization and Autonomous Homing for UAVs,A. Perumalla; T. Khamvilai; E. Johnson,2024,2024 AIAA DATC/IEEE 43rd Digital Avionics Systems Conference (DASC),IEEE_Xplore,10.1109/DASC62030.2024.10749484,INCLUDE,High,Meets all SLR inclusion criteria for GPS-denied localization/navigation algorithm and platform validation.,['UAV'],['Indoor'],"['Camera', 'IMU']","['SLAM', 'Kalman Filtering']",True,False,resp_00799.json
800,Factor Graph-Based Collaborative Localization And Incremental UWB Network Deployment In Indoor Environments For Emergency Task Forces,E. Buchmayer; A. Koppert; F. Theurl; M. Watzko,2025,"2025 IEEE/ION Position, Location and Navigation Symposium (PLANS)",IEEE_Xplore,10.1109/PLANS61210.2025.11028304,INCLUDE,High,Meets all SLR inclusion criteria for GPS-denied localization/navigation algorithm and platform validation.,['UGV'],"['Indoor', 'Urban']","['LiDAR', 'Radio/UWB']","['SLAM', 'Factor Graph Optimization', 'Radio Ranging']",True,False,resp_00800.json
801,A Jamming Aware Artificial Potential Field Method to Counter GPS Jamming for Unmanned Surface Ship Path Planning,J. Wang; Y. Xiao; T. Li; C. L. P. Chen,2023,IEEE Systems Journal,IEEE_Xplore,10.1109/JSYST.2023.3237613,INCLUDE,High,Meets all SLR inclusion criteria for GPS-denied localization/navigation algorithm and platform validation.,['General Robotics'],"['Underground', 'Adversarial']","['IMU', 'Radio/UWB']",[],True,False,resp_00801.json
802,Research on UAV Navigation Based on the Kalman Filter and Geomagnetic Matching Algorithm,S. Li,2025,"2025 5th International Conference on Electronics, Circuits and Information Engineering (ECIE)",IEEE_Xplore,10.1109/ECIE65947.2025.11086975,INCLUDE,High,Meets all SLR inclusion criteria for GPS-denied localization/navigation algorithm and platform validation.,['UAV'],['Unspecified'],['IMU'],"['Kalman Filtering', 'Factor Graph Optimization']",True,False,resp_00802.json
803,Proximal Policy Optimization Based Autonomous Navigation in Dynamic Environment Using LiDAR-Camera Fusion Technique,Seher; S. Ullah Bazai; A. Naushad; U. A. Bhatti; A. I. Ashirova; H. A. Nurmatovich,2025,2025 IEEE 2nd International Conference on Deep Learning and Computer Vision (DLCV),IEEE_Xplore,10.1109/DLCV65218.2025.11088840,INCLUDE,High,Meets all SLR inclusion criteria for GPS-denied localization/navigation algorithm and platform validation.,['General Robotics'],['Indoor'],"['Camera', 'LiDAR', 'Radio/UWB']",['Factor Graph Optimization'],True,False,resp_00803.json
804,Bio-Inspired Approach for Long-Range Underwater Navigation Using Model Predictive Control,Y. Zhang; X. Liu; M. Luo; C. Yang,2021,IEEE Transactions on Cybernetics,IEEE_Xplore,10.1109/TCYB.2019.2933397,INCLUDE,High,Meets all SLR inclusion criteria for GPS-denied localization/navigation algorithm and platform validation.,['USV/AUV'],"['Underground', 'Urban']",['IMU'],['Factor Graph Optimization'],True,False,resp_00804.json
805,Semantic-Enhanced Path Planning for Safety-Centric Indoor Robots Navigation,K. Omer; E. Torta; A. Monteriù,2024,"2024 10th International Conference on Automation, Robotics and Applications (ICARA)",IEEE_Xplore,10.1109/ICARA60736.2024.10553077,INCLUDE,High,Meets all SLR inclusion criteria for GPS-denied localization/navigation algorithm and platform validation.,['UGV'],['Indoor'],['Radio/UWB'],[],True,False,resp_00805.json
806,Extended Dijkstra Algorithm in Path Planning for Vision Based Patrol Robot,C. K. Teh; W. Kit Wong; T. S. Min,2021,2021 8th International Conference on Computer and Communication Engineering (ICCCE),IEEE_Xplore,10.1109/ICCCE50029.2021.9467157,INCLUDE,High,Meets all SLR inclusion criteria for GPS-denied localization/navigation algorithm and platform validation.,['General Robotics'],['Indoor'],"['Camera', 'IMU', 'Radio/UWB']",[],True,False,resp_00806.json
807,Wind-Compensated Navigation for Fixed-Wing UAVs Under GNSS Denial,J. Li; K. Tang; W. Wu; Y. Guo; M. Fang; X. Geng,2025,2025 China Automation Congress (CAC),IEEE_Xplore,10.1109/CAC67268.2025.11487099,INCLUDE,High,Meets all SLR inclusion criteria for GPS-denied localization/navigation algorithm and platform validation.,['UAV'],['Unspecified'],"['IMU', 'Radio/UWB']",[],True,False,resp_00807.json
808,Robot for Sanitizing Hospitals with Patient Assistive Technology,Raahena.S; Rejith.V.P; S. R. V; A. Asha,2026,2026 6th International Conference on Pervasive Computing and Social Networking (ICPCSN),IEEE_Xplore,10.1109/ICPCSN68523.2026.11543649,INCLUDE,High,Meets all SLR inclusion criteria for GPS-denied localization/navigation algorithm and platform validation.,['UGV'],['Indoor'],"['LiDAR', 'Radio/UWB']","['VIO', 'SLAM']",True,False,resp_00808.json
809,Toward C-V2X Enabled Connected Transportation System: RSU-Based Cooperative Localization Framework for Autonomous Vehicles,Z. Huang; S. Chen; Y. Pian; Z. Sheng; S. Ahn; D. A. Noyce,2024,IEEE Transactions on Intelligent Transportation Systems,IEEE_Xplore,10.1109/TITS.2024.3410185,INCLUDE,High,Meets all SLR inclusion criteria for GPS-denied localization/navigation algorithm and platform validation.,['General Robotics'],"['Indoor', 'Underground', 'Urban']","['IMU', 'Radio/UWB']",[],True,False,resp_00809.json
810,Depth-based Deep Learning for Manhole Detection in UAV Navigation,R. E. Andersen; M. Zajaczkowski; H. Jaiswal; J. Xu; W. Fan; E. Boukas,2022,2022 IEEE International Conference on Imaging Systems and Techniques (IST),IEEE_Xplore,10.1109/IST55454.2022.9827720,INCLUDE,High,Meets all SLR inclusion criteria for GPS-denied localization/navigation algorithm and platform validation.,"['UAV', 'USV/AUV']",['Unspecified'],['Radio/UWB'],['Deep Learning'],True,False,resp_00810.json
811,An Indoor Navigation Control Strategy for a Brain-Actuated Mobile Robot,Y. Liu; J. Li; Z. Li,2018,2018 3rd International Conference on Advanced Robotics and Mechatronics (ICARM),IEEE_Xplore,10.1109/ICARM.2018.8610705,INCLUDE,High,Meets all SLR inclusion criteria for GPS-denied localization/navigation algorithm and platform validation.,['UGV'],['Indoor'],"['Camera', 'IMU']",['SLAM'],True,False,resp_00811.json
812,Asymmetric Cooperative Localization for UAV Inspection Inside Wind Turbine Towers Based on 3D Semantic Segmentation,Z. Wang; W. Deng; R. Xia; B. Xu; B. Zhang; R. Shen,2026,2026 2nd International Conference on Electrical Automation and Artificial Intelligence (ICEAAI),IEEE_Xplore,10.1109/ICEAAI68945.2026.11442581,INCLUDE,High,Meets all SLR inclusion criteria for GPS-denied localization/navigation algorithm and platform validation.,['UAV'],['Underground'],"['LiDAR', 'Radio/UWB']",[],True,False,resp_00812.json
813,Autonomous Scene Matching Navigation Based on Range Optimization of Reference Image by Interframe Matching,Y. Hu; P. Liu; H. Chen; S. Li,2022,2022 5th International Conference on Pattern Recognition and Artificial Intelligence (PRAI),IEEE_Xplore,10.1109/PRAI55851.2022.9904193,INCLUDE,High,Meets all SLR inclusion criteria for GPS-denied localization/navigation algorithm and platform validation.,['UAV'],['Unspecified'],['Camera'],['Factor Graph Optimization'],True,False,resp_00813.json
814,Monocular Vision Aided Autonomous UAV Navigation in Indoor Corridor Environments,R. P. Padhy; F. Xia; S. K. Choudhury; P. K. Sa; S. Bakshi,2019,IEEE Transactions on Sustainable Computing,IEEE_Xplore,10.1109/TSUSC.2018.2810952,INCLUDE,High,Meets all SLR inclusion criteria for GPS-denied localization/navigation algorithm and platform validation.,['UAV'],"['Indoor', 'Urban']","['Camera', 'Radio/UWB']",['Kalman Filtering'],True,False,resp_00814.json
815,Development and Testing of an Optical Flow-Based Navigation System for Unmanned Vehicles,G. E. Veselov; D. E. Vakhrushev; S. A. Sklyarov; D. M. Elkin,2024,"2024 IEEE 3rd International Conference on Problems of Informatics, Electronics and Radio Engineering (PIERE)",IEEE_Xplore,10.1109/PIERE62470.2024.10804871,INCLUDE,High,Meets all SLR inclusion criteria for GPS-denied localization/navigation algorithm and platform validation.,['General Robotics'],"['Indoor', 'Urban']",['Radio/UWB'],[],True,False,resp_00815.json
816,Feature 3D Gaussian Splatting for UAV-to-Ship Pose Estimation in GNSS-Denied Environments,A. Bernas; J. McConnell; J. Seargeant; L. DeVries,2026,2026 International Conference on Unmanned Aircraft Systems (ICUAS),IEEE_Xplore,10.1109/ICUAS69441.2026.11598627,INCLUDE,High,Meets all SLR inclusion criteria for GPS-denied localization/navigation algorithm and platform validation.,['UAV'],['Unspecified'],"['Camera', 'Radio/UWB']",[],True,False,resp_00816.json
817,A Simple and Parallel Algorithm for Real-Time Robot Localization by Fusing Monocular Vision and Odometry/AHRS Sensors,K. Wang; Y. -H. Liu; L. Li,2014,IEEE/ASME Transactions on Mechatronics,IEEE_Xplore,10.1109/TMECH.2014.2298247,INCLUDE,High,Meets all SLR inclusion criteria for GPS-denied localization/navigation algorithm and platform validation.,['UGV'],['Unspecified'],"['Camera', 'IMU', 'Radio/UWB']",[],True,False,resp_00817.json
818,Autonomous altitude measurement and landing area detection for indoor UAV applications,B. Kakillioglu; S. Velipasalar,2016,2016 13th IEEE International Conference on Advanced Video and Signal Based Surveillance (AVSS),IEEE_Xplore,10.1109/AVSS.2016.7738069,INCLUDE,High,Meets all SLR inclusion criteria for GPS-denied localization/navigation algorithm and platform validation.,['UAV'],['Indoor'],[],[],True,False,resp_00818.json
819,Real-Time State Estimation and Security in Autonomous Vehicles Using Particle Filters,M. Ghliss; L. Kechiche; K. Chabir,2024,2024 IEEE International Multi-Conference on Smart Systems & Green Process (IMC-SSGP),IEEE_Xplore,10.1109/IMC-SSGP63352.2024.10919655,INCLUDE,High,Meets all SLR inclusion criteria for GPS-denied localization/navigation algorithm and platform validation.,['General Robotics'],['Adversarial'],"['Radio/UWB', 'Radar']",[],True,False,resp_00819.json
820,Indoor UAV Integrated Navigation Technology Based on UWB and IMU,Z. Zuo; K. Li; P. Yang; S. Zheng,2022,2022 China Automation Congress (CAC),IEEE_Xplore,10.1109/CAC57257.2022.10055191,INCLUDE,High,Meets all SLR inclusion criteria for GPS-denied localization/navigation algorithm and platform validation.,['UAV'],['Indoor'],"['IMU', 'Radio/UWB']","['Kalman Filtering', 'Radio Ranging']",True,False,resp_00820.json
821,RoboGuide: LQG-Based Autonomous Navigation for Four-Wheel Mecanum Campus Robot,A. P. Jaramillo-Ortega; A. L. Ocampo-Ramirez; O. A. Gutiérrez-Rivadeneira; L. M. Bohórquez-Ardila; H. F. Garcia; J. Arcos-Legarda,2025,2025 IEEE 7th Colombian Conference on Automatic Control (CCAC),IEEE_Xplore,10.1109/CCAC64704.2025.11259163,INCLUDE,High,Meets all SLR inclusion criteria for GPS-denied localization/navigation algorithm and platform validation.,['UGV'],['Indoor'],"['Camera', 'IMU', 'LiDAR']","['VIO', 'Kalman Filtering']",True,False,resp_00821.json
822,Advanced Autonomous Navigation Technologies for UAVs: Challenges and Opportunities,I. Senhaji-Mouhaddib; S. Bouzakri; I. Lagrat,2024,"2024 4th International Conference on Innovative Research in Applied Science, Engineering and Technology (IRASET)",IEEE_Xplore,10.1109/IRASET60544.2024.10548645,INCLUDE,High,Meets all SLR inclusion criteria for GPS-denied localization/navigation algorithm and platform validation.,['UAV'],['Underground'],"['Camera', 'IMU', 'LiDAR', 'Radio/UWB']",['Deep Learning'],True,False,resp_00822.json
823,Introducing a novel vision based obstacle avoidance technique for navigation of autonomous mobile robots,M. Sharifi; X. Chen,2015,2015 IEEE 10th Conference on Industrial Electronics and Applications (ICIEA),IEEE_Xplore,10.1109/ICIEA.2015.7334223,INCLUDE,High,Meets all SLR inclusion criteria for GPS-denied localization/navigation algorithm and platform validation.,['UGV'],['Indoor'],"['Camera', 'IMU']",[],True,False,resp_00823.json
824,A Homography-Based Visual Servo Control Approach for an Underactuated Unmanned Aerial Vehicle in GPS-Denied Environments,H. Zhong; Y. Wang; Z. Miao; L. Li; S. Fan; H. Zhang,2023,IEEE Transactions on Intelligent Vehicles,IEEE_Xplore,10.1109/TIV.2022.3163315,INCLUDE,High,Meets all SLR inclusion criteria for GPS-denied localization/navigation algorithm and platform validation.,['UAV'],['Urban'],"['Camera', 'IMU', 'Radio/UWB']",[],True,False,resp_00824.json
825,Laser-based cooperative tracking of vehicles and people by multiple mobile robots in GNSS-denied environments,S. Kanaki; M. Hashimoto; Y. Yoden; K. Takahashi,2017,2017 IEEE International Conference on Advanced Intelligent Mechatronics (AIM),IEEE_Xplore,10.1109/AIM.2017.8014186,INCLUDE,High,Meets all SLR inclusion criteria for GPS-denied localization/navigation algorithm and platform validation.,['UGV'],['Forest/Outdoor'],"['LiDAR', 'Radio/UWB']",[],True,False,resp_00825.json
827,Economical UWB/IMU/VO Fusion for Mobile Robot Localization and Mapping in Poultry House,J. Y. Ke; M. X. Jhan; C. L. Chang,2023,2023 International Automatic Control Conference (CACS),IEEE_Xplore,10.1109/CACS60074.2023.10326169,INCLUDE,High,Meets all SLR inclusion criteria for GPS-denied localization/navigation algorithm and platform validation.,['UGV'],['Indoor'],"['Camera', 'IMU', 'Radio/UWB']","['SLAM', 'Radio Ranging']",True,False,resp_00827.json
828,Physical Foundation of Hybrid Navigation System For Tethered High-Altitude Unmanned Platforms,V. M. Vishnevsky; K. A. Vytovtov; E. A. Barabanova; E. A. Lesiv; S. A. Frolov; V. E. Buzdin; N. S. Kalmykov,2022,"2022 International Conference on Information, Control, and Communication Technologies (ICCT)",IEEE_Xplore,10.1109/ICCT56057.2022.9976848,INCLUDE,High,Meets all SLR inclusion criteria for GPS-denied localization/navigation algorithm and platform validation.,['General Robotics'],['Unspecified'],"['IMU', 'Radio/UWB', 'Sonar/DVL']",[],True,False,resp_00828.json
829,A VIO-Based Localization Approach in GPS-denied Environments for an Unmanned Surface Vehicle,X. Liu; Z. Hu; Z. Sun; J. Lu; W. Xie; W. Zhang,2023,2023 International Conference on Advanced Robotics and Mechatronics (ICARM),IEEE_Xplore,10.1109/ICARM58088.2023.10218814,INCLUDE,High,Meets all SLR inclusion criteria for GPS-denied localization/navigation algorithm and platform validation.,['USV/AUV'],['Unspecified'],"['Camera', 'IMU', 'Radio/UWB']","['VIO', 'SLAM', 'Factor Graph Optimization']",True,False,resp_00829.json
830,Evaluation of a Vision based UAV Indoor Inspection for a Well-structured Heavy Industry Environment,T. -C. Hung; R. He; C. -C. Peng,2024,2024 International Conference on Consumer Electronics - Taiwan (ICCE-Taiwan),IEEE_Xplore,10.1109/ICCE-Taiwan62264.2024.10674055,INCLUDE,High,Meets all SLR inclusion criteria for GPS-denied localization/navigation algorithm and platform validation.,['UAV'],"['Indoor', 'Forest/Outdoor']","['Camera', 'IMU', 'Radio/UWB']",['SLAM'],True,False,resp_00830.json
831,Robust Lidar-Based Localization Scheme for Unmanned Ground Vehicle via Multisensor Fusion,Y. Wu; Y. Li; W. Li; H. Li; R. Lu,2021,IEEE Transactions on Neural Networks and Learning Systems,IEEE_Xplore,10.1109/TNNLS.2020.3027983,INCLUDE,High,Meets all SLR inclusion criteria for GPS-denied localization/navigation algorithm and platform validation.,['UGV'],['Unspecified'],"['Camera', 'IMU', 'LiDAR', 'Radio/UWB']",[],True,False,resp_00831.json
832,Research of underwater navigation on a ROV with structure detection and decontamination,Q. Zeng; M. Zhang; H. Liu; X. Sui; S. Liang; Z. Song,2015,The 27th Chinese Control and Decision Conference (2015 CCDC),IEEE_Xplore,10.1109/CCDC.2015.7162358,INCLUDE,High,Meets all SLR inclusion criteria for GPS-denied localization/navigation algorithm and platform validation.,['USV/AUV'],['Unspecified'],"['IMU', 'Radio/UWB']",['Kalman Filtering'],True,False,resp_00832.json
833,Interferometric Enabled Particle Filter for Underwater Navigation,J. Wilbur; P. Romaine; N. Fuller; D. Sternlicht,2022,"OCEANS 2022, Hampton Roads",IEEE_Xplore,10.1109/OCEANS47191.2022.9977181,INCLUDE,High,Meets all SLR inclusion criteria for GPS-denied localization/navigation algorithm and platform validation.,['USV/AUV'],['Unspecified'],"['IMU', 'Radio/UWB', 'Sonar/DVL']",[],True,False,resp_00833.json
834,Leveraging Large Language Models for Modular Robot Navigation,A. Zhang; J. Ji,2025,"2025 4th International Symposium on Robotics, Artificial Intelligence and Information Engineering (RAIIE)",IEEE_Xplore,10.1109/RAIIE65740.2025.11140161,INCLUDE,High,Meets all SLR inclusion criteria for GPS-denied localization/navigation algorithm and platform validation.,['General Robotics'],['Indoor'],"['IMU', 'Radio/UWB']",[],True,False,resp_00834.json
835,Integrating RTAB-Map SLAM and Lightweight YOLOv5 Nano for Indoor Asset Detection with Drone-Based Mapping,A. J. A. Sharkh; S. I. Ismail; S. Rubab; B. Soudan,2025,2025 Advances in Science and Engineering Technology International Conferences (ASET),IEEE_Xplore,10.1109/ASET66891.2025.11428113,INCLUDE,High,Meets all SLR inclusion criteria for GPS-denied localization/navigation algorithm and platform validation.,['UAV'],['Indoor'],"['Camera', 'IMU', 'LiDAR', 'Radio/UWB']","['SLAM', 'Radio Ranging']",True,False,resp_00835.json
836,Sensor-Deployment Strategies for Indoor Robot Navigation,C. -H. Lin; C. -T. King,2010,"IEEE Transactions on Systems, Man, and Cybernetics - Part A: Systems and Humans",IEEE_Xplore,10.1109/TSMCA.2009.2033373,INCLUDE,High,Meets all SLR inclusion criteria for GPS-denied localization/navigation algorithm and platform validation.,['General Robotics'],['Indoor'],"['IMU', 'Radio/UWB']",['VIO'],True,False,resp_00836.json
837,Ultrasonic-sensor deployment strategies and use of smartphone sensors for mobile robot navigation in indoor environment,J. Lim; S. J. Lee; G. Tewolde; J. Kwon,2014,IEEE International Conference on Electro/Information Technology,IEEE_Xplore,10.1109/EIT.2014.6871831,INCLUDE,High,Meets all SLR inclusion criteria for GPS-denied localization/navigation algorithm and platform validation.,['UGV'],"['Indoor', 'Urban']","['Camera', 'IMU', 'Radio/UWB']",[],True,False,resp_00837.json
838,Real-time plane segmentation in a ROS-based navigation system for the visually impaired,Ke Jin; Peilin Liu; Rongdi Sun; Zhenqi Wei; Zunquan Zhou,2016,"2016 Fourth International Conference on Ubiquitous Positioning, Indoor Navigation and Location Based Services (UPINLBS)",IEEE_Xplore,10.1109/UPINLBS.2016.7809966,INCLUDE,High,Meets all SLR inclusion criteria for GPS-denied localization/navigation algorithm and platform validation.,['General Robotics'],['Indoor'],"['Camera', 'LiDAR', 'Radio/UWB']",['Radio Ranging'],True,False,resp_00838.json
839,Self and Target Locating With Cooperation of Heterogeneous Unmanned Vehicles in the Denial Environment,M. Amjad; M. Sahin Ali; S. Yao; M. Faishal Rahaman; C. Zheng; R. Muhammad Kazim; B. Zouaoui,2025,IEEE Access,IEEE_Xplore,10.1109/ACCESS.2025.3558873,INCLUDE,High,Meets all SLR inclusion criteria for GPS-denied localization/navigation algorithm and platform validation.,['UAV'],['Unspecified'],"['IMU', 'Radio/UWB']",['Kalman Filtering'],True,False,resp_00839.json
840,GPS-Denied Drone Navigation via Cross-Domain Keypoint Matching,J. -W. Hsieh; H. -K. Chen,2026,2026 IEEE International Conference on Image Processing (ICIP),IEEE_Xplore,10.1109/ICIP61757.2026.11630202,INCLUDE,High,Meets all SLR inclusion criteria for GPS-denied localization/navigation algorithm and platform validation.,['UAV'],['Unspecified'],['Radio/UWB'],[],True,False,resp_00840.json
841,Integrated navigation system using camera and gimbaled laser scanner for indoor and outdoor autonomous flight of UAVs,S. Huh; D. H. Shim; J. Kim,2013,2013 IEEE/RSJ International Conference on Intelligent Robots and Systems,IEEE_Xplore,10.1109/IROS.2013.6696805,INCLUDE,High,Meets all SLR inclusion criteria for GPS-denied localization/navigation algorithm and platform validation.,['UAV'],"['Indoor', 'Forest/Outdoor']","['Camera', 'IMU', 'LiDAR', 'Radio/UWB']","['SLAM', 'Kalman Filtering']",True,False,resp_00841.json
842,In-Motion Rapid and Robust Heading Alignment of Low-Cost Inertial Measurement Units Using Position Loci for Indoor Navigation,Q. He; G. He; H. Yang; S. Chen; J. Wang; S. Liu,2024,IEEE Sensors Journal,IEEE_Xplore,10.1109/JSEN.2024.3393912,INCLUDE,High,Meets all SLR inclusion criteria for GPS-denied localization/navigation algorithm and platform validation.,['General Robotics'],"['Indoor', 'Urban']",['IMU'],['Factor Graph Optimization'],True,False,resp_00842.json
843,A Robust Passive Target Localization for Substation Inspection of UAV in a GPS-denied Environment,U. -S. Suh; T. -W. Kim; D. -H. Kang; K. -M. Lee; W. -S. Ra; T. Kim,2021,2021 22nd IEEE International Conference on Industrial Technology (ICIT),IEEE_Xplore,10.1109/ICIT46573.2021.9453470,INCLUDE,High,Meets all SLR inclusion criteria for GPS-denied localization/navigation algorithm and platform validation.,['UAV'],['Indoor'],"['IMU', 'Radio/UWB']",[],True,False,resp_00843.json
844,SUG-UAV Multirotor Dataset with Multi-sensor Integration in Indoor and Urban Areas,N. Xiao; W. Wen; J. Hu; P. Yang; J. Zhao; C. Wu; S. Bai,2024,2024 14th International Conference on Indoor Positioning and Indoor Navigation (IPIN),IEEE_Xplore,10.1109/IPIN62893.2024.10786109,INCLUDE,High,Meets all SLR inclusion criteria for GPS-denied localization/navigation algorithm and platform validation.,['UAV'],"['Indoor', 'Urban', 'Forest/Outdoor']","['Camera', 'IMU', 'Radio/UWB']",[],True,False,resp_00844.json
845,A Three-Point Calibration Method for DVL Errors in Underwater Navigation,P. Liu; X. An; Y. Zhang; G. Li; B. Wang,2026,IEEE Sensors Journal,IEEE_Xplore,10.1109/JSEN.2025.3629669,INCLUDE,High,Meets all SLR inclusion criteria for GPS-denied localization/navigation algorithm and platform validation.,['USV/AUV'],['Urban'],"['IMU', 'Sonar/DVL']",[],True,False,resp_00845.json
846,GNSS Jamming and Spoofing Threats in UAV Navigation: Countermeasure Status and Challenges,Y. Zeng; Z. Lu; X. Zhao; Z. Xiao; S. Ni; Z. Han; K. Li,2026,IEEE Communications Surveys & Tutorials,IEEE_Xplore,10.1109/COMST.2026.3680438,INCLUDE,High,Meets all SLR inclusion criteria for GPS-denied localization/navigation algorithm and platform validation.,['UAV'],"['Underground', 'Adversarial']",['Radio/UWB'],['Factor Graph Optimization'],True,False,resp_00846.json
847,A Study of Reinforcement Learning for Indoor Path Planning with Dynamic Obstacles,Z. Yuan; G. Yang; R. Xiao,2025,2025 IEEE International Workshop on Wireless Sensing Technologies and Applications (IWSA2025) - Proceedings,IEEE_Xplore,10.1109/IWSA67946.2025.11405612,INCLUDE,High,Meets all SLR inclusion criteria for GPS-denied localization/navigation algorithm and platform validation.,['General Robotics'],['Indoor'],['IMU'],['Factor Graph Optimization'],True,False,resp_00847.json
848,"Perception, Guidance, and Navigation for Indoor Autonomous Drone Racing Using Deep Learning",S. Jung; S. Hwang; H. Shin; D. H. Shim,2018,IEEE Robotics and Automation Letters,IEEE_Xplore,10.1109/LRA.2018.2808368,INCLUDE,High,Meets all SLR inclusion criteria for GPS-denied localization/navigation algorithm and platform validation.,['UAV'],['Indoor'],['Radio/UWB'],['Deep Learning'],True,False,resp_00848.json
849,Indoor localization of mobile robot with visible light communication,H. Sharifi; A. Kumar; F. Alam; K. M. Arif,2016,2016 12th IEEE/ASME International Conference on Mechatronic and Embedded Systems and Applications (MESA),IEEE_Xplore,10.1109/MESA.2016.7587166,INCLUDE,High,Meets all SLR inclusion criteria for GPS-denied localization/navigation algorithm and platform validation.,['UGV'],['Indoor'],"['IMU', 'Radio/UWB']",[],True,False,resp_00849.json
850,UAV-Enabled 3D Indoor Positioning and Navigation Based on VLC,G. Niu; J. Zhang; S. Guo; M. -O. Pun; C. S. Chen,2021,ICC 2021 - IEEE International Conference on Communications,IEEE_Xplore,10.1109/ICC42927.2021.9500633,INCLUDE,High,Meets all SLR inclusion criteria for GPS-denied localization/navigation algorithm and platform validation.,['UAV'],"['Indoor', 'Forest/Outdoor']","['IMU', 'Radio/UWB']",['Kalman Filtering'],True,False,resp_00850.json
851,Combining line segments and points for appearance-based indoor navigation by image based visual servoing,S. R. Bista; P. R. Giordano; F. Chaumette,2017,2017 IEEE/RSJ International Conference on Intelligent Robots and Systems (IROS),IEEE_Xplore,10.1109/IROS.2017.8206131,INCLUDE,High,Meets all SLR inclusion criteria for GPS-denied localization/navigation algorithm and platform validation.,['UGV'],"['Indoor', 'Urban']",['Camera'],[],True,False,resp_00851.json
852,Combined RGBD-inertial based state estimation for MAV in GPS-denied indoor environments,D. Li; Q. Li; N. Cheng; Q. Wu; J. Song; L. Tang,2013,2013 9th Asian Control Conference (ASCC),IEEE_Xplore,10.1109/ASCC.2013.6606361,INCLUDE,High,Meets all SLR inclusion criteria for GPS-denied localization/navigation algorithm and platform validation.,['UAV'],"['Indoor', 'Urban']","['Camera', 'IMU', 'Radio/UWB']",['Kalman Filtering'],True,False,resp_00852.json
853,Research on path planning of family nursing robot based on robot operating system,W. Zheng; L. Cheng; J. Huang; Y. Dai; C. Shang; R. Peng; Z. He,2016,2016 International Conference on Advanced Robotics and Mechatronics (ICARM),IEEE_Xplore,10.1109/ICARM.2016.7606893,INCLUDE,High,Meets all SLR inclusion criteria for GPS-denied localization/navigation algorithm and platform validation.,['General Robotics'],['Indoor'],['Radio/UWB'],[],True,False,resp_00853.json
854,Research on laser-assisted odometry of indoor UAV with monocular vision,X. Deng; Q. Zeng,2013,"2013 IEEE International Conference on Cyber Technology in Automation, Control and Intelligent Systems",IEEE_Xplore,10.1109/CYBER.2013.6705439,INCLUDE,High,Meets all SLR inclusion criteria for GPS-denied localization/navigation algorithm and platform validation.,['UAV'],"['Indoor', 'Underground']","['Camera', 'LiDAR', 'Radio/UWB']",[],True,False,resp_00854.json
855,Improving Walking Path Generation Through Biped Constraint in Indoor Navigation System for Visually Impaired Individuals,Q. Na; H. Zhou; H. Yuan; M. Gui; H. Teng,2024,IEEE Transactions on Neural Systems and Rehabilitation Engineering,IEEE_Xplore,10.1109/TNSRE.2024.3375944,INCLUDE,High,Meets all SLR inclusion criteria for GPS-denied localization/navigation algorithm and platform validation.,['General Robotics'],['Indoor'],['Camera'],[],True,False,resp_00855.json
856,A dual-rate multi-filter algorithm for LiDAR-aided indoor navigation systems,S. Liu; M. M. Atia; T. Karamat; S. Givigi; A. Noureldin,2014,"2014 IEEE/ION Position, Location and Navigation Symposium - PLANS 2014",IEEE_Xplore,10.1109/PLANS.2014.6851467,INCLUDE,High,Meets all SLR inclusion criteria for GPS-denied localization/navigation algorithm and platform validation.,['UGV'],['Indoor'],"['IMU', 'LiDAR', 'Radio/UWB']","['Kalman Filtering', 'Radio Ranging']",True,False,resp_00856.json
857,SwarmRaft: Leveraging Consensus for Robust Drone Swarm Coordination in GNSS-Degraded Environments,K. Dev; Y. Madhwal; S. Shevelo; P. Osinenko; Y. Yanovich,2026,IEEE Internet of Things Journal,IEEE_Xplore,10.1109/JIOT.2025.3645453,INCLUDE,High,Meets all SLR inclusion criteria for GPS-denied localization/navigation algorithm and platform validation.,['UAV'],['Adversarial'],"['IMU', 'Radio/UWB']",[],True,False,resp_00857.json
858,Navigation of UAV without GPS,Aasish C; Ranjitha E.; Razeen Ridhwan U; Bharath Raj S; Angelin Jemi L.,2015,"2015 International Conference on Robotics, Automation, Control and Embedded Systems (RACE)",IEEE_Xplore,10.1109/RACE.2015.7097260,INCLUDE,High,Meets all SLR inclusion criteria for GPS-denied localization/navigation algorithm and platform validation.,['UAV'],"['Underground', 'Urban']",['Radio/UWB'],[],True,False,resp_00858.json
859,A Multimode Visual-Inertial Navigation Method for Fixed-wing Aircraft Approach and Landing in GPS-denied and Low Visibility Environments,X. Song; L. Zhang; Z. Zhai; G. Yu,2019,2019 IEEE/AIAA 38th Digital Avionics Systems Conference (DASC),IEEE_Xplore,10.1109/DASC43569.2019.9081785,INCLUDE,High,Meets all SLR inclusion criteria for GPS-denied localization/navigation algorithm and platform validation.,['General Robotics'],['Unspecified'],"['Camera', 'IMU', 'Radio/UWB']","['VIO', 'SLAM', 'Kalman Filtering']",True,False,resp_00859.json
860,$\rho$LiRLo: LiDAR-Based Relative Localization with Retro-Reflective Marker,J. Domislovic; R. Milijas; A. Ivanovic; M. Car; G. Vasiljevic; B. A. Ferreira; F. Petric; M. Orsag; S. Bogdan,2025,2025 International Conference on Unmanned Aircraft Systems (ICUAS),IEEE_Xplore,10.1109/ICUAS65942.2025.11007861,INCLUDE,High,Meets all SLR inclusion criteria for GPS-denied localization/navigation algorithm and platform validation.,"['UAV', 'USV/AUV']","['Indoor', 'Underground', 'Urban', 'Forest/Outdoor']","['IMU', 'LiDAR', 'Radio/UWB']",['Kalman Filtering'],True,False,resp_00860.json
861,"The MagPIE2 Dataset for Mapping, Localization, and Simultaneous Localization and Mapping Using Magnetic Fields",D. Hanley; J. Lee; S. Yeon Choi; T. Bretl,2026,IEEE Transactions on Instrumentation and Measurement,IEEE_Xplore,10.1109/TIM.2026.3662919,INCLUDE,High,Meets all SLR inclusion criteria for GPS-denied localization/navigation algorithm and platform validation.,['General Robotics'],['Indoor'],"['Camera', 'IMU', 'Radio/UWB']","['VIO', 'SLAM']",True,False,resp_00861.json
862,An Integrated Visual Odometry System With Stereo Camera for Unmanned Underwater Vehicles,Z. Xu; M. Haroutunian; A. J. Murphy; J. Neasham; R. Norman,2022,IEEE Access,IEEE_Xplore,10.1109/ACCESS.2022.3187032,INCLUDE,High,Meets all SLR inclusion criteria for GPS-denied localization/navigation algorithm and platform validation.,['USV/AUV'],['Unspecified'],"['Camera', 'IMU', 'Radio/UWB', 'Sonar/DVL']",['SLAM'],True,False,resp_00862.json
863,Loosely Coupled UWB/Stereo Camera Integration for Mobile Robots Indoor Navigation,O. V. Glukhov; I. A. Akinfiev; A. D. Razorvin; A. A. Chugunov; D. A. Gutarev; S. A. Serov,2023,"2023 5th International Youth Conference on Radio Electronics, Electrical and Power Engineering (REEPE)",IEEE_Xplore,10.1109/REEPE57272.2023.10086807,INCLUDE,High,Meets all SLR inclusion criteria for GPS-denied localization/navigation algorithm and platform validation.,['UGV'],['Indoor'],"['Camera', 'IMU', 'Radio/UWB']","['Kalman Filtering', 'Radio Ranging']",True,False,resp_00863.json
864,Generation of Augmented Bathymetry to Aid Development of Terrain-Aided Autonomous Underwater Vehicle Localization and Navigation Approaches,F. Heubach; M. Seto,2021,OCEANS 2021: San Diego – Porto,IEEE_Xplore,10.23919/OCEANS44145.2021.9705861,INCLUDE,High,Meets all SLR inclusion criteria for GPS-denied localization/navigation algorithm and platform validation.,['USV/AUV'],['Unspecified'],"['IMU', 'Radio/UWB']",['VIO'],True,False,resp_00864.json
865,OPEN: Lightweight Map-Based Semantic Navigation for GPS-Free Last-Mile Delivery,J. Wang; D. Huo; Y. Shi; C. Gao; Y. Qiao; G. Zhou,2025,IEEE Transactions on Automation Science and Engineering,IEEE_Xplore,10.1109/TASE.2025.3605356,INCLUDE,High,Meets all SLR inclusion criteria for GPS-denied localization/navigation algorithm and platform validation.,['UAV'],"['Indoor', 'Urban', 'Forest/Outdoor']","['IMU', 'Radio/UWB']",[],True,False,resp_00865.json
866,Autonomous Aerial Robots for Search and Rescue Missions,K. Sangeeta; S. B; A. Jain; V. Bhutani; L. K. Tyagi; K. A. Jabbar,2023,"2023 10th IEEE Uttar Pradesh Section International Conference on Electrical, Electronics and Computer Engineering (UPCON)",IEEE_Xplore,10.1109/UPCON59197.2023.10434325,INCLUDE,High,Meets all SLR inclusion criteria for GPS-denied localization/navigation algorithm and platform validation.,['UAV'],['Underground'],"['IMU', 'Radio/UWB']",[],True,False,resp_00866.json
867,A high-precision millimeter-wave navigation system for indoor and urban environment autonomous vehicles,A. Tang; Q. Gu,2013,2013 IEEE MTT-S International Microwave Symposium Digest (MTT),IEEE_Xplore,10.1109/MWSYM.2013.6697326,INCLUDE,High,Meets all SLR inclusion criteria for GPS-denied localization/navigation algorithm and platform validation.,['General Robotics'],"['Indoor', 'Urban']",['Radio/UWB'],[],True,False,resp_00867.json
868,Altitude Prediction Method Using CNN-LSTM for GNSS/INS/Barometer Integrated Navigation During GNSS Outages,B. Liu; Z. Deng; R. Xue,2025,2025 IEEE 101st Vehicular Technology Conference (VTC2025-Spring),IEEE_Xplore,10.1109/VTC2025-Spring65109.2025.11174829,INCLUDE,High,Meets all SLR inclusion criteria for GPS-denied localization/navigation algorithm and platform validation.,['UAV'],['Unspecified'],['IMU'],['Deep Learning'],True,False,resp_00868.json
869,Towards Deep Learning Assisted Autonomous UAVs for Manipulation Tasks in GPS-Denied Environments,A. Kumar; M. Vohra; R. Prakash; L. Behera,2020,2020 IEEE/RSJ International Conference on Intelligent Robots and Systems (IROS),IEEE_Xplore,10.1109/IROS45743.2020.9341802,INCLUDE,High,Meets all SLR inclusion criteria for GPS-denied localization/navigation algorithm and platform validation.,['UAV'],['Forest/Outdoor'],"['Camera', 'Radio/UWB']",['Deep Learning'],True,False,resp_00869.json
870,"Recent Trends, Techniques, and Applications of AI Based Autonomous Drones",H. M. Raghuwanshi; G. Dhopavkar,2026,2026 International Conference on Emerging Trends and Innovations in ICT (ICEI),IEEE_Xplore,10.1109/ICEI65890.2026.11447876,INCLUDE,High,Meets all SLR inclusion criteria for GPS-denied localization/navigation algorithm and platform validation.,['UAV'],['Urban'],"['IMU', 'Radio/UWB']","['SLAM', 'Deep Learning']",True,False,resp_00870.json
871,Research on Statistical Similarity Measure-based Outlier-Robust Fusion Method for Underwater Navigation,H. Huang; Y. Zhang; C. Dong; D. Wang; J. Wang,2025,2025 40th Youth Academic Annual Conference of Chinese Association of Automation (YAC),IEEE_Xplore,10.1109/YAC66630.2025.11150138,INCLUDE,High,Meets all SLR inclusion criteria for GPS-denied localization/navigation algorithm and platform validation.,['USV/AUV'],['Urban'],"['IMU', 'Radio/UWB']",[],True,False,resp_00871.json
872,Integrated navigation system with monocular vision and LIDAR for indoor UAVs,W. Zheng; J. Xiao; T. Xin,2017,2017 12th IEEE Conference on Industrial Electronics and Applications (ICIEA),IEEE_Xplore,10.1109/ICIEA.2017.8282971,INCLUDE,High,Meets all SLR inclusion criteria for GPS-denied localization/navigation algorithm and platform validation.,['UAV'],['Indoor'],"['Camera', 'LiDAR', 'Radio/UWB', 'Radar']",[],True,False,resp_00872.json
873,High-speed vision-based autonomous indoor navigation of a quadcopter,A. Garcia; E. Mattison; K. Ghose,2015,2015 International Conference on Unmanned Aircraft Systems (ICUAS),IEEE_Xplore,10.1109/ICUAS.2015.7152308,INCLUDE,High,Meets all SLR inclusion criteria for GPS-denied localization/navigation algorithm and platform validation.,['UAV'],['Indoor'],['Camera'],[],True,False,resp_00873.json
874,Real-time monocular visual self-localization approach using natural circular landmarks for indoor navigation,Y. Sun; N. Ding; H. Qian; Y. Xu,2012,2012 IEEE International Conference on Robotics and Biomimetics (ROBIO),IEEE_Xplore,10.1109/ROBIO.2012.6491015,INCLUDE,High,Meets all SLR inclusion criteria for GPS-denied localization/navigation algorithm and platform validation.,['UGV'],['Indoor'],"['Camera', 'Radio/UWB']",[],True,False,resp_00874.json
876,Autonomous Quadrotor Navigation Using LiDAR SLAM and Adaptive Tree-Based Path Planning in Simulation,A. Sharma; E. Liang,2024,2024 Sixth International Conference on Intelligent Computing in Data Sciences (ICDS),IEEE_Xplore,10.1109/ICDS62089.2024.10756422,INCLUDE,High,Meets all SLR inclusion criteria for GPS-denied localization/navigation algorithm and platform validation.,['UAV'],['Unspecified'],"['IMU', 'LiDAR', 'Radio/UWB']",['SLAM'],True,False,resp_00876.json
877,Autonomous wheelchair navigation in unmapped indoor environments,H. S. Grewal; N. T. Jayaprakash; A. Matthews; C. Shrivastav; K. George,2018,2018 IEEE International Instrumentation and Measurement Technology Conference (I2MTC),IEEE_Xplore,10.1109/I2MTC.2018.8409854,INCLUDE,High,Meets all SLR inclusion criteria for GPS-denied localization/navigation algorithm and platform validation.,['UGV'],['Indoor'],"['Camera', 'IMU', 'LiDAR', 'Radio/UWB']",['Radio Ranging'],True,False,resp_00877.json
878,LiDAR-GNSS Fusion to Initiate Localization at Intermediate Points on a 3D Point Cloud Map,A. Thakur; C. A. R. Ram; S. Sathvik; P. Rajalakshmi,2024,2024 IEEE 100th Vehicular Technology Conference (VTC2024-Fall),IEEE_Xplore,10.1109/VTC2024-Fall63153.2024.10757568,INCLUDE,High,Meets all SLR inclusion criteria for GPS-denied localization/navigation algorithm and platform validation.,['General Robotics'],['Unspecified'],"['LiDAR', 'Radio/UWB']",[],True,False,resp_00878.json
879,Development of Omni-Wheeled Mobile Robot Based-on Inverse Kinematics and Odometry,A. Sofwan; H. R. Mulyana; H. Afrisal; A. Goni,2019,"2019 6th International Conference on Information Technology, Computer and Electrical Engineering (ICITACEE)",IEEE_Xplore,10.1109/ICITACEE.2019.8904418,INCLUDE,High,Meets all SLR inclusion criteria for GPS-denied localization/navigation algorithm and platform validation.,['UGV'],['Indoor'],"['IMU', 'Radio/UWB']",[],True,False,resp_00879.json
880,A Precision Loop Closure Detection Technique for AUV Bathymetric SLAM in the Absence of a DVL,Y. Gong; T. Ma; Y. Li; M. Yuan; A. Pascoal,2025,IEEE Transactions on Instrumentation and Measurement,IEEE_Xplore,10.1109/TIM.2025.3547113,INCLUDE,High,Meets all SLR inclusion criteria for GPS-denied localization/navigation algorithm and platform validation.,['USV/AUV'],['Urban'],"['IMU', 'LiDAR', 'Sonar/DVL']",['SLAM'],True,False,resp_00880.json
881,PolROV (Polman Education Platform of Underwater Robot) Monitoring Navigation Design Using PID Controller Method,H. Khoirunnisa; S. C. Abadi; P. Anggraeni; Rudi,2024,2024 IEEE International Conference on Computing (ICOCO),IEEE_Xplore,10.1109/ICOCO62848.2024.10928203,INCLUDE,High,Meets all SLR inclusion criteria for GPS-denied localization/navigation algorithm and platform validation.,['USV/AUV'],['Underground'],"['IMU', 'Radio/UWB']",[],True,False,resp_00881.json
882,The Cost-Effective Frontier: Optimal IMU Selection for UAV Navigation via Q-R-IMU Triad Coupling Analysis,X. Ma; M. Shi; Y. Dong; J. Zhou; X. Du; J. Yang,2025,2025 IEEE International Conference on Unmanned Systems (ICUS),IEEE_Xplore,10.1109/ICUS66297.2025.11295402,INCLUDE,High,Meets all SLR inclusion criteria for GPS-denied localization/navigation algorithm and platform validation.,['UAV'],['Urban'],['IMU'],['Kalman Filtering'],True,False,resp_00882.json
883,Semi-Autonomous Teleoperated Robot for Enhanced Human-Machine Interaction,G. B. Menti; V. R. Chowdary; N. L. P. Nagasarapu; G. K. Godugunuri; P. Abburi; J. Yerramsetty,2025,2025 International Conference on Multi-Agent Systems for Collaborative Intelligence (ICMSCI),IEEE_Xplore,10.1109/ICMSCI62561.2025.10894321,INCLUDE,High,Meets all SLR inclusion criteria for GPS-denied localization/navigation algorithm and platform validation.,['General Robotics'],['Unspecified'],['Radio/UWB'],[],True,False,resp_00883.json
884,Polarimetric Study of MMW Imaging Radars for Indoor Navigation and Mapping,M. Moallem; K. Sarabandi,2014,IEEE Transactions on Antennas and Propagation,IEEE_Xplore,10.1109/TAP.2013.2289354,INCLUDE,High,Meets all SLR inclusion criteria for GPS-denied localization/navigation algorithm and platform validation.,['General Robotics'],['Indoor'],['Radar'],[],True,False,resp_00884.json
885,A MAV Platform for Indoors and Outdoors Autonomous Navigation in GPS-denied Environments,J. A. Reyes-Munoz; A. Flores-Abad,2021,2021 IEEE 17th International Conference on Automation Science and Engineering (CASE),IEEE_Xplore,10.1109/CASE49439.2021.9551409,INCLUDE,High,Meets all SLR inclusion criteria for GPS-denied localization/navigation algorithm and platform validation.,['UAV'],"['Indoor', 'Forest/Outdoor']",['Radio/UWB'],[],True,False,resp_00885.json
886,FTM-Broadcast: Efficient Network-wide Ranging,Y. Busnel; H. Rivano,2023,2023 13th International Conference on Indoor Positioning and Indoor Navigation (IPIN),IEEE_Xplore,10.1109/IPIN57070.2023.10332504,INCLUDE,High,Meets all SLR inclusion criteria for GPS-denied localization/navigation algorithm and platform validation.,['General Robotics'],['Indoor'],"['IMU', 'Radio/UWB']",['Radio Ranging'],True,False,resp_00886.json
887,Hybrid control architecture for mobile robots navigation in partially known environments,M. Hank; M. Haddad,2014,"2014 11th International Conference on Informatics in Control, Automation and Robotics (ICINCO)",IEEE_Xplore,10.5220/0005067305130521,INCLUDE,High,Meets all SLR inclusion criteria for GPS-denied localization/navigation algorithm and platform validation.,['UGV'],['Unspecified'],['IMU'],['VIO'],True,False,resp_00887.json
888,Optical Flow as a navigation means for UAV,A. Miller; B. Miller; A. Popov; K. Stepanyan,2018,2018 Australian & New Zealand Control Conference (ANZCC),IEEE_Xplore,10.1109/ANZCC.2018.8606563,INCLUDE,High,Meets all SLR inclusion criteria for GPS-denied localization/navigation algorithm and platform validation.,['UAV'],['Unspecified'],['Radio/UWB'],[],True,False,resp_00888.json
889,GoIn - An Accurate 3D InDoor Navigation Framework for Mobile Devices,V. Landa; B. Ben-Moshe; S. Hacohen; N. Shvalb,2018,2018 International Conference on Indoor Positioning and Indoor Navigation (IPIN),IEEE_Xplore,10.1109/IPIN.2018.8533810,INCLUDE,High,Meets all SLR inclusion criteria for GPS-denied localization/navigation algorithm and platform validation.,['General Robotics'],['Indoor'],['Camera'],[],True,False,resp_00889.json
890,Object recognition to support indoor robot navigation,M. Takács; T. Bencze; M. Z. Szabó-Resch; Z. Vámossy,2015,2015 16th IEEE International Symposium on Computational Intelligence and Informatics (CINTI),IEEE_Xplore,10.1109/CINTI.2015.7382930,INCLUDE,High,Meets all SLR inclusion criteria for GPS-denied localization/navigation algorithm and platform validation.,['General Robotics'],['Indoor'],['Radio/UWB'],[],True,False,resp_00890.json
891,SLAM based adaptive navigation of AUVs for oil spill cleaning,J. Song; K. Qiu; S. Gupta; J. Hare,2014,2014 Oceans - St. John's,IEEE_Xplore,10.1109/OCEANS.2014.7003028,INCLUDE,High,Meets all SLR inclusion criteria for GPS-denied localization/navigation algorithm and platform validation.,['USV/AUV'],['Indoor'],"['IMU', 'Radio/UWB']",['SLAM'],True,False,resp_00891.json
892,WSS-Free Localization Framework Using Dual-GNSS and Motor RPM for Autonomous Ground Vehicles,K. R. Kumar,2026,"2026 12th International Conference on Control, Automation and Robotics (ICCAR)",IEEE_Xplore,10.1109/ICCAR69571.2026.11549754,INCLUDE,High,Meets all SLR inclusion criteria for GPS-denied localization/navigation algorithm and platform validation.,['UGV'],['Urban'],['IMU'],['Kalman Filtering'],True,False,resp_00892.json
893,"An Autonomous Irrigation Robot Based on ROS2, YOLOv8 and Distributed ESP32 WMN Architecture",Y. Fang; H. Hafizh; M. Ateeq,2024,2024 IEEE International Conference on Smart Internet of Things (SmartIoT),IEEE_Xplore,10.1109/SmartIoT62235.2024.00065,INCLUDE,High,Meets all SLR inclusion criteria for GPS-denied localization/navigation algorithm and platform validation.,['General Robotics'],['Indoor'],['LiDAR'],['SLAM'],True,False,resp_00893.json
894,Real-Time Uncertainty-Aware Motion Planning for Magnetic-Based Navigation,A. Penumarti; H. Ramos; K. Waters; K. Brink; J. Shin,2026,IEEE Access,IEEE_Xplore,10.1109/ACCESS.2026.3661848,INCLUDE,High,Meets all SLR inclusion criteria for GPS-denied localization/navigation algorithm and platform validation.,['General Robotics'],['Indoor'],['IMU'],[],True,False,resp_00894.json
895,Collision-Free Navigation in Human-Following Task Using a Cognitive Robotic System on Differential Drive Vehicles,C. V. Dang; H. Ahn; J. -W. Kim; S. C. Lee,2023,IEEE Transactions on Cognitive and Developmental Systems,IEEE_Xplore,10.1109/TCDS.2022.3145915,INCLUDE,High,Meets all SLR inclusion criteria for GPS-denied localization/navigation algorithm and platform validation.,['UGV'],['Unspecified'],"['Camera', 'Radio/UWB']",['Radio Ranging'],True,False,resp_00895.json
896,Robust autonomous flight and mission management for MAVs in GPS-denied environments,Y. Bi; M. Lan; J. Li; K. Zhang; H. Qin; S. Lai; B. M. Chen,2017,2017 11th Asian Control Conference (ASCC),IEEE_Xplore,10.1109/ASCC.2017.8287144,INCLUDE,High,Meets all SLR inclusion criteria for GPS-denied localization/navigation algorithm and platform validation.,['UAV'],['Unspecified'],"['Camera', 'LiDAR', 'Radio/UWB']",['Kalman Filtering'],True,False,resp_00896.json
897,"New localization strategy for mobile robot transportation in life science automation using StarGazer sensor, time series modeling and Kalman filter processing",H. Liu; N. Stoll; S. Junginger; K. Thurow,2015,2015 IEEE International Conference on Robotics and Biomimetics (ROBIO),IEEE_Xplore,10.1109/ROBIO.2015.7418761,INCLUDE,High,Meets all SLR inclusion criteria for GPS-denied localization/navigation algorithm and platform validation.,['UGV'],['Indoor'],[],['Kalman Filtering'],True,False,resp_00897.json
898,IMU/Camera/GNSS/UWB Integrated Localization Method Based on Factor Graph Optimization,R. Yang; N. Wang; Z. Xu; Y. Huang; X. Zhong,2025,2025 37th Chinese Control and Decision Conference (CCDC),IEEE_Xplore,10.1109/CCDC65474.2025.11091141,INCLUDE,High,Meets all SLR inclusion criteria for GPS-denied localization/navigation algorithm and platform validation.,['UGV'],['Unspecified'],"['Camera', 'IMU', 'Radio/UWB']","['VIO', 'Factor Graph Optimization', 'Radio Ranging']",True,False,resp_00898.json
899,Applying and Exploring Supervised Contrastive Regression for Vision-Based Steering Prediction,Y. Chang; Y. Cheng; J. Murray; U. Manzoor; M. Khalid; F. Cao,2023,2023 28th International Conference on Automation and Computing (ICAC),IEEE_Xplore,10.1109/ICAC57885.2023.10275153,INCLUDE,High,Meets all SLR inclusion criteria for GPS-denied localization/navigation algorithm and platform validation.,['General Robotics'],"['Indoor', 'Forest/Outdoor']","['Camera', 'Radio/UWB']",[],True,False,resp_00899.json
900,Geomagnetic Gradient-Assisted Evolutionary Algorithm for Long-Range Underwater Navigation,J. Zhang; T. Zhang; H. -S. Shin; J. Wang; C. Zhang,2021,IEEE Transactions on Instrumentation and Measurement,IEEE_Xplore,10.1109/TIM.2020.3034966,INCLUDE,High,Meets all SLR inclusion criteria for GPS-denied localization/navigation algorithm and platform validation.,['USV/AUV'],['Unspecified'],"['IMU', 'Radio/UWB']",['VIO'],True,False,resp_00900.json
901,Deep Neural Network Based Inertial Odometry Using Low-Cost Inertial Measurement Units,C. Chen; C. X. Lu; J. Wahlström; A. Markham; N. Trigoni,2021,IEEE Transactions on Mobile Computing,IEEE_Xplore,10.1109/TMC.2019.2960780,INCLUDE,High,Meets all SLR inclusion criteria for GPS-denied localization/navigation algorithm and platform validation.,['General Robotics'],['Indoor'],"['IMU', 'Radio/UWB']","['Deep Learning', 'Factor Graph Optimization']",True,False,resp_00901.json
902,Coastal SLAM With Marine Radar for USV Operation in GPS-Restricted Situations,J. Han; Y. Cho; J. Kim,2019,IEEE Journal of Oceanic Engineering,IEEE_Xplore,10.1109/JOE.2018.2883887,INCLUDE,High,Meets all SLR inclusion criteria for GPS-denied localization/navigation algorithm and platform validation.,['USV/AUV'],"['Forest/Outdoor', 'Adversarial']","['IMU', 'LiDAR', 'Radio/UWB', 'Radar']",['SLAM'],True,False,resp_00902.json
903,Appearance-Based Indoor Navigation by IBVS Using Line Segments,S. R. Bista; P. R. Giordano; F. Chaumette,2016,IEEE Robotics and Automation Letters,IEEE_Xplore,10.1109/LRA.2016.2521907,INCLUDE,High,Meets all SLR inclusion criteria for GPS-denied localization/navigation algorithm and platform validation.,['UGV'],"['Indoor', 'Urban']",['Camera'],[],True,False,resp_00903.json
904,Direct Georeferencing 3D Points Cloud Map Based on SLAM and Robot Operating System,F. Hariz; H. Souifi; R. Leblanc; Y. Bouslimani; M. Ghribi; E. Langin; D. Mccarthy,2021,2021 IEEE International Symposium on Robotic and Sensors Environments (ROSE),IEEE_Xplore,10.1109/ROSE52750.2021.9611774,INCLUDE,High,Meets all SLR inclusion criteria for GPS-denied localization/navigation algorithm and platform validation.,['General Robotics'],"['Underground', 'Urban']","['IMU', 'LiDAR', 'Radio/UWB']",['SLAM'],True,False,resp_00904.json
905,Cooperative Localization in Unknown Environment towards Multi-Robot Systems,X. Yang; L. Zhou; C. Zhang; X. Tian; Y. Li,2024,2024 43rd Chinese Control Conference (CCC),IEEE_Xplore,10.23919/CCC63176.2024.10661940,INCLUDE,High,Meets all SLR inclusion criteria for GPS-denied localization/navigation algorithm and platform validation.,['General Robotics'],['Unspecified'],"['Camera', 'IMU', 'Radio/UWB']","['Kalman Filtering', 'Radio Ranging']",True,False,resp_00905.json
906,Implementation of DV-Hop Algorithm For Mobile Robot Navigation,A. Malhotra; A. Malhotra; Y. Patil,2019,2019 IEEE 5th International Conference for Convergence in Technology (I2CT),IEEE_Xplore,10.1109/I2CT45611.2019.9033566,INCLUDE,High,Meets all SLR inclusion criteria for GPS-denied localization/navigation algorithm and platform validation.,['UGV'],['Indoor'],"['LiDAR', 'Radio/UWB']",[],True,False,resp_00906.json
907,Multi-Modal Fusion for End-to-End Underwater Navigation System,Y. Hao; S. Yan; Z. Wu; S. Wang; B. He; J. Yu,2025,2025 40th Youth Academic Annual Conference of Chinese Association of Automation (YAC),IEEE_Xplore,10.1109/YAC66630.2025.11150189,INCLUDE,High,Meets all SLR inclusion criteria for GPS-denied localization/navigation algorithm and platform validation.,['USV/AUV'],['Unspecified'],"['Camera', 'IMU', 'Radio/UWB', 'Sonar/DVL']",[],True,False,resp_00907.json
908,Path planning in GPS-denied environments: A collective intelligence approach,P. Chattopadhyay; D. K. Jha; S. Sarkar; A. Ray,2015,2015 American Control Conference (ACC),IEEE_Xplore,10.1109/ACC.2015.7171806,INCLUDE,High,Meets all SLR inclusion criteria for GPS-denied localization/navigation algorithm and platform validation.,['UGV'],['Unspecified'],[],[],True,False,resp_00908.json
909,Deep Network Uncertainty Maps for Indoor Navigation,F. Verdoja; J. Lundell; V. Kyrki,2019,2019 IEEE-RAS 19th International Conference on Humanoid Robots (Humanoids),IEEE_Xplore,10.1109/Humanoids43949.2019.9035016,INCLUDE,High,Meets all SLR inclusion criteria for GPS-denied localization/navigation algorithm and platform validation.,['UGV'],['Indoor'],"['LiDAR', 'Radio/UWB']",['Deep Learning'],True,False,resp_00909.json
910,A Mobile Robot with the Functions of Visual Navigation and Digital Identification,Z. Chen; K. Zhang; Y. Huang; X. Gao,2022,2022 IEEE International Conference on Mechatronics and Automation (ICMA),IEEE_Xplore,10.1109/ICMA54519.2022.9856306,INCLUDE,High,Meets all SLR inclusion criteria for GPS-denied localization/navigation algorithm and platform validation.,['UGV'],['Unspecified'],"['Camera', 'Radio/UWB']",[],True,False,resp_00910.json
911,Step-Detection-Controlled Robot Dog Guide for Visually Impaired Pedestrians,A. Hamadi; A. Latoui,2024,2024 International Conference on Advances in Electrical and Communication Technologies (ICAECOT),IEEE_Xplore,10.1109/ICAECOT62402.2024.10828936,INCLUDE,High,Meets all SLR inclusion criteria for GPS-denied localization/navigation algorithm and platform validation.,['General Robotics'],['Urban'],"['Camera', 'IMU', 'Radio/UWB']",[],True,False,resp_00911.json
912,A Color Mask and Trained Image Set for the Creation of New Technique for Indoor Robotic Navigation,K. Warnakulasooriya; B. Sudantha; C. Premachandra,2018,2018 3rd International Conference on Information Technology Research (ICITR),IEEE_Xplore,10.1109/ICITR.2018.8736147,INCLUDE,High,Meets all SLR inclusion criteria for GPS-denied localization/navigation algorithm and platform validation.,['General Robotics'],['Indoor'],[],[],True,False,resp_00912.json
913,The development and research of the indoor navigation system for a mobile robot with the possibility of obstacle detection,A. Tyukin; I. Lebedev; A. Priorov,2014,Proceedings of 16th Conference of Open Innovations Association FRUCT,IEEE_Xplore,10.1109/FRUCT.2014.7000939,INCLUDE,High,Meets all SLR inclusion criteria for GPS-denied localization/navigation algorithm and platform validation.,['UGV'],['Indoor'],['Camera'],[],True,False,resp_00913.json
914,GUI-Controlled Autonomous Wheelchair Navigation with Robust Sensor Fusion and Recovery,D. C. Manjooran; N. Prasaad Selvarajan,2025,2025 International Conference on Robotics and Mechatronics (ICRM),IEEE_Xplore,10.1109/ICRM66809.2025.11349065,INCLUDE,High,Meets all SLR inclusion criteria for GPS-denied localization/navigation algorithm and platform validation.,['UGV'],['Indoor'],"['IMU', 'LiDAR', 'Radio/UWB']",['Kalman Filtering'],True,False,resp_00914.json
915,Management of Subdivided Dynamic Indoor Environments by Autonomous Scanning System,J. Lee; M. Seo; J. Kim; S. Hwang; T. Kim; K. -S. Kim,2018,2018 IEEE First International Conference on Artificial Intelligence and Knowledge Engineering (AIKE),IEEE_Xplore,10.1109/AIKE.2018.00051,INCLUDE,High,Meets all SLR inclusion criteria for GPS-denied localization/navigation algorithm and platform validation.,['General Robotics'],"['Indoor', 'Forest/Outdoor']","['LiDAR', 'Radio/UWB']",[],True,False,resp_00915.json
916,Electromagnetic orientation using MIMO channel sounding in a GPS-denied environment,P. DeFranco; J. Mackie; K. Warnick,2013,2013 USNC-URSI Radio Science Meeting (Joint with AP-S Symposium),IEEE_Xplore,10.1109/USNC-URSI.2013.6715488,INCLUDE,High,Meets all SLR inclusion criteria for GPS-denied localization/navigation algorithm and platform validation.,['UAV'],['Underground'],"['IMU', 'Radio/UWB', 'Sonar/DVL', 'Radar']",[],True,False,resp_00916.json
917,Robot Navigation: Contrastive Learning of DistilBERT-Based Semantic Embeddings for Scene Understanding,I. Asante; L. B. Theng; M. T. K. Tsun; C. McCarthy,2025,2025 IEEE Symposium on Industrial Electronics & Applications (ISIEA),IEEE_Xplore,10.1109/ISIEA65768.2025.11138344,INCLUDE,High,Meets all SLR inclusion criteria for GPS-denied localization/navigation algorithm and platform validation.,['UGV'],['Indoor'],"['Camera', 'Radio/UWB']",[],True,False,resp_00917.json
918,Underwater Dredging Robot Navigation in Structured Environments Based on Imaging Sonar Features,X. Tian; C. Zhang; M. Cong; D. Pan; D. Liu; Y. Du,2024,"2024 IEEE 14th International Conference on CYBER Technology in Automation, Control, and Intelligent Systems (CYBER)",IEEE_Xplore,10.1109/CYBER63482.2024.10749201,INCLUDE,High,Meets all SLR inclusion criteria for GPS-denied localization/navigation algorithm and platform validation.,['USV/AUV'],['Underground'],"['IMU', 'LiDAR', 'Sonar/DVL']",['Kalman Filtering'],True,False,resp_00918.json
919,A flexible and scalable SLAM system with full 3D motion estimation,S. Kohlbrecher; O. von Stryk; J. Meyer; U. Klingauf,2011,"2011 IEEE International Symposium on Safety, Security, and Rescue Robotics",IEEE_Xplore,10.1109/SSRR.2011.6106777,INCLUDE,High,Meets all SLR inclusion criteria for GPS-denied localization/navigation algorithm and platform validation.,['General Robotics'],['Urban'],"['IMU', 'LiDAR', 'Radio/UWB']",['SLAM'],True,False,resp_00919.json
920,Aided Navigation Techniques for Indoor and Outdoor Unmanned Vehicles,G. Tuna; K. Gulez,2012,"2012 5th International Conference on New Technologies, Mobility and Security (NTMS)",IEEE_Xplore,10.1109/NTMS.2012.6208744,INCLUDE,High,Meets all SLR inclusion criteria for GPS-denied localization/navigation algorithm and platform validation.,['General Robotics'],"['Indoor', 'Forest/Outdoor']","['IMU', 'LiDAR', 'Radio/UWB']",['Kalman Filtering'],True,False,resp_00920.json
921,Improved Multi-Sensor Fusion by Federated Invariant Kalman Filtering for Underwater Vehicle State Estimation,A. Azmi; N. Shaukat; P. Otero,2025,"2025 7th International Conference on Electrical, Control and Instrumentation Engineering (ICECIE)",IEEE_Xplore,10.1109/ICECIE66637.2025.11363791,INCLUDE,High,Meets all SLR inclusion criteria for GPS-denied localization/navigation algorithm and platform validation.,['USV/AUV'],['Urban'],"['IMU', 'Sonar/DVL']",['Kalman Filtering'],True,False,resp_00921.json
922,Mapping GPS-denied aquatic environments,R. Codd-Downey; M. Jenkin,2016,2016 IEEE International Conference on Information and Automation (ICIA),IEEE_Xplore,10.1109/ICInfA.2016.7831875,INCLUDE,High,Meets all SLR inclusion criteria for GPS-denied localization/navigation algorithm and platform validation.,['USV/AUV'],"['Indoor', 'Underground']","['IMU', 'Radio/UWB']",['SLAM'],True,False,resp_00922.json
923,Development of Low Cost Inventory Management System using UAV,B. D. Majumder; J. Halder; D. Mistry; T. S. Roy; B. Kundu,2024,2024 International Conference on Big Data Analytics in Bioinformatics (DABCon),IEEE_Xplore,10.1109/DABCon63472.2024.10919278,INCLUDE,High,Meets all SLR inclusion criteria for GPS-denied localization/navigation algorithm and platform validation.,['UAV'],"['Indoor', 'Underground']",['Radio/UWB'],[],True,False,resp_00923.json
924,Advancing Autonomy: A Thematic Synthesis of Active SLAM Research in Robotic Exploration and Mapping,Z. Dai; D. Tu; Y. Peng,2025,2025 3rd International Conference on Artificial Intelligence and Automation Control (AIAC),IEEE_Xplore,10.1109/AIAC68175.2025.11332516,INCLUDE,High,Meets all SLR inclusion criteria for GPS-denied localization/navigation algorithm and platform validation.,['USV/AUV'],['Unspecified'],"['IMU', 'Radio/UWB']","['SLAM', 'Deep Learning', 'Factor Graph Optimization']",True,False,resp_00924.json
925,Techniques for Constructing Indoor Navigation Systems for the Visually Impaired: A Review,R. N. Kandalan; K. Namuduri,2020,IEEE Transactions on Human-Machine Systems,IEEE_Xplore,10.1109/THMS.2020.3016051,INCLUDE,High,Meets all SLR inclusion criteria for GPS-denied localization/navigation algorithm and platform validation.,['General Robotics'],['Indoor'],"['Camera', 'Radio/UWB']",[],True,False,resp_00925.json
926,The Cloudlet MEC Enabling ISAR Based Indoor Localization and Navigation System Using Passive UHF RFID,S. Zhao,2021,2021 3rd International Academic Exchange Conference on Science and Technology Innovation (IAECST),IEEE_Xplore,10.1109/IAECST54258.2021.9695729,INCLUDE,High,Meets all SLR inclusion criteria for GPS-denied localization/navigation algorithm and platform validation.,['General Robotics'],['Indoor'],"['Radio/UWB', 'Radar']",[],True,False,resp_00926.json
927,Drone Agents: learning to fly to learn how to see,D. D. Pietra; K. Govindarajan; F. Granelli; A. Rosani; N. Garau,2025,2025 IEEE International Conference on Advanced Visual and Signal-Based Systems (AVSS),IEEE_Xplore,10.1109/AVSS65446.2025.11149899,INCLUDE,High,Meets all SLR inclusion criteria for GPS-denied localization/navigation algorithm and platform validation.,['UAV'],['Urban'],"['Camera', 'IMU']",[],True,False,resp_00927.json
928,A Method for Enhanced Depth Detection in Underwater Navigation: Implementation and Comparative Study,S. M. Annapurna; R. Sarath Chandran; T. P. Haneesh Sankar; K. R. Rajesh,2025,2025 International Symposium on Ocean Technology (SYMPOL),IEEE_Xplore,10.1109/SYMPOL68153.2025.11395649,INCLUDE,High,Meets all SLR inclusion criteria for GPS-denied localization/navigation algorithm and platform validation.,['USV/AUV'],['Urban'],"['IMU', 'Radio/UWB', 'Sonar/DVL']",[],True,False,resp_00928.json
929,Semi-Aerodynamic-Model-Aided Filtering Algorithm for Fixed-Wing Unmanned Aerial Vehicles,X. Ye; F. Song; Z. He; Y. Cai; X. Zhang; D. Huang,2025,2025 International Conference of Mechanical Engineering on Aerospace (CoMEA),IEEE_Xplore,10.1109/CoMEA66280.2025.11241926,INCLUDE,High,Meets all SLR inclusion criteria for GPS-denied localization/navigation algorithm and platform validation.,['UAV'],['Unspecified'],['Radio/UWB'],['Kalman Filtering'],True,False,resp_00929.json
930,Feature-Based Bathymetric Matching of Autonomous Underwater Vehicle Transects using Robust Gaussian Processes,Ø. Sture; M. Ludvigsen,2023,Field Robotics,IEEE_Xplore,10.55417/fr.2023017,INCLUDE,High,Meets all SLR inclusion criteria for GPS-denied localization/navigation algorithm and platform validation.,['USV/AUV'],['Urban'],"['Camera', 'IMU', 'Radio/UWB', 'Sonar/DVL']",[],True,False,resp_00930.json
931,Pedestrian Navigation Using Waist-Mounted IMU and RTK,J. Huang; M. Zou; S. Wang; Y. Chen; X. Liu; H. Peng; Y. Liu,2025,IEEE Sensors Journal,IEEE_Xplore,10.1109/JSEN.2024.3515106,INCLUDE,High,Meets all SLR inclusion criteria for GPS-denied localization/navigation algorithm and platform validation.,['General Robotics'],"['Indoor', 'Underground', 'Forest/Outdoor']",['IMU'],[],True,False,resp_00931.json
932,Development of a Plug-and-Play Infrared Landing System for Multirotor Unmanned Aerial Vehicles,E. Nowak; K. Gupta; H. Najjaran,2017,2017 14th Conference on Computer and Robot Vision (CRV),IEEE_Xplore,10.1109/CRV.2017.23,INCLUDE,High,Meets all SLR inclusion criteria for GPS-denied localization/navigation algorithm and platform validation.,['UAV'],"['Underground', 'Forest/Outdoor']","['Camera', 'Radio/UWB']",['VIO'],True,False,resp_00932.json
933,PLUS-CODE+: Zero-Installment Rover Indoor Localization,A. Khudoyberdiev; H. Young Kim; J. Ryoo,2025,IEEE Sensors Journal,IEEE_Xplore,10.1109/JSEN.2025.3561331,INCLUDE,High,Meets all SLR inclusion criteria for GPS-denied localization/navigation algorithm and platform validation.,['UGV'],"['Indoor', 'Forest/Outdoor']","['Camera', 'Radio/UWB']",['Deep Learning'],True,False,resp_00933.json
934,Safe and Predictive Path-Planning of Autonomous Underwater Vehicles in a Dynamic Cluttered Environment,R. Makam; A. Nair; R. Majumder; S. Sundaram,2025,OCEANS 2025 Brest,IEEE_Xplore,10.1109/OCEANS58557.2025.11104587,INCLUDE,High,Meets all SLR inclusion criteria for GPS-denied localization/navigation algorithm and platform validation.,['USV/AUV'],['Unspecified'],"['IMU', 'Radio/UWB']",[],True,False,resp_00934.json
935,Model-Aided INS With Sea Current Estimation for Robust Underwater Navigation,Ø. Hegrenaes; O. Hallingstad,2011,IEEE Journal of Oceanic Engineering,IEEE_Xplore,10.1109/JOE.2010.2100470,INCLUDE,High,Meets all SLR inclusion criteria for GPS-denied localization/navigation algorithm and platform validation.,['USV/AUV'],"['Underground', 'Urban']","['IMU', 'Radio/UWB', 'Sonar/DVL']",[],True,False,resp_00935.json
936,A Robust Graph-Based Bathymetric Simultaneous Localization and Mapping Approach for AUVs,D. Zhang; S. Chang; G. Zou; C. Wan; H. Li,2024,IEEE Journal of Oceanic Engineering,IEEE_Xplore,10.1109/JOE.2024.3401969,INCLUDE,High,Meets all SLR inclusion criteria for GPS-denied localization/navigation algorithm and platform validation.,['USV/AUV'],['Unspecified'],"['IMU', 'LiDAR', 'Radio/UWB']","['SLAM', 'Factor Graph Optimization']",True,False,resp_00936.json
937,A Model-Based Tightly Coupled Architecture for Low-Cost Unmanned Aerial Vehicles for Real-Time Applications,H. A. Mwenegoha; T. Moore; J. Pinchin; M. Jabbal,2025,IEEE Access,IEEE_Xplore,10.1109/ACCESS.2020.3038530,INCLUDE,High,Meets all SLR inclusion criteria for GPS-denied localization/navigation algorithm and platform validation.,['UAV'],['Urban'],"['IMU', 'Radio/UWB']",['Kalman Filtering'],True,False,resp_00937.json
938,Hierarchical End-to-End Autonomous Navigation Through Few-Shot Waypoint Detection,A. Ghafourian; Z. CuiZhu; D. Shi; I. Chuang; F. Charette; R. Sachdeva; I. Soltani,2024,IEEE Robotics and Automation Letters,IEEE_Xplore,10.1109/LRA.2024.3365294,INCLUDE,High,Meets all SLR inclusion criteria for GPS-denied localization/navigation algorithm and platform validation.,['UGV'],['Indoor'],['Radio/UWB'],['VIO'],True,False,resp_00938.json
939,Proposal of a Multimodal Interactive Architecture Based on a Social Indoor and Outdoor Navigation System,H. N. Silva; E. G. Paulino; J. Diaz-Amado; C. Lima,2023,"2023 Latin American Robotics Symposium (LARS), 2023 Brazilian Symposium on Robotics (SBR), and 2023 Workshop on Robotics in Education (WRE)",IEEE_Xplore,10.1109/LARS/SBR/WRE59448.2023.10332955,INCLUDE,High,Meets all SLR inclusion criteria for GPS-denied localization/navigation algorithm and platform validation.,['General Robotics'],"['Indoor', 'Forest/Outdoor']",['Radio/UWB'],['VIO'],True,False,resp_00939.json
940,Design and Implementation of Home Service Robot,L. Zhi-jie; C. Ming-yu; Z. Zhi-ming; Y. You-ling,2020,2020 Chinese Automation Congress (CAC),IEEE_Xplore,10.1109/CAC51589.2020.9327151,INCLUDE,High,Meets all SLR inclusion criteria for GPS-denied localization/navigation algorithm and platform validation.,['General Robotics'],['Unspecified'],"['Camera', 'IMU', 'LiDAR', 'Radio/UWB']",['SLAM'],True,False,resp_00940.json
941,Wearable Navigation System for the Visually Impaired and Blind People,E. B. Kaiser; M. Lawo,2012,2012 IEEE/ACIS 11th International Conference on Computer and Information Science,IEEE_Xplore,10.1109/ICIS.2012.118,INCLUDE,High,Meets all SLR inclusion criteria for GPS-denied localization/navigation algorithm and platform validation.,"['UGV', 'Wearable']","['Indoor', 'Forest/Outdoor']","['Camera', 'IMU', 'LiDAR', 'Radio/UWB']",['SLAM'],True,False,resp_00941.json
942,A Positioning Error Correction Method for Dead-Reckoning Navigation of Underwater Vehicles,P. Liu; B. Wang; Z. Li; Z. Zhu; J. Liang,2025,IEEE Transactions on Instrumentation and Measurement,IEEE_Xplore,10.1109/TIM.2025.3602533,INCLUDE,High,Meets all SLR inclusion criteria for GPS-denied localization/navigation algorithm and platform validation.,['USV/AUV'],['Urban'],"['IMU', 'Radio/UWB']",['Deep Learning'],True,False,resp_00942.json
943,A High Precision Aerial Indoor AI-Based Inspection System,V. Donato; A. Moccardi; C. Conte; G. d. Alteriis; P. Accardo; M. Federico; D. Cesiro; R. S. L. Moriello; F. Amato; G. Rufino; D. Accardo,2025,2025 IEEE 12th International Workshop on Metrology for AeroSpace (MetroAeroSpace),IEEE_Xplore,10.1109/MetroAeroSpace64938.2025.11114446,INCLUDE,High,Meets all SLR inclusion criteria for GPS-denied localization/navigation algorithm and platform validation.,['UAV'],['Indoor'],['IMU'],[],True,False,resp_00943.json
944,Trajectory based fuzzy controller for indoor navigation,V. Raudonis; R. Maskeliunas,2011,2011 IEEE 12th International Symposium on Computational Intelligence and Informatics (CINTI),IEEE_Xplore,10.1109/CINTI.2011.6108474,INCLUDE,High,Meets all SLR inclusion criteria for GPS-denied localization/navigation algorithm and platform validation.,['UGV'],"['Indoor', 'Urban']",['Camera'],[],True,False,resp_00944.json
945,Appearance-based indoor navigation by IBVS using mutual information,S. Raj; P. R. Giordano; F. Chaumette,2016,"2016 14th International Conference on Control, Automation, Robotics and Vision (ICARCV)",IEEE_Xplore,10.1109/ICARCV.2016.7838760,INCLUDE,High,Meets all SLR inclusion criteria for GPS-denied localization/navigation algorithm and platform validation.,['UGV'],"['Indoor', 'Urban']",['Camera'],[],True,False,resp_00945.json
946,A Control Barrier Function Based Visual Servoing Framework for Safe Operation of UAVs in GNSS Denied Settings using Fiducial Markers,A. Lynch; C. Lyu; J. Buzzatto; S. Heshmati-Alamdari; M. Liarokapis,2024,2024 IEEE International Symposium on Safety Security Rescue Robotics (SSRR),IEEE_Xplore,10.1109/SSRR62954.2024.10770045,INCLUDE,High,Meets all SLR inclusion criteria for GPS-denied localization/navigation algorithm and platform validation.,['UAV'],"['Indoor', 'Forest/Outdoor']",['Camera'],[],True,False,resp_00946.json
947,Toward Safer Navigation of Heterogeneous Mobile Robots in Distributed Scheme: A Novel Time-to-Collision-Based Method,M. Shahriari; M. Biglarbegian,2022,IEEE Transactions on Cybernetics,IEEE_Xplore,10.1109/TCYB.2021.3110196,INCLUDE,High,Meets all SLR inclusion criteria for GPS-denied localization/navigation algorithm and platform validation.,['UGV'],"['Indoor', 'Underground']","['IMU', 'Radio/UWB']",[],True,False,resp_00947.json
948,Hybrid Tightly-Coupled SINS/LBL for Underwater Navigation System,Y. Zhu; L. Zhou,2024,IEEE Access,IEEE_Xplore,10.1109/ACCESS.2021.3051398,INCLUDE,High,Meets all SLR inclusion criteria for GPS-denied localization/navigation algorithm and platform validation.,['USV/AUV'],['Unspecified'],"['IMU', 'Radio/UWB', 'Sonar/DVL']",[],True,False,resp_00948.json
949,On reliability of data transmission and distance estimation using mobile underwater acoustic modems,S. Y. Kulik; A. Y. Rodionov; F. S. Dubrovin; P. P. Unru,2018,2018 25th Saint Petersburg International Conference on Integrated Navigation Systems (ICINS),IEEE_Xplore,10.23919/ICINS.2018.8405859,INCLUDE,High,Meets all SLR inclusion criteria for GPS-denied localization/navigation algorithm and platform validation.,['USV/AUV'],['Unspecified'],"['Radio/UWB', 'Sonar/DVL']",[],True,False,resp_00949.json
950,NAIS: A Modular ROS 2 Framework for Real-Time Scene Graph Construction and Language-Guided Navigation,J. M. Flores Gonzalez; E. Coronado; N. Yamanobe,2026,2026 IEEE/SICE International Symposium on System Integration (SII),IEEE_Xplore,10.1109/SII64115.2026.11404724,INCLUDE,High,Meets all SLR inclusion criteria for GPS-denied localization/navigation algorithm and platform validation.,['UGV'],['Indoor'],['Radio/UWB'],['SLAM'],True,False,resp_00950.json
951,PSS-LIO A Computationally Efficient LiDAR-Inertial Odometry Framework for UAV Building Inspection via Geometric Predictability and Structure Prior Learning,Y. Wang; R. Qiu; A. Tang; L. Li; W. Li; S. Wan; X. Li,2026,IEEE Transactions on Instrumentation and Measurement,IEEE_Xplore,10.1109/TIM.2026.3709427,INCLUDE,High,Meets all SLR inclusion criteria for GPS-denied localization/navigation algorithm and platform validation.,['UAV'],['Indoor'],"['IMU', 'LiDAR', 'Radio/UWB']",[],True,False,resp_00951.json
952,Measurement Based Identification of MPCs in an Urban Drone-to-Drone Propagation Scenario,D. Becker; U. -C. Fiebig,2022,2022 16th European Conference on Antennas and Propagation (EuCAP),IEEE_Xplore,10.23919/EuCAP53622.2022.9769322,INCLUDE,High,Meets all SLR inclusion criteria for GPS-denied localization/navigation algorithm and platform validation.,['UAV'],['Urban'],['Radio/UWB'],['VIO'],True,False,resp_00952.json
953,An Open-Source UAV Platform for Swarm Robotics Research: Using Cooperative Sensor Fusion for Inter-Robot Tracking,S. Oğuz; M. K. Heinrich; M. Allwright; W. Zhu; M. Wahby; E. Garone; M. Dorigo,2024,IEEE Access,IEEE_Xplore,10.1109/ACCESS.2024.3378607,INCLUDE,High,Meets all SLR inclusion criteria for GPS-denied localization/navigation algorithm and platform validation.,['UAV'],['Unspecified'],"['Camera', 'IMU', 'Radio/UWB']",[],True,False,resp_00953.json
954,Landmark-Based Localization for Indoor Mobile Robots with Stereo Vision,H. Zhang; L. Zhang; J. Dai,2012,2012 Second International Conference on Intelligent System Design and Engineering Application,IEEE_Xplore,10.1109/ISdea.2012.640,INCLUDE,High,Meets all SLR inclusion criteria for GPS-denied localization/navigation algorithm and platform validation.,['UGV'],['Indoor'],['Camera'],[],True,False,resp_00954.json
955,Nonlinear filtering for terrain-referenced underwater navigation with an acoustic altimeter,T. Kim; J. Kim,2014,OCEANS 2014 - TAIPEI,IEEE_Xplore,10.1109/OCEANS-TAIPEI.2014.6964528,INCLUDE,High,Meets all SLR inclusion criteria for GPS-denied localization/navigation algorithm and platform validation.,['USV/AUV'],['Unspecified'],"['IMU', 'Radio/UWB', 'Sonar/DVL']",['Kalman Filtering'],True,False,resp_00955.json
956,Computer Vision Based Navigation Robot,M. Haputhanthri; C. Himasha; H. Balasooriya; M. Herath; S. Rajapaksha; S. M. B. Harshanath,2022,2022 7th International Conference on Information Technology Research (ICITR),IEEE_Xplore,10.1109/ICITR57877.2022.9992879,INCLUDE,High,Meets all SLR inclusion criteria for GPS-denied localization/navigation algorithm and platform validation.,['General Robotics'],"['Indoor', 'Forest/Outdoor']","['IMU', 'Radio/UWB']",[],True,False,resp_00956.json
957,Yaw aided Radar Inertial Odometry using Manhattan World Assumptions,C. Doer; G. F. Trommer,2021,2021 28th Saint Petersburg International Conference on Integrated Navigation Systems (ICINS),IEEE_Xplore,10.23919/ICINS43216.2021.9470842,INCLUDE,High,Meets all SLR inclusion criteria for GPS-denied localization/navigation algorithm and platform validation.,['UAV'],"['Indoor', 'Adversarial']","['Camera', 'IMU', 'Radio/UWB', 'Radar']",['VIO'],True,False,resp_00957.json
958,A Real-Time Autonomous Gravity Measurement Method for Underwater Gravity-Aided Navigation,W. Ai; S. Zhong; Y. Leng; S. Wang,2023,IEEE Access,IEEE_Xplore,10.1109/ACCESS.2023.3338537,INCLUDE,High,Meets all SLR inclusion criteria for GPS-denied localization/navigation algorithm and platform validation.,['USV/AUV'],['Unspecified'],"['IMU', 'Radio/UWB', 'Sonar/DVL']",[],True,False,resp_00958.json
959,FR-SLAM: A SLAM Improvement Method Based on Floor Plan Registration,J. Feng; X. Li; H. Park; J. Liu; Z. Zhang,2024,2024 International Conference on Advanced Robotics and Mechatronics (ICARM),IEEE_Xplore,10.1109/ICARM62033.2024.10715930,INCLUDE,High,Meets all SLR inclusion criteria for GPS-denied localization/navigation algorithm and platform validation.,['UGV'],['Indoor'],['IMU'],['SLAM'],True,False,resp_00959.json
960,Cooperative Visual Inertial Odometry for Heterogeneous Swarm of Drones Navigating in Noisy Environments,K. C. Atik; E. Erdogan; A. Y. Yahsi; F. Kara; B. Yalcin; G. Cetin; N. K. Ure,2022,2022 IEEE 31st International Symposium on Industrial Electronics (ISIE),IEEE_Xplore,10.1109/ISIE51582.2022.9831647,INCLUDE,High,Meets all SLR inclusion criteria for GPS-denied localization/navigation algorithm and platform validation.,['UAV'],['Unspecified'],"['Camera', 'IMU', 'Radio/UWB']","['VIO', 'Kalman Filtering', 'Factor Graph Optimization', 'Radio Ranging']",True,False,resp_00960.json
961,Multimodal Image Registration for GPS-denied UAV Navigation Based on Disentangled Representations,H. Li; Z. Liu; Y. Lyu; F. Wu,2023,2023 IEEE International Conference on Robotics and Automation (ICRA),IEEE_Xplore,10.1109/ICRA48891.2023.10161567,INCLUDE,High,Meets all SLR inclusion criteria for GPS-denied localization/navigation algorithm and platform validation.,['UAV'],['Unspecified'],"['Camera', 'Radio/UWB']",[],True,False,resp_00961.json
962,SIGNAV: Semantically-Informed GPS-Denied Navigation and Mapping in Visually-Degraded Environments,A. Krasner; M. Sizintsev; A. Rajvanshi; H. -P. Chiu; N. Mithun; K. Kaighn; P. Miller; R. Villamil; S. Samarasekera,2022,2022 IEEE/CVF Winter Conference on Applications of Computer Vision (WACV),IEEE_Xplore,10.1109/WACV51458.2022.00192,INCLUDE,High,Meets all SLR inclusion criteria for GPS-denied localization/navigation algorithm and platform validation.,['UGV'],"['Indoor', 'Adversarial']","['Camera', 'IMU', 'LiDAR', 'Radio/UWB']","['VIO', 'SLAM']",True,False,resp_00962.json
963,ICAD - An Economical Indoor & Outdoor Delivery Vehicle Capable of Autonomous Navigation,A. M. Darya; J. Rehman; O. Aldawoud; B. Soudan,2019,2019 Advances in Science and Engineering Technology International Conferences (ASET),IEEE_Xplore,10.1109/ICASET.2019.8714225,INCLUDE,High,Meets all SLR inclusion criteria for GPS-denied localization/navigation algorithm and platform validation.,['General Robotics'],"['Indoor', 'Forest/Outdoor']",['Radio/UWB'],[],True,False,resp_00963.json
964,Indoor autonomous drone development,Z. Horvath; N. Zentai; I. Jenak,2017,"2017 13th International Conference on Natural Computation, Fuzzy Systems and Knowledge Discovery (ICNC-FSKD)",IEEE_Xplore,10.1109/FSKD.2017.8393248,INCLUDE,High,Meets all SLR inclusion criteria for GPS-denied localization/navigation algorithm and platform validation.,['UAV'],['Indoor'],['Radio/UWB'],[],True,False,resp_00964.json
965,An Autonomous Service Mobile Robot for Indoor Environments,L. Cao; X. Zhu,2020,"2020 Asia-Pacific Conference on Image Processing, Electronics and Computers (IPEC)",IEEE_Xplore,10.1109/IPEC49694.2020.9115180,INCLUDE,High,Meets all SLR inclusion criteria for GPS-denied localization/navigation algorithm and platform validation.,['UGV'],['Indoor'],[],['Deep Learning'],True,False,resp_00965.json
966,UAV-BS Operation Plan Using Reinforcement Learning for Unified Communication and Positioning in GPS-Denied Environment,G. Haile; J. Lim,2024,IEICE Transactions on Communications,IEEE_Xplore,10.23919/transcom.2023EBP3174,INCLUDE,High,Meets all SLR inclusion criteria for GPS-denied localization/navigation algorithm and platform validation.,['UAV'],['Urban'],"['IMU', 'Radio/UWB']",[],True,False,resp_00966.json
967,A Marker-Based Method of Autonomous Landing for Unmanned Aerial Vehicles,R. Yang; Y. Qi; C. Pan; X. Li; H. Chen,2024,2024 IEEE International Conference on Unmanned Systems (ICUS),IEEE_Xplore,10.1109/ICUS61736.2024.10839850,INCLUDE,High,Meets all SLR inclusion criteria for GPS-denied localization/navigation algorithm and platform validation.,['UAV'],['Unspecified'],['Radio/UWB'],[],True,False,resp_00967.json
968,"A low-cost underwater navigation system for remotely operated underwater vehicle — Design, system-integration, and implementation",W. Budiman; M. Shanmugavel; V. Ragavan; S. B. Lazarus,2014,2014 IEEE International Conference on Computational Intelligence and Computing Research,IEEE_Xplore,10.1109/ICCIC.2014.7238429,INCLUDE,High,Meets all SLR inclusion criteria for GPS-denied localization/navigation algorithm and platform validation.,['USV/AUV'],['Indoor'],"['IMU', 'Radio/UWB']",['Kalman Filtering'],True,False,resp_00968.json
969,Intelligent Patrol Robot Based on Visual Machine Deep Learning,L. Liu,2021,2021 International Conference on Signal Processing and Machine Learning (CONF-SPML),IEEE_Xplore,10.1109/CONF-SPML54095.2021.00069,INCLUDE,High,Meets all SLR inclusion criteria for GPS-denied localization/navigation algorithm and platform validation.,['General Robotics'],['Unspecified'],['Camera'],['Deep Learning'],True,False,resp_00969.json
970,Multi-Sensor Fusion–Based Localization Method for Underwater Autonomous Vehicles,S. Yikai,2026,"2026 IEEE 6th International Conference on Electronic Technology, Communication and Information (ICETCI)",IEEE_Xplore,10.1109/ICETCI68937.2026.11610814,INCLUDE,High,Meets all SLR inclusion criteria for GPS-denied localization/navigation algorithm and platform validation.,"['UAV', 'USV/AUV']",['Urban'],"['IMU', 'Sonar/DVL']",['Kalman Filtering'],True,False,resp_00970.json
971,Smart Wheelchair to Facilitate Disabled Individuals,A. Jayakody; A. Nawarathna; I. Wijesinghe; S. Liyanage; J. Dissanayake,2019,2019 International Conference on Advancements in Computing (ICAC),IEEE_Xplore,10.1109/ICAC49085.2019.9103409,INCLUDE,High,Meets all SLR inclusion criteria for GPS-denied localization/navigation algorithm and platform validation.,['UGV'],['Indoor'],['Radio/UWB'],[],True,False,resp_00971.json
972,Multi-objective path planning in GPS denied environments under localization constraints,S. D. Bopardikar; B. Englot; A. Speranzon,2014,2014 American Control Conference,IEEE_Xplore,10.1109/ACC.2014.6858731,INCLUDE,High,Meets all SLR inclusion criteria for GPS-denied localization/navigation algorithm and platform validation.,['General Robotics'],['Unspecified'],['Radio/UWB'],[],True,False,resp_00972.json
973,Landmark Placement for Localization in a GPS-denied Environment,K. Sundar; S. Srinivasan; S. Misra; S. Rathinam; R. Sharma,2018,2018 Annual American Control Conference (ACC),IEEE_Xplore,10.23919/ACC.2018.8431886,INCLUDE,High,Meets all SLR inclusion criteria for GPS-denied localization/navigation algorithm and platform validation.,['UGV'],['Unspecified'],"['IMU', 'Radio/UWB']",[],True,False,resp_00973.json
974,An Adaptive Image Thresholding Algorithm Using Fuzzy Logic for Autonomous Underwater Vehicle Navigation,I. -C. Sang; W. R. Norris,2024,IEEE Journal of Selected Topics in Signal Processing,IEEE_Xplore,10.1109/JSTSP.2024.3426484,INCLUDE,High,Meets all SLR inclusion criteria for GPS-denied localization/navigation algorithm and platform validation.,['USV/AUV'],"['Underground', 'Urban']","['IMU', 'Radio/UWB']",[],True,False,resp_00974.json
975,Tightly-coupled Lidar-inertial Odometry and Mapping in Real Time,W. Dai; B. Tian; H. Chen,2020,2020 39th Chinese Control Conference (CCC),IEEE_Xplore,10.23919/CCC50068.2020.9188801,INCLUDE,High,Meets all SLR inclusion criteria for GPS-denied localization/navigation algorithm and platform validation.,['General Robotics'],"['Indoor', 'Forest/Outdoor']","['IMU', 'LiDAR']",['Factor Graph Optimization'],True,False,resp_00975.json
976,CNN-LiDAR-SLAM: Multimodal Fusion With Object Detection for Indoor Localization,S. Hussain Kalan; B. Giin Lee; W. -Y. Chung,2025,IEEE Access,IEEE_Xplore,10.1109/ACCESS.2025.3635243,INCLUDE,High,Meets all SLR inclusion criteria for GPS-denied localization/navigation algorithm and platform validation.,['Wearable'],['Indoor'],"['IMU', 'LiDAR', 'Radio/UWB']","['SLAM', 'Kalman Filtering', 'Deep Learning']",True,False,resp_00976.json
977,Underwater navigation: LiDAR sensing in water to 9 m distance through semi-transparent obstacles,S. M. Pershin; M. Y. Grishin; V. A. Zavozin; P. A. Titovets; N. E. Miroshnikova; M. O. Fedyuk,2022,2022 International Conference Laser Optics (ICLO),IEEE_Xplore,10.1109/ICLO54117.2022.9839859,INCLUDE,High,Meets all SLR inclusion criteria for GPS-denied localization/navigation algorithm and platform validation.,['USV/AUV'],['Indoor'],['LiDAR'],['Radio Ranging'],True,False,resp_00977.json
978,Implementation of a home appliance mobile platform based on computer vision: self-charging and mapping,F. -D. Secuianu; C. Lupu,2018,"2018 22nd International Conference on System Theory, Control and Computing (ICSTCC)",IEEE_Xplore,10.1109/ICSTCC.2018.8540685,INCLUDE,High,Meets all SLR inclusion criteria for GPS-denied localization/navigation algorithm and platform validation.,['UGV'],['Unspecified'],"['Camera', 'Radio/UWB']",['VIO'],True,False,resp_00978.json
979,Magnetic Mapping for Robot Navigation in Indoor Environments,D. Almeida; E. Pedrosa; F. Curado,2021,2021 International Conference on Indoor Positioning and Indoor Navigation (IPIN),IEEE_Xplore,10.1109/IPIN51156.2021.9662528,INCLUDE,High,Meets all SLR inclusion criteria for GPS-denied localization/navigation algorithm and platform validation.,['UGV'],"['Indoor', 'Underground', 'Urban']",['Radio/UWB'],[],True,False,resp_00979.json
980,TinySLAM improvements for indoor navigation,A. Huletski; D. Kartashov; K. Krinkin,2016,2016 IEEE International Conference on Multisensor Fusion and Integration for Intelligent Systems (MFI),IEEE_Xplore,10.1109/MFI.2016.7849536,INCLUDE,High,Meets all SLR inclusion criteria for GPS-denied localization/navigation algorithm and platform validation.,['General Robotics'],"['Indoor', 'Urban']",['Radio/UWB'],['SLAM'],True,False,resp_00980.json
981,Multi-sensor Data Analysis in Terms of Autonomous Drone Flight without GPS,G. Issassis; P. Marcoň; J. Janoušek; L. Venkrbec,2023,2023 Photonics & Electromagnetics Research Symposium (PIERS),IEEE_Xplore,10.1109/PIERS59004.2023.10221335,INCLUDE,High,Meets all SLR inclusion criteria for GPS-denied localization/navigation algorithm and platform validation.,['UAV'],['Unspecified'],['IMU'],[],True,False,resp_00981.json
982,Indoor Navigation Based on Model Switching in Overlapped Known Regions,E. Macias; A. Cruz; J. Zamora; E. Bayro,2019,2019 12th International Workshop on Robot Motion and Control (RoMoCo),IEEE_Xplore,10.1109/RoMoCo.2019.8787361,INCLUDE,High,Meets all SLR inclusion criteria for GPS-denied localization/navigation algorithm and platform validation.,['UAV'],['Indoor'],"['Camera', 'Radio/UWB']",['Deep Learning'],True,False,resp_00982.json
983,Real-Time Velocity and Hovering Control for Rotorcraft Based on Visual State Estimation,H. Du; W. Wang; H. Liu; Q. Wang; H. Shi; L. Xue,2021,2021 China Automation Congress (CAC),IEEE_Xplore,10.1109/CAC53003.2021.9728667,INCLUDE,High,Meets all SLR inclusion criteria for GPS-denied localization/navigation algorithm and platform validation.,['UAV'],"['Indoor', 'Urban']","['Camera', 'Radio/UWB']",['SLAM'],True,False,resp_00983.json
984,Robust Urban Navigation for Autonomous Vehicles using Vision based Segmentation Graph Attention and Hierarchical Learning,M. I. Habelalmateen; S. K; B. Kaki; N. Shrivastava; M. Mahima,2025,2025 International Conference on Intelligent Computing and Knowledge Extraction (ICICKE),IEEE_Xplore,10.1109/ICICKE65317.2025.11136723,INCLUDE,High,Meets all SLR inclusion criteria for GPS-denied localization/navigation algorithm and platform validation.,['General Robotics'],['Urban'],"['Camera', 'IMU', 'Radio/UWB']","['VIO', 'Deep Learning']",True,False,resp_00984.json
985,A Benchmark of Absolute and Relative Positioning Solutions in GNSS Denied Environments,H. Yao; X. Liang; R. Chen; X. Wang; H. Qi; L. Chen; Y. Wang,2024,IEEE Internet of Things Journal,IEEE_Xplore,10.1109/JIOT.2023.3300018,INCLUDE,High,Meets all SLR inclusion criteria for GPS-denied localization/navigation algorithm and platform validation.,['General Robotics'],"['Indoor', 'Underground', 'Forest/Outdoor']","['Camera', 'IMU', 'LiDAR', 'Radio/UWB', 'Radar']","['Kalman Filtering', 'Radio Ranging']",True,False,resp_00985.json
986,Field Test Results of GNSS-denied Inertial Navigation aided by Phased-array Radio Systems for UAVs,K. Gryte; T. H. Bryne; S. M. Albrektsen; T. A. Johansen,2019,2019 International Conference on Unmanned Aircraft Systems (ICUAS),IEEE_Xplore,10.1109/ICUAS.2019.8798057,INCLUDE,High,Meets all SLR inclusion criteria for GPS-denied localization/navigation algorithm and platform validation.,['UAV'],['Urban'],"['IMU', 'Radio/UWB']",['Kalman Filtering'],True,False,resp_00986.json
987,QRPos: Indoor positioning system for self-balancing robots based on QR codes,G. Goronzy; M. Pelka; H. Hellbrück,2016,2016 International Conference on Indoor Positioning and Indoor Navigation (IPIN),IEEE_Xplore,10.1109/IPIN.2016.7743616,INCLUDE,High,Meets all SLR inclusion criteria for GPS-denied localization/navigation algorithm and platform validation.,['UGV'],['Indoor'],"['Camera', 'IMU', 'Radio/UWB']",[],True,False,resp_00987.json
988,PRM-RL: Long-range Robotic Navigation Tasks by Combining Reinforcement Learning and Sampling-Based Planning,A. Faust; K. Oslund; O. Ramirez; A. Francis; L. Tapia; M. Fiser; J. Davidson,2018,2018 IEEE International Conference on Robotics and Automation (ICRA),IEEE_Xplore,10.1109/ICRA.2018.8461096,INCLUDE,High,Meets all SLR inclusion criteria for GPS-denied localization/navigation algorithm and platform validation.,['General Robotics'],"['Indoor', 'Urban']",['IMU'],['VIO'],True,False,resp_00988.json
989,Covariance and Gain-based Federated Unscented Kalman Filter for Acoustic-Visual-Inertial Underwater Navigation,A. Bucci; A. Ridolfi; M. Franchi; B. Allotta,2021,OCEANS 2021: San Diego – Porto,IEEE_Xplore,10.23919/OCEANS44145.2021.9705843,INCLUDE,High,Meets all SLR inclusion criteria for GPS-denied localization/navigation algorithm and platform validation.,"['UGV', 'USV/AUV']",['Urban'],"['Camera', 'IMU', 'Radio/UWB', 'Sonar/DVL']","['VIO', 'Kalman Filtering']",True,False,resp_00989.json
990,Review of the Drone Applications in Urban Underground Environments,C. Tang; H. Zhang; Q. Zhang; M. Hu; Q. Wang; F. Liu,2025,2025 6th International Conference on Computer Engineering and Application (ICCEA),IEEE_Xplore,10.1109/ICCEA65460.2025.11103266,INCLUDE,High,Meets all SLR inclusion criteria for GPS-denied localization/navigation algorithm and platform validation.,['UAV'],"['Underground', 'Urban']","['LiDAR', 'Radio/UWB']",['SLAM'],True,False,resp_00990.json
991,Inertial-based Autonomous Navigation and Gravity Measurement System assisted by LDV,G. Chunfeng; M. Haiyang; Y. Xudong; X. Pengbo; L. Yiming; W. Guo,2025,2025 DGON Inertial Sensors and Applications (ISA),IEEE_Xplore,10.1109/ISA67150.2025.11279677,INCLUDE,High,Meets all SLR inclusion criteria for GPS-denied localization/navigation algorithm and platform validation.,['General Robotics'],['Urban'],"['IMU', 'LiDAR', 'Radio/UWB']",[],True,False,resp_00991.json
992,A Vertical Channel-Enhanced Fusion Method Based on RINS and Barometric Altimeter for UAVs in GNSS Denial Environments,X. Zhao; Y. Meng; F. Qi; L. Wang; X. Zhu,2023,IEEE Transactions on Instrumentation and Measurement,IEEE_Xplore,10.1109/TIM.2023.3284018,INCLUDE,High,Meets all SLR inclusion criteria for GPS-denied localization/navigation algorithm and platform validation.,['UAV'],['Underground'],['IMU'],"['Kalman Filtering', 'Factor Graph Optimization']",True,False,resp_00992.json
993,"Fast, autonomous flight in GPS-denied and cluttered environments",Mohta K.; Watterson M.; Mulgaonkar Y.; Liu S.; Qu C.; Makineni A.; Saulnier K.; Sun K.; Zhu A.; Delmerico J.; Karydis K.; Atanasov N.; Loianno G.; Scaramuzza D.; Daniilidis K.; Taylor C.J.; Kumar V.,2018,Journal of Field Robotics,Scopus,10.1002/rob.21774,INCLUDE,High,Meets all SLR inclusion criteria for GPS-denied localization/navigation algorithm and platform validation.,['General Robotics'],['Indoor'],['Radio/UWB'],[],True,False,resp_00993.json
994,Automated localization of UAVs in GPS-denied indoor construction environments using fiducial markers,Nahangi M.; Heins A.; McCabe B.; Schoellig A.,2018,ISARC 2018 - 35th International Symposium on Automation and Robotics in Construction and International AEC/FM Hackathon: The Future of Building Things,Scopus,10.22260/isarc2018/0012,INCLUDE,High,Meets all SLR inclusion criteria for GPS-denied localization/navigation algorithm and platform validation.,['UAV'],"['Indoor', 'Forest/Outdoor']","['Camera', 'Radio/UWB']",['VIO'],True,False,resp_00994.json
995,Experimentation of Monocular Visual-Aided Inertial Navigation on Fixed-Wing Unmanned Aerial Vehicle †,Sivalingam B.; Hagen O.K.,2023,Engineering Proceedings,Scopus,10.3390/ENC2023-15476,INCLUDE,High,Meets all SLR inclusion criteria for GPS-denied localization/navigation algorithm and platform validation.,['UAV'],"['Indoor', 'Forest/Outdoor']","['Camera', 'IMU']",[],True,False,resp_00995.json
996,A graphics-based digital twin (GBDT) framework for accurate UAV localization in GPS-denied environments,Matiki T.; Narazaki Y.; Chowdhary G.; Spencer B.F.,2024,Advances in Structural Engineering,Scopus,10.1177/13694332241291256,INCLUDE,High,Meets all SLR inclusion criteria for GPS-denied localization/navigation algorithm and platform validation.,['UAV'],"['Urban', 'Forest/Outdoor']","['Camera', 'Radio/UWB']",[],True,False,resp_00996.json
997,Autonomous Flight for Multi-UAV in GPS-Denied Environment,Lu J.; Shen H.; Pan L.; Zhang X.; Tian B.; Zong Q.,2023,Lecture Notes in Electrical Engineering,Scopus,10.1007/978-981-19-3998-3_85,INCLUDE,High,Meets all SLR inclusion criteria for GPS-denied localization/navigation algorithm and platform validation.,['UAV'],['Unspecified'],"['IMU', 'Radio/UWB']",['SLAM'],True,False,resp_00997.json
998,Toward a Low-Cost Planetary Rover: Real-Time Embedded Multi-Sensor Fusion for Robust Obstacle-Aware Navigation,Mahmood A.; Baluch A.H.,2025,IEEE Access,Scopus,10.1109/ACCESS.2025.3634810,INCLUDE,High,Meets all SLR inclusion criteria for GPS-denied localization/navigation algorithm and platform validation.,['UGV'],['Unspecified'],"['IMU', 'Radio/UWB']",['Kalman Filtering'],True,False,resp_00998.json
999,I Am Not Afraid of the GPS Jammer: Resilient Navigation Via Signals of Opportunity in GPS-Denied Environments,Kassas Z.M.; Khalife J.; Abdallah A.A.; Lee C.,2022,IEEE Aerospace and Electronic Systems Magazine,Scopus,10.1109/MAES.2022.3154110,INCLUDE,High,Meets all SLR inclusion criteria for GPS-denied localization/navigation algorithm and platform validation.,['UGV'],"['Indoor', 'Urban', 'Adversarial']","['IMU', 'LiDAR', 'Radio/UWB']",['SLAM'],True,False,resp_00999.json
1000,ReFDrone: One-Shot Indoor Drone 4DoF Estimation via Rolling-Shutter AoA from Floor-Reflected Light,Onishi Y.; Murakami H.; Nakamura M.; Hashizume H.; Sugimoto M.,2026,"Proceedings of the IEEE International Conference on Pervasive Computing and Communications, PerCom",Scopus,10.1109/PerCom67906.2026.11524473,INCLUDE,High,Meets all SLR inclusion criteria for GPS-denied localization/navigation algorithm and platform validation.,['UAV'],['Indoor'],"['Camera', 'IMU', 'Radio/UWB']",['VIO'],True,False,resp_01000.json
1001,Perception and navigation for an autonomous quadrotor in GPS-denied environments,Saeedi S.; Nagaty A.; Thibault C.; Trentini M.; Li H.,2016,International Journal of Robotics and Automation,Scopus,10.2316/Journal.206.2016.6.206-4434,INCLUDE,High,Meets all SLR inclusion criteria for GPS-denied localization/navigation algorithm and platform validation.,['UAV'],['Unspecified'],"['IMU', 'Radio/UWB']",['VIO'],True,False,resp_01001.json
1002,An integrated UAV navigation system based on geo-registered 3D point cloud,Zhang S.; Wang S.; Li C.; Liu G.; Hao Q.,2017,IEEE International Conference on Multisensor Fusion and Integration for Intelligent Systems,Scopus,10.1109/MFI.2017.8170396,INCLUDE,High,Meets all SLR inclusion criteria for GPS-denied localization/navigation algorithm and platform validation.,['UAV'],['Unspecified'],"['Camera', 'IMU', 'LiDAR']",[],True,False,resp_01002.json
1003,SmartCopter: Enabling autonomous flight in indoor environments with a smartphone as on-board processing unit,Mossel A.; Leichtfried M.; Kaltenriner C.; Kaufmann H.,2014,International Journal of Pervasive Computing and Communications,Scopus,10.1108/IJPCC-01-2014-0010,INCLUDE,High,Meets all SLR inclusion criteria for GPS-denied localization/navigation algorithm and platform validation.,['UAV'],['Indoor'],"['IMU', 'Radio/UWB']",[],True,False,resp_01003.json
1004,A Robust Localization Solution for an Uncrewed Ground Vehicle in Unstructured Outdoor GNSS-Denied Environments,Wagner W.J.; Blankenau I.; DeLaTorre M.; Purushottam A.; Soylemezoglu A.,2023,"Proceedings of the 36th International Technical Meeting of the Satellite Division of the Institute of Navigation, ION GNSS+ 2023",Scopus,10.33012/2023.19412,INCLUDE,High,Meets all SLR inclusion criteria for GPS-denied localization/navigation algorithm and platform validation.,['UGV'],['Forest/Outdoor'],"['IMU', 'Radio/UWB']","['VIO', 'SLAM', 'Kalman Filtering']",True,False,resp_01004.json
1005,New UAV velocity estimation using array of hall effect sensors for indoor navigation,Zahran S.; Moussa A.M.; El-Sheimy N.; Sesay A.B.,2019,"Proceedings of the Institute of Navigation Pacific Positioning, Navigation and Timing Meeting, Pacific PNT",Scopus,10.33012/2019.16815,INCLUDE,High,Meets all SLR inclusion criteria for GPS-denied localization/navigation algorithm and platform validation.,['UAV'],"['Indoor', 'Urban']","['Camera', 'IMU', 'LiDAR', 'Radio/UWB', 'Radar']",['Radio Ranging'],True,False,resp_01005.json
1007,Robust geo-localization of UAVSAR in GPS-Denied environments using deep cross-modality matching with google Earth imagery,Naanjam R.; Ebadi H.; Farnood Ahmadi F.,2026,Applied Geomatics,Scopus,10.1007/s12518-026-00694-2,INCLUDE,High,Meets all SLR inclusion criteria for GPS-denied localization/navigation algorithm and platform validation.,['UAV'],['Urban'],"['Camera', 'Radio/UWB', 'Radar']",[],True,False,resp_01007.json
1008,Visual Odometry in GPS-Denied Zones for Fixed-Wing Unmanned Aerial Vehicle with Reduced Accumulative Error Based on Satellite Imagery,Mateos-Ramirez P.; Gomez-Avila J.; Villaseñor C.; Arana-Daniel N.,2024,Applied Sciences (Switzerland),Scopus,10.3390/app14167420,INCLUDE,High,Meets all SLR inclusion criteria for GPS-denied localization/navigation algorithm and platform validation.,['UAV'],['Unspecified'],"['Camera', 'Radio/UWB']",[],True,False,resp_01008.json
1009,A single sensor system for mapping in GNSS-denied environments,de Paula Veronese L.; Badue C.; Auat Cheein F.; Guivant J.; De Souza A.F.,2019,Cognitive Systems Research,Scopus,10.1016/j.cogsys.2019.03.018,INCLUDE,High,Meets all SLR inclusion criteria for GPS-denied localization/navigation algorithm and platform validation.,['General Robotics'],"['Indoor', 'Forest/Outdoor']","['LiDAR', 'Radio/UWB']",['SLAM'],True,False,resp_01009.json
1010,Modified ICP based Framework for 3D Localization and Mapping in GNSS-denied Environments using LiDAR,Koshti M.; Barnwal S.; Goel S.,2024,"International Archives of the Photogrammetry, Remote Sensing and Spatial Information Sciences - ISPRS Archives",Scopus,10.5194/isprs-archives-XLVIII-4-2024-275-2024,INCLUDE,High,Meets all SLR inclusion criteria for GPS-denied localization/navigation algorithm and platform validation.,['General Robotics'],['Unspecified'],"['IMU', 'LiDAR', 'Radio/UWB']","['SLAM', 'Radio Ranging']",True,False,resp_01010.json
1011,Real-time unmanned aerial system (UAS) based interference localization in a GNSS denied environment,Perkins A.; Chen Y.-H.; Lo S.; Lee C.; David Powell J.,2019,"Proceedings of the 32nd International Technical Meeting of the Satellite Division of the Institute of Navigation, ION GNSS+ 2019",Scopus,10.33012/2019.16992,INCLUDE,High,Meets all SLR inclusion criteria for GPS-denied localization/navigation algorithm and platform validation.,['General Robotics'],"['Underground', 'Urban']","['Camera', 'IMU', 'Radio/UWB']",['VIO'],True,False,resp_01011.json
1012,Multi-Sensor Based Adaptive Fusion Scheme for Position Estimation of Multirotor UAV Systems in GPS-Denied Environments,Busse L.; Street L.; Kumar M.,2025,"Regional Student Conferences, 2025",Scopus,10.2514/6.2025-99640,INCLUDE,High,Meets all SLR inclusion criteria for GPS-denied localization/navigation algorithm and platform validation.,['UAV'],"['Indoor', 'Forest/Outdoor']","['Camera', 'IMU', 'LiDAR', 'Radio/UWB']","['SLAM', 'Kalman Filtering']",True,False,resp_01012.json
1013,Unmanned aerial vehicle localization using angle of departure from a single base station and dead-reckoning,Rajasekaran A.; Meles M.; Virrankoski R.; Jäntti R.,2024,Electronics Letters,Scopus,10.1049/ell2.13092,INCLUDE,High,Meets all SLR inclusion criteria for GPS-denied localization/navigation algorithm and platform validation.,['UAV'],['Underground'],"['Camera', 'IMU']",['Kalman Filtering'],True,False,resp_01013.json
1014,Cooperative UAV Swarm Communication Networks for Rapid Disaster Assessment in GPS-Denied Environments,Wang P.; Li J.; Wei J.; Shi L.; Hou B.; Xie F.,2026,Drones,Scopus,10.3390/drones10050355,INCLUDE,High,Meets all SLR inclusion criteria for GPS-denied localization/navigation algorithm and platform validation.,['UAV'],['Urban'],"['IMU', 'Radio/UWB']",['Kalman Filtering'],True,False,resp_01014.json
1015,Autonomous Navigation Method for UAV Based on the Fusion of Laser SLAM and AprilTag,Zhou J.; Mao K.; Wang R.; He T.; Huang L.,2025,Journal of Physics: Conference Series,Scopus,10.1088/1742-6596/3012/1/012002,INCLUDE,High,Meets all SLR inclusion criteria for GPS-denied localization/navigation algorithm and platform validation.,['UAV'],['Indoor'],"['Camera', 'IMU', 'LiDAR']",['SLAM'],True,False,resp_01015.json
1016,Multi-sensor information fusion methods for coal mine exploration in GNSS-denied scenarios,Wang S.; Liang Y.; Liao S.; Xiao S.; Wang L.,2026,Journal on Wireless Communications and Networking,Scopus,10.1186/s13638-025-02490-9,INCLUDE,High,Meets all SLR inclusion criteria for GPS-denied localization/navigation algorithm and platform validation.,['General Robotics'],['Underground'],"['Camera', 'IMU', 'LiDAR', 'Radio/UWB']","['VIO', 'Kalman Filtering', 'Factor Graph Optimization', 'Radio Ranging']",True,False,resp_01016.json
1017,A Real-Time Simulator for Navigation in GNSS-Denied Environments of UAV Swarms,Zhang H.; Miao C.; Zhang L.; Zhang Y.; Li Y.; Fang K.,2023,Applied Sciences (Switzerland),Scopus,10.3390/app132011278,INCLUDE,High,Meets all SLR inclusion criteria for GPS-denied localization/navigation algorithm and platform validation.,['UAV'],['Unspecified'],"['Camera', 'IMU', 'Radio/UWB']",['Radio Ranging'],True,False,resp_01017.json
1018,OPsCV: A Robust Framework for Aerial Navigation under Global Positioning System Denied Conditions,Xavier N.A.Z.; Shiguemori E.H.; Maximo M.R.O.D.A.,2026,Journal of Aerospace Technology and Management,Scopus,10.1590/jatm.v18.1413,INCLUDE,High,Meets all SLR inclusion criteria for GPS-denied localization/navigation algorithm and platform validation.,['UAV'],['Unspecified'],"['IMU', 'Radio/UWB']",['Kalman Filtering'],True,False,resp_01018.json
1019,Multi-Sensor Fusion SLAM for Interceptor UAVs in GNSS-Denied Environments: A Review,Liu B.; Shi J.; Gong Y.; Li C.; Li H.,2026,IEEE Sensors Journal,Scopus,10.1109/JSEN.2026.3720978,INCLUDE,High,Meets all SLR inclusion criteria for GPS-denied localization/navigation algorithm and platform validation.,['UAV'],['Unspecified'],"['IMU', 'Radio/UWB']",['SLAM'],True,False,resp_01019.json
1020,R-LVIO: Resilient LiDAR-Visual-Inertial Odometry for UAVs in GNSS-denied Environment,Zhang B.; Shao X.; Wang Y.; Sun G.; Yao W.,2024,Drones,Scopus,10.3390/drones8090487,INCLUDE,High,Meets all SLR inclusion criteria for GPS-denied localization/navigation algorithm and platform validation.,['UAV'],['Unspecified'],"['Camera', 'IMU', 'LiDAR', 'Radio/UWB']","['VIO', 'Radio Ranging']",True,False,resp_01020.json
1021,GPS-denied UAV localization using pre-existing satellite imagery,Goforth H.; Lucey S.,2019,Proceedings - IEEE International Conference on Robotics and Automation,Scopus,10.1109/ICRA.2019.8793558,INCLUDE,High,Meets all SLR inclusion criteria for GPS-denied localization/navigation algorithm and platform validation.,['UAV'],['Unspecified'],"['Camera', 'Radio/UWB']","['Deep Learning', 'Factor Graph Optimization']",True,False,resp_01021.json
1022,UAV Autonomous Navigation System Based on Air–Ground Collaboration in GPS-Denied Environments,Yue P.; Xin J.; Huang Y.; Zhao J.; Zhang C.; Chen W.; Shan M.,2025,Drones,Scopus,10.3390/drones9060442,INCLUDE,High,Meets all SLR inclusion criteria for GPS-denied localization/navigation algorithm and platform validation.,['UAV'],['Unspecified'],"['Camera', 'Radio/UWB']",[],True,False,resp_01022.json
1023,A Hybrid Drone SINS/GNSS Information Fusion Method Based on Attention-Augmented TCN in GNSS-Denied Environments,Xu C.; Chen S.; Zhao D.; Hou Z.; Jiang C.,2026,Remote Sensing,Scopus,10.3390/rs18091379,INCLUDE,High,Meets all SLR inclusion criteria for GPS-denied localization/navigation algorithm and platform validation.,['UAV'],['Indoor'],['IMU'],['Kalman Filtering'],True,False,resp_01023.json
1024,Optical Coastal GNSS-Denied Navigation for Reduction in AUV Underwater Navigation Error,Praczyk T.; Zalewski J.,2026,Sensors,Scopus,10.3390/s26144601,INCLUDE,High,Meets all SLR inclusion criteria for GPS-denied localization/navigation algorithm and platform validation.,['USV/AUV'],['Unspecified'],"['Camera', 'Radio/UWB']",['Deep Learning'],True,False,resp_01024.json
1026,Indoor UAV Localization via Multi-Anchor One-Shot Calibration and Factor Graph Fusion,Zhao J.; Deng Z.; Su W.; Lou B.; Liu Y.,2026,Remote Sensing,Scopus,10.3390/rs18091407,INCLUDE,High,Meets all SLR inclusion criteria for GPS-denied localization/navigation algorithm and platform validation.,['UAV'],['Indoor'],"['Camera', 'IMU', 'LiDAR', 'Radio/UWB']","['VIO', 'Factor Graph Optimization', 'Radio Ranging']",True,False,resp_01026.json
1027,I am not afraid of the jammer: Navigating with signals of opportunity in GPS-denied environments,Kassas Z.M.; Khalife J.; Abdallah A.; Lee C.,2020,"Proceedings of the 33rd International Technical Meeting of the Satellite Division of the Institute of Navigation, ION GNSS+ 2020",Scopus,10.33012/2020.17737,INCLUDE,High,Meets all SLR inclusion criteria for GPS-denied localization/navigation algorithm and platform validation.,"['UAV', 'UGV']","['Indoor', 'Urban', 'Adversarial']","['IMU', 'LiDAR', 'Radio/UWB']",['SLAM'],True,False,resp_01027.json
1028,Integrated navigation for autonomous drone in GPS and GPS-denied environments,Suzuki S.,2018,Journal of Robotics and Mechatronics,Scopus,10.20965/jrm.2018.p0373,INCLUDE,High,Meets all SLR inclusion criteria for GPS-denied localization/navigation algorithm and platform validation.,['UAV'],"['Indoor', 'Urban', 'Forest/Outdoor']","['IMU', 'LiDAR']","['Kalman Filtering', 'Radio Ranging']",True,False,resp_01028.json
1029,A Localization Strategy for Low-cost UAVs Sewers Inspection,Maisto P.; Scognamiglio V.; Selvaggio M.; Lippiello V.,2026,"2026 IEEE/SICE International Symposium on System Integration, SII 2026",Scopus,10.1109/SII64115.2026.11404663,INCLUDE,High,Meets all SLR inclusion criteria for GPS-denied localization/navigation algorithm and platform validation.,['UAV'],['Adversarial'],"['Camera', 'IMU', 'Radio/UWB']",['VIO'],True,False,resp_01029.json
1031,"Real-Time Localization and Mapping Utilizing Multi-Sensor Fusion and Visual–IMU–Wheel Odometry for Agricultural Robots in Unstructured, Dynamic and GPS-Denied Greenhouse Environments",Yan Y.; Zhang B.; Zhou J.; Zhang Y.; Liu X.,2022,Agronomy,Scopus,10.3390/agronomy12081740,INCLUDE,High,Meets all SLR inclusion criteria for GPS-denied localization/navigation algorithm and platform validation.,['UGV'],['Forest/Outdoor'],"['Camera', 'IMU', 'LiDAR']","['VIO', 'SLAM', 'Kalman Filtering']",True,False,resp_01031.json
1032,Synchronized Multi-Directional FMCW mmWave Radar–Inertial Odometry: Robust Positioning and Autonomous Navigation Experiments for UAVs in Low-Light Indoor Environments,Jing Y.; Sipahi R.; Martinez-Lorenzo J.,2026,Drones,Scopus,10.3390/drones10020120,INCLUDE,High,Meets all SLR inclusion criteria for GPS-denied localization/navigation algorithm and platform validation.,['UAV'],"['Indoor', 'Underground', 'Urban']","['IMU', 'Radio/UWB', 'Radar']",[],True,False,resp_01032.json
1033,VG-Fusion: A Novel Visual Geo-Localization Fused with IMU and LiDAR-Inertial Odometry for UAVs in GNSS-Denied Environments,Xu Z.; Zhong X.; Wang N.; Hu H.; Liu Q.,2025,Unmanned Systems,Scopus,10.1142/S2301385026500561,INCLUDE,High,Meets all SLR inclusion criteria for GPS-denied localization/navigation algorithm and platform validation.,['UAV'],['Unspecified'],"['Camera', 'IMU', 'LiDAR', 'Radio/UWB']",['Factor Graph Optimization'],True,False,resp_01033.json
1034,Uavs enhanced navigation in outdoor gnss denied environment using UWB and monocular camera systems,Zahran S.; Masiero A.; Mostafa M.M.; Moussa A.M.; Vettore A.; El-Sheimy N.,2019,"International Archives of the Photogrammetry, Remote Sensing and Spatial Information Sciences - ISPRS Archives",Scopus,10.5194/isprs-archives-XLII-2-W13-665-2019,INCLUDE,High,Meets all SLR inclusion criteria for GPS-denied localization/navigation algorithm and platform validation.,"['UAV', 'UGV']","['Urban', 'Forest/Outdoor']","['Camera', 'IMU', 'Radio/UWB']","['Kalman Filtering', 'Radio Ranging']",True,False,resp_01034.json
1035,An improved selective correction adaptive particle filter-based cooperative navigation algorithm for UAV swarms in GNSS-denied areas,Li C.; Li W.; Wang D.; Wang D.; Han Y.; Yang L.,2026,Measurement Science and Technology,Scopus,10.1088/1361-6501/ae65bc,INCLUDE,High,Meets all SLR inclusion criteria for GPS-denied localization/navigation algorithm and platform validation.,['UAV'],['Unspecified'],"['IMU', 'Radio/UWB']",[],True,False,resp_01035.json
1036,Robust 6-DoF Absolute Visual Localization for UAVs via Deep Homography Estimation,Li B.; Geng J.; Zhang H.; Wang F.,2026,IEEE Transactions on Geoscience and Remote Sensing,Scopus,10.1109/TGRS.2026.3718093,INCLUDE,High,Meets all SLR inclusion criteria for GPS-denied localization/navigation algorithm and platform validation.,['UAV'],['Unspecified'],"['Camera', 'Radio/UWB']",['VIO'],True,False,resp_01036.json
1037,Survive Against Degradations: An Insight of LiDAR-IMU SLAM Under Feature Degradations,Yang M.; Jia F.; Hou X.; Wang X.; Rushworth A.; Sun X.,2025,"2025 6th International Conference on Computer Vision, Image and Deep Learning, CVIDL 2025",Scopus,10.1109/CVIDL65390.2025.11085801,INCLUDE,High,Meets all SLR inclusion criteria for GPS-denied localization/navigation algorithm and platform validation.,['General Robotics'],['Adversarial'],"['IMU', 'LiDAR']",['SLAM'],True,False,resp_01037.json
1038,H-CoRE: A Cooperative Framework for Heterogeneous Multi-Robot Exploration and Inspection,D’Angelo S.; Pagano F.; Caccavale R.; Scognamiglio V.; De Crescenzo A.; Merone P.; Ciaravino S.; Finzi A.; Lippiello V.,2026,Drones,Scopus,10.3390/drones10040232,INCLUDE,High,Meets all SLR inclusion criteria for GPS-denied localization/navigation algorithm and platform validation.,['UGV'],['Indoor'],"['Camera', 'Radio/UWB']",[],True,False,resp_01038.json
1039,"Aerial Localization and Navigation for Surveillance of Large, Featureless, GNSS-Denied Maritime Environments",Peti M.; Marković L.; Lončar I.; Barišić Kulaš A.; Petric F.; Milas A.; Goričanec J.; Car M.; Orsag M.; Ferreira B.A.; Bogdan S.,2025,Journal of Field Robotics,Scopus,10.1002/rob.22610,INCLUDE,High,Meets all SLR inclusion criteria for GPS-denied localization/navigation algorithm and platform validation.,['UAV'],['Unspecified'],"['Camera', 'Radio/UWB']",['Kalman Filtering'],True,False,resp_01039.json
1040,Remote Autonomy for Multiple Small Lowcost UAVs in GNSS-denied Search and Rescue Operations,Schleich D.; Quenzel J.; Behnke S.,2025,"2025 IEEE International Symposium on Safety, Security, and Rescue Robotics, SSRR 2025",Scopus,10.1109/SSRR68451.2025.11391295,INCLUDE,High,Meets all SLR inclusion criteria for GPS-denied localization/navigation algorithm and platform validation.,['UAV'],['Unspecified'],['Radio/UWB'],[],True,False,resp_01040.json
1041,A Review of Recent Mobile Robot Application Using V-SLAM in GNSS-Denied Environment,Saleh I.; Rahiman W.,2022,Lecture Notes in Electrical Engineering,Scopus,10.1007/978-981-16-8129-5_51,INCLUDE,High,Meets all SLR inclusion criteria for GPS-denied localization/navigation algorithm and platform validation.,['UGV'],['Unspecified'],"['Camera', 'IMU']",['SLAM'],True,False,resp_01041.json
1042,Simulation Design for Learning Data Collection to Estimate UAM Location in GNSS-Denied using 3D Spatial Information,Wi H.; Jang I.; Hong S.G.,2024,"International Conference on Ubiquitous and Future Networks, ICUFN",Scopus,10.1109/ICUFN61752.2024.10624823,INCLUDE,High,Meets all SLR inclusion criteria for GPS-denied localization/navigation algorithm and platform validation.,['General Robotics'],"['Indoor', 'Urban']","['Camera', 'IMU']",[],True,False,resp_01042.json
1043,Consistent-Innovation-Aided Distributed Cooperative Localization for Multi-UAV Navigation in GNSS-Denied Environments,Hou Z.; Xue C.; Chen S.; Xu C.; Jiang C.; Niu J.,2026,Remote Sensing,Scopus,10.3390/rs18142286,INCLUDE,High,Meets all SLR inclusion criteria for GPS-denied localization/navigation algorithm and platform validation.,['UAV'],['Urban'],"['IMU', 'Radio/UWB']",['Radio Ranging'],True,False,resp_01043.json
1044,Magnetometer-based enhanced visual-inertial odometry for reliable long-range navigation in GNSS-denied high-altitude environment,Abdollahi M.R.; Pourtakdoust S.H.,2026,Aerospace Science and Technology,Scopus,10.1016/j.ast.2026.112673,INCLUDE,High,Meets all SLR inclusion criteria for GPS-denied localization/navigation algorithm and platform validation.,['UAV'],['Unspecified'],"['Camera', 'IMU', 'Radio/UWB']","['VIO', 'Kalman Filtering']",True,False,resp_01044.json
1045,Optical and mass flow sensors for aiding vehicle navigation in gnss denied environment,Moussa M.; Zahran S.; Mostafa M.; Moussa A.; El-Sheimy N.; Elhabiby M.,2020,Sensors (Switzerland),Scopus,10.3390/s20226567,INCLUDE,High,Meets all SLR inclusion criteria for GPS-denied localization/navigation algorithm and platform validation.,['UAV'],"['Indoor', 'Underground', 'Urban']","['Camera', 'IMU', 'Radio/UWB']",['Kalman Filtering'],True,False,resp_01045.json
1046,A UAV scene matching method based on triplet relationship and sliding mode control for GPS-denied environments,Chen Z.; Zhou J.; Gao D.; Lin J.; Huang G.; Deng Z.,2026,Measurement: Journal of the International Measurement Confederation,Scopus,10.1016/j.measurement.2026.120581,INCLUDE,High,Meets all SLR inclusion criteria for GPS-denied localization/navigation algorithm and platform validation.,['UAV'],['Unspecified'],['Radio/UWB'],['Factor Graph Optimization'],True,False,resp_01046.json
1047,A lightweight and robust multi-sensor positioning system integrating GPS/VIO with resilience to GPS outages and visual odometry challenges,Ebrahimi A.; Mosavi M.R.; Ayatollahi A.,2025,GPS Solutions,Scopus,10.1007/s10291-025-01912-x,INCLUDE,High,Meets all SLR inclusion criteria for GPS-denied localization/navigation algorithm and platform validation.,['General Robotics'],['Unspecified'],"['Camera', 'IMU', 'LiDAR', 'Radio/UWB']","['VIO', 'Kalman Filtering', 'Deep Learning']",True,False,resp_01047.json
1048,Airspeed-Aided State Estimation Algorithm of Small Fixed-Wing UAVs in GNSS-Denied Environments,Ye X.; Zeng Y.; Zeng Q.; Zou Y.,2022,Sensors,Scopus,10.3390/s22093156,INCLUDE,High,Meets all SLR inclusion criteria for GPS-denied localization/navigation algorithm and platform validation.,['UAV'],['Urban'],['IMU'],['Kalman Filtering'],True,False,resp_01048.json
1049,"UAV tracking of mobile target in occluded, cluttered and GPS-denied environments",Vanegas F.; Roberts J.; Gonzalez F.,2018,IEEE Aerospace Conference Proceedings,Scopus,10.1109/AERO.2018.8396449,INCLUDE,High,Meets all SLR inclusion criteria for GPS-denied localization/navigation algorithm and platform validation.,['UAV'],"['Underground', 'Urban', 'Forest/Outdoor']","['Camera', 'IMU', 'Radio/UWB']",[],True,False,resp_01049.json
1050,Master-Slave Cross-Domain Unmanned System Cooperative Localization in GNSS Denied Environment,Han J.; Xiang N.; Zou D.,2024,Lecture Notes in Electrical Engineering,Scopus,10.1007/978-981-97-1091-1_27,INCLUDE,High,Meets all SLR inclusion criteria for GPS-denied localization/navigation algorithm and platform validation.,"['UAV', 'UGV']",['Unspecified'],"['IMU', 'Radio/UWB']","['Kalman Filtering', 'Radio Ranging']",True,False,resp_01050.json
1051,Autonomous vision-based UAV localization and optimization-based path planning in GPS-denied environments: a review,Hu Z.; Butt M.Z.; Nasir N.; Salleh M.B.,2026,Engineering Research Express,Scopus,10.1088/2631-8695/ae305b,INCLUDE,High,Meets all SLR inclusion criteria for GPS-denied localization/navigation algorithm and platform validation.,['UAV'],['Underground'],"['Camera', 'IMU', 'Radio/UWB']","['SLAM', 'Factor Graph Optimization']",True,False,resp_01051.json
1052,Seamless navigation and mapping using an INS/GNSS/grid-based SLAM semi-tightly coupled integration scheme,Chiang K.W.; Tsai G.J.; Chang H.W.; Joly C.; EI-Sheimy N.,2019,Information Fusion,Scopus,10.1016/j.inffus.2019.01.004,INCLUDE,High,Meets all SLR inclusion criteria for GPS-denied localization/navigation algorithm and platform validation.,['General Robotics'],['Urban'],"['IMU', 'LiDAR', 'Radio/UWB']","['SLAM', 'Kalman Filtering']",True,False,resp_01052.json
1053,"Context-sensitive guidance, navigation, and control for autonomous vehicles in GNSS-denied underground environments",Hakonen-Milosevic K.; Milosevic Z.; Aaltonen J.; Koskinen K.T.,2025,Proceedings of SPIE - The International Society for Optical Engineering,Scopus,10.1117/12.3071939,INCLUDE,High,Meets all SLR inclusion criteria for GPS-denied localization/navigation algorithm and platform validation.,['General Robotics'],"['Underground', 'Adversarial']",['Radio/UWB'],['SLAM'],True,False,resp_01053.json
1054,Augmented reality-based vision-aid indoor navigation system in GPS denied environment,Rajeev S.; Wan Q.; Yau K.; Panetta K.; Agaian S.,2019,Proceedings of SPIE - The International Society for Optical Engineering,Scopus,10.1117/12.2519224,INCLUDE,High,Meets all SLR inclusion criteria for GPS-denied localization/navigation algorithm and platform validation.,['General Robotics'],['Indoor'],"['Camera', 'IMU', 'Radio/UWB']",[],True,False,resp_01054.json
1055,An Autonomously Navigation System for Forestry Quadrotor within GPS-denied Below-canopy Environment,Xia Y.; Song M.; Zhang J.; Hu C.,2018,"2018 IEEE CSAA Guidance, Navigation and Control Conference, CGNCC 2018",Scopus,10.1109/GNCC42960.2018.9019136,INCLUDE,High,Meets all SLR inclusion criteria for GPS-denied localization/navigation algorithm and platform validation.,['UAV'],['Forest/Outdoor'],"['Camera', 'IMU', 'LiDAR', 'Radio/UWB', 'Radar']","['SLAM', 'Factor Graph Optimization']",True,False,resp_01055.json
1056,VecMapLocNet: Vision-based UAV localization using vector maps in GNSS-denied environments,Wang Z.; Shi D.; Qiu C.; Jin S.; Li T.; Qiao Z.; Chen Y.,2025,ISPRS Journal of Photogrammetry and Remote Sensing,Scopus,10.1016/j.isprsjprs.2025.04.009,INCLUDE,High,Meets all SLR inclusion criteria for GPS-denied localization/navigation algorithm and platform validation.,['UAV'],['Underground'],"['Camera', 'Radio/UWB']",[],True,False,resp_01056.json
1057,Autonomous flight using a smartphone as on-board processing unit in GPS-denied environments,Leichtfried M.; Kaltenriner C.; Mossel A.; Kaufmann H.,2013,ACM International Conference Proceeding Series,Scopus,10.1145/2536853.2536898,INCLUDE,High,Meets all SLR inclusion criteria for GPS-denied localization/navigation algorithm and platform validation.,['UAV'],['Indoor'],"['IMU', 'Radio/UWB']",[],True,False,resp_01057.json
1058,Robust markers for visual navigation using Reed-Solomon codes,Gubbi J.; Sandeep N.K.; Reddy K.P.K.; Balamuralidhar P.,2017,"Proceedings of the 15th IAPR International Conference on Machine Vision Applications, MVA 2017",Scopus,10.23919/MVA.2017.7986900,INCLUDE,High,Meets all SLR inclusion criteria for GPS-denied localization/navigation algorithm and platform validation.,['General Robotics'],['Indoor'],"['Camera', 'IMU']",['SLAM'],True,False,resp_01058.json
1059,Enhanced drone navigation in GNSS denied environment using VDM and Hall effect sensor,Zahran S.; Moussa A.; El-Sheimy N.,2019,ISPRS International Journal of Geo-Information,Scopus,10.3390/ijgi8040169,INCLUDE,High,Meets all SLR inclusion criteria for GPS-denied localization/navigation algorithm and platform validation.,['UAV'],['Urban'],"['IMU', 'Radio/UWB']",['Kalman Filtering'],True,False,resp_01059.json
1060,"PCDATM SLAM-BASED TECHNOLOGY FOR POINT CLOUD AND TRAJECTORY OPTIMIZATION FOR AIRBORNE, LAND, AND INDOOR APPLICATIONS IN GNSS-DENIED ENVIRONMENTS",Mostafa M.M.R.; Sever M.; Huynh V.; Jaeger N.; Jarvis A.; Hutton J.; Kurz S.,2023,"International Archives of the Photogrammetry, Remote Sensing and Spatial Information Sciences - ISPRS Archives",Scopus,10.5194/isprs-archives-XLVIII-1-W1-2023-333-2023,INCLUDE,High,Meets all SLR inclusion criteria for GPS-denied localization/navigation algorithm and platform validation.,['General Robotics'],"['Indoor', 'Urban']","['IMU', 'LiDAR', 'Radio/UWB']","['SLAM', 'Factor Graph Optimization']",True,False,resp_01060.json
1061,Lane Level Positioning Method for Unmanned Driving Based on Inertial System and Vector Map Information Fusion Applicable to GNSS Denied Environments,Dai M.; Li H.; Liang J.; Zhang C.; Pan X.; Tian Y.; Cao J.; Wang Y.,2023,Drones,Scopus,10.3390/drones7040239,INCLUDE,High,Meets all SLR inclusion criteria for GPS-denied localization/navigation algorithm and platform validation.,['General Robotics'],['Unspecified'],"['IMU', 'Radio/UWB']",[],True,False,resp_01061.json
1062,Real-time geospatial positioning for uavs in gps-denied environments using lidar data,Kim H.; Kim D.; Kim S.,2020,AIAA Scitech 2020 Forum,Scopus,10.2514/6.2020-2194,INCLUDE,High,Meets all SLR inclusion criteria for GPS-denied localization/navigation algorithm and platform validation.,['UAV'],"['Urban', 'Forest/Outdoor']","['IMU', 'LiDAR', 'Radio/UWB']","['VIO', 'SLAM', 'Factor Graph Optimization', 'Radio Ranging']",True,False,resp_01062.json
1063,Visual Inertial Navigation for a Small UAV Using Sparse and Dense Optical Flow,Fanin F.; Hong J.-H.,2019,"2019 International Workshop on Research, Education and Development on Unmanned Aerial Systems, RED-UAS 2019",Scopus,10.1109/REDUAS47371.2019.8999672,INCLUDE,High,Meets all SLR inclusion criteria for GPS-denied localization/navigation algorithm and platform validation.,['UAV'],"['Indoor', 'Urban']","['Camera', 'IMU']","['VIO', 'Kalman Filtering']",True,False,resp_01063.json
1064,Autonomous Navigation for Micro Aerial Vehicles in Complex GNSS-denied Environments,Nieuwenhuisen M.; Droeschel D.; Beul M.; Behnke S.,2016,Journal of Intelligent and Robotic Systems: Theory and Applications,Scopus,10.1007/s10846-015-0274-3,INCLUDE,High,Meets all SLR inclusion criteria for GPS-denied localization/navigation algorithm and platform validation.,['UAV'],['Indoor'],"['LiDAR', 'Radio/UWB']",[],True,False,resp_01064.json
1065,Fast localization method for UAV images in GNSS-Denied environments utilizing image sequence relationships,Gao H.; Yu Y.; Zhang W.; Wang Y.; Li L.; Li L.; Song L.; Zhang L.,2025,Proceedings of SPIE - The International Society for Optical Engineering,Scopus,10.1117/12.3055751,INCLUDE,High,Meets all SLR inclusion criteria for GPS-denied localization/navigation algorithm and platform validation.,['UAV'],['Unspecified'],[],[],True,False,resp_01065.json
1066,A Secure ZUPT-Aided Indoor Navigation System Using Blockchain in GNSS-Denied Environments,Shakerian A.; Eghmazi A.; Goasdoué J.; Landry R.J.,2023,Sensors,Scopus,10.3390/s23146393,INCLUDE,High,Meets all SLR inclusion criteria for GPS-denied localization/navigation algorithm and platform validation.,['Wearable'],"['Indoor', 'Urban']","['IMU', 'Radio/UWB']",['Kalman Filtering'],True,False,resp_01066.json
1067,GPS-denied navigation using location estimation and texel image correction,Jensen N.I.; Budge S.E.,2023,Proceedings of SPIE - The International Society for Optical Engineering,Scopus,10.1117/12.2664119,INCLUDE,High,Meets all SLR inclusion criteria for GPS-denied localization/navigation algorithm and platform validation.,['UAV'],"['Urban', 'Adversarial']","['Camera', 'LiDAR', 'Radio/UWB']","['Kalman Filtering', 'Radio Ranging']",True,False,resp_01067.json
1068,High-Accuracy Robust SLAM and Real-Time Autonomous Navigation of UAV in GNSS-denied Environments,Li Z.; Zhao C.; Wang J.; Hou X.; Hu J.; Pan Q.; Jia C.,2022,Lecture Notes in Electrical Engineering,Scopus,10.1007/978-981-15-8155-7_92,INCLUDE,High,Meets all SLR inclusion criteria for GPS-denied localization/navigation algorithm and platform validation.,['UAV'],['Unspecified'],['Radio/UWB'],['SLAM'],True,False,resp_01068.json
1069,UAV–UGV Collaborative Localization in GNSS-Denied Large-Scale Environments: An Anchor-Free VIO–UWB Fusion with Adaptive Weighting and Outlier Suppression,Xu H.; Zhao G.; Bo Y.,2026,Drones,Scopus,10.3390/drones10030175,INCLUDE,High,Meets all SLR inclusion criteria for GPS-denied localization/navigation algorithm and platform validation.,"['UAV', 'UGV']",['Forest/Outdoor'],"['Camera', 'IMU', 'Radio/UWB']","['VIO', 'Factor Graph Optimization', 'Radio Ranging']",True,False,resp_01069.json
1070,Hybrid Machine Learning VDM for UAVs in GNSS-denied Environment,Zahran S.; Moussa A.; El-Sheimy N.; Sesay A.B.,2018,"Navigation, Journal of the Institute of Navigation",Scopus,10.1002/navi.249,INCLUDE,High,Meets all SLR inclusion criteria for GPS-denied localization/navigation algorithm and platform validation.,['UAV'],['Unspecified'],"['IMU', 'Radio/UWB']",['VIO'],True,False,resp_01070.json
1071,Event-Based Visual/Inertial Odometry for UAV Indoor Navigation,Elamin A.; El-Rabbany A.; Jacob S.,2025,Sensors,Scopus,10.3390/s25010061,INCLUDE,High,Meets all SLR inclusion criteria for GPS-denied localization/navigation algorithm and platform validation.,['UAV'],['Indoor'],"['Camera', 'IMU']",['SLAM'],True,False,resp_01071.json
1072,Aerial and ground robot collaboration for autonomous mapping in search and rescue missions,Chatziparaschis D.; Lagoudakis M.G.; Partsinevelos P.,2020,Drones,Scopus,10.3390/DRONES4040079,INCLUDE,High,Meets all SLR inclusion criteria for GPS-denied localization/navigation algorithm and platform validation.,"['UAV', 'UGV']",['Unspecified'],"['Camera', 'IMU']",['Deep Learning'],True,False,resp_01072.json
1073,Radar-Inertial Localization for Unmanned Ground Vehicles in GNSS-Denied Off-Road Environments,Mitrev P.; Atia M.M.,2024,"Proceedings of the International Technical Meeting of the Satellite Division of The Institute of Navigation, ION GNSS+",Scopus,10.33012/2024.19697,INCLUDE,High,Meets all SLR inclusion criteria for GPS-denied localization/navigation algorithm and platform validation.,['UGV'],"['Indoor', 'Underground', 'Urban', 'Forest/Outdoor']","['IMU', 'LiDAR', 'Radio/UWB', 'Radar']","['Kalman Filtering', 'Factor Graph Optimization']",True,False,resp_01073.json
1074,Simultaneous Localization and Mapping of UAV for Precision Agricultural Application,Rauf A.; Muhamamd W.; Mehmood Z.; Irshad M.J.,2023,"2023 International Conference on Energy, Power, Environment, Control, and Computing, ICEPECC 2023 - Proceedings",Scopus,10.1109/ICEPECC57281.2023.10209500,INCLUDE,High,Meets all SLR inclusion criteria for GPS-denied localization/navigation algorithm and platform validation.,['UAV'],['Unspecified'],"['Camera', 'IMU', 'Radio/UWB']",['Deep Learning'],True,False,resp_01074.json
1075,Prototype development of cross-shaped microphone array system for drone localization based on delay-and-sum beamforming in gnss-denied areas,Madokoro H.; Yamamoto S.; Watanabe K.; Nishiguchi M.; Nix S.; Woo H.; Sato K.,2021,Drones,Scopus,10.3390/drones5040123,INCLUDE,High,Meets all SLR inclusion criteria for GPS-denied localization/navigation algorithm and platform validation.,['UAV'],"['Indoor', 'Underground', 'Forest/Outdoor']","['Radio/UWB', 'Sonar/DVL']",[],True,False,resp_01075.json
1076,Robotic inspection of vertical surfaces in GNSS-denied environments,Rana A.; Petitti A.; Milella A.,2026,Robotics and Autonomous Systems,Scopus,10.1016/j.robot.2026.105510,INCLUDE,High,Meets all SLR inclusion criteria for GPS-denied localization/navigation algorithm and platform validation.,['General Robotics'],['Underground'],"['Camera', 'LiDAR', 'Radio/UWB']",[],True,False,resp_01076.json
1078,6D Self-Localization of Drones Using a Single Millimeter-Wave Backscatter Anchor,Lam M.; Dodds L.; Eid A.; Hester J.; Adib F.,2025,Proceedings - IEEE INFOCOM,Scopus,10.1109/INFOCOM55648.2025.11044655,INCLUDE,High,Meets all SLR inclusion criteria for GPS-denied localization/navigation algorithm and platform validation.,['UAV'],"['Indoor', 'Forest/Outdoor']","['Camera', 'IMU', 'Radio/UWB', 'Radar']",[],True,False,resp_01078.json
1079,AN INTEGRATED UWB-VISION FRAMEWORK FOR AUTONOMOUS APPROACH AND LANDING OF UAVS IN GPS-DENIED ENVIRONMENTS,Liu J.; Yan C.,2025,Mathematical Foundations of Computing,Scopus,10.3934/mfc.2024022,INCLUDE,High,Meets all SLR inclusion criteria for GPS-denied localization/navigation algorithm and platform validation.,"['UAV', 'UGV']",['Unspecified'],"['IMU', 'Radio/UWB']",['Radio Ranging'],True,False,resp_01079.json
1080,Adaptive neural pose regression enabled by updatable graphics-based digital twin for robust UAV localization in GPS-denied civil infrastructure,"Matiki T.; Narazaki Y.; Chowdhary G.; Spencer B.F., Jr.",2026,Robotics and Autonomous Systems,Scopus,10.1016/j.robot.2026.105570,INCLUDE,High,Meets all SLR inclusion criteria for GPS-denied localization/navigation algorithm and platform validation.,['UAV'],['Unspecified'],"['Camera', 'IMU', 'Radio/UWB']","['VIO', 'SLAM']",True,False,resp_01080.json
1081,UAV platform for special operation,Klouda J.; Marcon P.,2025,Proceedings II of the Conference Student EEICT,Scopus,10.13164/eeict.2025.241,INCLUDE,High,Meets all SLR inclusion criteria for GPS-denied localization/navigation algorithm and platform validation.,['UAV'],['Unspecified'],"['Camera', 'LiDAR', 'Radio/UWB']","['SLAM', 'Deep Learning', 'Radio Ranging']",True,False,resp_01081.json
1082,Unified Voxel-Centric LiDAR-Visual-Inertial SLAM for Large-Scale GNSS-Denied Environments,Cao Y.; Zhang C.; He X.; He P.; Wang T.; Chen Y.,2025,"2025 International Ubiquitous Positioning, Indoor Navigation and Location-Based Services Conference, UPINLBS 2025",Scopus,10.1109/UPINLBS68186.2025.11468411,INCLUDE,High,Meets all SLR inclusion criteria for GPS-denied localization/navigation algorithm and platform validation.,['General Robotics'],['Unspecified'],"['Camera', 'IMU', 'LiDAR']","['VIO', 'SLAM', 'Kalman Filtering']",True,False,resp_01082.json
1083,GNSS-Denied UAV Terrain Matching Navigation Based on the Autoencoder Network with Contrastive Learning,Jiang Y.; Miao Q.; Wu D.; He J.; Zhao C.,2026,Drones,Scopus,10.3390/drones10050339,INCLUDE,High,Meets all SLR inclusion criteria for GPS-denied localization/navigation algorithm and platform validation.,['UAV'],['Urban'],"['IMU', 'Radio/UWB']",['Deep Learning'],True,False,resp_01083.json
1084,CLAK:CNN-LSTM-Attention and Kolmogorov-Arnold Networks for non-visual UAV localization in GNSS-denied environments,Jarraya I.; Alahmed F.; Abdelkader M.; Gabr K.; Kadri M.B.; Boulila W.,2026,Satellite Navigation,Scopus,10.1186/s43020-026-00192-1,INCLUDE,High,Meets all SLR inclusion criteria for GPS-denied localization/navigation algorithm and platform validation.,['UAV'],['Unspecified'],"['Camera', 'IMU', 'LiDAR', 'Radio/UWB']",['Deep Learning'],True,False,resp_01084.json
1085,GNSS-Denied Semi-Direct Visual Navigation for Autonomous UAVs Aided by PI-Inspired Inertial Priors,Gallo E.; Barrientos A.,2023,Aerospace,Scopus,10.3390/aerospace10030220,INCLUDE,High,Meets all SLR inclusion criteria for GPS-denied localization/navigation algorithm and platform validation.,['UAV'],['Unspecified'],"['Camera', 'IMU']",['Factor Graph Optimization'],True,False,resp_01085.json
1086,Vision-based Relative Navigation and Drone Swarming Control for Inspection in GPS-denied Environment,Candan F.; Sanci M.E.; Li L.,2024,2024 ASABE Annual International Meeting,Scopus,10.13031/aim.202401277,INCLUDE,High,Meets all SLR inclusion criteria for GPS-denied localization/navigation algorithm and platform validation.,['UAV'],['Unspecified'],['Radio/UWB'],[],True,False,resp_01086.json
1087,Heterogeneous Multirobot Team: Maritime Inspection and Intervention in Global Navigation Satellite System-Denied Scenarios,Ferreira B.A.; Ivanovic A.; Peti M.; Mandic L.; Batos M.; Domislovic J.; Vasiljevic G.; Obradovic J.; Ferreira F.; Petric F.; Barisic-Kulas A.; Car M.; Goricanec J.; Krasevac N.; Krizmancic M.; Loncar I.; Markovic L.; Milijas R.; Stuhne D.; Orsag M.; Bogdan S.; Miskovic N.,2025,IEEE Robotics and Automation Magazine,Scopus,10.1109/MRA.2025.3639792,INCLUDE,High,Meets all SLR inclusion criteria for GPS-denied localization/navigation algorithm and platform validation.,"['UAV', 'USV/AUV']",['Unspecified'],['Radio/UWB'],[],True,False,resp_01087.json
1088,Analysis of optical flow methods for estimating UAV velocity in Low-features environment,Swamidoss I.N.; Al Mansoori A.; Shajahan S.; Bouamer T.; Al Remeithi H.; Al Marzooqi A.; Sayadi S.,2024,Proceedings of SPIE - The International Society for Optical Engineering,Scopus,10.1117/12.3023033,INCLUDE,High,Meets all SLR inclusion criteria for GPS-denied localization/navigation algorithm and platform validation.,['UAV'],['Urban'],['Radio/UWB'],[],True,False,resp_01088.json
1089,Monocular-SLAM-based navigation for autonomous micro helicopters in GPS-denied environments,Weiss S.; Scaramuzza D.; Siegwart R.,2011,Journal of Field Robotics,Scopus,10.1002/rob.20412,INCLUDE,High,Meets all SLR inclusion criteria for GPS-denied localization/navigation algorithm and platform validation.,['UAV'],['Unspecified'],"['Camera', 'IMU', 'Radio/UWB']",['SLAM'],True,False,resp_01089.json
1090,UAV navigation in GPS-denied environment using particle filtered RVL,Couturier A.; Akhloufi M.A.,2019,Proceedings of SPIE - The International Society for Optical Engineering,Scopus,10.1117/12.2518516,INCLUDE,High,Meets all SLR inclusion criteria for GPS-denied localization/navigation algorithm and platform validation.,['UAV'],['Unspecified'],"['Camera', 'IMU']","['VIO', 'Radio Ranging']",True,False,resp_01090.json
1091,LoLa-SLAM: Low-Latency LiDAR SLAM Using Continuous Scan Slicing,Karimi M.; Oelsch M.; Stengel O.; Babaians E.; Steinbach E.,2021,IEEE Robotics and Automation Letters,Scopus,10.1109/LRA.2021.3060721,INCLUDE,High,Meets all SLR inclusion criteria for GPS-denied localization/navigation algorithm and platform validation.,['UAV'],"['Indoor', 'Underground']",['LiDAR'],"['SLAM', 'Kalman Filtering']",True,False,resp_01091.json
1092,Efficient SLAM Algorithm Based on Quaternions for Real-Time Navigation of Unmanned Aerial Vehicles,Wang X.; Wang M.; Liu X.,2026,Transactions on Emerging Telecommunications Technologies,Scopus,10.1002/ett.70386,INCLUDE,High,Meets all SLR inclusion criteria for GPS-denied localization/navigation algorithm and platform validation.,['UAV'],['Urban'],"['Camera', 'IMU', 'Radio/UWB']","['VIO', 'SLAM', 'Kalman Filtering', 'Factor Graph Optimization']",True,False,resp_01092.json
1093,Landmark-Based Multi-sensor Fusion SLAM Algorithm for Autonomous Positioning in GNSS-Denied Environments,Sheng M.; Wang R.; Zhao J.; Xiong Z.; Liu J.,2025,Lecture Notes in Electrical Engineering,Scopus,10.1007/978-981-96-2236-8_4,INCLUDE,High,Meets all SLR inclusion criteria for GPS-denied localization/navigation algorithm and platform validation.,['UGV'],['Unspecified'],['IMU'],['SLAM'],True,False,resp_01093.json
1094,Dynamic Artificial Neural Network-Assisted GPS-Less Navigation for IoT-Enabled Drones,Simsek M.; Boukerche A.; Kantarci B.; Bitirgen R.; Hancer M.; Bayezit I.,2024,IEEE Internet of Things Magazine,Scopus,10.1109/IOTM.001.2200276,INCLUDE,High,Meets all SLR inclusion criteria for GPS-denied localization/navigation algorithm and platform validation.,['UAV'],['Unspecified'],"['IMU', 'Radio/UWB']",['Deep Learning'],True,False,resp_01094.json
1095,A multi-sensorial simultaneous localization and mapping (SLAM) system for low-cost micro aerial vehicles in GPS-denied environments,López E.; García S.; Barea R.; Bergasa L.M.; Molinos E.J.; Arroyo R.; Romera E.; Pardo S.,2017,Sensors (Switzerland),Scopus,10.3390/s17040802,INCLUDE,High,Meets all SLR inclusion criteria for GPS-denied localization/navigation algorithm and platform validation.,['UAV'],"['Indoor', 'Urban']","['Camera', 'IMU', 'LiDAR', 'Radio/UWB']","['SLAM', 'Kalman Filtering']",True,False,resp_01095.json
1096,DTVIRM-Swarm: A Distributed and Tightly Integrated Visual-Inertial-UWB-Magnetic System for Anchor Free Swarm Cooperative Localization,Luo X.; Du X.; Yue S.; Lv Y.; Zhang L.; He X.; Wu W.; Mao J.,2026,Drones,Scopus,10.3390/drones10010049,INCLUDE,High,Meets all SLR inclusion criteria for GPS-denied localization/navigation algorithm and platform validation.,['UAV'],['Adversarial'],"['Camera', 'IMU', 'Radio/UWB']","['VIO', 'SLAM', 'Kalman Filtering', 'Factor Graph Optimization', 'Radio Ranging']",True,False,resp_01096.json
1097,Indoor fixed-point hovering control for UAVs based on visual inertial SLAM,Li Z.; Li H.; Liu Y.; Jin L.; Wang C.,2024,Robotic Intelligence and Automation,Scopus,10.1108/RIA-06-2023-0081,INCLUDE,High,Meets all SLR inclusion criteria for GPS-denied localization/navigation algorithm and platform validation.,['UAV'],['Indoor'],"['Camera', 'IMU', 'Radio/UWB']","['SLAM', 'Kalman Filtering']",True,False,resp_01097.json
1098,Long-Duration Inspection of GNSS-Denied Environments with a Tethered UAV-UGV Marsupial System †,Martínez-Rozas S.; Alejo D.; Carpio J.J.; Caballero F.; Merino L.,2025,Drones,Scopus,10.3390/drones9110765,INCLUDE,High,Meets all SLR inclusion criteria for GPS-denied localization/navigation algorithm and platform validation.,"['UAV', 'UGV']",['Urban'],"['LiDAR', 'Radio/UWB']",[],True,False,resp_01098.json
1099,Machine Learning-Based UAV Localization for Under-Structure Sensor Deployment in GPS-Denied Environments,Khan M.A.; Satme J.N.; Zheng M.; Tadamatla S.; Phillips E.; Adebajo K.; Shute N.; Yount R.; Downey A.R.J.,2026,Proceedings of SPIE - The International Society for Optical Engineering,Scopus,10.1117/12.3089966,INCLUDE,High,Meets all SLR inclusion criteria for GPS-denied localization/navigation algorithm and platform validation.,['UAV'],['Unspecified'],"['Camera', 'Radio/UWB']",[],True,False,resp_01099.json
1100,An Aerial Transport System in Marine GNSS-Denied Environment,Sun J.; Niu Z.; Dong Y.; Zhang F.; Din M.U.; Seneviratne L.; Lin D.; Hussain I.; He S.,2025,Journal of Field Robotics,Scopus,10.1002/rob.22520,INCLUDE,High,Meets all SLR inclusion criteria for GPS-denied localization/navigation algorithm and platform validation.,"['UAV', 'USV/AUV']",['Forest/Outdoor'],['Radio/UWB'],[],True,False,resp_01100.json
1101,UWB-based localization for multi-UAV systems and collaborative heterogeneous multi-robot systems,Shule W.; Almansa C.M.; Queralta J.P.; Zou Z.; Westerlund T.,2020,Procedia Computer Science,Scopus,10.1016/j.procs.2020.07.051,INCLUDE,High,Meets all SLR inclusion criteria for GPS-denied localization/navigation algorithm and platform validation.,['UAV'],['Unspecified'],['Radio/UWB'],"['VIO', 'Radio Ranging']",True,False,resp_01101.json
1102,iDROP: Robust Localization for Indoor Navigation of Drones With Optimized Beacon Placement,Famili A.; Stavrou A.; Wang H.; Park J.-M.,2023,IEEE Internet of Things Journal,Scopus,10.1109/JIOT.2023.3280084,INCLUDE,High,Meets all SLR inclusion criteria for GPS-denied localization/navigation algorithm and platform validation.,['UAV'],['Indoor'],"['Radio/UWB', 'Sonar/DVL']",['Radio Ranging'],True,False,resp_01102.json
1103,Integrated navigation of aerial robot for GPS and GPS-denied environment,Suzuki S.; Min H.; Wada T.; Nonami K.,2016,Journal of Physics: Conference Series,Scopus,10.1088/1742-6596/744/1/012219,INCLUDE,High,Meets all SLR inclusion criteria for GPS-denied localization/navigation algorithm and platform validation.,['General Robotics'],"['Indoor', 'Urban', 'Forest/Outdoor']","['IMU', 'LiDAR']","['Kalman Filtering', 'Radio Ranging']",True,False,resp_01103.json
1104,Convolutional Neural Networks for Autonomous UAV Navigation in GPS-Denied Environments,Santos R.S.; Matos-Carvalho J.P.; Tomic S.; Beko M.; Calafate C.T.,2024,IFIP Advances in Information and Communication Technology,Scopus,10.1007/978-3-031-63851-0_7,INCLUDE,High,Meets all SLR inclusion criteria for GPS-denied localization/navigation algorithm and platform validation.,['UAV'],['Unspecified'],['Radio/UWB'],['Deep Learning'],True,False,resp_01104.json
1105,3D SCENE RECONSTRUCTION AND PATH PLANNING METHOD FOR UAV IN GNSS-DENIED ENVIRONMENT,Jin Q.; Zhao P.; Hu Q.; Duan X.; Ai M.,2022,"ISPRS Annals of the Photogrammetry, Remote Sensing and Spatial Information Sciences",Scopus,10.5194/isprs-annals-X-3-W1-2022-69-2022,INCLUDE,High,Meets all SLR inclusion criteria for GPS-denied localization/navigation algorithm and platform validation.,['UAV'],['Unspecified'],"['LiDAR', 'Radio/UWB']",['SLAM'],True,False,resp_01105.json
1106,Adaptive Particle Filter-Neural Network Fusion for Cooperative Localization of Multi-UAV Systems in GNSS-Denied Indoor Environments,Wang Z.; Wang H.; Liu S.,2026,Computers,Scopus,10.3390/computers15030172,INCLUDE,High,Meets all SLR inclusion criteria for GPS-denied localization/navigation algorithm and platform validation.,['UAV'],['Indoor'],"['Camera', 'IMU', 'Radio/UWB']","['Deep Learning', 'Radio Ranging']",True,False,resp_01106.json
1107,Multi-UAV Cooperative Localization in Pseudolite-Augmented GNSS-Denied Regions: An Anomaly-Resilient Adaptive Kalman Filter with Group Covariance Compensation,Ji C.; Guo X.; Tang Y.; Han X.; Song Y.,2026,Drones,Scopus,10.3390/drones10060460,INCLUDE,High,Meets all SLR inclusion criteria for GPS-denied localization/navigation algorithm and platform validation.,['UAV'],['Unspecified'],"['IMU', 'Radio/UWB']",['Kalman Filtering'],True,False,resp_01107.json
1108,A collaborative navigation algorithm for UAV Ad Hoc network based on improved sequence quadratic programming and unscented Kalman filtering in GNSS denied area,Tang X.; Yang L.; Wang D.; Li W.; Xin D.; Jia H.,2025,Measurement: Journal of the International Measurement Confederation,Scopus,10.1016/j.measurement.2024.115977,INCLUDE,High,Meets all SLR inclusion criteria for GPS-denied localization/navigation algorithm and platform validation.,['UAV'],['Unspecified'],['IMU'],"['Kalman Filtering', 'Factor Graph Optimization']",True,False,resp_01108.json
1109,Improving the Localization of the Magnetic Field-Based SLAM Through a Novel PINN-UKF Framework,Magad A.A.; Emzir M.F.,2026,IEEE Access,Scopus,10.1109/ACCESS.2026.3690969,INCLUDE,High,Meets all SLR inclusion criteria for GPS-denied localization/navigation algorithm and platform validation.,['USV/AUV'],['Indoor'],"['IMU', 'Radio/UWB']","['SLAM', 'Kalman Filtering', 'Deep Learning']",True,False,resp_01109.json
1110,Cross-Session 3D LiDAR and Camera Fusion for Robust Localization of Unmanned Aerial Vehicles in GPS-Denied Environments,Quach C.H.; Vo C.T.; Tran D.L.T.; Nguyen T.S.; Phung M.D.; Tran T.H.,2026,Journal of Robotics,Scopus,10.1155/joro/9948104,INCLUDE,High,Meets all SLR inclusion criteria for GPS-denied localization/navigation algorithm and platform validation.,['UAV'],"['Indoor', 'Underground', 'Urban']","['Camera', 'IMU', 'LiDAR', 'Radio/UWB']",['Radio Ranging'],True,False,resp_01110.json
1111,Robust TOA-based UAS navigation under model mismatch in GNSS-denied harsh environments,Mortier J.; Pagès G.; Vilà-Valls J.,2020,Remote Sensing,Scopus,10.3390/RS12182928,INCLUDE,High,Meets all SLR inclusion criteria for GPS-denied localization/navigation algorithm and platform validation.,['General Robotics'],"['Indoor', 'Urban', 'Forest/Outdoor']",['Radio/UWB'],['Radio Ranging'],True,False,resp_01111.json
1112,A coarse-to-fine visual geo-localization method for GNSS-denied UAV with oblique-view imagery,Ye Q.; Luo J.; Lin Y.,2024,ISPRS Journal of Photogrammetry and Remote Sensing,Scopus,10.1016/j.isprsjprs.2024.05.006,INCLUDE,High,Meets all SLR inclusion criteria for GPS-denied localization/navigation algorithm and platform validation.,['UAV'],"['Indoor', 'Underground', 'Forest/Outdoor']","['Camera', 'Radio/UWB']",['VIO'],True,False,resp_01112.json
1113,Towards UAV Localization in GNSS-Denied Environments: The SatLoc Dataset and a Hierarchical Adaptive Fusion Framework,Zhou X.; Zhang X.; Yang X.; Zhao J.; Liu Z.; Shuang F.,2025,Remote Sensing,Scopus,10.3390/rs17173048,INCLUDE,High,Meets all SLR inclusion criteria for GPS-denied localization/navigation algorithm and platform validation.,['UAV'],['Urban'],['Camera'],[],True,False,resp_01113.json
1114,I-NAV: Inverse Navigation for questionnaire-based geolocation in GPS-denied environments,Qazi S.; Alejandro J.; Murshed R.U.; Evans T.S.; Lippert J.; Saquib M.,2026,Array,Scopus,10.1016/j.array.2026.100978,INCLUDE,High,Meets all SLR inclusion criteria for GPS-denied localization/navigation algorithm and platform validation.,['UAV'],"['Underground', 'Urban', 'Forest/Outdoor']",['Radio/UWB'],[],True,False,resp_01114.json
1115,SWA-PF: Semantic-weighted adaptive particle filter for memory-efficient 4-DoF UAV localization in GNSS-denied environments,Yuan J.; Dai M.; Zheng E.; Su C.; Chen N.; Hu Q.; Zhu S.; Cao Y.,2026,Pattern Recognition,Scopus,10.1016/j.patcog.2026.114522,INCLUDE,High,Meets all SLR inclusion criteria for GPS-denied localization/navigation algorithm and platform validation.,['UAV'],['Unspecified'],['Radio/UWB'],[],True,False,resp_01115.json
1116,Development of a Visual SLAM-Based Autonomous UAV System for Greenhouse Plant Monitoring,Lin J.-H.; Lin T.-T.,2026,Drones,Scopus,10.3390/drones10030205,INCLUDE,High,Meets all SLR inclusion criteria for GPS-denied localization/navigation algorithm and platform validation.,['UAV'],['Indoor'],"['Camera', 'IMU', 'Radio/UWB']","['SLAM', 'Deep Learning', 'Radio Ranging']",True,False,resp_01116.json
1117,Enhancing Visual–Inertial Odometry Robustness and Accuracy in Challenging Environments,Minervini A.; Carrio A.; Guglieri G.,2025,Robotics,Scopus,10.3390/robotics14060071,INCLUDE,High,Meets all SLR inclusion criteria for GPS-denied localization/navigation algorithm and platform validation.,['UAV'],['Unspecified'],"['Camera', 'IMU', 'Radio/UWB']",['VIO'],True,False,resp_01117.json
1118,GNSS-denied UAV indoor navigation with UWB incorporated visual inertial odometry,Lin H.-Y.; Zhan J.-R.,2023,Measurement: Journal of the International Measurement Confederation,Scopus,10.1016/j.measurement.2022.112256,INCLUDE,High,Meets all SLR inclusion criteria for GPS-denied localization/navigation algorithm and platform validation.,['UAV'],['Indoor'],"['Camera', 'IMU', 'Radio/UWB']","['VIO', 'Factor Graph Optimization', 'Radio Ranging']",True,False,resp_01118.json
1119,A Low-Cost Experimental Quadcopter Drone Design for Autonomous Search-and-Rescue Missions in GNSS-Denied Environments,Allan S.; Barczyk M.,2025,Drones,Scopus,10.3390/drones9080523,INCLUDE,High,Meets all SLR inclusion criteria for GPS-denied localization/navigation algorithm and platform validation.,['UAV'],"['Indoor', 'Underground']",['LiDAR'],[],True,False,resp_01119.json
1120,GNSS-denied geolocalization of UAVs using terrain-weighted constraint optimization,Yao F.; Lan C.; Wang L.; Wan H.; Gao T.; Wei Z.,2024,International Journal of Applied Earth Observation and Geoinformation,Scopus,10.1016/j.jag.2024.104277,INCLUDE,High,Meets all SLR inclusion criteria for GPS-denied localization/navigation algorithm and platform validation.,['UAV'],['Adversarial'],"['Camera', 'Radio/UWB']",['Factor Graph Optimization'],True,False,resp_01120.json
1121,HCCNet: Hybrid Coupled Cooperative Network for Robust Indoor Localization,Zhang L.; Zhou X.; Li D.; Yang Z.,2024,ACM Transactions on Sensor Networks,Scopus,10.1145/3665645,INCLUDE,High,Meets all SLR inclusion criteria for GPS-denied localization/navigation algorithm and platform validation.,"['UAV', 'UGV']","['Indoor', 'Underground']","['Camera', 'IMU', 'Radio/UWB']","['VIO', 'Radio Ranging']",True,False,resp_01121.json
1122,Multi-modality Fusion Global Localization Method for UGVs in Rough Terrain GNSS-Denied Environments,Zhao X.; Su B.; Guang X.,2023,Lecture Notes in Electrical Engineering,Scopus,10.1007/978-981-19-6613-2_147,INCLUDE,High,Meets all SLR inclusion criteria for GPS-denied localization/navigation algorithm and platform validation.,['UGV'],['Unspecified'],"['Camera', 'LiDAR', 'Radio/UWB']",[],True,False,resp_01122.json
1123,A Novel Scene-Matching Positioning Approach for Low-Altitude UAVs Considering Elevation Differences in Satellite Images,Zhang X.; Li T.; Wang Z.; Kuang Y.,2026,IEEE Internet of Things Journal,Scopus,10.1109/JIOT.2026.3664077,INCLUDE,High,Meets all SLR inclusion criteria for GPS-denied localization/navigation algorithm and platform validation.,['UAV'],"['Urban', 'Adversarial']","['Camera', 'Radio/UWB']",['Factor Graph Optimization'],True,False,resp_01123.json
1124,Real-Time Elevation and Orientation-Aware Visual Localization for GNSS-Denied Drone Navigation,Fares H.; Mohanna A.; Kaddouh B.,2026,Drones,Scopus,10.3390/drones10060445,INCLUDE,High,Meets all SLR inclusion criteria for GPS-denied localization/navigation algorithm and platform validation.,['UAV'],"['Underground', 'Forest/Outdoor']","['Camera', 'Radio/UWB']",[],True,False,resp_01124.json
1125,Flight in GPS-denied environment: Autonomous navigation system for micro-aerial vehicle,Lu H.; Shen H.; Tian B.; Zhang X.; Yang Z.; Zong Q.,2022,Aerospace Science and Technology,Scopus,10.1016/j.ast.2022.107521,INCLUDE,High,Meets all SLR inclusion criteria for GPS-denied localization/navigation algorithm and platform validation.,['UAV'],['Unspecified'],[],[],True,False,resp_01125.json
1126,Centralised cooperative UAV navigation in GPS-denied environments,Gökçay M.A.; Hajiyev C.,2025,International Journal of Sustainable Aviation,Scopus,10.1504/IJSA.2025.150666,INCLUDE,High,Meets all SLR inclusion criteria for GPS-denied localization/navigation algorithm and platform validation.,['UAV'],['Adversarial'],"['IMU', 'Radio/UWB']",['Kalman Filtering'],True,False,resp_01126.json
1127,Swarm UAVs for Area Mapping in GPS-Denied Locations,Golan D.; Kennedy P.; Gonzalez B.; Taylor R.; Perry J.; Thomas E.; Ebrahimi R.; Fox K.; Drakunov S.,2024,Proceedings of SPIE - The International Society for Optical Engineering,Scopus,10.1117/12.3013898,INCLUDE,High,Meets all SLR inclusion criteria for GPS-denied localization/navigation algorithm and platform validation.,['UAV'],['Unspecified'],"['Camera', 'IMU', 'LiDAR']",['SLAM'],True,False,resp_01127.json
1128,Self-calibrated Navigation System Based on Fusion of Distance Measurement and Visual Odometry,Li Y.; Hu J.; Xu Z.; Lv M.; Zhang J.,2024,Lecture Notes in Electrical Engineering,Scopus,10.1007/978-981-97-1107-9_35,INCLUDE,High,Meets all SLR inclusion criteria for GPS-denied localization/navigation algorithm and platform validation.,['UAV'],['Unspecified'],"['Camera', 'IMU']",[],True,False,resp_01128.json
1129,GPS-Denied Global Visual-Inertial Ground Vehicle State Estimation via Image Registration,Litman Y.; McGann D.; Dexheimer E.; Kaess M.,2022,Proceedings - IEEE International Conference on Robotics and Automation,Scopus,10.1109/ICRA46639.2022.9812364,INCLUDE,High,Meets all SLR inclusion criteria for GPS-denied localization/navigation algorithm and platform validation.,['UGV'],['Forest/Outdoor'],"['Camera', 'IMU', 'Radio/UWB']",['VIO'],True,False,resp_01129.json
1130,Robust GNSS-denied localization for UAV using particle filter and visual odometry,Jurevičius R.; Marcinkevičius V.; Šeibokas J.,2019,Machine Vision and Applications,Scopus,10.1007/s00138-019-01046-4,INCLUDE,High,Meets all SLR inclusion criteria for GPS-denied localization/navigation algorithm and platform validation.,['UAV'],['Unspecified'],"['Camera', 'IMU', 'Radio/UWB']",['SLAM'],True,False,resp_01130.json
1131,Enhancing UAV Autonomy and Path Optimization Through SBAS and Visual-Inertial Odometry; [Mejora de la autonomía de UAV y optimización de trayectorias mediante odometría visual–inercial integrada con SBAS],Arumugam V.; Alagumalai V.,2026,Ingenieria e Investigacion,Scopus,10.15446/ing.investig.119122,INCLUDE,High,Meets all SLR inclusion criteria for GPS-denied localization/navigation algorithm and platform validation.,['UAV'],"['Indoor', 'Forest/Outdoor']","['Camera', 'IMU', 'Radio/UWB']","['VIO', 'Factor Graph Optimization']",True,False,resp_01131.json
1132,Minimalistic approach for monocular SLAM system applied to micro aerial vehicles in GPS-denied environments,Urzua S.; Munguía R.; Nuño E.; Grau A.,2018,Transactions of the Institute of Measurement and Control,Scopus,10.1177/0142331217747343,INCLUDE,High,Meets all SLR inclusion criteria for GPS-denied localization/navigation algorithm and platform validation.,['UAV'],['Unspecified'],"['Camera', 'IMU', 'Radio/UWB']","['VIO', 'SLAM']",True,False,resp_01132.json
1133,UAV circumnavigating an unknown target under a GPS-denied environment with range-only measurements,Cao Y.,2015,Automatica,Scopus,10.1016/j.automatica.2015.03.007,INCLUDE,High,Meets all SLR inclusion criteria for GPS-denied localization/navigation algorithm and platform validation.,['UAV'],['Unspecified'],['Radio/UWB'],[],True,False,resp_01133.json
1134,A Decision-Making Framework for Autonomous Aerial Vehicles in Responding to GPS Loss,Prell R.; Rubio R.; Joseph S.; Negash N.; Sun L.,2026,"AIAA Science and Technology Forum and Exposition, AIAA SciTech Forum 2026",Scopus,10.2514/6.2026-1992,INCLUDE,High,Meets all SLR inclusion criteria for GPS-denied localization/navigation algorithm and platform validation.,['UAV'],"['Urban', 'Adversarial']","['Camera', 'IMU', 'Radio/UWB']",['VIO'],True,False,resp_01134.json
1135,UAV Localization in Low-Altitude GNSS-Denied Environments Based on POI and Store Signage Text Matching in UAV Images,Liu Y.; Bai J.; Wang G.; Wu X.; Sun F.; Guo Z.; Geng H.,2023,Drones,Scopus,10.3390/drones7070451,INCLUDE,High,Meets all SLR inclusion criteria for GPS-denied localization/navigation algorithm and platform validation.,['UAV'],"['Underground', 'Urban']","['IMU', 'Radio/UWB']",['SLAM'],True,False,resp_01135.json
1136,A Visual-Inertial Fusion Mapping and Localization System Using AprilTag in GNSS-Denied Scenes,Wu Z.; An H.; Wu B.; Wang H.; Lu K.,2023,Lecture Notes in Computer Science (including subseries Lecture Notes in Artificial Intelligence and Lecture Notes in Bioinformatics),Scopus,10.1007/978-981-99-6504-5_23,INCLUDE,High,Meets all SLR inclusion criteria for GPS-denied localization/navigation algorithm and platform validation.,['General Robotics'],['Indoor'],"['Camera', 'IMU']","['VIO', 'Kalman Filtering', 'Factor Graph Optimization']",True,False,resp_01136.json
1137,"Integrated guidance, navigation, and control system for a UAV in a GPS denied environment",Hong J.-H.; Ryoo C.-K.; Shin H.-S.; Tsourdos A.,2018,"ICINCO 2018 - Proceedings of the 15th International Conference on Informatics in Control, Automation and Robotics",Scopus,10.5220/0006908204400447,INCLUDE,High,Meets all SLR inclusion criteria for GPS-denied localization/navigation algorithm and platform validation.,['UAV'],['Unspecified'],"['IMU', 'Radio/UWB']",[],True,False,resp_01137.json
1138,Visual Simultaneous Localization and Mapping (vSLAM) of Driverless Car in GPS-Denied Areas †,Kanwal A.; Anjum Z.; Muhammad W.,2021,Engineering Proceedings,Scopus,10.3390/engproc2021012049,INCLUDE,High,Meets all SLR inclusion criteria for GPS-denied localization/navigation algorithm and platform validation.,['UGV'],"['Indoor', 'Underground', 'Urban']","['Camera', 'IMU', 'LiDAR', 'Radio/UWB', 'Radar']",['SLAM'],True,False,resp_01138.json
1139,Vision-controlled micro flying robots: From system design to autonomous navigation and mapping in GPS-denied environments,Scaramuzza D.; Achtelik M.C.; Doitsidis L.; Friedrich F.; Kosmatopoulos E.; Martinelli A.; Achtelik M.W.; Chli M.; Chatzichristofis S.; Kneip L.; Gurdan D.; Heng L.; Lee G.H.; Lynen S.; Pollefeys M.; Renzaglia A.; Siegwart R.; Stumpf J.C.; Tanskanen P.; Troiani C.; Weiss S.; Meier L.,2014,IEEE Robotics and Automation Magazine,Scopus,10.1109/MRA.2014.2322295,INCLUDE,High,Meets all SLR inclusion criteria for GPS-denied localization/navigation algorithm and platform validation.,['UAV'],"['Indoor', 'Forest/Outdoor']","['Camera', 'IMU', 'Radio/UWB']",[],True,False,resp_01139.json
1140,UAV navigation in large-scale GPS-denied bridge environments using fiducial marker-corrected stereo visual-inertial localisation,Wang F.; Zou Y.; Zhang C.; Buzzatto J.; Liarokapis M.; del Rey Castillo E.; Lim J.B.P.,2023,Automation in Construction,Scopus,10.1016/j.autcon.2023.105139,INCLUDE,High,Meets all SLR inclusion criteria for GPS-denied localization/navigation algorithm and platform validation.,['UAV'],['Unspecified'],"['Camera', 'IMU']","['VIO', 'SLAM']",True,False,resp_01140.json
1141,"A ROS Multi-Tier UAV Localization Module Based on GNSS, Inertial and Visual-Depth Data",Antonopoulos A.; Lagoudakis M.G.; Partsinevelos P.,2022,Drones,Scopus,10.3390/drones6060135,INCLUDE,High,Meets all SLR inclusion criteria for GPS-denied localization/navigation algorithm and platform validation.,['UAV'],"['Indoor', 'Urban']","['Camera', 'IMU', 'Radio/UWB']",[],True,False,resp_01141.json
1142,Dual Quaternion-Based Unscented Kalman Filter with Visual Inertial Odometry for navigation in GPS-denied environments,Khalifa M.; Hashim H.A.,2026,Measurement: Journal of the International Measurement Confederation,Scopus,10.1016/j.measurement.2026.121964,INCLUDE,High,Meets all SLR inclusion criteria for GPS-denied localization/navigation algorithm and platform validation.,['UAV'],['Unspecified'],"['Camera', 'IMU', 'Radio/UWB']","['VIO', 'Kalman Filtering']",True,False,resp_01142.json
1143,Multi-Robot Cooperative 3D Frontier Exploration Using Stereo Camera Based Mapping in GPS-Denied Environments,Yadav R.; Subbarao K.,2026,"AIAA Science and Technology Forum and Exposition, AIAA SciTech Forum 2026",Scopus,10.2514/6.2026-0859,INCLUDE,High,Meets all SLR inclusion criteria for GPS-denied localization/navigation algorithm and platform validation.,['UAV'],['Unspecified'],"['Camera', 'IMU', 'Radio/UWB']","['SLAM', 'Kalman Filtering']",True,False,resp_01143.json
1144,Mobile robot motion control and autonomous navigation in GPS-denied outdoor environments using 3D laser scanning,Yang Q.; Qu D.; Xu F.; Zou F.; He G.; Sun M.,2019,Assembly Automation,Scopus,10.1108/AA-02-2018-029,INCLUDE,High,Meets all SLR inclusion criteria for GPS-denied localization/navigation algorithm and platform validation.,['UGV'],['Forest/Outdoor'],"['LiDAR', 'Radio/UWB']",[],True,False,resp_01144.json
1145,Enhancing Integrated Navigation with a Self-Attention LSTM Hybrid Network for UAVs in GNSS-Denied Environments,Wang Z.; Shen X.; Li J.; Li J.; Wu X.; Yang Y.,2025,Drones,Scopus,10.3390/drones9040279,INCLUDE,High,Meets all SLR inclusion criteria for GPS-denied localization/navigation algorithm and platform validation.,['UAV'],['Urban'],[],"['Kalman Filtering', 'Deep Learning']",True,False,resp_01145.json
1146,Micro-radar and UWB aided UAV navigation in GNSS denied environment,Zahran S.; Mostafa M.M.; Masiero A.; Moussa A.M.; Vettore A.; El-Sheimy N.,2018,"International Archives of the Photogrammetry, Remote Sensing and Spatial Information Sciences - ISPRS Archives",Scopus,10.5194/isprs-archives-XLII-1-469-2018,INCLUDE,High,Meets all SLR inclusion criteria for GPS-denied localization/navigation algorithm and platform validation.,"['UAV', 'UGV']",['Unspecified'],"['IMU', 'Radio/UWB', 'Radar']",['Radio Ranging'],True,False,resp_01146.json
1147,LiDAR-Based High-Precision Mapping and GNSS-Denied Localiztion for UAV,Tu Z.; Fu H.; Sun Z.,2023,Lecture Notes in Electrical Engineering,Scopus,10.1007/978-981-99-0479-2_275,INCLUDE,High,Meets all SLR inclusion criteria for GPS-denied localization/navigation algorithm and platform validation.,['UAV'],['Unspecified'],['LiDAR'],[],True,False,resp_01147.json
1148,UAV-Based Structural Health Monitoring Using a Two-Stage CNN Model with Lighthouse Localization in GNSS-Denied Environments,Chu T.S.C.; Sorilla J.; Chua A.Y.,2025,HighTech and Innovation Journal,Scopus,10.28991/HIJ-2025-06-02-03,INCLUDE,High,Meets all SLR inclusion criteria for GPS-denied localization/navigation algorithm and platform validation.,['UAV'],['Indoor'],['Radio/UWB'],['Deep Learning'],True,False,resp_01148.json
1149,Simultaneous Localization and Mapping using Sensor Fusion for UAV Navigation in GPS-Denied Environments,Ramirez R.; Lin T.; Kryzia D.; Luo Z.; Faraj N.; Espana D.; Thakkar T.; Bhandari S.; Raheja A.; Chowdhury M.,2026,"AIAA Science and Technology Forum and Exposition, AIAA SciTech Forum 2026",Scopus,10.2514/6.2026-0855,INCLUDE,High,Meets all SLR inclusion criteria for GPS-denied localization/navigation algorithm and platform validation.,['UAV'],['Indoor'],"['Camera', 'IMU']","['VIO', 'SLAM']",True,False,resp_01149.json
1150,NaviLoc: Trajectory-Level Visual Localization for GNSS-Denied UAV Navigation,Shpagin P.; Panchenko T.,2026,Drones,Scopus,10.3390/drones10020097,INCLUDE,High,Meets all SLR inclusion criteria for GPS-denied localization/navigation algorithm and platform validation.,['UAV'],['Unspecified'],"['Camera', 'IMU', 'Radio/UWB']","['VIO', 'Factor Graph Optimization']",True,False,resp_01150.json
1151,A Heterogeneous Multirobot System for Autonomous Object Retrieval in Challenging GNSS-Denied Maritime Environment,Chen Q.; Irfan M.; Yu Q.; Sun J.; Din M.U.; Lin D.; Dong Y.; He S.; Hussain I.,2025,Journal of Field Robotics,Scopus,10.1002/rob.70011,INCLUDE,High,Meets all SLR inclusion criteria for GPS-denied localization/navigation algorithm and platform validation.,"['UAV', 'USV/AUV']",['Adversarial'],['Radio/UWB'],[],True,False,resp_01151.json
1152,An Online Solution of LiDAR Scan Matching Aided Inertial Navigation System for Indoor Mobile Mapping,Niu X.; Yu T.; Tang J.; Chang L.,2017,Mobile Information Systems,Scopus,10.1155/2017/4802159,INCLUDE,High,Meets all SLR inclusion criteria for GPS-denied localization/navigation algorithm and platform validation.,['UGV'],"['Indoor', 'Urban', 'Forest/Outdoor']","['Camera', 'IMU', 'LiDAR']","['SLAM', 'Kalman Filtering']",True,False,resp_01152.json
1153,UAV Sensor Data Fusion for Localization Using Adaptive Multiscale Feature Matching Mechanisms Under GPS-Deprived Environment,Wang Y.-S.; Chang C.-H.,2025,Aerospace,Scopus,10.3390/aerospace12121048,INCLUDE,High,Meets all SLR inclusion criteria for GPS-denied localization/navigation algorithm and platform validation.,['UAV'],"['Indoor', 'Urban', 'Forest/Outdoor', 'Adversarial']","['Camera', 'IMU', 'Radio/UWB']","['VIO', 'Kalman Filtering']",True,False,resp_01153.json
1154,A Generic Plug and Play Navigation Fusion Strategy for Land Vehicles in GNSS Denied Environment,Lai J.; Bai S.; Xu X.; Lü P.,2019,Transactions of Nanjing University of Aeronautics and Astronautics,Scopus,10.16356/j.1005-1120.2019.02.002,INCLUDE,High,Meets all SLR inclusion criteria for GPS-denied localization/navigation algorithm and platform validation.,['General Robotics'],['Unspecified'],"['Camera', 'IMU', 'Radio/UWB']",['Factor Graph Optimization'],True,False,resp_01154.json
1155,Relative Navigation of UAV Swarm in a GPS Denied Environment1,Belfadel D.; Haessig D.; Chibane C.,2023,Proceedings of SPIE - The International Society for Optical Engineering,Scopus,10.1117/12.2664917,INCLUDE,High,Meets all SLR inclusion criteria for GPS-denied localization/navigation algorithm and platform validation.,['UAV'],['Unspecified'],"['IMU', 'Radio/UWB']","['Kalman Filtering', 'Radio Ranging']",True,False,resp_01155.json
1156,Georeferenced UAV Localization in Mountainous Terrain Under GNSS-Denied Conditions,Lee I.; Sung C.-K.; Lee H.; Nam S.; Oh J.; Lee K.; Park C.,2025,Drones,Scopus,10.3390/drones9100709,INCLUDE,High,Meets all SLR inclusion criteria for GPS-denied localization/navigation algorithm and platform validation.,['UAV'],['Unspecified'],"['Camera', 'IMU', 'Radio/UWB']",['Kalman Filtering'],True,False,resp_01156.json
1157,Vision-based heading estimation for navigation of a micro-aerial vehicle in GNSS-denied staircase environment using vanishing point,Anbarasu B.,2024,Aerospace Systems,Scopus,10.1007/s42401-024-00282-5,INCLUDE,High,Meets all SLR inclusion criteria for GPS-denied localization/navigation algorithm and platform validation.,['UAV'],"['Indoor', 'Underground']",['Radio/UWB'],[],True,False,resp_01157.json
1158,Neural Network-Based SLAM/GNSS Fusion Localization Algorithm for Agricultural Robots in Orchard GNSS-Degraded or Denied Environments,Zhou H.; Wang J.; Chen Y.; Hu L.; Li Z.; Xie F.; He J.; Wang P.,2025,Agriculture (Switzerland),Scopus,10.3390/agriculture15151612,INCLUDE,High,Meets all SLR inclusion criteria for GPS-denied localization/navigation algorithm and platform validation.,['General Robotics'],['Adversarial'],[],"['SLAM', 'Deep Learning', 'Factor Graph Optimization']",True,False,resp_01158.json
1159,GPS-Denied Navigation Aided by Synthetic Aperture Radar Using the Range-Doppler Algorithm,Lindstrom C.; Christensen R.; Gunther J.; Jenkins S.,2022,"Navigation, Journal of the Institute of Navigation",Scopus,10.33012/navi.533,INCLUDE,High,Meets all SLR inclusion criteria for GPS-denied localization/navigation algorithm and platform validation.,['UAV'],['Unspecified'],"['IMU', 'Radio/UWB', 'Radar']",['VIO'],True,False,resp_01159.json
1160,Towards Large-Scale Relative Localization in Multi-Robot Systems with Dynamic UWB Role Allocation,Moron P.T.; Queralta J.P.; Westerlund T.,2022,"2022 7th International Conference on Robotics and Automation Engineering, ICRAE 2022",Scopus,10.1109/ICRAE56463.2022.10054614,INCLUDE,High,Meets all SLR inclusion criteria for GPS-denied localization/navigation algorithm and platform validation.,['UAV'],['Unspecified'],['Radio/UWB'],['Radio Ranging'],True,False,resp_01160.json
1161,Lidar Inertial Odometry and Mapping for Autonomous Vehicle in GPS-Denied Parking Lot,Chen X.; Zhang S.; Wu J.; He R.; Song S.; Zhu B.; Zhao J.,2020,SAE Technical Papers,Scopus,10.4271/2020-01-0103,INCLUDE,High,Meets all SLR inclusion criteria for GPS-denied localization/navigation algorithm and platform validation.,['General Robotics'],"['Indoor', 'Underground', 'Urban', 'Adversarial']","['Camera', 'IMU', 'LiDAR', 'Radio/UWB']",['Factor Graph Optimization'],True,False,resp_01161.json
1162,Enhanced deep reinforcement learning for integrated navigation in multi-UAV systems,CAO Z.; CHEN G.,2025,Chinese Journal of Aeronautics,Scopus,10.1016/j.cja.2025.103497,INCLUDE,High,Meets all SLR inclusion criteria for GPS-denied localization/navigation algorithm and platform validation.,['UAV'],['Unspecified'],"['Camera', 'IMU', 'Radio/UWB']",[],True,False,resp_01162.json
1163,A comparative study of TERCOM-EKF and ViSensorRF for UAV localization in GNSS-denied environments,Jarraya I.; Gabr K.; Abdelkader M.; Alahmed F.; Bilal Kadri M.; Boulila W.,2026,Results in Engineering,Scopus,10.1016/j.rineng.2025.108279,INCLUDE,High,Meets all SLR inclusion criteria for GPS-denied localization/navigation algorithm and platform validation.,['UAV'],['Forest/Outdoor'],"['Camera', 'IMU', 'LiDAR', 'Radio/UWB']","['VIO', 'Kalman Filtering', 'Radio Ranging']",True,False,resp_01163.json
1164,Lightweight and accurate infrared rangefinder-fused LiDAR-inertial localization for UAV-based bridge inspection in GPS-denied environments,Kong A.; Wang Y.; Zhao J.,2026,Measurement: Journal of the International Measurement Confederation,Scopus,10.1016/j.measurement.2025.118983,INCLUDE,High,Meets all SLR inclusion criteria for GPS-denied localization/navigation algorithm and platform validation.,['UAV'],['Adversarial'],"['IMU', 'LiDAR', 'Radio/UWB']","['SLAM', 'Kalman Filtering']",True,False,resp_01164.json
1165,UAV Localization in GPS-Denied Environments: A Review,Wu Y.; Liu D.; Ma J.; He X.,2026,"IEEE Transactions on Systems, Man, and Cybernetics: Systems",Scopus,10.1109/TSMC.2026.3708505,INCLUDE,High,Meets all SLR inclusion criteria for GPS-denied localization/navigation algorithm and platform validation.,['UAV'],"['Indoor', 'Urban', 'Adversarial']",['Radio/UWB'],[],True,False,resp_01165.json
1166,VIO-UWB-Based Collaborative Localization and Dense Scene Reconstruction within Heterogeneous Multi-Robot Systems,Queralta J.P.; Li Q.; Schiano F.; Westerlund T.,2022,ICARM 2022 - 2022 7th IEEE International Conference on Advanced Robotics and Mechatronics,Scopus,10.1109/ICARM54641.2022.9959470,INCLUDE,High,Meets all SLR inclusion criteria for GPS-denied localization/navigation algorithm and platform validation.,['UAV'],['Unspecified'],"['Camera', 'IMU', 'LiDAR', 'Radio/UWB']","['VIO', 'Radio Ranging']",True,False,resp_01166.json
1167,APF-Driven Lightweight UAV Swarm Trajectory Optimization in GNSS-Denied Air–Terrestrial Navigation,Guo R.; Yuan H.; Chen X.; Li W.,2026,Electronics (Switzerland),Scopus,10.3390/electronics15061207,INCLUDE,High,Meets all SLR inclusion criteria for GPS-denied localization/navigation algorithm and platform validation.,['UAV'],['Unspecified'],"['IMU', 'Radio/UWB']",['Factor Graph Optimization'],True,False,resp_01167.json
1168,Self-localization of tethered drones without a cable force sensor in GPS-denied environments,Al-Radaideh A.; Sun L.,2021,Drones,Scopus,10.3390/drones5040135,INCLUDE,High,Meets all SLR inclusion criteria for GPS-denied localization/navigation algorithm and platform validation.,['UAV'],['Underground'],"['IMU', 'Radio/UWB']",['Kalman Filtering'],True,False,resp_01168.json
1169,AI-Enhanced Thermal–Visual–Inertial Odometry and Autonomous Planning for GPS-Denied Search-and- Rescue Robotics,Almalkawi I.T.; Shtaiwi S.; Alhowaide A.; Guerrero Zapata M.,2026,Sensors,Scopus,10.3390/s26082462,INCLUDE,High,Meets all SLR inclusion criteria for GPS-denied localization/navigation algorithm and platform validation.,['General Robotics'],"['Underground', 'Urban']","['Camera', 'IMU', 'Radio/UWB', 'Sonar/DVL']","['VIO', 'Factor Graph Optimization']",True,False,resp_01169.json
1170,Simultaneous Localization and Mapping (SLAM) and Data Fusion in Unmanned Aerial Vehicles: Recent Advances and Challenges,Gupta A.; Fernando X.,2022,Drones,Scopus,10.3390/drones6040085,INCLUDE,High,Meets all SLR inclusion criteria for GPS-denied localization/navigation algorithm and platform validation.,['UAV'],['Unspecified'],"['Camera', 'IMU', 'Radio/UWB']","['SLAM', 'Kalman Filtering']",True,False,resp_01170.json
1171,"LiDAR-Based Multi-Modal UAV Navigation Dataset for Robust Benchmarking in Complex-Structured, GNSS-Denied Industrial Environments",Qiu Z.; Lin D.; Liu B.; Han H.; Guo W.; Liang J.; Chen Z.; Yan Z.; Wang H.; Yang X.; Liu Z.; Zhao L.,2026,Drones,Scopus,10.3390/drones10080611,INCLUDE,High,Meets all SLR inclusion criteria for GPS-denied localization/navigation algorithm and platform validation.,['UAV'],['Urban'],"['Camera', 'IMU', 'LiDAR', 'Radio/UWB']",[],True,False,resp_01171.json
1172,LiDAR Inertial Mapping of Non-Manhattan Topologies for UAV-Based Aircraft Inspection in GNSS-Denied Environments,Pugliese R.; Abel D.,2022,IFAC-PapersOnLine,Scopus,10.1016/j.ifacol.2023.01.132,INCLUDE,High,Meets all SLR inclusion criteria for GPS-denied localization/navigation algorithm and platform validation.,['UAV'],['Unspecified'],"['Camera', 'IMU', 'LiDAR', 'Radio/UWB']","['VIO', 'Deep Learning', 'Factor Graph Optimization']",True,False,resp_01172.json
1173,2D LIDAR SLAM Localization System for a Mobile Robotic Platform in GPS Denied Environment,Raikwar S.; Yu H.; Herlitzius T.,2023,Journal of Biosystems Engineering,Scopus,10.1007/s42853-023-00176-y,INCLUDE,High,Meets all SLR inclusion criteria for GPS-denied localization/navigation algorithm and platform validation.,['UGV'],['Forest/Outdoor'],"['IMU', 'LiDAR']","['SLAM', 'Radio Ranging']",True,False,resp_01173.json
1174,TerraSLAM: Towards GPS-Denied Localization,Xu J.; Bala M.; Eiszler T.; Chen X.; Dong Q.; Chanana A.; Pillai P.; Satyanarayanan M.,2025,"MobiSys 2025 - Proceedings of the 23rd ACM international Conference on Mobile Systems, Applications, and Services",Scopus,10.1145/3711875.3729144,INCLUDE,High,Meets all SLR inclusion criteria for GPS-denied localization/navigation algorithm and platform validation.,['UAV'],"['Urban', 'Adversarial']","['Camera', 'Radio/UWB']",['SLAM'],True,False,resp_01174.json
1175,Deep Learning for Autonomous UAV Navigation: Multi-Modal Visual-Inertial Pose Estimation in GPS-Denied Environments,Izadbakhsh S.; Khademi M.,2026,"ISPRS Annals of the Photogrammetry, Remote Sensing and Spatial Information Sciences",Scopus,10.5194/isprs-annals-X-4-W8-2025-389-2026,INCLUDE,High,Meets all SLR inclusion criteria for GPS-denied localization/navigation algorithm and platform validation.,['UAV'],"['Indoor', 'Urban', 'Adversarial']","['Camera', 'IMU', 'Radio/UWB']","['VIO', 'Deep Learning']",True,False,resp_01175.json
1176,Road Semantic-Enhanced Land Vehicle Integrated Navigation in GNSS Denied Environments,Zhang Q.; Dai Y.; Zhang T.; Guo C.; Niu X.,2024,IEEE Transactions on Intelligent Transportation Systems,Scopus,10.1109/TITS.2024.3449892,INCLUDE,High,Meets all SLR inclusion criteria for GPS-denied localization/navigation algorithm and platform validation.,['General Robotics'],"['Underground', 'Urban']","['Camera', 'Radio/UWB']",[],True,False,resp_01176.json
1177,Monocular Vision-aided Depth Measurement from RGB Images for Autonomous UAV Navigation,Padhy R.P.; Sa P.K.; Narducci F.; Bisogni C.; Bakshi S.,2023,"ACM Transactions on Multimedia Computing, Communications and Applications",Scopus,10.1145/3550485,INCLUDE,High,Meets all SLR inclusion criteria for GPS-denied localization/navigation algorithm and platform validation.,['UAV'],"['Indoor', 'Urban', 'Forest/Outdoor']",['Camera'],['Kalman Filtering'],True,False,resp_01177.json
1178,Aerial-Ground Robots Collaborative 3D Mapping in GNSS-Denied Environments,Yue Y.; Zhao C.; Wang Y.; Yang Y.; Wang D.,2022,Proceedings - IEEE International Conference on Robotics and Automation,Scopus,10.1109/ICRA46639.2022.9812319,INCLUDE,High,Meets all SLR inclusion criteria for GPS-denied localization/navigation algorithm and platform validation.,"['UAV', 'UGV']",['Unspecified'],['Radio/UWB'],[],True,False,resp_01178.json
1179,"A comparison of SWaP-limited, visual-inertial odometry systems for GPS-denied navigation",Mise O.; Madison R.; Haight B.,2020,Proceedings of SPIE - The International Society for Optical Engineering,Scopus,10.1117/12.2554456,INCLUDE,High,Meets all SLR inclusion criteria for GPS-denied localization/navigation algorithm and platform validation.,['Wearable'],"['Indoor', 'Underground', 'Adversarial']","['Camera', 'IMU', 'Radio/UWB']",['VIO'],True,False,resp_01179.json
1180,Error Modelling and Optimal Estimation of Laser Scanning Aided Inertial Navigation System in GNSS-Denied Environments,Liu W.I.; Li Z.; Zhang Z.,2019,Journal of Navigation,Scopus,10.1017/S037346331800084X,INCLUDE,High,Meets all SLR inclusion criteria for GPS-denied localization/navigation algorithm and platform validation.,['General Robotics'],['Unspecified'],"['IMU', 'LiDAR', 'Radio/UWB']","['Kalman Filtering', 'Deep Learning']",True,False,resp_01180.json
1181,Positioning System for UAV Precision Tasks Near Walls in GPS Denied and Metallic Environments,Orjales F.; Losada-Pita J.; Paz-Lopez A.; Deibe A.,2020,Advances in Intelligent Systems and Computing,Scopus,10.1007/978-3-030-36150-1_26,INCLUDE,High,Meets all SLR inclusion criteria for GPS-denied localization/navigation algorithm and platform validation.,['UAV'],['Unspecified'],"['LiDAR', 'Radio/UWB']","['SLAM', 'Radio Ranging']",True,False,resp_01181.json
1182,An Aerial and Ground Multi-Agent Cooperative Location Framework in GNSS-Challenged Environments,Xu H.; Wang C.; Bo Y.; Jiang C.; Liu Y.; Yang S.; Lai W.,2022,Remote Sensing,Scopus,10.3390/rs14195055,INCLUDE,High,Meets all SLR inclusion criteria for GPS-denied localization/navigation algorithm and platform validation.,"['UAV', 'UGV']",['Underground'],"['Camera', 'IMU', 'Radio/UWB']","['SLAM', 'Factor Graph Optimization']",True,False,resp_01182.json
1183,Co-Operatively Increasing Smoothing and Mapping Based on Switching Function,Wang R.; Deng Z.,2024,Applied Sciences (Switzerland),Scopus,10.3390/app14041543,INCLUDE,High,Meets all SLR inclusion criteria for GPS-denied localization/navigation algorithm and platform validation.,['UAV'],['Unspecified'],"['Camera', 'IMU', 'Radio/UWB']",[],True,False,resp_01183.json
1184,GNSS-denied UAV localization with satellite and aerial image matching,Lin H.-Y.; Chen L.-Y.,2025,Results in Engineering,Scopus,10.1016/j.rineng.2025.108132,INCLUDE,High,Meets all SLR inclusion criteria for GPS-denied localization/navigation algorithm and platform validation.,['UAV'],['Forest/Outdoor'],['Radio/UWB'],[],True,False,resp_01184.json
1185,UAV swarm distributed cooperative localization in GNSS-denied environments: an ICMC and ACPM Fusion approach,Yue W.; Wang Y.; Zhang X.; Wang L.; Liu Z.; Li L.; Zhu L.,2026,Ad Hoc Networks,Scopus,10.1016/j.adhoc.2026.104363,INCLUDE,High,Meets all SLR inclusion criteria for GPS-denied localization/navigation algorithm and platform validation.,['UAV'],['Urban'],['IMU'],[],True,False,resp_01185.json
1186,Landmarks based path planning for UAVs in GPS-denied areas,Singh S.; Sujit P.B.,2016,IFAC-PapersOnLine,Scopus,10.1016/j.ifacol.2016.03.086,INCLUDE,High,Meets all SLR inclusion criteria for GPS-denied localization/navigation algorithm and platform validation.,['UAV'],['Underground'],['Radio/UWB'],['Factor Graph Optimization'],True,False,resp_01186.json
1187,Group coordination and path replan tactics in GPS denied environments,Suresh M.; Ghose D.,2016,"2016 International Conference on Unmanned Aircraft Systems, ICUAS 2016",Scopus,10.1109/ICUAS.2016.7502646,INCLUDE,High,Meets all SLR inclusion criteria for GPS-denied localization/navigation algorithm and platform validation.,['UAV'],['Unspecified'],"['IMU', 'Radio/UWB']",[],True,False,resp_01187.json
1188,GPS-Denied State Estimation for Blue/NDAA Unmanned Multi-Rotor Vehicles,Phillips G.; Bradley J.; Ganesh P.,2023,"AIAA SciTech Forum and Exposition, 2023",Scopus,10.2514/6.2023-2666,INCLUDE,High,Meets all SLR inclusion criteria for GPS-denied localization/navigation algorithm and platform validation.,['UAV'],['Urban'],['Radio/UWB'],[],True,False,resp_01188.json
1189,"Leonardo Drone Contest Autonomous Drone Competition: Overview, Results, and Lessons Learned from Politecnico di Milano Team",Roggi G.; Meraglia S.; Lovera M.,2023,Journal of Intelligent and Robotic Systems: Theory and Applications,Scopus,10.1007/s10846-023-01855-w,INCLUDE,High,Meets all SLR inclusion criteria for GPS-denied localization/navigation algorithm and platform validation.,['UAV'],"['Indoor', 'Urban']","['IMU', 'Radio/UWB']",[],True,False,resp_01189.json
1190,Reduction of GNSS-Denied inertial navigation errors for fixed wing autonomous unmanned air vehicles,Gallo E.; Barrientos A.,2022,Aerospace Science and Technology,Scopus,10.1016/j.ast.2021.107237,INCLUDE,High,Meets all SLR inclusion criteria for GPS-denied localization/navigation algorithm and platform validation.,['UAV'],['Unspecified'],"['Camera', 'IMU']",[],True,False,resp_01190.json
1191,Computationally Light Spectrally Normalized Memory Neuron Network based Estimator for GPS-denied operation of Micro-UAV,Rao N.; Sundaram S.; Raghavendra V.,2023,"9th 2023 International Conference on Control, Decision and Information Technologies, CoDIT 2023",Scopus,10.1109/CoDIT58514.2023.10284327,INCLUDE,High,Meets all SLR inclusion criteria for GPS-denied localization/navigation algorithm and platform validation.,['UAV'],['Indoor'],"['IMU', 'Radio/UWB']","['Kalman Filtering', 'Deep Learning']",True,False,resp_01191.json
1192,Indoor UAV Localization Using a Tether,Xiao X.; Fan Y.; Dufek J.; Murphy R.,2018,"2018 IEEE International Symposium on Safety, Security, and Rescue Robotics, SSRR 2018",Scopus,10.1109/SSRR.2018.8468627,INCLUDE,High,Meets all SLR inclusion criteria for GPS-denied localization/navigation algorithm and platform validation.,['UAV'],"['Indoor', 'Urban']","['Camera', 'IMU', 'LiDAR', 'Radio/UWB']",['SLAM'],True,False,resp_01192.json
1193,Adaptive Navigation Strategy for Low-Cost IMU-Assisted Vehicles in GNSS-Denied Traffic Environment,Tong B.; Chen W.; Du L.,2025,Journal of Advanced Transportation,Scopus,10.1155/atr/2762711,INCLUDE,High,Meets all SLR inclusion criteria for GPS-denied localization/navigation algorithm and platform validation.,['General Robotics'],['Urban'],"['IMU', 'Radio/UWB']",['Deep Learning'],True,False,resp_01193.json
1194,A Unmanned Aerial Vehicle (UAV)/Unmanned Ground Vehicle (UGV) Dynamic Autonomous Docking Scheme in GPS-Denied Environments,Cheng C.; Li X.; Xie L.; Li L.,2023,Drones,Scopus,10.3390/drones7100613,INCLUDE,High,Meets all SLR inclusion criteria for GPS-denied localization/navigation algorithm and platform validation.,"['UAV', 'UGV']",['Unspecified'],"['Camera', 'Radio/UWB']","['Kalman Filtering', 'Radio Ranging']",True,False,resp_01194.json
1195,Autonomous landing of an UAV with a ground-based actuated infrared stereo vision system,Kong W.; Zhang D.; Wang X.; Xian Z.; Zhang J.,2013,IEEE International Conference on Intelligent Robots and Systems,Scopus,10.1109/IROS.2013.6696776,INCLUDE,High,Meets all SLR inclusion criteria for GPS-denied localization/navigation algorithm and platform validation.,['UAV'],['Unspecified'],"['Camera', 'Radio/UWB']",[],True,False,resp_01195.json
1196,Precision Landing of a Quadcopter Drone by Smartphone Video Guidance Sensor in a GPS-Denied Environment,Bautista N.; Gutierrez H.; Inness J.; Rakoczy J.,2023,Sensors,Scopus,10.3390/s23041934,INCLUDE,High,Meets all SLR inclusion criteria for GPS-denied localization/navigation algorithm and platform validation.,['UAV'],['Indoor'],"['Camera', 'IMU', 'Radio/UWB']",['VIO'],True,False,resp_01196.json
1197,Autonomous Systems: Indoor Drone Navigation,Ashwin I.; Rajagopal M.; Naren M.; Narayan V.S.; Murugan B.,2024,AIP Conference Proceedings,Scopus,10.1063/5.0226678,INCLUDE,High,Meets all SLR inclusion criteria for GPS-denied localization/navigation algorithm and platform validation.,"['UAV', 'UGV']",['Indoor'],"['IMU', 'Radio/UWB']","['VIO', 'SLAM']",True,False,resp_01197.json
1198,A general purpose configurable controller for indoors and outdoors GPS-denied navigation for multirotor Unmanned Aerial Vehicles,Pestana J.; Mellado-Bataller I.; Sanchez-Lopez J.L.; Fu C.; Mondragón I.F.; Campoy P.,2014,Journal of Intelligent and Robotic Systems: Theory and Applications,Scopus,10.1007/s10846-013-9953-0,INCLUDE,High,Meets all SLR inclusion criteria for GPS-denied localization/navigation algorithm and platform validation.,['UAV'],"['Indoor', 'Forest/Outdoor']","['Camera', 'Radio/UWB']",[],True,False,resp_01198.json
1199,Dependable navigation in GPS denied environment: A multi-sensor fusion technique,Ilyas M.; Cho K.; Park S.; Baeg S.-H.,2013,"2013 44th International Symposium on Robotics, ISR 2013",Scopus,10.1109/ISR.2013.6695717,INCLUDE,High,Meets all SLR inclusion criteria for GPS-denied localization/navigation algorithm and platform validation.,['UGV'],"['Urban', 'Forest/Outdoor']",['Radio/UWB'],[],True,False,resp_01199.json
1200,RF-Drone: Multi-tag system for RF-ID enables drone tracking in GPS-denied environments,Lu X.; Chen Z.; Wang L.; Li R.; Zhai C.,2019,IEICE Transactions on Communications,Scopus,10.1587/transcom.2018DRP0005,INCLUDE,High,Meets all SLR inclusion criteria for GPS-denied localization/navigation algorithm and platform validation.,['UAV'],['Unspecified'],"['IMU', 'Radio/UWB']",['Radio Ranging'],True,False,resp_01200.json
1201,A Vision-Based Technique for Unmanned Aerial Vehicles Localization,Chen L.-Y.; Lin H.-Y.; Munir S.,2025,"2025 International Symposium on Intelligent Signal Processing and Communication Systems, ISPACS 2025",Scopus,10.1109/ISPACS68724.2025.11382908,INCLUDE,High,Meets all SLR inclusion criteria for GPS-denied localization/navigation algorithm and platform validation.,['UAV'],['Forest/Outdoor'],['Radio/UWB'],[],True,False,resp_01201.json
1202,LiDAR-based 3D SLAM for autonomous navigation in stacked cage farming houses: An evaluation,Jiang J.; Zhang T.; Li K.,2025,Computers and Electronics in Agriculture,Scopus,10.1016/j.compag.2024.109885,INCLUDE,High,Meets all SLR inclusion criteria for GPS-denied localization/navigation algorithm and platform validation.,['UGV'],['Unspecified'],"['Camera', 'IMU', 'LiDAR', 'Radio/UWB']","['VIO', 'SLAM', 'Radio Ranging']",True,False,resp_01202.json
1203,LiDAR scan matching aided inertial navigation system in GNSS-denied environments,Tang J.; Chen Y.; Niu X.; Wang L.; Chen L.; Liu J.; Shi C.; Hyyppä J.,2015,Sensors (Switzerland),Scopus,10.3390/s150716710,INCLUDE,High,Meets all SLR inclusion criteria for GPS-denied localization/navigation algorithm and platform validation.,['UGV'],"['Indoor', 'Urban', 'Forest/Outdoor', 'Adversarial']","['IMU', 'LiDAR', 'Radio/UWB']","['SLAM', 'Kalman Filtering']",True,False,resp_01203.json
1204,Derivative-Enhanced Fusion Approach of Camera-IMU-UWB for GNSS-Denied UAV Navigation,Jiang H.; Gu F.; He Y.; Bao Y.,2025,Lecture Notes in Electrical Engineering,Scopus,10.1007/978-981-96-3552-8_36,INCLUDE,High,Meets all SLR inclusion criteria for GPS-denied localization/navigation algorithm and platform validation.,['UAV'],['Unspecified'],"['Camera', 'IMU', 'Radio/UWB']","['VIO', 'Radio Ranging']",True,False,resp_01204.json
1205,Research on visual autonomous navigation indoor for unmanned aerial vehicle,Zhang Y.; Lü Q.; Lin H.; Ma J.,2017,Journal of Shanghai Jiaotong University (Science),Scopus,10.1007/s12204-017-1829-1,INCLUDE,High,Meets all SLR inclusion criteria for GPS-denied localization/navigation algorithm and platform validation.,['UAV'],['Indoor'],['Camera'],[],True,False,resp_01205.json
1206,Robust and Cost-Effective Vision-Based Indoor UAV Localization with RWA-YOLO,Wang F.; Sun K.; Wang Y.,2026,Sensors,Scopus,10.3390/s26051469,INCLUDE,High,Meets all SLR inclusion criteria for GPS-denied localization/navigation algorithm and platform validation.,['UAV'],['Indoor'],"['Camera', 'Radio/UWB']",[],True,False,resp_01206.json
1207,GPS-denied indoor and outdoor monocular vision aided navigation and control of unmanned aircraft,Chowdhary G.; Johnson E.N.; Magree D.; Wu A.; Shein A.,2013,Journal of Field Robotics,Scopus,10.1002/rob.21454,INCLUDE,High,Meets all SLR inclusion criteria for GPS-denied localization/navigation algorithm and platform validation.,['UAV'],"['Indoor', 'Forest/Outdoor']","['Camera', 'IMU', 'Radio/UWB']",[],True,False,resp_01207.json
1208,Energy-Aware Adaptive Communication Topology with Edge-AI Navigation for UAV Swarms in GNSS-Denied Environments,Tulembayev A.; Dolya A.; Kuttybayeva A.; Jussupbekov T.; Tazhen K.,2026,Drones,Scopus,10.3390/drones10040273,INCLUDE,High,Meets all SLR inclusion criteria for GPS-denied localization/navigation algorithm and platform validation.,['UAV'],"['Underground', 'Adversarial']","['IMU', 'Radio/UWB']","['Kalman Filtering', 'Deep Learning']",True,False,resp_01208.json
1209,Immunity-based framework for autonomous flight in GNSS-denied environment,Alnuaimi M.; Perhinschi M.G.; Al-Sinbol G.,2019,International Review of Aerospace Engineering,Scopus,10.15866/irease.v12i6.16215,INCLUDE,High,Meets all SLR inclusion criteria for GPS-denied localization/navigation algorithm and platform validation.,['General Robotics'],['Urban'],"['IMU', 'Radio/UWB']",[],True,False,resp_01209.json
1210,"Experiments in Fast, Autonomous, GPS-Denied Quadrotor Flight",Mohta K.; Sun K.; Liu S.; Watterson M.; Pfrommer B.; Svacha J.; Mulgaonkar Y.; Taylor C.J.; Kumar V.,2018,Proceedings - IEEE International Conference on Robotics and Automation,Scopus,10.1109/ICRA.2018.8463214,INCLUDE,High,Meets all SLR inclusion criteria for GPS-denied localization/navigation algorithm and platform validation.,['UAV'],"['Indoor', 'Urban', 'Forest/Outdoor']",['Radio/UWB'],[],True,False,resp_01210.json
1211,Onboard Modular Control and Planning for Autonomous Indoor UAV Navigation on Resource-Constrained CPUs,Junaedy A.; Masuta H.; Fuse Y.; Sawai K.; Koyanagi K.; Almassri A.; Li F.,2025,Journal of Robotics and Mechatronics,Scopus,10.20965/jrm.2025.p1519,INCLUDE,High,Meets all SLR inclusion criteria for GPS-denied localization/navigation algorithm and platform validation.,['UAV'],"['Indoor', 'Urban']",['Radio/UWB'],[],True,False,resp_01211.json
1212,Autonomous drone hunter operating by deep learning and all-onboard computations in GPS-denied environments,Wyder P.M.; Chen Y.-S.; Lasrado A.J.; Pelles R.J.; Kwiatkowski R.; Comas E.O.A.; Kennedy R.; Mangla A.; Huang Z.; Hu X.; Xiong Z.; Aharoni T.; Chuang T.-C.; Lipson H.,2019,PLoS ONE,Scopus,10.1371/journal.pone.0225092,INCLUDE,High,Meets all SLR inclusion criteria for GPS-denied localization/navigation algorithm and platform validation.,['UAV'],['Unspecified'],"['Camera', 'Radio/UWB']",['Deep Learning'],True,False,resp_01212.json
1213,Laser-aided navigation with loop closure capabilities for Micro Aerial Vehicles in indoor and urban environments,Crocoll P.; Caselitz T.; Hettich B.; Langer M.; Trommer G.F.,2014,"Record - IEEE PLANS, Position Location and Navigation Symposium",Scopus,10.1109/PLANS.2014.6851395,INCLUDE,High,Meets all SLR inclusion criteria for GPS-denied localization/navigation algorithm and platform validation.,['UAV'],"['Indoor', 'Urban', 'Forest/Outdoor']","['IMU', 'LiDAR', 'Radio/UWB']",['Kalman Filtering'],True,False,resp_01213.json
1214,Vectorizing earth elevation for image-based UAV localization in GNSS-denied environments,Ahmedelbadawi H.; Żugaj M.; González-Moreno M.T.; Moreno Cuenca L.,2025,Proceedings of SPIE - The International Society for Optical Engineering,Scopus,10.1117/12.3069590,INCLUDE,High,Meets all SLR inclusion criteria for GPS-denied localization/navigation algorithm and platform validation.,['UAV'],['Adversarial'],"['Camera', 'Radio/UWB']",['Deep Learning'],True,False,resp_01214.json
1215,MiNav: Autonomous Drone Navigation Indoors Using Millimeter-Waves,Lam M.; Herrera J.; Afzal S.S.; Zhou K.; Adib F.,2025,"Proceedings of the ACM on Interactive, Mobile, Wearable and Ubiquitous Technologies",Scopus,10.1145/3749464,INCLUDE,High,Meets all SLR inclusion criteria for GPS-denied localization/navigation algorithm and platform validation.,['UAV'],['Indoor'],"['Radio/UWB', 'Radar']",[],True,False,resp_01215.json
1216,A Two-Stage Residual Extended Kalman Filter using Extreme Gradient Boosting and Kolmogorov–Arnold Networks for terrain-aided Unmanned Aerial Vehicle Localization in Global Navigation Satellite System-denied environments,Abdelkader M.; Jarraya I.; Gabr K.; Al-Batati A.S.; AlMusalami A.; Alahmed F.; Boulila W.,2026,Engineering Applications of Artificial Intelligence,Scopus,10.1016/j.engappai.2026.114430,INCLUDE,High,Meets all SLR inclusion criteria for GPS-denied localization/navigation algorithm and platform validation.,['UAV'],['Unspecified'],"['Camera', 'IMU', 'Radio/UWB']",['Kalman Filtering'],True,False,resp_01216.json
1217,Vision based UAS navigation for RFI localization,Perkins A.; Chen Y.-H.; Lo S.; Enge P.,2018,"Proceedings of the 31st International Technical Meeting of the Satellite Division of the Institute of Navigation, ION GNSS+ 2018",Scopus,10.33012/2018.16060,INCLUDE,High,Meets all SLR inclusion criteria for GPS-denied localization/navigation algorithm and platform validation.,['UAV'],['Urban'],"['Camera', 'IMU', 'Radio/UWB']","['SLAM', 'Kalman Filtering', 'Radio Ranging']",True,False,resp_01217.json
1218,"A Simultaneous Control, Localization, and Mapping System for UAVs in GPS-Denied Environments",Munguia R.; Grau A.; Bolea Y.; Obregón-Pulido G.,2025,Drones,Scopus,10.3390/drones9010069,INCLUDE,High,Meets all SLR inclusion criteria for GPS-denied localization/navigation algorithm and platform validation.,['UAV'],['Unspecified'],"['Camera', 'IMU', 'Radio/UWB']",['SLAM'],True,False,resp_01218.json
1219,Depth-Based Safe Landing for Unmanned Aerial Vehicles in GPS-Denied Environment,Cerda M.A.; Flores J.; Salazar S.; González-Hernández I.; Lozano R.,2025,Drones,Scopus,10.3390/drones9110764,INCLUDE,High,Meets all SLR inclusion criteria for GPS-denied localization/navigation algorithm and platform validation.,['UAV'],"['Urban', 'Forest/Outdoor']","['Camera', 'Radio/UWB']",[],True,False,resp_01219.json
1220,Absolute velocity estimation of UAVs based on phase correlation and monocular vision in unknown GNSS-denied environments,Deng H.; Li D.; Shen B.; Zhao Z.; Arif U.,2024,IET Image Processing,Scopus,10.1049/ipr2.13167,INCLUDE,High,Meets all SLR inclusion criteria for GPS-denied localization/navigation algorithm and platform validation.,['UAV'],['Urban'],"['Camera', 'IMU', 'Radio/UWB', 'Sonar/DVL']","['VIO', 'Kalman Filtering']",True,False,resp_01220.json
1221,City-level aerial geo-localization based on map matching network,Tang Y.; Zhang J.; Gong J.; Li Y.; Yang B.,2025,ISPRS Journal of Photogrammetry and Remote Sensing,Scopus,10.1016/j.isprsjprs.2025.08.002,INCLUDE,High,Meets all SLR inclusion criteria for GPS-denied localization/navigation algorithm and platform validation.,['General Robotics'],['Urban'],"['Camera', 'Radio/UWB']",['Deep Learning'],True,False,resp_01221.json
1222,Autonomous UAV navigation in GPS denied environments using Lidar Point Clouds,Briggs M.M.; Castano L.M.; Morgan E.,2023,"AIAA Aviation and Aeronautics Forum and Exposition, AIAA AVIATION Forum 2023",Scopus,10.2514/6.2023-3626,INCLUDE,High,Meets all SLR inclusion criteria for GPS-denied localization/navigation algorithm and platform validation.,['UAV'],['Unspecified'],"['LiDAR', 'Radio/UWB']",[],True,False,resp_01222.json
1223,"uVGS-2: The Micro Video Guidance Sensor: A 6-DoF Robust Pose Estimator for Autonomous Proximity Maneuvers in Drones, Spacecraft and Mobile Robot Navigation",Gutierrez H.; Cornejo J.; Bertaska I.,2026,Drones,Scopus,10.3390/drones10070535,INCLUDE,High,Meets all SLR inclusion criteria for GPS-denied localization/navigation algorithm and platform validation.,"['UAV', 'UGV']",['Urban'],"['Camera', 'Radio/UWB']",['VIO'],True,False,resp_01223.json
1224,LOFF: LiDAR and Optical Flow Fusion Odometry,Zhang J.; Huang Z.; Zhu X.; Guo F.; Sun C.; Zhan Q.; Shen R.,2024,Drones,Scopus,10.3390/drones8080411,INCLUDE,High,Meets all SLR inclusion criteria for GPS-denied localization/navigation algorithm and platform validation.,['UAV'],['Underground'],"['Camera', 'IMU', 'LiDAR', 'Radio/UWB']",['SLAM'],True,False,resp_01224.json
1225,Autonomous Navigation for Drone Swarms in GPS-Denied Environments Using Structured Learning,Power W.; Pavlovski M.; Saranovic D.; Stojkovic I.; Obradovic Z.,2020,IFIP Advances in Information and Communication Technology,Scopus,10.1007/978-3-030-49186-4_19,INCLUDE,High,Meets all SLR inclusion criteria for GPS-denied localization/navigation algorithm and platform validation.,['UAV'],['Adversarial'],"['IMU', 'Radio/UWB']",[],True,False,resp_01225.json
1226,The development of a mapping hovercraft for GNSS denied environments utilizing a SLAM aided navigation scheme,Tsai M.-C.,2018,"Proceedings of the 31st International Technical Meeting of the Satellite Division of the Institute of Navigation, ION GNSS+ 2018",Scopus,10.33012/2018.16099,INCLUDE,High,Meets all SLR inclusion criteria for GPS-denied localization/navigation algorithm and platform validation.,['UGV'],"['Indoor', 'Underground', 'Urban']","['IMU', 'LiDAR', 'Radio/UWB']","['SLAM', 'Kalman Filtering']",True,False,resp_01226.json
1227,A hybrid localization approach for UAV in GPS denied areas,Rady S.; Kandil A.A.; Badreddin E.,2011,"2011 IEEE/SICE International Symposium on System Integration, SII 2011",Scopus,10.1109/SII.2011.6147631,INCLUDE,High,Meets all SLR inclusion criteria for GPS-denied localization/navigation algorithm and platform validation.,['UAV'],['Unspecified'],"['Camera', 'Radio/UWB']",['VIO'],True,False,resp_01227.json
1228,An auto-landing strategy based on pan-tilt based visual servoing for unmanned aerial vehicle in GNSS-denied environments,Chen C.; Chen S.; Hu G.; Chen B.; Chen P.; Su K.,2021,Aerospace Science and Technology,Scopus,10.1016/j.ast.2021.106891,INCLUDE,High,Meets all SLR inclusion criteria for GPS-denied localization/navigation algorithm and platform validation.,['UAV'],['Unspecified'],"['Camera', 'IMU']",[],True,False,resp_01228.json
1229,A Visual Navigation Algorithm for UAV Based on Visual-Geography Optimization,Xu W.; Yang D.; Liu J.; Li Y.; Zhou M.,2024,Drones,Scopus,10.3390/drones8070313,INCLUDE,High,Meets all SLR inclusion criteria for GPS-denied localization/navigation algorithm and platform validation.,['UAV'],['Unspecified'],"['Camera', 'IMU', 'Radio/UWB']",['Factor Graph Optimization'],True,False,resp_01229.json
1230,ALM-LED: autonomous LiDAR mapping in underground space with Luojia explorer anti-collision drone,Sun S.; Chen C.; Yang B.; Xu Y.; Zhao L.; He Y.; Jin A.; Li L.,2025,ISPRS Journal of Photogrammetry and Remote Sensing,Scopus,10.1016/j.isprsjprs.2025.09.016,INCLUDE,High,Meets all SLR inclusion criteria for GPS-denied localization/navigation algorithm and platform validation.,['UAV'],"['Underground', 'Urban']","['IMU', 'LiDAR', 'Radio/UWB']",['Factor Graph Optimization'],True,False,resp_01230.json
1231,PSD – probabilistic algorithm for mobile robot 6D localization without natural and artificial landmarks based on 2.5D map and a new type of laser scanner in GPS-denied scenarios,Niewola A.; Podsędkowski L.,2020,Mechatronics,Scopus,10.1016/j.mechatronics.2019.102308,INCLUDE,High,Meets all SLR inclusion criteria for GPS-denied localization/navigation algorithm and platform validation.,['UGV'],['Urban'],"['IMU', 'LiDAR', 'Radio/UWB']",['Kalman Filtering'],True,False,resp_01231.json
1232,Range–Visual–Inertial Odometry with Coarse-to-Fine Image Registration Fusion for UAV Localization,Hao Y.; He M.; Liu Y.; Liu J.; Meng Z.,2023,Drones,Scopus,10.3390/drones7080540,INCLUDE,High,Meets all SLR inclusion criteria for GPS-denied localization/navigation algorithm and platform validation.,['UAV'],['Underground'],"['Camera', 'IMU', 'LiDAR']","['VIO', 'Deep Learning', 'Factor Graph Optimization']",True,False,resp_01232.json
1233,Tightly-Coupled Air-Ground Collaborative System for Autonomous UGV Navigation in GPS-Denied Environments,Deng J.; Liu J.; Hu J.,2025,Drones,Scopus,10.3390/drones9090614,INCLUDE,High,Meets all SLR inclusion criteria for GPS-denied localization/navigation algorithm and platform validation.,"['UAV', 'UGV']",['Unspecified'],['Radio/UWB'],[],True,False,resp_01233.json
1234,Non-visual Terrain Navigation for UAVs: A Comparative Study in GPS-Denied Environments,Jarraya I.; Abdelkader M.; Gabr K.; Almusalami A.; Kadri M.B.; Koubaa A.,2025,Lecture Notes in Networks and Systems,Scopus,10.1007/978-3-031-91235-1_30,INCLUDE,High,Meets all SLR inclusion criteria for GPS-denied localization/navigation algorithm and platform validation.,['UAV'],"['Urban', 'Forest/Outdoor']","['Camera', 'Radio/UWB']",['Kalman Filtering'],True,False,resp_01234.json
1235,Autonomous Positioning System for UAV Scene Matching Under GNSS-Denied Environments,Du S.; Ma C.; Wu P.; Yu A.; Li D.; Dong Z.,2026,Advances in Transdisciplinary Engineering,Scopus,10.3233/ATDE260245,INCLUDE,High,Meets all SLR inclusion criteria for GPS-denied localization/navigation algorithm and platform validation.,['UAV'],['Underground'],"['IMU', 'Radio/UWB']",[],True,False,resp_01235.json
1236,Multi-sensor fusion for aerial robots in industrial GNSS-denied environments,Carrasco P.; Cuesta F.; Caballero R.; Perez-Grau F.J.; Viguria A.,2021,Applied Sciences (Switzerland),Scopus,10.3390/app11093921,INCLUDE,High,Meets all SLR inclusion criteria for GPS-denied localization/navigation algorithm and platform validation.,['General Robotics'],['Adversarial'],"['LiDAR', 'Radio/UWB']",['VIO'],True,False,resp_01236.json
1237,Heterogeneous Sensor Information Fusion based on Kernel Adaptive Filtering for UAVs' Localization,Chen Z.; Wang C.; Wang H.; Ma Y.; Liang G.; Wu X.,2017,"2017 IEEE International Conference on Information and Automation, ICIA 2017",Scopus,10.1109/ICInfA.2017.8078901,INCLUDE,High,Meets all SLR inclusion criteria for GPS-denied localization/navigation algorithm and platform validation.,['UAV'],['Indoor'],"['Camera', 'IMU']",['SLAM'],True,False,resp_01237.json
1238,SpeedNet: dual-channel CNN-GRU network with adaptive noise fusion for robust vehicle dead reckoning in GNSS-denied environments,Qiao M.; Qiu Y.; Li A.; Zhou J.; Deng W.,2025,Measurement Science and Technology,Scopus,10.1088/1361-6501/ae1314,INCLUDE,High,Meets all SLR inclusion criteria for GPS-denied localization/navigation algorithm and platform validation.,['UGV'],['Urban'],"['IMU', 'Radio/UWB']","['Kalman Filtering', 'Deep Learning', 'Factor Graph Optimization']",True,False,resp_01238.json
1239,Toward High-Precision SLAM Ground Truth in GNSS-Denied Large-Scale Environments,Gong Z.; Yu A.; Xu X.; Wu Y.; Cai G.,2025,IEEE Transactions on Instrumentation and Measurement,Scopus,10.1109/TIM.2025.3553230,INCLUDE,High,Meets all SLR inclusion criteria for GPS-denied localization/navigation algorithm and platform validation.,['General Robotics'],"['Indoor', 'Underground']","['Camera', 'IMU', 'LiDAR']","['SLAM', 'Factor Graph Optimization']",True,False,resp_01239.json
1240,Performance Evaluation of High-grade HRG-based INS with ZUPT & NHC aiding for Land Vehicle Navigation in GNSS-denied Environments,Kang S.; Yoo K.; Ryu K.; Choi S.; Lee J.S.,2025,"2025 IEEE/ION Position, Location and Navigation Symposium, PLANS 2025",Scopus,10.1109/PLANS61210.2025.11028428,INCLUDE,High,Meets all SLR inclusion criteria for GPS-denied localization/navigation algorithm and platform validation.,['General Robotics'],['Urban'],"['IMU', 'Radio/UWB']",[],True,False,resp_01240.json
1241,Map-aided visual SLAM factor graph optimization algorithm for vehicle positioning in GNSS-denied areas,Liu Y.; Kuang Y.; Liu C.; Zhang X.,2026,Measurement: Journal of the International Measurement Confederation,Scopus,10.1016/j.measurement.2025.119687,INCLUDE,High,Meets all SLR inclusion criteria for GPS-denied localization/navigation algorithm and platform validation.,['General Robotics'],['Urban'],"['Camera', 'IMU', 'Radio/UWB']","['SLAM', 'Factor Graph Optimization']",True,False,resp_01241.json
1242,Towards autonomous control of quadrotor unmanned aerial vehicles in a GPS-denied urban area via laser ranger finder,Song Y.; Xian B.; Zhang Y.; Jiang X.; Zhang X.,2015,Optik,Scopus,10.1016/j.ijleo.2015.07.058,INCLUDE,High,Meets all SLR inclusion criteria for GPS-denied localization/navigation algorithm and platform validation.,['UAV'],"['Indoor', 'Urban']","['LiDAR', 'Radio/UWB']",[],True,False,resp_01242.json
1243,Adaptive Formation Control of UAVs near Structures for Robust Localization and Efficient Task Execution,Haneda M.; Funabora Y.; Doki S.; Doki K.,2026,Journal of Robotics and Mechatronics,Scopus,10.20965/jrm.2026.p0907,INCLUDE,High,Meets all SLR inclusion criteria for GPS-denied localization/navigation algorithm and platform validation.,['UAV'],['Unspecified'],"['IMU', 'Radio/UWB']",[],True,False,resp_01243.json
1244,Investigation of Alternative Parameters for Immunity-based UAV Navigation in GNSS-denied Environment,Alnuaimi M.; Perhinschi M.G.,2021,Unmanned Systems,Scopus,10.1142/S2301385021500059,INCLUDE,High,Meets all SLR inclusion criteria for GPS-denied localization/navigation algorithm and platform validation.,['UAV'],['Urban'],"['IMU', 'Radio/UWB']",[],True,False,resp_01244.json
1245,Fusion of Optical Flow and Dead Reckoning Algorithms for UAV Navigation Without GPS,Walczak J.; Szykuła B.; Targowski P.; Pałys T.,2025,TransNav,Scopus,10.12716/1001.19.04.02,INCLUDE,High,Meets all SLR inclusion criteria for GPS-denied localization/navigation algorithm and platform validation.,['UAV'],"['Indoor', 'Urban']","['Camera', 'IMU', 'Radio/UWB']",[],True,False,resp_01245.json
1246,Cooperative Swarm Geometry Optimization for Assured Navigation with Range Radios in GNSS-Denied Environments †,Martens M.; de Haag M.U.,2023,Engineering Proceedings,Scopus,10.3390/ENC2023-15418,INCLUDE,High,Meets all SLR inclusion criteria for GPS-denied localization/navigation algorithm and platform validation.,['General Robotics'],['Unspecified'],"['IMU', 'Radio/UWB']",['Factor Graph Optimization'],True,False,resp_01246.json
1248,Gradient perception approach: Mapless INS/geomagnetic combined navigation in GPS-denied environments,Yang S.; Tang H.; Zhang X.; Bai W.; Xin J.; Huang Y.,2026,Measurement: Journal of the International Measurement Confederation,Scopus,10.1016/j.measurement.2026.122761,INCLUDE,High,Meets all SLR inclusion criteria for GPS-denied localization/navigation algorithm and platform validation.,['UAV'],['Urban'],"['IMU', 'Radio/UWB']",[],True,False,resp_01248.json
1249,UAV Swarm Cooperative Navigation Technology in Partial GNSS-Denied Environment,Lin S.; Yu F.; Zhou Z.; Li C.,2025,Lecture Notes in Electrical Engineering,Scopus,10.1007/978-981-96-2268-9_9,INCLUDE,High,Meets all SLR inclusion criteria for GPS-denied localization/navigation algorithm and platform validation.,['UAV'],['Unspecified'],"['IMU', 'Radio/UWB']",['Radio Ranging'],True,False,resp_01249.json
1250,Long-Distance GNSS-Denied Visual Inertial Navigation for Autonomous Fixed-Wing Unmanned Air Vehicles: SO(3) Manifold Filter Based on Virtual Vision Sensor,Gallo E.; Barrientos A.,2023,Aerospace,Scopus,10.3390/aerospace10080708,INCLUDE,High,Meets all SLR inclusion criteria for GPS-denied localization/navigation algorithm and platform validation.,['UAV'],['Unspecified'],"['Camera', 'IMU', 'Radio/UWB']",[],True,False,resp_01250.json
1251,Reinforcement learning based UAV formation control in GPS-denied environment,MA B.; LIU Z.; JIANG F.; ZHAO W.; DANG Q.; WANG X.; ZHANG J.; WANG L.,2023,Chinese Journal of Aeronautics,Scopus,10.1016/j.cja.2023.07.006,INCLUDE,High,Meets all SLR inclusion criteria for GPS-denied localization/navigation algorithm and platform validation.,['UAV'],"['Urban', 'Adversarial']",['LiDAR'],[],True,False,resp_01251.json
1252,Artificial Intelligence-Based Decision Support System for UAV Control in a Simulated Environment,Sujecki P.; Frąszczak D.,2026,Sensors,Scopus,10.3390/s26082436,INCLUDE,High,Meets all SLR inclusion criteria for GPS-denied localization/navigation algorithm and platform validation.,['UAV'],['Adversarial'],"['IMU', 'Radio/UWB']",['Factor Graph Optimization'],True,False,resp_01252.json
1253,Real-Time Autonomous UAV Navigation with SLAM-Based Mapping and Direction-Oriented Exploration in Forest-like GNSS-Denied Scenarios,Wu Y.-T.; Huang Y.-C.,2026,Drones,Scopus,10.3390/drones10060399,INCLUDE,High,Meets all SLR inclusion criteria for GPS-denied localization/navigation algorithm and platform validation.,['UAV'],"['Indoor', 'Underground', 'Forest/Outdoor']","['Camera', 'IMU', 'Radio/UWB']",['SLAM'],True,False,resp_01253.json
1254,Sensor Selection Tradeoff for Robust C-SLAM in UAV Swarm Systems for Indoor Navigation,Schweitzer T.; McHarek M.; Khenfri F.; Hammadi M.,2025,IFAC-PapersOnLine,Scopus,10.1016/j.ifacol.2025.10.248,INCLUDE,High,Meets all SLR inclusion criteria for GPS-denied localization/navigation algorithm and platform validation.,['UAV'],['Indoor'],"['Camera', 'IMU', 'Radio/UWB']","['SLAM', 'Radio Ranging']",True,False,resp_01254.json
1255,A Hierarchical Absolute Visual Localization System for Low-Altitude Drones in GNSS-Denied Environments,Zhou Q.; Tang H.; Zhang Z.; Xu Y.; Xiao F.; Jia Y.,2025,Remote Sensing,Scopus,10.3390/rs17203470,INCLUDE,High,Meets all SLR inclusion criteria for GPS-denied localization/navigation algorithm and platform validation.,['UAV'],['Adversarial'],"['Camera', 'IMU', 'Radio/UWB']",[],True,False,resp_01255.json
1256,Multi-Agent Distributed Cooperative Localization Based on Ultra-Wideband,Lv M.; Wang Y.; Dong Y.; Hu J.; Xu Z.,2025,"IEEE International Conference on Control and Automation, ICCA",Scopus,10.1109/ICCA65672.2025.11129789,INCLUDE,High,Meets all SLR inclusion criteria for GPS-denied localization/navigation algorithm and platform validation.,['UAV'],['Unspecified'],"['IMU', 'Radio/UWB']","['Kalman Filtering', 'Radio Ranging']",True,False,resp_01256.json
1257,RFID-based hybrid metric-topological SLAM for GPS-denied environments,Forster C.; Sabatta D.; Siegwart R.; Scaramuzza D.,2013,Proceedings - IEEE International Conference on Robotics and Automation,Scopus,10.1109/ICRA.2013.6631324,INCLUDE,High,Meets all SLR inclusion criteria for GPS-denied localization/navigation algorithm and platform validation.,['General Robotics'],['Unspecified'],"['IMU', 'Radio/UWB']",['SLAM'],True,False,resp_01257.json
1258,Image Matching-Based Visual-Inertial Integrated Navigation for UAV in GNSS-Denied Environments,Huang T.; Zhou Y.; Zhang B.,2024,Journal of Physics: Conference Series,Scopus,10.1088/1742-6596/2784/1/012014,INCLUDE,High,Meets all SLR inclusion criteria for GPS-denied localization/navigation algorithm and platform validation.,['UAV'],['Unspecified'],"['Camera', 'IMU']","['VIO', 'Kalman Filtering', 'Deep Learning']",True,False,resp_01258.json
1259,Road Similarity-Based BEV-Satellite Image Matching for UGV Localization,Yang C.; Sun Z.; Bu Y.; Liu B.; Li X.,2025,"2025 5th International Conference on Electronic Information Engineering and Computer Science, EIECS 2025",Scopus,10.1109/EIECS67708.2025.11283182,INCLUDE,High,Meets all SLR inclusion criteria for GPS-denied localization/navigation algorithm and platform validation.,['UGV'],['Unspecified'],"['IMU', 'LiDAR', 'Radio/UWB']",[],True,False,resp_01259.json
1260,UAV Navigation Using EKF-MonoSLAM Aided by Range-to-Base Measurements,Munguia R.; Trujillo J.-C.; Grau A.,2025,Drones,Scopus,10.3390/drones9080570,INCLUDE,High,Meets all SLR inclusion criteria for GPS-denied localization/navigation algorithm and platform validation.,['UAV'],['Unspecified'],"['Camera', 'Radio/UWB']","['SLAM', 'Kalman Filtering']",True,False,resp_01260.json
1261,Fiducial Marker–Based Localization of Autonomous UAV for Structural Health Monitoring,Waqas A.; Cha Y.-J.,2024,Conference Proceedings of the Society for Experimental Mechanics Series,Scopus,10.1007/978-3-031-34938-6_18,INCLUDE,High,Meets all SLR inclusion criteria for GPS-denied localization/navigation algorithm and platform validation.,['UAV'],"['Indoor', 'Forest/Outdoor']",['Radio/UWB'],['VIO'],True,False,resp_01261.json
1262,Lidar- and V2X-Based Cooperative Localization Technique for Autonomous Driving in a GNSS-Denied Environment,Kang M.-S.; Ahn J.-H.; Im J.-U.; Won J.-H.,2022,Remote Sensing,Scopus,10.3390/rs14225881,INCLUDE,High,Meets all SLR inclusion criteria for GPS-denied localization/navigation algorithm and platform validation.,['General Robotics'],['Unspecified'],"['IMU', 'LiDAR']",[],True,False,resp_01262.json
1263,"Navigation Error Characteristics of LIO-, VIO-, and RIMU-Assisted INS/GNSS Multi-Sensor Fusion Schemes in a GNSS-Denied Environment",Chiang K.-W.; Tsai S.; Huang C.-H.; Lu Y.-E.; Srinara S.; Tsai M.-L.; El-Sheimy N.; Ai M.,2026,Sensors,Scopus,10.3390/s26072068,INCLUDE,High,Meets all SLR inclusion criteria for GPS-denied localization/navigation algorithm and platform validation.,['General Robotics'],['Underground'],"['Camera', 'IMU', 'LiDAR']","['VIO', 'Radio Ranging']",True,False,resp_01263.json
1264,"Gnss-denied unmanned aerial vehicle navigation: analyzing computational complexity, sensor fusion, and localization methodologies",Jarraya I.; Al-Batati A.; Kadri M.B.; Abdelkader M.; Ammar A.; Boulila W.; Koubaa A.,2025,Satellite Navigation,Scopus,10.1186/s43020-025-00162-z,INCLUDE,High,Meets all SLR inclusion criteria for GPS-denied localization/navigation algorithm and platform validation.,['UAV'],['Forest/Outdoor'],['Radio/UWB'],[],True,False,resp_01264.json
1265,Distributed control and navigation system for quadrotor UAVs in GPS-denied environments,Yakovlev K.; Khithov V.; Loginov M.; Petrov A.,2015,Advances in Intelligent Systems and Computing,Scopus,10.1007/978-3-319-11310-4_5,INCLUDE,High,Meets all SLR inclusion criteria for GPS-denied localization/navigation algorithm and platform validation.,['UAV'],['Indoor'],['Radio/UWB'],['Kalman Filtering'],True,False,resp_01265.json
1266,Bearing-only visual SLAM for small unmanned aerial vehicles in GPS-denied environments,Wang C.-L.; Wang T.-M.; Liang J.-H.; Zhang Y.-C.; Zhou Y.,2013,International Journal of Automation and Computing,Scopus,10.1007/s11633-013-0735-8,INCLUDE,High,Meets all SLR inclusion criteria for GPS-denied localization/navigation algorithm and platform validation.,['UAV'],['Urban'],"['Camera', 'IMU', 'Radio/UWB']","['SLAM', 'Kalman Filtering']",True,False,resp_01266.json
1267,Field-testing of a UAV-UGV team for GNSS-denied navigation in subterranean environments,Gross J.; De Petrillo M.; Beard J.; Nichols H.; Swiger T.; Watson R.; Kirk C.; Kilic C.; Hikes J.; Upton E.; Ross D.; Russell M.; Gu Y.; Griffin C.,2019,"Proceedings of the 32nd International Technical Meeting of the Satellite Division of the Institute of Navigation, ION GNSS+ 2019",Scopus,10.33012/2019.16912,INCLUDE,High,Meets all SLR inclusion criteria for GPS-denied localization/navigation algorithm and platform validation.,"['UAV', 'UGV']","['Indoor', 'Underground']","['Camera', 'IMU', 'LiDAR', 'Radio/UWB']",['Radio Ranging'],True,False,resp_01267.json
1268,SOFT-SLAM: Computationally efficient stereo visual simultaneous localization and mapping for autonomous unmanned aerial vehicles,Cvišić I.; Ćesić J.; Marković I.; Petrović I.,2018,Journal of Field Robotics,Scopus,10.1002/rob.21762,INCLUDE,High,Meets all SLR inclusion criteria for GPS-denied localization/navigation algorithm and platform validation.,['UAV'],['Unspecified'],"['Camera', 'IMU', 'Radio/UWB']",['SLAM'],True,False,resp_01268.json
1269,Advanced Air Mobility Safety Challenges: Case Study on Visual SLAM for Enhanced Navigation in Unmanned Aviation Integration,Meskine W.; Rebai H.; Boubaker S.,2026,Lecture Notes in Mechanical Engineering,Scopus,10.1007/978-981-95-6445-3_7,INCLUDE,High,Meets all SLR inclusion criteria for GPS-denied localization/navigation algorithm and platform validation.,['General Robotics'],['Adversarial'],"['Camera', 'IMU', 'Radio/UWB']",['SLAM'],True,False,resp_01269.json
1270,Navigation of UAV in GNSS denied area,Pintér M.; Marcoň P.,2024,Proceedings II of the Conference Student EEICT,Scopus,10.13164/eeict.2024.96,INCLUDE,High,Meets all SLR inclusion criteria for GPS-denied localization/navigation algorithm and platform validation.,['UAV'],['Underground'],['Camera'],[],True,False,resp_01270.json
1271,"A Localization and Calibration Method for UAVs in Underground Environments Using IMU, Barometer, and Randomly Deployed UWB Tags",Zhang G.; Wei Z.; Qi Z.,2025,IFAC-PapersOnLine,Scopus,10.1016/j.ifacol.2025.11.519,INCLUDE,High,Meets all SLR inclusion criteria for GPS-denied localization/navigation algorithm and platform validation.,['UAV'],['Underground'],"['IMU', 'Radio/UWB']","['Factor Graph Optimization', 'Radio Ranging']",True,False,resp_01271.json
1272,An Efficient Framework for Autonomous UAV Missions in Partially-Unknown GNSS-Denied Environments,Mugnai M.; Teppati Losé M.; Herrera-Alarcón E.P.; Baris G.; Satler M.; Avizzano C.A.,2023,Drones,Scopus,10.3390/drones7070471,INCLUDE,High,Meets all SLR inclusion criteria for GPS-denied localization/navigation algorithm and platform validation.,['UAV'],['Unspecified'],['IMU'],[],True,False,resp_01272.json
1273,UAV navigation using opto-electronic and inertial means in GNSS-denied environment,Savkin A.; Antonov D.; Kolganov L.; Ryabinkin M.; Chekhov E.,2021,Journal of Physics: Conference Series,Scopus,10.1088/1742-6596/1925/1/012051,INCLUDE,High,Meets all SLR inclusion criteria for GPS-denied localization/navigation algorithm and platform validation.,['UAV'],['Unspecified'],['IMU'],"['SLAM', 'Kalman Filtering']",True,False,resp_01273.json
1274,Integrated Air–Ground Robotic System for Autonomous Post-Blast Operations in GNSS-Denied Tunnels,Arias-Ferreiro G.; Montes-Grova M.A.; Pérez-Grau F.J.; Noriega-del-Rivero S.; Herguedas R.; Lázaro M.T.; Castelruiz-Aguirre A.; Fernandez J.C.J.; Karahan M.; Alonso-Cepeda A.,2026,Remote Sensing,Scopus,10.3390/rs18081133,INCLUDE,High,Meets all SLR inclusion criteria for GPS-denied localization/navigation algorithm and platform validation.,"['UAV', 'UGV']",['Underground'],['Radio/UWB'],[],True,False,resp_01274.json
1275,A DNN-Based Optical Aided Autonomous Navigation System for UAV Under GNSS-denied Environment,Zhang Q.; Zhang H.; Lan Z.; Chen W.; Zhang Z.,2023,Lecture Notes in Electrical Engineering,Scopus,10.1007/978-981-99-0479-2_326,INCLUDE,High,Meets all SLR inclusion criteria for GPS-denied localization/navigation algorithm and platform validation.,['UAV'],['Unspecified'],['IMU'],['Factor Graph Optimization'],True,False,resp_01275.json
1276,A UAV location method based on aerial-satellite image matching and factor graph optimization in GNSS denied aera,Di Y.; Jiang C.; Li C.; Wang X.; Su Z.; Chen S.; Liu Z.; Wu X.; Chen Y.,2025,Measurement Science and Technology,Scopus,10.1088/1361-6501/ae1249,INCLUDE,High,Meets all SLR inclusion criteria for GPS-denied localization/navigation algorithm and platform validation.,['UAV'],['Unspecified'],"['Camera', 'IMU', 'Radio/UWB']","['Deep Learning', 'Factor Graph Optimization', 'Radio Ranging']",True,False,resp_01276.json
1277,A Physics-Guided Aeromagnetic Interference Compensation Method for Geomagnetic Sensing in GNSS-Denied UAV Swarm Systems,Wang S.; Ma L.; Wang Y.; Li D.; Luo J.,2026,Drones,Scopus,10.3390/drones10040252,INCLUDE,High,Meets all SLR inclusion criteria for GPS-denied localization/navigation algorithm and platform validation.,['UAV'],['Unspecified'],['Radio/UWB'],['Deep Learning'],True,False,resp_01277.json
1278,Vision-based SLAM system for small UAVs in GPS-denied environments,Park J.; Im S.; Lee K.-H.; Lee J.-O.,2012,Journal of Aerospace Engineering,Scopus,10.1061/(ASCE)AS.1943-5525.0000160,INCLUDE,High,Meets all SLR inclusion criteria for GPS-denied localization/navigation algorithm and platform validation.,['UAV'],"['Indoor', 'Urban']","['Camera', 'IMU', 'Radio/UWB']",['SLAM'],True,False,resp_01278.json
1279,KAZE features based SLAM for autonomous UAV navigation in GPS-denied environments,Abraham C.E.; Prasad S.; Kumar D.,2025,Proceedings of SPIE - The International Society for Optical Engineering,Scopus,10.1117/12.3064546,INCLUDE,High,Meets all SLR inclusion criteria for GPS-denied localization/navigation algorithm and platform validation.,['UAV'],"['Indoor', 'Underground', 'Forest/Outdoor', 'Adversarial']","['Camera', 'IMU', 'Radio/UWB']",['SLAM'],True,False,resp_01279.json
1281,Learning to Navigate and Track: A Decentralized RL Framework for UAV Operations in GNSS-Denied Terrain,Almalis N.D.; Tsihrintzis G.A.; Mitsios M.; Tilemachos T.,2026,Lecture Notes in Computer Science,Scopus,10.1007/978-3-032-11402-0_23,INCLUDE,High,Meets all SLR inclusion criteria for GPS-denied localization/navigation algorithm and platform validation.,['UAV'],"['Indoor', 'Urban', 'Forest/Outdoor']","['IMU', 'Radio/UWB']","['VIO', 'Factor Graph Optimization']",True,False,resp_01281.json
1282,A Lidar-Inertial Navigation System for UAVs in GNSS-Denied Environment with Spatial Grid Structures,Qiu Z.; Lv J.; Lin D.; Yu Y.; Sun Z.; Zheng Z.,2023,Applied Sciences (Switzerland),Scopus,10.3390/app13010414,INCLUDE,High,Meets all SLR inclusion criteria for GPS-denied localization/navigation algorithm and platform validation.,['UAV'],['Unspecified'],"['IMU', 'LiDAR', 'Radio/UWB']",[],True,False,resp_01282.json
1283,Cooperative monocular-based SLAM for multi-UAV systems in GPS-denied environments,Trujillo J.-C.; Munguia R.; Guerra E.; Grau A.,2018,Sensors (Switzerland),Scopus,10.3390/s18051351,INCLUDE,High,Meets all SLR inclusion criteria for GPS-denied localization/navigation algorithm and platform validation.,['UAV'],['Unspecified'],"['Camera', 'IMU', 'Radio/UWB']",['SLAM'],True,False,resp_01283.json
1284,RANGE-Robust autonomous navigation in GPS-denied environments,Bachrach A.; Prentice S.; He R.; Roy N.,2011,Journal of Field Robotics,Scopus,10.1002/rob.20400,INCLUDE,High,Meets all SLR inclusion criteria for GPS-denied localization/navigation algorithm and platform validation.,['UAV'],"['Indoor', 'Urban']","['Camera', 'IMU', 'LiDAR', 'Radio/UWB']",[],True,False,resp_01284.json
1285,Unmanned autonomous aerial navigation in GPS-denied environments,Habib N.; Flores-Abad A.; Martínez-Martínez J.; Aponte-Roa D.A.; Espinoza A.A.,2020,"Proceedings of the LACCEI international Multi-conference for Engineering, Education and Technology",Scopus,10.18687/LACCEI2020.1.1.349,INCLUDE,High,Meets all SLR inclusion criteria for GPS-denied localization/navigation algorithm and platform validation.,['UAV'],"['Underground', 'Urban']","['Radio/UWB', 'Sonar/DVL']",['Kalman Filtering'],True,False,resp_01285.json
1286,Hybrid camera array-based UAV auto-landing on moving UGV in GPS-denied environment,Yang T.; Ren Q.; Zhang F.; Xie B.; Ren H.; Li J.; Zhang Y.,2018,Remote Sensing,Scopus,10.3390/rs10111829,INCLUDE,High,Meets all SLR inclusion criteria for GPS-denied localization/navigation algorithm and platform validation.,"['UAV', 'UGV']",['Unspecified'],"['Camera', 'IMU', 'Radio/UWB']",[],True,False,resp_01286.json
1287,Monocular object SLAM using quadrics and landmark reference map for outdoor UAV applications,Shao P.; Mo F.; Chen Y.; Ding N.; Huang R.,2021,"2021 IEEE International Conference on Real-Time Computing and Robotics, RCAR 2021",Scopus,10.1109/RCAR52367.2021.9517328,INCLUDE,High,Meets all SLR inclusion criteria for GPS-denied localization/navigation algorithm and platform validation.,['UAV'],"['Indoor', 'Urban', 'Forest/Outdoor']","['Camera', 'IMU', 'Radio/UWB']",['SLAM'],True,False,resp_01287.json
1288,Improved-UWB/LiDAR-SLAM Tightly Coupled Positioning System with NLOS Identification Using a LiDAR Point Cloud in GNSS-Denied Environments,Chen Z.; Xu A.; Sui X.; Wang C.; Wang S.; Gao J.; Shi Z.,2022,Remote Sensing,Scopus,10.3390/rs14061380,INCLUDE,High,Meets all SLR inclusion criteria for GPS-denied localization/navigation algorithm and platform validation.,['General Robotics'],['Indoor'],"['IMU', 'LiDAR', 'Radio/UWB']","['SLAM', 'Kalman Filtering', 'Radio Ranging']",True,False,resp_01288.json
1289,A Global ArUco-Based Lidar Navigation System for UAV Navigation in GNSS-Denied Environments,Qiu Z.; Lin D.; Jin R.; Lv J.; Zheng Z.,2022,Aerospace,Scopus,10.3390/aerospace9080456,INCLUDE,High,Meets all SLR inclusion criteria for GPS-denied localization/navigation algorithm and platform validation.,['UAV'],['Adversarial'],"['IMU', 'LiDAR', 'Radio/UWB']",['Factor Graph Optimization'],True,False,resp_01289.json
1290,An autonomous GPS-denied unmanned vehicle platform based on binocular vision for planetary exploration,Qin M.; Wan X.; Shao Y.-Y.; Li S.-Y.,2018,"International Archives of the Photogrammetry, Remote Sensing and Spatial Information Sciences - ISPRS Archives",Scopus,10.5194/isprs-archives-XLII-3-1439-2018,INCLUDE,High,Meets all SLR inclusion criteria for GPS-denied localization/navigation algorithm and platform validation.,['General Robotics'],"['Indoor', 'Forest/Outdoor']","['Camera', 'Radio/UWB']",['Factor Graph Optimization'],True,False,resp_01290.json
1291,Implementation of monocular visual SLAM with ARCog-NET for aerial robot swarm indoor mapping,Ramos G.S.; Pinto M.F.; Andrade F.A.A.; Haddad D.B.,2025,Scientific Reports,Scopus,10.1038/s41598-025-28618-x,INCLUDE,High,Meets all SLR inclusion criteria for GPS-denied localization/navigation algorithm and platform validation.,['UAV'],['Indoor'],"['Camera', 'IMU', 'LiDAR', 'Radio/UWB']","['SLAM', 'Factor Graph Optimization']",True,False,resp_01291.json
1292,MVP: Magnetic vehicular positioning system for GNSS-denied environments,Wang C.-C.; Chen J.-C.; Chen Y.; Tu R.-H.; Lee J.-J.; Xiao Y.-X.; Cai S.-Y.,2021,"Proceedings of the Annual International Conference on Mobile Computing and Networking, MOBICOM",Scopus,10.1145/3447993.3483264,INCLUDE,High,Meets all SLR inclusion criteria for GPS-denied localization/navigation algorithm and platform validation.,['General Robotics'],['Underground'],['Radio/UWB'],[],True,False,resp_01292.json
1293,"Deployable, Data-Driven Unmanned Vehicle Navigation System in GPS-Denied, Feature-Deficient Environments",Misra S.; Sundar K.; Sharma R.; Brink K.,2022,Journal of Intelligent and Robotic Systems: Theory and Applications,Scopus,10.1007/s10846-022-01647-8,INCLUDE,High,Meets all SLR inclusion criteria for GPS-denied localization/navigation algorithm and platform validation.,['General Robotics'],['Underground'],"['IMU', 'Radio/UWB']",['Factor Graph Optimization'],True,False,resp_01293.json
1294,Localization Fusion for Aerial Vehicles in Partially GNSS Denied Environments,Bayer J.; Faigl J.,2019,Lecture Notes in Computer Science (including subseries Lecture Notes in Artificial Intelligence and Lecture Notes in Bioinformatics),Scopus,10.1007/978-3-030-14984-0_20,INCLUDE,High,Meets all SLR inclusion criteria for GPS-denied localization/navigation algorithm and platform validation.,['UAV'],['Unspecified'],"['Camera', 'Radio/UWB']",['Kalman Filtering'],True,False,resp_01294.json
1295,Digital Twin Approach for Drift-Free UAV Localization in GPS-Denied Environments,"Matiki T.; Narazaki Y.; Chowdhary G.; Spencer B.F., Jr",2026,Journal of Computing in Civil Engineering,Scopus,10.1061/JCCEE5.CPENG-7010,INCLUDE,High,Meets all SLR inclusion criteria for GPS-denied localization/navigation algorithm and platform validation.,['UAV'],['Unspecified'],"['Camera', 'IMU', 'LiDAR', 'Radio/UWB']",[],True,False,resp_01295.json
1296,A novel initialization method for monocular visual inertial navigation,Cheng C.; Wang H.; Yu Y.; Huang J.; Yang D.,2023,ACM International Conference Proceeding Series,Scopus,10.1145/3638682.3638708,INCLUDE,High,Meets all SLR inclusion criteria for GPS-denied localization/navigation algorithm and platform validation.,['General Robotics'],['Urban'],"['Camera', 'IMU', 'Radio/UWB']",[],True,False,resp_01296.json
1297,2-D UAV navigation solution with LIDAR sensor under GPS-denied environment,Ho J.C.; Phang S.K.; Mun H.K.,2021,Journal of Physics: Conference Series,Scopus,10.1088/1742-6596/2120/1/012026,INCLUDE,High,Meets all SLR inclusion criteria for GPS-denied localization/navigation algorithm and platform validation.,['UAV'],['Unspecified'],"['Camera', 'IMU', 'LiDAR', 'Radio/UWB']","['SLAM', 'Factor Graph Optimization', 'Radio Ranging']",True,False,resp_01297.json
1298,Cooperative Localization for GNSS-Denied Subterranean Navigation: A UAV–UGV Team Approach,Akhihiero D.; Olawoye U.; Das S.; Gross J.,2024,"Navigation, Journal of the Institute of Navigation",Scopus,10.33012/navi.677,INCLUDE,High,Meets all SLR inclusion criteria for GPS-denied localization/navigation algorithm and platform validation.,"['UAV', 'UGV']","['Indoor', 'Underground']","['Camera', 'IMU', 'LiDAR', 'Radio/UWB']","['Kalman Filtering', 'Factor Graph Optimization', 'Radio Ranging']",True,False,resp_01298.json
1299,Cascade-structured Visual-Inertial Navigation System for Aerial Imaginary,Nam S.; Kim T.; Oh J.; Lee S.,2024,"Proceedings of the International Technical Meeting of The Institute of Navigation, ITM",Scopus,10.33012/2024.19636,INCLUDE,High,Meets all SLR inclusion criteria for GPS-denied localization/navigation algorithm and platform validation.,"['UAV', 'UGV']","['Urban', 'Adversarial']","['Camera', 'IMU']","['VIO', 'SLAM', 'Factor Graph Optimization']",True,False,resp_01299.json
1300,Field-validated VIO-MPC fusion for autonomous headland turning in GNSS-denied orchards,Wang Z.; Huang P.; Wu X.; Liu J.,2025,Smart Agricultural Technology,Scopus,10.1016/j.atech.2025.101373,INCLUDE,High,Meets all SLR inclusion criteria for GPS-denied localization/navigation algorithm and platform validation.,['General Robotics'],['Forest/Outdoor'],"['Camera', 'IMU', 'LiDAR', 'Radio/UWB']",['VIO'],True,False,resp_01300.json
1301,Collision-free Autonomous Navigation of A Small UAV Using Low-cost Sensors in GPS-denied Environments,Youn W.; Ko H.; Choi H.; Choi I.; Baek J.-H.; Myung H.,2021,"International Journal of Control, Automation and Systems",Scopus,10.1007/s12555-019-0797-7,INCLUDE,High,Meets all SLR inclusion criteria for GPS-denied localization/navigation algorithm and platform validation.,['UAV'],['Indoor'],"['Camera', 'IMU', 'LiDAR']","['SLAM', 'Kalman Filtering', 'Factor Graph Optimization', 'Radio Ranging']",True,False,resp_01301.json
1302,Federated Energy-Aware Deep Reinforcement Learning for GNSS-Independent Swarm UAV Autonomy †,Almalis N.; Tsihrintzis G.; Baris G.; Armenakis N.,2026,Electronics (Switzerland),Scopus,10.3390/electronics15143064,INCLUDE,High,Meets all SLR inclusion criteria for GPS-denied localization/navigation algorithm and platform validation.,['UAV'],['Forest/Outdoor'],"['IMU', 'Radio/UWB']","['VIO', 'Factor Graph Optimization']",True,False,resp_01302.json
1303,Design and implementation of a mini quadrotor control system in GPS denied environments,Liu C.; Prior S.D.,2015,"2015 International Conference on Unmanned Aircraft Systems, ICUAS 2015",Scopus,10.1109/ICUAS.2015.7152324,INCLUDE,High,Meets all SLR inclusion criteria for GPS-denied localization/navigation algorithm and platform validation.,['UAV'],['Urban'],"['Camera', 'IMU', 'Radio/UWB']",['SLAM'],True,False,resp_01303.json
1304,Formation-Constrained Cooperative Localization for UAV Swarms in GNSS-Denied Environments,Li Q.; Wang P.; Li X.; Zhang J.; Luo Y.; Yu W.; Cheng H.,2026,Sensors,Scopus,10.3390/s26061984,INCLUDE,High,Meets all SLR inclusion criteria for GPS-denied localization/navigation algorithm and platform validation.,['UAV'],['Indoor'],"['IMU', 'Radio/UWB']",['Factor Graph Optimization'],True,False,resp_01304.json
1305,Evaluation of the Benefits of Zero Velocity Update in Decentralized Extended Kalman Filter-Based Cooperative Localization Algorithms for GNSS-Denied Multi-Robot Systems,Kilic C.; Gutierrez E.; Gross J.N.,2023,"Navigation, Journal of the Institute of Navigation",Scopus,10.33012/navi.608,INCLUDE,High,Meets all SLR inclusion criteria for GPS-denied localization/navigation algorithm and platform validation.,['UGV'],"['Indoor', 'Underground', 'Urban']","['IMU', 'Radio/UWB']","['Kalman Filtering', 'Radio Ranging']",True,False,resp_01305.json
1306,UAV Visual Localization in GNSS-Denied Environments,Wang T.-C.; Tsou L.-H.; Jhan J.-P.; Tang R.-S.,2026,"International Archives of the Photogrammetry, Remote Sensing and Spatial Information Sciences - ISPRS Archives",Scopus,10.5194/isprs-archives-XLIX-B1-2026-55-2026,INCLUDE,High,Meets all SLR inclusion criteria for GPS-denied localization/navigation algorithm and platform validation.,['UAV'],"['Indoor', 'Urban', 'Forest/Outdoor']","['Camera', 'Radio/UWB']",['Deep Learning'],True,False,resp_01306.json
1307,An architecture for robust UAV navigation in GPS-denied areas,Perez-Grau F.J.; Ragel R.; Caballero F.; Viguria A.; Ollero A.,2018,Journal of Field Robotics,Scopus,10.1002/rob.21757,INCLUDE,High,Meets all SLR inclusion criteria for GPS-denied localization/navigation algorithm and platform validation.,['UAV'],['Unspecified'],"['Camera', 'Radio/UWB']",[],True,False,resp_01307.json
1308,Multi-sensor Data Fusion for Autonomous Unmanned Aerial Vehicle Navigation in GPS Denied Environments,ELMAS E.E.; ALKAN M.,2024,International Journal of Computing,Scopus,10.47839/ijc.23.4.3762,INCLUDE,High,Meets all SLR inclusion criteria for GPS-denied localization/navigation algorithm and platform validation.,['UAV'],"['Indoor', 'Underground', 'Urban']",['Radio/UWB'],[],True,False,resp_01308.json
1309,Vision-Based Unmanned Aerial Vehicle Swarm Cooperation and Online Point-Cloud Registration for Global Localization in Global Navigation Satellite System-Intermittent Environments,Garcia G.; Eskandarian A.,2026,Drones,Scopus,10.3390/drones10010065,INCLUDE,High,Meets all SLR inclusion criteria for GPS-denied localization/navigation algorithm and platform validation.,['UAV'],"['Indoor', 'Underground']","['Camera', 'IMU', 'LiDAR', 'Radio/UWB']","['VIO', 'SLAM', 'Radio Ranging']",True,False,resp_01309.json
1310,Enhancing Autonomous Navigation in GNSS-Denied Environment: Obstacle Avoidance Observability-Based Path Planning for ASLAM,Elahian S.; Atashgah M.A.A.; Suwarno I.,2024,Journal of Robotics and Control (JRC),Scopus,10.18196/jrc.v5i6.23519,INCLUDE,High,Meets all SLR inclusion criteria for GPS-denied localization/navigation algorithm and platform validation.,['UAV'],['Forest/Outdoor'],"['Camera', 'IMU']",['SLAM'],True,False,resp_01310.json
1311,UAV Hovering Control Based on External Visual Localization for GNSS-Denied Environments,Wu J.; Wang Q.; Li Y.; Hu S.,2025,Lecture Notes in Electrical Engineering,Scopus,10.1007/978-981-96-3552-8_42,INCLUDE,High,Meets all SLR inclusion criteria for GPS-denied localization/navigation algorithm and platform validation.,['UAV'],['Urban'],"['Camera', 'IMU', 'Radio/UWB']",[],True,False,resp_01311.json
1312,Adaptive State-Constrained Vehicle Navigation and Positioning in GNSS-Denied Environments,Yue Z.; Zhang M.; Ma W.; Ding W.; Li K.; Tang C.,2026,IEEE Sensors Journal,Scopus,10.1109/JSEN.2025.3648759,INCLUDE,High,Meets all SLR inclusion criteria for GPS-denied localization/navigation algorithm and platform validation.,['General Robotics'],"['Urban', 'Adversarial']","['Camera', 'IMU', 'Radio/UWB']",[],True,False,resp_01312.json
1313,A smart hybrid vision aided inertial navigation system approach for UAVs in a GNSS denied environment,Mostafa M.M.; Moussa A.M.; El-Sheimy N.; Sesay A.B.,2018,"Navigation, Journal of the Institute of Navigation",Scopus,10.1002/navi.270,INCLUDE,High,Meets all SLR inclusion criteria for GPS-denied localization/navigation algorithm and platform validation.,['UAV'],['Unspecified'],"['Camera', 'IMU', 'Radio/UWB']",['Kalman Filtering'],True,False,resp_01313.json
1314,Path Planning for Autonomous Unmanned Ground Vehicles in Underground Mining,Vosbein D.; Bagheri N.; Khaniani H.; Roghanchi P.; Hassanalian M.,2025,"AIAA Aviation Forum and ASCEND, 2025",Scopus,10.2514/6.2025-3354,INCLUDE,High,Meets all SLR inclusion criteria for GPS-denied localization/navigation algorithm and platform validation.,['UGV'],['Underground'],"['IMU', 'LiDAR', 'Radio/UWB']",['SLAM'],True,False,resp_01314.json
1315,OCC-Based Positioning Method for Autonomous UAV Navigation in GNSS-Denied Environments: An Offshore Wind Farm Simulation Study,Kim J.-H.; Jung S.-Y.,2025,Sensors,Scopus,10.3390/s25247569,INCLUDE,High,Meets all SLR inclusion criteria for GPS-denied localization/navigation algorithm and platform validation.,['UAV'],['Unspecified'],"['Camera', 'IMU', 'Radio/UWB']",[],True,False,resp_01315.json
1316,Automated Method for SLAM Evaluation in GNSS-Denied Areas,Merkle D.; Reiterer A.,2023,Remote Sensing,Scopus,10.3390/rs15215141,INCLUDE,High,Meets all SLR inclusion criteria for GPS-denied localization/navigation algorithm and platform validation.,"['UAV', 'UGV', 'Wearable']","['Indoor', 'Forest/Outdoor']","['IMU', 'LiDAR']","['SLAM', 'Radio Ranging']",True,False,resp_01316.json
1317,Cooperative visual-slam system for uav-based target tracking in gps-denied environments: A target-centric approach,Trujillo J.-C.; Munguia R.; Urzua S.; Grau A.,2020,Electronics (Switzerland),Scopus,10.3390/electronics9050813,INCLUDE,High,Meets all SLR inclusion criteria for GPS-denied localization/navigation algorithm and platform validation.,['UAV'],['Unspecified'],"['Camera', 'IMU', 'Radio/UWB']",['SLAM'],True,False,resp_01317.json
1318,Relative Navigation of Unmanned Aerial Vehicles Based on Data Link Ranging and Partial Guidance Information,Wang Z.; Song C.; Hao M.; Liang X.,2024,Lecture Notes in Electrical Engineering,Scopus,10.1007/978-981-97-3332-3_19,INCLUDE,High,Meets all SLR inclusion criteria for GPS-denied localization/navigation algorithm and platform validation.,['UAV'],['Unspecified'],[],['Radio Ranging'],True,False,resp_01318.json
1319,Design and implementation of an autonomous electric vehicle for self‐driving control under gnss‐denied environments,Barzegar A.; Doukhi O.; Lee D.-J.,2021,Applied Sciences (Switzerland),Scopus,10.3390/app11083688,INCLUDE,High,Meets all SLR inclusion criteria for GPS-denied localization/navigation algorithm and platform validation.,['UGV'],['Unspecified'],"['Camera', 'IMU', 'Radio/UWB']","['VIO', 'Kalman Filtering']",True,False,resp_01319.json
1320,Radar and visual odometry integrated system aided navigation for UAVS in GNSS denied environment,Mostafa M.; Zahran S.; Moussa A.; El-Sheimy N.; Sesay A.,2018,Sensors (Switzerland),Scopus,10.3390/s18092776,INCLUDE,High,Meets all SLR inclusion criteria for GPS-denied localization/navigation algorithm and platform validation.,['UAV'],['Unspecified'],"['Camera', 'IMU', 'Radio/UWB', 'Radar']",['Kalman Filtering'],True,False,resp_01320.json
1321,A Localization and Mapping Algorithm Based on Improved LVI-SAM for Vehicles in Field Environments,Han L.; Shi Z.; Wang H.,2023,Sensors,Scopus,10.3390/s23073744,INCLUDE,High,Meets all SLR inclusion criteria for GPS-denied localization/navigation algorithm and platform validation.,['General Robotics'],['Unspecified'],"['Camera', 'IMU', 'LiDAR', 'Radio/UWB']",['SLAM'],True,False,resp_01321.json
1322,Indoor SLAM for Micro Aerial Vehicles Control Using Monocular Camera and Sensor Fusion,García S.; López M.E.; Barea R.; Bergasa L.M.; Gómez A.; Molinos E.J.,2016,"Proceedings - 2016 International Conference on Autonomous Robot Systems and Competitions, ICARSC 2016",Scopus,10.1109/ICARSC.2016.46,INCLUDE,High,Meets all SLR inclusion criteria for GPS-denied localization/navigation algorithm and platform validation.,['UAV'],['Indoor'],"['Camera', 'IMU']","['SLAM', 'Kalman Filtering']",True,False,resp_01322.json
1323,Robust and accurate deterministic visual odometry,Bénet P.; Guinamard A.,2020,"Proceedings of the 33rd International Technical Meeting of the Satellite Division of the Institute of Navigation, ION GNSS+ 2020",Scopus,10.33012/2020.17586,INCLUDE,High,Meets all SLR inclusion criteria for GPS-denied localization/navigation algorithm and platform validation.,['UAV'],['Unspecified'],"['Camera', 'IMU', 'Radio/UWB']",['SLAM'],True,False,resp_01323.json
1324,Phased Array Radio Navigation: UAV Field Tests During GNSS Jamming,Gryte K.; Bryne T.H.; Johansen T.A.,2024,"2024 International Conference on Unmanned Aircraft Systems, ICUAS 2024",Scopus,10.1109/ICUAS60882.2024.10557081,INCLUDE,High,Meets all SLR inclusion criteria for GPS-denied localization/navigation algorithm and platform validation.,['UAV'],"['Underground', 'Adversarial']","['IMU', 'Radio/UWB']",[],True,False,resp_01324.json
1325,Multi-Agent Collaborative Navigation Based on Cross-View Matching,Qiao T.; Hu F.; Jin Z.; Zhou Z.,2025,"2025 4th International Symposium on Robotics, Artificial Intelligence and Information Engineering, RAIIE 2025",Scopus,10.1109/RAIIE65740.2025.11140339,INCLUDE,High,Meets all SLR inclusion criteria for GPS-denied localization/navigation algorithm and platform validation.,['General Robotics'],['Unspecified'],"['Camera', 'IMU', 'Radio/UWB']","['VIO', 'Kalman Filtering', 'Radio Ranging']",True,False,resp_01325.json
1326,Problems solved during AEROBOT-2021 UAV Challenge,Abdulov A.; Abramenkov A.; Rusakov K.; Shevlyakov A.,2022,Procedia Computer Science,Scopus,10.1016/j.procs.2022.09.267,INCLUDE,High,Meets all SLR inclusion criteria for GPS-denied localization/navigation algorithm and platform validation.,['UAV'],['Unspecified'],"['Camera', 'Radio/UWB']",['Deep Learning'],True,False,resp_01326.json
1327,Invariant observer-based state estimation for micro-aerial vehicles in GPS-denied indoor environments using an RGB-D camera and MEMS inertial sensors,Li D.; Li Q.; Tang L.; Yang S.; Cheng N.; Song J.,2015,Micromachines,Scopus,10.3390/mi6040487,INCLUDE,High,Meets all SLR inclusion criteria for GPS-denied localization/navigation algorithm and platform validation.,['UAV'],"['Indoor', 'Urban']","['Camera', 'IMU']",[],True,False,resp_01327.json
1328,Multi-Sensor-Fusion Localization Assisted By Pole-Like Objects In Long Range GNSS Degraded Environment,Ma Y.; Wang S.; Wang X.; Wang Y.,2022,"35th International Technical Meeting of the Satellite Division of the Institute of Navigation, ION GNSS+ 2022",Scopus,10.33012/2022.18548,INCLUDE,High,Meets all SLR inclusion criteria for GPS-denied localization/navigation algorithm and platform validation.,['UGV'],"['Urban', 'Adversarial']","['Camera', 'IMU', 'LiDAR', 'Radio/UWB']",['VIO'],True,False,resp_01328.json
1329,Review of Navigation Methods for UAV-Based Parcel Delivery,Dissanayaka D.; Wanasinghe T.R.; De Silva O.; Jayasiri A.; Mann G.K.I.,2024,IEEE Transactions on Automation Science and Engineering,Scopus,10.1109/TASE.2022.3232025,INCLUDE,High,Meets all SLR inclusion criteria for GPS-denied localization/navigation algorithm and platform validation.,['UAV'],['Adversarial'],"['Camera', 'IMU', 'LiDAR', 'Radio/UWB']",[],True,False,resp_01329.json
1330,UAV VISUAL AUTOLOCALIZATON BASED on AUTOMATIC LANDMARK RECOGNITION,Filho P.S.; Shiguemori E.H.; Saotome O.,2017,"ISPRS Annals of the Photogrammetry, Remote Sensing and Spatial Information Sciences",Scopus,10.5194/isprs-annals-IV-2-W3-89-2017,INCLUDE,High,Meets all SLR inclusion criteria for GPS-denied localization/navigation algorithm and platform validation.,['UAV'],['Unspecified'],"['Camera', 'IMU', 'Radio/UWB']",['VIO'],True,False,resp_01330.json
1331,"Model-Based RL Decision-Making for UAVs Operating in GNSS-Denied, Degraded Visibility Conditions with Limited Sensor Capabilities",Boiteau S.; Vanegas F.; Galvez-Serna J.; Gonzalez F.,2025,Drones,Scopus,10.3390/drones9060410,INCLUDE,High,Meets all SLR inclusion criteria for GPS-denied localization/navigation algorithm and platform validation.,['UAV'],"['Indoor', 'Adversarial']","['Camera', 'IMU', 'LiDAR', 'Radio/UWB']",[],True,False,resp_01331.json
1332,A Relative Infrastructure-less Localization Algorithm for Decentralized and Autonomous Swarm Formation,Schindler D.; Niculescu V.; Polonelli T.; Palossi D.; Benini L.; Magno M.,2023,IEEE International Conference on Intelligent Robots and Systems,Scopus,10.1109/IROS55552.2023.10342168,INCLUDE,High,Meets all SLR inclusion criteria for GPS-denied localization/navigation algorithm and platform validation.,['UAV'],['Indoor'],"['IMU', 'Radio/UWB']",['Kalman Filtering'],True,False,resp_01332.json
1333,Robust and accurate visual geo-localization using prior map constructed by handheld LiDAR SLAM with camera image and terrestrial LiDAR point cloud,Yang Z.; Li J.; Wu H.; Zlatanova S.; Wang W.; Fox J.; Yang B.; Tang Y.; Zhang R.; Gong J.; Wang X.; Wang J.; Wang Y.; Sun S.,2024,International Journal of Digital Earth,Scopus,10.1080/17538947.2024.2416468,INCLUDE,High,Meets all SLR inclusion criteria for GPS-denied localization/navigation algorithm and platform validation.,['Wearable'],['Unspecified'],"['Camera', 'LiDAR']","['SLAM', 'Factor Graph Optimization']",True,False,resp_01333.json
1334,An Autonomous Relative Navigation Algorithm Based on Interframe and Scene Matching,Wang J.; Dong J.; Yue Y.; Zhou Q.; Zhang X.; Jiang H.; Wang H.; Wang G.; Wang S.,2025,Lecture Notes in Electrical Engineering,Scopus,10.1007/978-981-96-2208-5_31,INCLUDE,High,Meets all SLR inclusion criteria for GPS-denied localization/navigation algorithm and platform validation.,['UAV'],"['Underground', 'Forest/Outdoor']",[],[],True,False,resp_01334.json
1335,Adaptive Localization in Challenging Environments Using QR Codes and V2X Communication,Dehbi M.; Tiali M.A.B.; Lachachi Y.; Ayaida M.; El Hillali Y.; Rivenq A.,2025,IEEE International Conference on Communications,Scopus,10.1109/ICC52391.2025.11160984,INCLUDE,High,Meets all SLR inclusion criteria for GPS-denied localization/navigation algorithm and platform validation.,['General Robotics'],['Underground'],"['IMU', 'LiDAR', 'Radio/UWB']",['Factor Graph Optimization'],True,False,resp_01335.json
1336,Multi-sensor robust relative estimation framework for GPS-denied multirotor aircraft,Koch D.P.; McLain T.W.; Brink K.M.,2016,"2016 International Conference on Unmanned Aircraft Systems, ICUAS 2016",Scopus,10.1109/ICUAS.2016.7502619,INCLUDE,High,Meets all SLR inclusion criteria for GPS-denied localization/navigation algorithm and platform validation.,['UAV'],['Unspecified'],[],['Kalman Filtering'],True,False,resp_01336.json
1337,CPFL: Resilient Continuous UAV Localization via Cross-View Perception and Particle Filtering,Su C.; Yuan J.; Zheng E.; Xu W.; Liu Z.; Hu J.,2026,Drones,Scopus,10.3390/drones10060437,INCLUDE,High,Meets all SLR inclusion criteria for GPS-denied localization/navigation algorithm and platform validation.,['UAV'],['Forest/Outdoor'],"['Camera', 'IMU', 'Radio/UWB']",[],True,False,resp_01337.json
1338,Multiple drone navigation and formation using selective target tracking-based computer vision,Upadhyay J.; Rawat A.; Deb D.,2021,Electronics (Switzerland),Scopus,10.3390/electronics10172125,INCLUDE,High,Meets all SLR inclusion criteria for GPS-denied localization/navigation algorithm and platform validation.,['UAV'],['Unspecified'],"['Camera', 'Radio/UWB']",[],True,False,resp_01338.json
1339,Offline Navigation (Homing) of Aerial Vehicles (Quadcopters) in GPS Denied Environments,Mondal M.; Poslavskiy S.,2021,Unmanned Systems,Scopus,10.1142/S2301385021500102,INCLUDE,High,Meets all SLR inclusion criteria for GPS-denied localization/navigation algorithm and platform validation.,['UAV'],['Unspecified'],[],[],True,False,resp_01339.json
1340,Geolocalization from Aerial Sensing Images Using Road Network Alignment,Li Y.; Yang D.; Wang S.; Shi L.; Meng D.,2024,Remote Sensing,Scopus,10.3390/rs16030482,INCLUDE,High,Meets all SLR inclusion criteria for GPS-denied localization/navigation algorithm and platform validation.,['UAV'],['Unspecified'],['Radio/UWB'],['Factor Graph Optimization'],True,False,resp_01340.json
1341,Consensus and Quantum Particle Swarm Optimization-Based Cooperative Navigation Method,Zhang C.; Hu H.; Zhang B.; Zeng H.,2026,Lecture Notes in Mechanical Engineering,Scopus,10.1007/978-981-95-3025-0_38,INCLUDE,High,Meets all SLR inclusion criteria for GPS-denied localization/navigation algorithm and platform validation.,['UAV'],['Unspecified'],['IMU'],['Factor Graph Optimization'],True,False,resp_01341.json
1342,A comparison of UWB and motion capture uav indoor positioning,Masiero A.; Fissore F.; Antonello R.; Cenedese A.; Vettore A.,2019,"International Archives of the Photogrammetry, Remote Sensing and Spatial Information Sciences - ISPRS Archives",Scopus,10.5194/isprs-archives-XLII-2-W13-1695-2019,INCLUDE,High,Meets all SLR inclusion criteria for GPS-denied localization/navigation algorithm and platform validation.,['UAV'],['Indoor'],['Radio/UWB'],"['Kalman Filtering', 'Radio Ranging']",True,False,resp_01342.json
1343,A Visual-Inertial Localization Method With Fusion of Vehicle Motion Features,Tian D.; Wang L.; Liu Z.; Sun H.; Lv W.; Jiang C.,2025,"ICSMD 2025 - International Conference on Sensing, Measurement and Data Analytics in the Era of Artificial Intelligence",Scopus,10.1109/ICSMD67131.2025.11365501,INCLUDE,High,Meets all SLR inclusion criteria for GPS-denied localization/navigation algorithm and platform validation.,['General Robotics'],"['Underground', 'Urban']","['Camera', 'IMU', 'Radio/UWB']","['VIO', 'SLAM']",True,False,resp_01343.json
1344,An Efficient Real-Time Indoor Autonomous Navigation and Path Planning System for Drones Based on RGB-D Sensor,Xiao R.; Du H.; Xu C.; Wang W.,2020,Lecture Notes in Electrical Engineering,Scopus,10.1007/978-981-32-9050-1_4,INCLUDE,High,Meets all SLR inclusion criteria for GPS-denied localization/navigation algorithm and platform validation.,['UAV'],['Indoor'],"['Camera', 'IMU', 'LiDAR']",['SLAM'],True,False,resp_01344.json
1345,Monocular UAV Localisation With Deep Learning and Uncertainty Propagation,Oh X.; Lim R.; Loh L.; Tan C.H.; Foong S.; Tan U.-X.,2022,IEEE Robotics and Automation Letters,Scopus,10.1109/LRA.2022.3186750,INCLUDE,High,Meets all SLR inclusion criteria for GPS-denied localization/navigation algorithm and platform validation.,['UAV'],['Unspecified'],"['Camera', 'IMU', 'Radio/UWB']","['Deep Learning', 'Radio Ranging']",True,False,resp_01345.json
1346,Tag-based visual-inertial localization of unmanned aerial vehicles in indoor construction environments using an on-manifold extended Kalman filter,Kayhani N.; Zhao W.; McCabe B.; Schoellig A.P.,2022,Automation in Construction,Scopus,10.1016/j.autcon.2021.104112,INCLUDE,High,Meets all SLR inclusion criteria for GPS-denied localization/navigation algorithm and platform validation.,['UAV'],['Indoor'],"['Camera', 'IMU', 'Radio/UWB']","['VIO', 'Kalman Filtering']",True,False,resp_01346.json
1347,A Ground Moving Target Tracking System for a Quadrotor in GPS-Denied Environments,Guo J.; Chen Z.; Wang J.; Zou P.,2022,Lecture Notes in Electrical Engineering,Scopus,10.1007/978-981-15-8155-7_246,INCLUDE,High,Meets all SLR inclusion criteria for GPS-denied localization/navigation algorithm and platform validation.,['UAV'],"['Indoor', 'Urban']","['Camera', 'IMU', 'Radio/UWB']",['Kalman Filtering'],True,False,resp_01347.json
1348,LiDAR-odometry based UAV pose estimation in young forest environment,Ouattara I.; Korhonen V.; Visala A.,2022,IFAC-PapersOnLine,Scopus,10.1016/j.ifacol.2022.11.121,INCLUDE,High,Meets all SLR inclusion criteria for GPS-denied localization/navigation algorithm and platform validation.,['UAV'],"['Urban', 'Forest/Outdoor']","['IMU', 'LiDAR']",[],True,False,resp_01348.json
1349,INS/Odometer/Trackmap-aided Railway Train Localization under GNSS Jamming Conditions,Cao Z.; Liu J.; Jiang W.; Cai B.; Wang J.,2022,"IEEE Intelligent Vehicles Symposium, Proceedings",Scopus,10.1109/IV51971.2022.9827385,INCLUDE,High,Meets all SLR inclusion criteria for GPS-denied localization/navigation algorithm and platform validation.,['General Robotics'],"['Urban', 'Adversarial']",['IMU'],[],True,False,resp_01349.json
1350,GO-SLAM: GPS-Aided Visual-Inertial SLAM for Adaptive UAV Navigation in Outdoor-Indoor Environments,Wicaksono M.; Shin S.Y.,2025,IEEE Transactions on Instrumentation and Measurement,Scopus,10.1109/TIM.2025.3538081,INCLUDE,High,Meets all SLR inclusion criteria for GPS-denied localization/navigation algorithm and platform validation.,['UAV'],"['Indoor', 'Forest/Outdoor']","['Camera', 'IMU', 'Radio/UWB']","['VIO', 'SLAM']",True,False,resp_01350.json
1351,A UWB-AOA/IMU Integrated Navigation System for 6-DoF Indoor UAV Localization,Zhao P.; Zhang H.; Liu G.; Cui X.; Lu M.,2025,Drones,Scopus,10.3390/drones9080546,INCLUDE,High,Meets all SLR inclusion criteria for GPS-denied localization/navigation algorithm and platform validation.,['UAV'],['Indoor'],"['IMU', 'Radio/UWB']","['Kalman Filtering', 'Radio Ranging']",True,False,resp_01351.json
1352,Visual-Inertial Method for Localizing Aerial Vehicles in GNSS-Denied Environments,Tonini A.; Castelli M.; Bates J.S.; Lin N.N.N.; Painho M.,2024,Applied Sciences (Switzerland),Scopus,10.3390/app14209493,INCLUDE,High,Meets all SLR inclusion criteria for GPS-denied localization/navigation algorithm and platform validation.,['UAV'],['Underground'],"['Camera', 'IMU', 'LiDAR', 'Radio/UWB']",['VIO'],True,False,resp_01352.json
1353,Ultra-wideband and odometry-based cooperative relative localization with application to multi-UAV formation control,Guo K.; Li X.; Xie L.,2020,IEEE Transactions on Cybernetics,Scopus,10.1109/TCYB.2019.2905570,INCLUDE,High,Meets all SLR inclusion criteria for GPS-denied localization/navigation algorithm and platform validation.,['UAV'],['Unspecified'],"['IMU', 'Radio/UWB']",['Radio Ranging'],True,False,resp_01353.json
1354,A Comparison of LiDAR-based SLAM Systems for Control of Unmanned Aerial Vehicles,Milijas R.; Markovic L.; Ivanovic A.; Petric F.; Bogdan S.,2021,"2021 International Conference on Unmanned Aircraft Systems, ICUAS 2021",Scopus,10.1109/ICUAS51884.2021.9476802,INCLUDE,High,Meets all SLR inclusion criteria for GPS-denied localization/navigation algorithm and platform validation.,['UAV'],['Unspecified'],"['LiDAR', 'Radio/UWB']",['SLAM'],True,False,resp_01354.json
1355,A distributed approach for lidar-based relative state estimation of multi-UAV in GPS-denied environments,SHEN H.; ZONG Q.; LU H.; ZHANG X.; TIAN B.; HE L.,2022,Chinese Journal of Aeronautics,Scopus,10.1016/j.cja.2021.04.021,INCLUDE,High,Meets all SLR inclusion criteria for GPS-denied localization/navigation algorithm and platform validation.,['UAV'],['Unspecified'],"['LiDAR', 'Radio/UWB']",['Factor Graph Optimization'],True,False,resp_01355.json
1356,Autonomous quadrotor collision avoidance and destination seeking in a GPS-denied environment,Kirven T.; Hoagg J.B.,2021,Autonomous Robots,Scopus,10.1007/s10514-020-09949-2,INCLUDE,High,Meets all SLR inclusion criteria for GPS-denied localization/navigation algorithm and platform validation.,['UAV'],['Urban'],['Radio/UWB'],[],True,False,resp_01356.json
1357,Experimental Validation of Autonomous Search for an RF Emitter in an Unknown Indoor Environment,Ly K.H.; Kim D.Y.; Ristic B.; Asadi E.; Al-Hourani A.,2026,"2026 IEEE Conference on Artificial Intelligence, CAI 2026",Scopus,10.1109/CAI68641.2026.11536414,INCLUDE,High,Meets all SLR inclusion criteria for GPS-denied localization/navigation algorithm and platform validation.,['General Robotics'],['Indoor'],"['IMU', 'LiDAR', 'Radio/UWB']",['SLAM'],True,False,resp_01357.json
1358,An experimental analysis of outdoor UAV localisation through diverse estimators and crowd-sensed data fusion,Ahmed M.M.; Shawky M.A.; Zahran S.; Moussa A.; EL-Shimy N.; Elmahallawy A.A.; Ansari S.; Shah S.T.; Abdellatif A.G.,2024,Physical Communication,Scopus,10.1016/j.phycom.2024.102475,INCLUDE,High,Meets all SLR inclusion criteria for GPS-denied localization/navigation algorithm and platform validation.,['UAV'],"['Urban', 'Forest/Outdoor']","['IMU', 'Radar']",['Kalman Filtering'],True,False,resp_01358.json
1359,Low-Compute Event-Based Navigation for Micro-Drones in Confined Subterranean Environments,Hen T.; Arogeti S.,2026,"2026 International Conference on Unmanned Aircraft Systems, ICUAS 2026",Scopus,10.1109/ICUAS69441.2026.11598632,INCLUDE,High,Meets all SLR inclusion criteria for GPS-denied localization/navigation algorithm and platform validation.,['UAV'],['Underground'],"['IMU', 'LiDAR', 'Radio/UWB']","['SLAM', 'Radio Ranging']",True,False,resp_01359.json
1360,A comparative study of bug algorithms for robot navigation,McGuire K.N.; de Croon G.C.H.E.; Tuyls K.,2019,Robotics and Autonomous Systems,Scopus,10.1016/j.robot.2019.103261,INCLUDE,High,Meets all SLR inclusion criteria for GPS-denied localization/navigation algorithm and platform validation.,['General Robotics'],['Unspecified'],"['Camera', 'IMU', 'Radio/UWB']",['SLAM'],True,False,resp_01360.json
1361,Range-based collaborative relative navigation for multiple unmanned aerial vehicles using consensus extended Kalman filter,Gong B.; Wang S.; Hao M.; Guan X.; Li S.,2021,Aerospace Science and Technology,Scopus,10.1016/j.ast.2021.106647,INCLUDE,High,Meets all SLR inclusion criteria for GPS-denied localization/navigation algorithm and platform validation.,['UAV'],['Urban'],"['IMU', 'Radio/UWB']","['VIO', 'Kalman Filtering', 'Radio Ranging']",True,False,resp_01361.json
1362,Unmanned Aerial Vehicle Navigation in Complex Environments: A Review,Swe S.H.M.; Huang L.; Perera A.,2026,"2026 12th International Conference on Electrical Engineering, Control and Robotics, EECR 2026",Scopus,10.1109/EECR69522.2026.11548661,INCLUDE,High,Meets all SLR inclusion criteria for GPS-denied localization/navigation algorithm and platform validation.,['UAV'],"['Urban', 'Adversarial']","['Camera', 'IMU', 'Radio/UWB']","['VIO', 'Factor Graph Optimization', 'Radio Ranging']",True,False,resp_01362.json
1363,CSLAM and GPS based navigation for multi-UAV cooperative transportation system,Yu H.; Zhang F.; Huang P.,2019,Lecture Notes in Computer Science (including subseries Lecture Notes in Artificial Intelligence and Lecture Notes in Bioinformatics),Scopus,10.1007/978-3-030-27535-8_29,INCLUDE,High,Meets all SLR inclusion criteria for GPS-denied localization/navigation algorithm and platform validation.,['UAV'],['Unspecified'],"['Camera', 'IMU', 'Radio/UWB']",['SLAM'],True,False,resp_01363.json
1364,On the precision of 6 DoF IMU-LiDAR based localization in GNSS-denied scenarios,Frosi M.; Bertoglio R.; Matteucci M.,2023,Frontiers in Robotics and AI,Scopus,10.3389/frobt.2023.1064930,INCLUDE,High,Meets all SLR inclusion criteria for GPS-denied localization/navigation algorithm and platform validation.,['General Robotics'],"['Indoor', 'Forest/Outdoor']","['IMU', 'LiDAR', 'Radio/UWB']","['SLAM', 'Radio Ranging']",True,False,resp_01364.json
1365,Coordination and Planning Algorithms for a UAS Fleet in GPS-Denied Environments,Kumar N.; Ganeshan R.; Rathinam S.; Darbha S.,2026,"AIAA Science and Technology Forum and Exposition, AIAA SciTech Forum 2026",Scopus,10.2514/6.2026-1091,INCLUDE,High,Meets all SLR inclusion criteria for GPS-denied localization/navigation algorithm and platform validation.,['UAV'],['Adversarial'],"['IMU', 'Radio/UWB']",['Kalman Filtering'],True,False,resp_01365.json
1366,Cooperative Localisation of a GPS-Denied UAV in 3-Dimensional Space Using Direction of Arrival Measurements,Russell J.S.; Ye M.; Anderson B.D.O.; Hmam H.; Sarunic P.,2017,IFAC-PapersOnLine,Scopus,10.1016/j.ifacol.2017.08.1226,INCLUDE,High,Meets all SLR inclusion criteria for GPS-denied localization/navigation algorithm and platform validation.,['UAV'],['Underground'],['IMU'],[],True,False,resp_01366.json
1367,Simulation and Experimental Evaluation of a Vehicle–Road Cooperative Positioning Method in Global Navigation Satellite Systems (GNSS)-Denied Environments,Shen C.; Zhao Z.; Yan D.; Ling Y.,2026,SAE International Journal of Connected and Automated Vehicles,Scopus,10.4271/12-09-04-0029,INCLUDE,High,Meets all SLR inclusion criteria for GPS-denied localization/navigation algorithm and platform validation.,['General Robotics'],['Urban'],['IMU'],"['Kalman Filtering', 'Factor Graph Optimization']",True,False,resp_01367.json
1368,Key-Region-Based UAV Visual Navigation,Karnes M.; Riffel J.; Yilmaz A.,2024,"International Archives of the Photogrammetry, Remote Sensing and Spatial Information Sciences - ISPRS Archives",Scopus,10.5194/isprs-archives-XLVIII-2-2024-173-2024,INCLUDE,High,Meets all SLR inclusion criteria for GPS-denied localization/navigation algorithm and platform validation.,['UAV'],['Unspecified'],"['Camera', 'Radio/UWB']",[],True,False,resp_01368.json
1369,Mobile Robot 6-D Localization Using 3-D Gaussian Mixture Maps in GPS-Denied Environments,Niewola A.,2022,IEEE Intelligent Systems,Scopus,10.1109/MIS.2020.3046138,INCLUDE,High,Meets all SLR inclusion criteria for GPS-denied localization/navigation algorithm and platform validation.,['UGV'],"['Underground', 'Urban', 'Forest/Outdoor']","['LiDAR', 'Radio/UWB']",['Kalman Filtering'],True,False,resp_01369.json
1370,Cooperative navigation for UAVs in GNSS-denied area based on optimized belief propagation,Li J.; Yang G.; Cai Q.; Niu H.; Li J.,2022,Measurement: Journal of the International Measurement Confederation,Scopus,10.1016/j.measurement.2022.110797,INCLUDE,High,Meets all SLR inclusion criteria for GPS-denied localization/navigation algorithm and platform validation.,['UAV'],['Unspecified'],"['IMU', 'Radio/UWB']",[],True,False,resp_01370.json
1372,Accuracy evaluation of selected mobile inspection robot localization techniques in a gnss-denied environment,Szrek J.; Trybała P.; Góralczyk M.; Michalak A.; Ziętek B.; Zimroz R.,2021,Sensors (Switzerland),Scopus,10.3390/s21010141,INCLUDE,High,Meets all SLR inclusion criteria for GPS-denied localization/navigation algorithm and platform validation.,['UGV'],"['Underground', 'Urban']","['Camera', 'IMU', 'Radio/UWB']",[],True,False,resp_01372.json
1373,Enabling UAV navigation with sensor and environmental uncertainty in cluttered and GPS-denied environments,Vanegas F.; Gonzalez F.,2016,Sensors (Switzerland),Scopus,10.3390/s16050666,INCLUDE,High,Meets all SLR inclusion criteria for GPS-denied localization/navigation algorithm and platform validation.,['UAV'],['Unspecified'],"['IMU', 'Radio/UWB']",[],True,False,resp_01373.json
1374,Monocular visual slam based on a cooperative uav–target system,Trujillo J.-C.; Munguia R.; Urzua S.; Guerra E.; Grau A.,2020,Sensors (Switzerland),Scopus,10.3390/s20123531,INCLUDE,High,Meets all SLR inclusion criteria for GPS-denied localization/navigation algorithm and platform validation.,['UAV'],"['Indoor', 'Urban', 'Forest/Outdoor']","['Camera', 'IMU', 'Radio/UWB']",['SLAM'],True,False,resp_01374.json
1375,Adaptive and Resilient Consensus for UAV-UGV Teams via Virtual Agent Mediation and Topology Switching,Guo F.; Shen R.; Zhang J.; Sun C.; Zhan Q.,2025,"IEEE International Conference on Robotics and Biomimetics, ROBIO",Scopus,10.1109/ROBIO66223.2025.11376277,INCLUDE,High,Meets all SLR inclusion criteria for GPS-denied localization/navigation algorithm and platform validation.,"['UAV', 'UGV']",['Unspecified'],"['IMU', 'LiDAR', 'Radio/UWB']",[],True,False,resp_01375.json
1376,Efficient visual odometry and mapping for Unmanned Aerial Vehicle using ARM-based stereo vision pre-processing system,Fu C.; Carrio A.; Campoy P.,2015,"2015 International Conference on Unmanned Aircraft Systems, ICUAS 2015",Scopus,10.1109/ICUAS.2015.7152384,INCLUDE,High,Meets all SLR inclusion criteria for GPS-denied localization/navigation algorithm and platform validation.,['UAV'],['Unspecified'],"['Camera', 'Radio/UWB']",[],True,False,resp_01376.json
1377,Ultra-Wideband-Based Precise Localization of Autonomous Vehicle in GPS-Denied Environments,Lee S.-M.,2021,Lecture Notes in Mechanical Engineering,Scopus,10.1007/978-981-16-4803-8_5,INCLUDE,High,Meets all SLR inclusion criteria for GPS-denied localization/navigation algorithm and platform validation.,['General Robotics'],['Indoor'],['Radio/UWB'],['Radio Ranging'],True,False,resp_01377.json
1378,Optical Flow Sensor/INS/Magnetometer Integrated Navigation System for MAV in GPS-Denied Environment,Shen C.; Bai Z.; Cao H.; Xu K.; Wang C.; Zhang H.; Wang D.; Tang J.; Liu J.,2016,Journal of Sensors,Scopus,10.1155/2016/6105803,INCLUDE,High,Meets all SLR inclusion criteria for GPS-denied localization/navigation algorithm and platform validation.,['UAV'],['Urban'],"['IMU', 'Radio/UWB']",['Kalman Filtering'],True,False,resp_01378.json
1379,VLM-Guided and Spatially Consistent Cross-View Matching and Localization of UGVs in UAV-Stitched Map,Yang Y.; Ma X.; Jiang Z.; Sun P.; Zhao X.; Xie Y.; Qian W.,2025,Drones,Scopus,10.3390/drones9120873,INCLUDE,High,Meets all SLR inclusion criteria for GPS-denied localization/navigation algorithm and platform validation.,"['UAV', 'UGV']",['Urban'],['Radio/UWB'],[],True,False,resp_01379.json
1380,A Real-World Benchmark of Monte Carlo-Assisted EKF Odometry for Online Pose Estimation in 2D LiDAR SLAM,Kudriashov A.; Koszyk J.; Hyla B.; Ambroziński Ł.,2026,Sensors,Scopus,10.3390/s26134264,INCLUDE,High,Meets all SLR inclusion criteria for GPS-denied localization/navigation algorithm and platform validation.,['UGV'],"['Indoor', 'Underground', 'Adversarial']","['IMU', 'LiDAR', 'Radio/UWB']","['SLAM', 'Kalman Filtering']",True,False,resp_01380.json
1381,Perception-and-Energy-aware Motion Planning for UAV using Learning-based Model under Heteroscedastic Uncertainty,Takemura R.; Ishigami G.,2024,Proceedings - IEEE International Conference on Robotics and Automation,Scopus,10.1109/ICRA57147.2024.10610390,INCLUDE,High,Meets all SLR inclusion criteria for GPS-denied localization/navigation algorithm and platform validation.,['UAV'],['Urban'],"['IMU', 'LiDAR', 'Radio/UWB']",['Radio Ranging'],True,False,resp_01381.json
1382,Monocular Vision Aided Inertial Positioning Method based on Centroid Extraction Applicable to GNSS Denied Environments,Dai M.; Lai X.; Zhang C.; Pan X.; Ding H.; Zhang S.; Li H.; Dai Y.,2023,"Proceedings - 2023 Asia-Pacific Conference on Image Processing, Electronics and Computers, IPEC 2023",Scopus,10.1109/IPEC57296.2023.00022,INCLUDE,High,Meets all SLR inclusion criteria for GPS-denied localization/navigation algorithm and platform validation.,['General Robotics'],['Unspecified'],"['Camera', 'IMU', 'Radio/UWB']",[],True,False,resp_01382.json
1383,AIM: Acoustic Inertial Measurement for Indoor Drone Localization and Tracking,Sun Y.; Wang W.; Mottola L.; Wang R.; He Y.,2023,SenSys 2022 - Proceedings of the 20th ACM Conference on Embedded Networked Sensor Systems,Scopus,10.1145/3560905.3568499,INCLUDE,High,Meets all SLR inclusion criteria for GPS-denied localization/navigation algorithm and platform validation.,['UAV'],['Indoor'],"['IMU', 'Radio/UWB', 'Sonar/DVL']","['Kalman Filtering', 'Radio Ranging']",True,False,resp_01383.json
1384,Combined laser and vision-aided inertial navigation for an indoor unmanned aerial vehicle,Magree D.; Johnson E.N.,2014,Proceedings of the American Control Conference,Scopus,10.1109/ACC.2014.6858995,INCLUDE,High,Meets all SLR inclusion criteria for GPS-denied localization/navigation algorithm and platform validation.,['UAV'],"['Indoor', 'Urban', 'Adversarial']","['Camera', 'IMU', 'LiDAR', 'Radio/UWB']","['SLAM', 'Kalman Filtering']",True,False,resp_01384.json
1385,GRAPPE: Game-Theoretic Approach for Precise Positioning in GNSS-Denied Environments,Siraj M.S.; Eleni Tsiropoulou E.,2025,"Proceedings - IEEE Global Communications Conference, GLOBECOM",Scopus,10.1109/GLOBECOM59602.2025.11432086,INCLUDE,High,Meets all SLR inclusion criteria for GPS-denied localization/navigation algorithm and platform validation.,['General Robotics'],"['Underground', 'Adversarial']","['IMU', 'Radio/UWB']",['Factor Graph Optimization'],True,False,resp_01385.json
1386,LightdenseYOLO: A fast and accurate marker tracker for autonomous UAV landing by visible light camera sensor on drone,Nguyen P.H.; Arsalan M.; Koo J.H.; Naqvi R.A.; Truong N.Q.; Park K.R.,2018,Sensors (Switzerland),Scopus,10.3390/s18061703,INCLUDE,High,Meets all SLR inclusion criteria for GPS-denied localization/navigation algorithm and platform validation.,['UAV'],['Underground'],"['Camera', 'IMU', 'Radio/UWB']","['VIO', 'Deep Learning']",True,False,resp_01386.json
1387,An Integrated RF Sensor Design for Anchor-Free Collaborative Localization in GNSS-Denied Environments,Bai D.; Li X.; Zhou L.; Yang C.; Cui Y.; Bai L.; Chen Y.,2025,Electronics (Switzerland),Scopus,10.3390/electronics14081667,INCLUDE,High,Meets all SLR inclusion criteria for GPS-denied localization/navigation algorithm and platform validation.,['General Robotics'],"['Urban', 'Forest/Outdoor']","['IMU', 'Radio/UWB']",['Radio Ranging'],True,False,resp_01387.json
1388,Design and Performance Validation of Integrated Navigation System Based on Geometric Range Measurements and GIS Map for Urban Aerial Navigation,Park G.; Lee B.; Kim D.G.; Lee Y.J.; Sung S.,2020,"International Journal of Control, Automation and Systems",Scopus,10.1007/s12555-019-1059-4,INCLUDE,High,Meets all SLR inclusion criteria for GPS-denied localization/navigation algorithm and platform validation.,['UAV'],"['Indoor', 'Urban']","['IMU', 'LiDAR', 'Radio/UWB']",['Radio Ranging'],True,False,resp_01388.json
1389,Rapid Radio Map Construction via Vehicle-Based SLAM in GNSS-Denied Environments,Shin B.; Kim T.; Lee T.,2026,Sensors,Scopus,10.3390/s26165049,INCLUDE,High,Meets all SLR inclusion criteria for GPS-denied localization/navigation algorithm and platform validation.,['General Robotics'],"['Indoor', 'Underground']","['IMU', 'Radio/UWB']",['SLAM'],True,False,resp_01389.json
1390,GTS-SLAM: A Tightly-Coupled GICP and 3D Gaussian Splatting Framework for Robust Dense SLAM in Underground Mines,Liu Y.; Li C.; Jiang M.,2026,Vehicles,Scopus,10.3390/vehicles8040079,INCLUDE,High,Meets all SLR inclusion criteria for GPS-denied localization/navigation algorithm and platform validation.,['UGV'],"['Underground', 'Urban']","['Camera', 'Radio/UWB']","['SLAM', 'Factor Graph Optimization']",True,False,resp_01390.json
1391,Rapid development methodology of agricultural robot navigation system working in GNSS-denied environment,Zhao R.-M.; Zhu Z.; Chen J.-N.; Yu T.-J.; Ma J.-J.; Fan G.-S.; Wu M.; Huang P.-C.,2023,Advances in Manufacturing,Scopus,10.1007/s40436-023-00438-0,INCLUDE,High,Meets all SLR inclusion criteria for GPS-denied localization/navigation algorithm and platform validation.,['General Robotics'],['Forest/Outdoor'],"['IMU', 'LiDAR']",['Radio Ranging'],True,False,resp_01391.json
1392,A Vision/Map Attitude Matrix Aided IMU/Odometer Integrated Navigation Method,Li Z.; Liu Y.; Zeng Q.; Liu J.; Li F.; Zhang G.,2022,"Proceedings of 2022 IEEE International Conference on Unmanned Systems, ICUS 2022",Scopus,10.1109/ICUS55513.2022.9987065,INCLUDE,High,Meets all SLR inclusion criteria for GPS-denied localization/navigation algorithm and platform validation.,['General Robotics'],"['Indoor', 'Underground', 'Urban']","['IMU', 'Radio/UWB']",['Factor Graph Optimization'],True,False,resp_01392.json
1393,ST-DCL: A Spatio-Temporally Decoupled Cooperative Localization Method for Dynamic Drone Swarms,Wu H.; Shi Z.; Wu Z.; Xu H.; Tu Z.,2026,Drones,Scopus,10.3390/drones10010069,INCLUDE,High,Meets all SLR inclusion criteria for GPS-denied localization/navigation algorithm and platform validation.,['UAV'],['Unspecified'],"['IMU', 'Radio/UWB']","['Deep Learning', 'Factor Graph Optimization']",True,False,resp_01393.json
1394,Infrared-inertial navigation for commercial aircraft precision landing in low visibility and gps-denied environments,Zhang L.; Zhai Z.; He L.; Wen P.; Niu W.,2019,Sensors (Switzerland),Scopus,10.3390/s19020408,INCLUDE,High,Meets all SLR inclusion criteria for GPS-denied localization/navigation algorithm and platform validation.,['General Robotics'],['Urban'],"['Camera', 'IMU', 'Radio/UWB']",['Kalman Filtering'],True,False,resp_01394.json
1395,Fast Monocular Visual-Inertial Odometry With Point-Line Features and Vanishing Point Constraints,Sun J.; Wang R.,2025,IEEE Sensors Letters,Scopus,10.1109/LSENS.2025.3565321,INCLUDE,High,Meets all SLR inclusion criteria for GPS-denied localization/navigation algorithm and platform validation.,['UAV'],['Unspecified'],"['Camera', 'IMU', 'Radio/UWB']","['VIO', 'SLAM']",True,False,resp_01395.json
1396,A study on cooperative navigation algorithms for UAV formations based on array signal detection,Wang J.; Wan Y.; Li C.; Sun C.; Zhu B.,2025,Measurement Science and Technology,Scopus,10.1088/1361-6501/addc05,INCLUDE,High,Meets all SLR inclusion criteria for GPS-denied localization/navigation algorithm and platform validation.,['UAV'],['Urban'],"['IMU', 'Radio/UWB']",[],True,False,resp_01396.json
1397,Bio-inspired monocular drone SLAM,Catal O.; Verbelen T.; Wang N.; Hartmann M.; Dhoedt B.,2022,ACM International Conference Proceeding Series,Scopus,10.1145/3522784.3522788,INCLUDE,High,Meets all SLR inclusion criteria for GPS-denied localization/navigation algorithm and platform validation.,['UAV'],['Indoor'],"['Camera', 'IMU', 'Radio/UWB']",['SLAM'],True,False,resp_01397.json
1398,Autonomous lighting audits: Part 1 - Building navigation and mapping,Bay C.J.; Terrill T.J.; Rasmussen B.P.,2014,"ASME 2014 Dynamic Systems and Control Conference, DSCC 2014",Scopus,10.1115/dscc2014-6125,INCLUDE,High,Meets all SLR inclusion criteria for GPS-denied localization/navigation algorithm and platform validation.,['UAV'],"['Indoor', 'Underground']",['IMU'],[],True,False,resp_01398.json
1399,Adaptive Texture-Aware Pixel Selection for Robust Direct Visual Odometry in UAV Navigation,"Gaia J.; Fagundes L., Jr.; Soria C.; Brandão A.",2026,"2026 International Conference on Unmanned Aircraft Systems, ICUAS 2026",Scopus,10.1109/ICUAS69441.2026.11598726,INCLUDE,High,Meets all SLR inclusion criteria for GPS-denied localization/navigation algorithm and platform validation.,['UAV'],"['Indoor', 'Forest/Outdoor']","['Camera', 'IMU', 'Radio/UWB']",[],True,False,resp_01399.json
1400,Indoor SLAM for micro aerial vehicles using visual and laser sensor fusion,López E.; Barea R.; Gómez A.; Saltos Á.; Bergasa L.M.; Molinos E.J.; Nemra A.,2016,Advances in Intelligent Systems and Computing,Scopus,10.1007/978-3-319-27146-0_41,INCLUDE,High,Meets all SLR inclusion criteria for GPS-denied localization/navigation algorithm and platform validation.,['UAV'],['Indoor'],"['Camera', 'IMU', 'LiDAR']","['SLAM', 'Kalman Filtering']",True,False,resp_01400.json
1401,TSFNet: A Two-Stage Fusion Network for Visual–Inertial Odometry,Wang S.; Liang Y.; Lin J.; Gan Y.; Zhong M.; Yin X.; Peng B.,2025,Mathematics,Scopus,10.3390/math13233842,INCLUDE,High,Meets all SLR inclusion criteria for GPS-denied localization/navigation algorithm and platform validation.,['UAV'],['Urban'],"['Camera', 'IMU']","['VIO', 'Deep Learning']",True,False,resp_01401.json
1402,Oxpecker: A Tethered UAV for Inspection of Stone-Mine Pillars,"Martinez Rocamora B., Jr.; Lima R.R.; Samarakoon K.; Rathjen J.; Gross J.N.; Pereira G.A.S.",2023,Drones,Scopus,10.3390/drones7020073,INCLUDE,High,Meets all SLR inclusion criteria for GPS-denied localization/navigation algorithm and platform validation.,"['UAV', 'UGV']",['Underground'],"['LiDAR', 'Radio/UWB']",[],True,False,resp_01402.json
1403,Simless GSM positioning for navigation in GPS-denied environments,Soldado Serrano I.; García Doblado J.; Finazzi I.F.; Martín Prats M.Á.,2018,Aircraft Engineering and Aerospace Technology,Scopus,10.1108/AEAT-01-2017-0029,INCLUDE,High,Meets all SLR inclusion criteria for GPS-denied localization/navigation algorithm and platform validation.,['UAV'],['Unspecified'],[],[],True,False,resp_01403.json
1404,Autonomous Navigation of Unmanned Aircraft Using Space Target LOS Measurements and QLEKF,Xiong K.; Zhou P.; Wei C.,2022,Sensors,Scopus,10.3390/s22186992,INCLUDE,High,Meets all SLR inclusion criteria for GPS-denied localization/navigation algorithm and platform validation.,['General Robotics'],"['Urban', 'Adversarial']","['Camera', 'IMU', 'Radio/UWB']",['Kalman Filtering'],True,False,resp_01404.json
1405,Angle Robustness Unmanned Aerial Vehicle Navigation in GNSS-Denied Scenarios,Wang Y.; Feng Z.; Zhang H.; Gao Y.; Lei J.; Sun L.; Song M.,2024,Proceedings of the AAAI Conference on Artificial Intelligence,Scopus,10.1609/aaai.v38i9.28906,INCLUDE,High,Meets all SLR inclusion criteria for GPS-denied localization/navigation algorithm and platform validation.,['UAV'],['Urban'],"['IMU', 'Radio/UWB']",[],True,False,resp_01405.json
1406,UniPilot: Enabling GPS-Denied Autonomy Across Embodiments,Kulkarni M.; Dharmadhikari M.; Khedekar N.; Nissov M.; Singh M.; Weiss P.; Alexis K.,2025,"2025 IEEE International Conference on Advanced Robotics, ICAR 2025",Scopus,10.1109/ICAR65334.2025.11338632,INCLUDE,High,Meets all SLR inclusion criteria for GPS-denied localization/navigation algorithm and platform validation.,['General Robotics'],['Unspecified'],"['IMU', 'LiDAR', 'Radio/UWB', 'Radar']",[],True,False,resp_01406.json
1408,SLAM navigation algorithm for lightweight UAV based on vision-reference coupling,Zhang J.; Wang X.,2025,Intelligent Service Robotics,Scopus,10.1007/s11370-025-00641-x,INCLUDE,High,Meets all SLR inclusion criteria for GPS-denied localization/navigation algorithm and platform validation.,"['UAV', 'UGV']",['Unspecified'],"['Camera', 'IMU', 'Radio/UWB']","['SLAM', 'Kalman Filtering', 'Deep Learning', 'Factor Graph Optimization']",True,False,resp_01408.json
1409,Invariant observer design of a RGB-D aided inertial system for MAV in GPS-denied environments,Li D.; Li Q.; Cheng N.; Song J.; Wu Q.; Tang L.,2013,"Proceedings - 2013 IEEE International Conference on Systems, Man, and Cybernetics, SMC 2013",Scopus,10.1109/SMC.2013.443,INCLUDE,High,Meets all SLR inclusion criteria for GPS-denied localization/navigation algorithm and platform validation.,['UAV'],"['Indoor', 'Urban']","['Camera', 'IMU']",['Kalman Filtering'],True,False,resp_01409.json
1410,Train of Autonomous Aerial Vehicles for Subterranean Exploration with SLAM Capabilities,Blanchard N.; Parker A.; Mahalanobis A.; Shkarayev S.,2025,"AIAA Science and Technology Forum and Exposition, AIAA SciTech Forum 2025",Scopus,10.2514/6.2025-2067,INCLUDE,High,Meets all SLR inclusion criteria for GPS-denied localization/navigation algorithm and platform validation.,['UAV'],['Underground'],"['Camera', 'IMU', 'LiDAR']","['VIO', 'SLAM']",True,False,resp_01410.json
1411,Detecting and Localizing Objects on an Unmanned Aerial System (UAS) Integrated with a Mobile Device,Kim J.; Lin K.; Nogar S.M.; Larkin D.; Korpela C.M.,2021,"2021 International Conference on Unmanned Aircraft Systems, ICUAS 2021",Scopus,10.1109/ICUAS51884.2021.9476850,INCLUDE,High,Meets all SLR inclusion criteria for GPS-denied localization/navigation algorithm and platform validation.,['UAV'],['Adversarial'],"['Camera', 'IMU']",['VIO'],True,False,resp_01411.json
1412,Collision Avoidance for a Hexacopter Using Deep Learning and IMU in a GPS-Denied Environment,Kim J.; Lee H.; Park J.,2026,"International Journal of Control, Automation and Systems",Scopus,10.1007/s12555-026-00052-3,INCLUDE,High,Meets all SLR inclusion criteria for GPS-denied localization/navigation algorithm and platform validation.,['UAV'],['Urban'],"['Camera', 'IMU']",['Deep Learning'],True,False,resp_01412.json
1413,GeoRVLF: A Robust Drone-Satellite Visual Geo-Localization Framework for Small Unmanned Aerial Vehicle Platforms,Zhang Z.; Chu J.; Song T.; Guo J.; Zhang R.; Li J.,2025,IEEE Robotics and Automation Letters,Scopus,10.1109/LRA.2025.3572821,INCLUDE,High,Meets all SLR inclusion criteria for GPS-denied localization/navigation algorithm and platform validation.,['UAV'],['Unspecified'],['Camera'],['Factor Graph Optimization'],True,False,resp_01413.json
1414,RAIL: Robust Acoustic Indoor Localization for Drones,Famili A.; Stavrou A.; Wang H.; Park J.-M.J.,2022,IEEE Vehicular Technology Conference,Scopus,10.1109/VTC2022-Spring54318.2022.9860933,INCLUDE,High,Meets all SLR inclusion criteria for GPS-denied localization/navigation algorithm and platform validation.,['UAV'],['Indoor'],"['IMU', 'Radio/UWB', 'Sonar/DVL']",['VIO'],True,False,resp_01414.json
1415,Review of vision-based reinforcement learning for drone navigation: Review of vision-based reinforcement learning..: A. Aburaya et al.,Aburaya A.; Selamat H.; Muslim M.T.,2024,International Journal of Intelligent Robotics and Applications,Scopus,10.1007/s41315-024-00356-9,INCLUDE,High,Meets all SLR inclusion criteria for GPS-denied localization/navigation algorithm and platform validation.,['UAV'],['Unspecified'],['Radio/UWB'],['VIO'],True,False,resp_01415.json
1416,Convergence analysis of state estimation for UAV formation under GPS-denied environments,Ding Y.; Wang Z.; Cong Y.; Wang X.,2025,Optimal Control Applications and Methods,Scopus,10.1002/oca.3159,INCLUDE,High,Meets all SLR inclusion criteria for GPS-denied localization/navigation algorithm and platform validation.,['UAV'],['Unspecified'],"['IMU', 'Radio/UWB']",[],True,False,resp_01416.json
1417,Cellular Communication-Based Autonomous UAV Navigation with Obstacle Avoidance for Unknown Indoor Environments,Choi Y.J.; Ramatryana I.N.A.; Shin S.Y.,2021,International Journal of Intelligent Engineering and Systems,Scopus,10.22266/ijies2021.0430.31,INCLUDE,High,Meets all SLR inclusion criteria for GPS-denied localization/navigation algorithm and platform validation.,['UAV'],"['Indoor', 'Forest/Outdoor']","['LiDAR', 'Radio/UWB']","['VIO', 'SLAM']",True,False,resp_01417.json
1418,Real-time parallel-serial LiDAR-based localization algorithm with centimeter accuracy for GPS-denied environments,Niedzwiedzki J.; Niewola A.; Lipinski P.; Swaczyna P.; Bobinski A.; Poryzala P.; Podsedkowski L.,2020,Sensors (Switzerland),Scopus,10.3390/s20247123,INCLUDE,High,Meets all SLR inclusion criteria for GPS-denied localization/navigation algorithm and platform validation.,['General Robotics'],['Underground'],"['IMU', 'LiDAR']","['Kalman Filtering', 'Radio Ranging']",True,False,resp_01418.json
1419,Vision/INS/Altimeter-Based Navigation and Control for Autonomous Drones in Indoor Environments,Suzuki S.,2025,Journal of Robotics and Mechatronics,Scopus,10.20965/jrm.2025.p0815,INCLUDE,High,Meets all SLR inclusion criteria for GPS-denied localization/navigation algorithm and platform validation.,['UAV'],['Indoor'],"['Camera', 'IMU', 'Radio/UWB']","['SLAM', 'Kalman Filtering']",True,False,resp_01419.json
1420,SLAM technology in unmanned aerial vehicle,Huang H.,2024,AIP Conference Proceedings,Scopus,10.1063/5.0215082,INCLUDE,High,Meets all SLR inclusion criteria for GPS-denied localization/navigation algorithm and platform validation.,['UAV'],['Indoor'],"['Camera', 'LiDAR']",['SLAM'],True,False,resp_01420.json
1421,Efficient Three Dimensional Formation Control for Unmanned Aerial Vehicles in GPS-Denied Environments,Selje R.; Al-Radaideh A.; Sun L.,2021,Proceedings of the American Control Conference,Scopus,10.23919/ACC50511.2021.9483176,INCLUDE,High,Meets all SLR inclusion criteria for GPS-denied localization/navigation algorithm and platform validation.,['UAV'],['Unspecified'],"['IMU', 'Radio/UWB']",[],True,False,resp_01421.json
1422,Improved UKF-SLAM with Lie Group Operation and Robust Feature Tracking for Motion Vehicles,Huang X.; Liang Z.; Zhang K.; Liu P.,2021,Journal of Physics: Conference Series,Scopus,10.1088/1742-6596/2095/1/012036,INCLUDE,High,Meets all SLR inclusion criteria for GPS-denied localization/navigation algorithm and platform validation.,['UAV'],['Indoor'],"['Camera', 'IMU', 'Radio/UWB']","['SLAM', 'Kalman Filtering']",True,False,resp_01422.json
1423,A robust real-time vision based GPS-denied navigation system of UAV,Yang L.; Xiao B.; Zhou Y.; He Y.; Zhang H.; Han J.,2016,"6th Annual IEEE International Conference on Cyber Technology in Automation, Control and Intelligent Systems, IEEE-CYBER 2016",Scopus,10.1109/CYBER.2016.7574843,INCLUDE,High,Meets all SLR inclusion criteria for GPS-denied localization/navigation algorithm and platform validation.,['UAV'],['Urban'],[],[],True,False,resp_01423.json
1424,An Adaptive GNSS/Visual Integrated Navigation System for Low-altitude UAV under Signal Challenging Environments,Di Y.; Jiang C.; Su Z.; Chen S.; Chen Y.,2025,"Journal of Aeronautics, Astronautics and Aviation",Scopus,10.6125/JoAAA.202510_57(8).05,INCLUDE,High,Meets all SLR inclusion criteria for GPS-denied localization/navigation algorithm and platform validation.,['UAV'],['Adversarial'],"['Camera', 'Radio/UWB']","['Deep Learning', 'Factor Graph Optimization']",True,False,resp_01424.json
1425,Monocular vision and IMU based navigation for a small unmanned helicopter,Wang C.; Wang T.; Liang J.; Chen Y.; Wu Y.,2012,"Proceedings of the 2012 7th IEEE Conference on Industrial Electronics and Applications, ICIEA 2012",Scopus,10.1109/ICIEA.2012.6360998,INCLUDE,High,Meets all SLR inclusion criteria for GPS-denied localization/navigation algorithm and platform validation.,['General Robotics'],['Unspecified'],"['Camera', 'IMU', 'Radio/UWB']",['Kalman Filtering'],True,False,resp_01425.json
1426,Enhanced adaptability of UWB/INS for unmanned surface vehicles in GPS-denied environments: Ranging error identification and compensation,Yan X.; Yang X.; Xiang Z.; Shen H.,2026,Ocean Engineering,Scopus,10.1016/j.oceaneng.2025.123695,INCLUDE,High,Meets all SLR inclusion criteria for GPS-denied localization/navigation algorithm and platform validation.,['USV/AUV'],['Adversarial'],"['IMU', 'Radio/UWB']","['Kalman Filtering', 'Radio Ranging']",True,False,resp_01426.json
1427,Cooperative navigation using pairwise communication with ranging and magnetic anomaly measurements,Yang C.; Strader J.; Gu Y.; Canciani A.; Brink K.,2020,Journal of Aerospace Information Systems,Scopus,10.2514/1.I010785,INCLUDE,High,Meets all SLR inclusion criteria for GPS-denied localization/navigation algorithm and platform validation.,['UAV'],['Urban'],"['IMU', 'Radio/UWB']","['Kalman Filtering', 'Radio Ranging']",True,False,resp_01427.json
1428,Sensor Fusion Using LiDAR and Visual Sensor for SLAM Indoor Navigation,Messbah H.; Emharraf M.; Saber M.; Al Kaddouri H.,2025,Lecture Notes in Electrical Engineering,Scopus,10.1007/978-981-97-9975-6_32,INCLUDE,High,Meets all SLR inclusion criteria for GPS-denied localization/navigation algorithm and platform validation.,['General Robotics'],"['Indoor', 'Underground']","['Camera', 'LiDAR']",['SLAM'],True,False,resp_01428.json
1429,Modelling and Simulation of Fast Autonomous Exploration and Mapping System for GPS Denied Unknown Environment Using ROS,Umakarthikeyan S.; Ram Kumar K.; Priyadharshini S.,2022,"7th IEEE International Conference on Recent Advances and Innovations in Engineering, ICRAIE 2022 - Proceedings",Scopus,10.1109/ICRAIE56454.2022.10054265,INCLUDE,High,Meets all SLR inclusion criteria for GPS-denied localization/navigation algorithm and platform validation.,"['UAV', 'UGV']",['Underground'],"['IMU', 'Radio/UWB']",[],True,False,resp_01429.json
1430,Self-Localization of Anonymous UGVs Using Deep Learning from Periodic Aerial Images for a GPS-Denied Environment,Poulet O.; Guinand F.; Guérin F.,2024,Robotics,Scopus,10.3390/robotics13100148,INCLUDE,High,Meets all SLR inclusion criteria for GPS-denied localization/navigation algorithm and platform validation.,['UGV'],['Underground'],['IMU'],"['VIO', 'Deep Learning']",True,False,resp_01430.json
1431,Advancing Autonomous UAV Target Localization in GPS-Denied Environments,Dawne A.; Nazaruddin Y.Y.; Wardana R.P.; Ikhtiarudin A.; Mardhatillah I.; Fauzan I.M.,2023,"9th 2023 International Conference on Control, Decision and Information Technologies, CoDIT 2023",Scopus,10.1109/CoDIT58514.2023.10284425,INCLUDE,High,Meets all SLR inclusion criteria for GPS-denied localization/navigation algorithm and platform validation.,['UAV'],['Underground'],['Radio/UWB'],[],True,False,resp_01431.json
1432,GNSS/INS/VO fusion using Gated Recurrent Unit in GNSS denied environments,Negru S.A.; Geragersian P.; Petrunin I.; Zolotas A.; Grech R.,2023,"AIAA SciTech Forum and Exposition, 2023",Scopus,10.2514/6.2023-2226,INCLUDE,High,Meets all SLR inclusion criteria for GPS-denied localization/navigation algorithm and platform validation.,['UAV'],"['Urban', 'Adversarial']","['Camera', 'IMU', 'Radio/UWB']",[],True,False,resp_01432.json
1433,UAV autonomous localization using macro-features matching with a CAD model,Haque A.; Elsaharti A.; Elderini T.; Elsaharty M.A.; Neubert J.,2020,Sensors (Switzerland),Scopus,10.3390/s20030743,INCLUDE,High,Meets all SLR inclusion criteria for GPS-denied localization/navigation algorithm and platform validation.,['UAV'],['Unspecified'],"['IMU', 'Radio/UWB']",[],True,False,resp_01433.json
1434,"Design, Localization, Perception, and Control for GPS-Denied Autonomous Aerial Grasping and Harvesting",Kumar A.; Behera L.,2024,IEEE Robotics and Automation Letters,Scopus,10.1109/LRA.2024.3366015,INCLUDE,High,Meets all SLR inclusion criteria for GPS-denied localization/navigation algorithm and platform validation.,['UAV'],['Indoor'],"['Camera', 'Radio/UWB']",['VIO'],True,False,resp_01434.json
1435,UAV-Assisted Collaborative Positioning in GNSS-Denied Environments,Masiero A.; Toth C.; Morelli L.; Trybala P.; Remondino F.,2026,"International Archives of the Photogrammetry, Remote Sensing and Spatial Information Sciences - ISPRS Archives",Scopus,10.5194/isprs-archives-XLIX-B1-2026-41-2026,INCLUDE,High,Meets all SLR inclusion criteria for GPS-denied localization/navigation algorithm and platform validation.,"['UAV', 'UGV']",['Underground'],"['Camera', 'LiDAR', 'Radio/UWB']",['Radio Ranging'],True,False,resp_01435.json
1436,Real-Time Geo-Localization for Land Vehicles Using LIV-SLAM and Referenced Satellite Imagery,Yao Y.; Dong J.; Han S.; Liu H.; Hu Q.; Chen Z.,2025,Applied Sciences (Switzerland),Scopus,10.3390/app15158257,INCLUDE,High,Meets all SLR inclusion criteria for GPS-denied localization/navigation algorithm and platform validation.,['UGV'],['Unspecified'],"['Camera', 'IMU', 'LiDAR', 'Radio/UWB']","['SLAM', 'Kalman Filtering']",True,False,resp_01436.json
1437,Absolute Visual Localization for Aerial Vehicles Based on Deep Learning Image Matching,Yang Y.; Xu L.; Wang B.; Han Y.; Ye D.,2025,"Proceedings of 2024 International Conference on Image Processing, Multimedia Technology and Maching Learning, IPMML 2024",Scopus,10.1145/3722405.3722421,INCLUDE,High,Meets all SLR inclusion criteria for GPS-denied localization/navigation algorithm and platform validation.,['UAV'],"['Urban', 'Forest/Outdoor']","['Camera', 'IMU', 'Radio/UWB']",['Deep Learning'],True,False,resp_01437.json
1438,3D motion planning for UAVs in GPS-denied unknown forest environment,Liao F.; Lai S.; Hu Y.; Cui J.; Wang J.L.; Teo R.; Lin F.,2016,"IEEE Intelligent Vehicles Symposium, Proceedings",Scopus,10.1109/IVS.2016.7535393,INCLUDE,High,Meets all SLR inclusion criteria for GPS-denied localization/navigation algorithm and platform validation.,['UAV'],"['Urban', 'Forest/Outdoor']",['IMU'],[],True,False,resp_01438.json
1439,3D map and mmWave radar-based self-localization for UAVs in GNSS-denied environments,Cui Y.; Zhang Y.; Bai D.; Diao Y.; Wang Y.,2026,Vehicular Communications,Scopus,10.1016/j.vehcom.2025.100986,INCLUDE,High,Meets all SLR inclusion criteria for GPS-denied localization/navigation algorithm and platform validation.,['UAV'],['Urban'],"['LiDAR', 'Radio/UWB', 'Radar']",[],True,False,resp_01439.json
1440,A Review of Navigation Algorithms for Unmanned Aerial Vehicles Based on Computer Vision Systems,Ali B.; Sadekov R.N.; Tsodokova V.V.,2022,Gyroscopy and Navigation,Scopus,10.1134/S2075108722040022,INCLUDE,High,Meets all SLR inclusion criteria for GPS-denied localization/navigation algorithm and platform validation.,['UAV'],['Forest/Outdoor'],"['Camera', 'Radio/UWB']",['Deep Learning'],True,False,resp_01440.json
1441,A semantic vector map-based approach for aircraft positioning in GNSS/GPS denied large-scale environment,Ouyang C.; Hu S.; Long F.; Shi S.; Yu Z.; Zhao K.; You Z.; Pi J.; Xing B.,2024,Defence Technology,Scopus,10.1016/j.dt.2023.07.006,INCLUDE,High,Meets all SLR inclusion criteria for GPS-denied localization/navigation algorithm and platform validation.,['General Robotics'],['Indoor'],"['Camera', 'Radio/UWB']",[],True,False,resp_01441.json
1442,GPS Denied Localization and Magnetometer-Free Yaw Estimation for Multi-rotor UAVs,Balaji N.; Kothari M.; Abhishek A.,2020,"2020 International Conference on Unmanned Aircraft Systems, ICUAS 2020",Scopus,10.1109/ICUAS48674.2020.9213895,INCLUDE,High,Meets all SLR inclusion criteria for GPS-denied localization/navigation algorithm and platform validation.,['UAV'],['Unspecified'],['IMU'],['Factor Graph Optimization'],True,False,resp_01442.json
1443,Study on angle-only relative navigation for unmanned aerial vehicle formation in GPS-denied environment,Zheng Z.; Wang S.; Gong B.; Su E.; Huang H.,2023,"Proceedings of the Institution of Mechanical Engineers, Part G: Journal of Aerospace Engineering",Scopus,10.1177/09544100221149235,INCLUDE,High,Meets all SLR inclusion criteria for GPS-denied localization/navigation algorithm and platform validation.,['UAV'],['Unspecified'],"['Camera', 'IMU', 'Radio/UWB']",['Kalman Filtering'],True,False,resp_01443.json
1444,Master Mix Localization Algorithm for Autonomous Systems in Indoor Environments,Ezzouine Z.; Salbi A.; Abouzahir M.; Elmourabit I.; Brouri A.; Roy S.,2026,Entropy,Scopus,10.3390/e28080903,INCLUDE,High,Meets all SLR inclusion criteria for GPS-denied localization/navigation algorithm and platform validation.,['General Robotics'],"['Indoor', 'Urban', 'Forest/Outdoor']","['IMU', 'LiDAR', 'Radio/UWB', 'Radar']","['Kalman Filtering', 'Deep Learning']",True,False,resp_01444.json
1445,Multi-Source Data Integration for Navigation in GPS-Denied Autonomous Driving Environments,Bhat S.; Kavasseri A.,2024,International Journal of Electrical and Electronics Research,Scopus,10.37391/ijeer.120317,INCLUDE,High,Meets all SLR inclusion criteria for GPS-denied localization/navigation algorithm and platform validation.,['General Robotics'],"['Indoor', 'Underground', 'Urban']",['Radio/UWB'],[],True,False,resp_01445.json
1446,Development of UAV Localization and Navigation Techniques for Warehouse Inventory Inspection,Li Y.-H.; Lin H.-Y.,2023,Proceedings of the IEEE International Conference on Industrial Technology,Scopus,10.1109/ICIT58465.2023.10143122,INCLUDE,High,Meets all SLR inclusion criteria for GPS-denied localization/navigation algorithm and platform validation.,['UAV'],['Indoor'],"['IMU', 'Radio/UWB']","['SLAM', 'Radio Ranging']",True,False,resp_01446.json
1447,AN ACOUSTIC BASED LOCAL POSITIONING SYSTEM FOR DYNAMIC UAV IN GPS-DENIED ENVIRONMENTS,Tsay L.W.J.; Tomoo S.; Huang Z.; Nakanishi H.; Suzuki T.; Shiraga K.; Ogawa Y.; Kondo N.,2023,Applied Engineering in Agriculture,Scopus,10.13031/aea.15397,INCLUDE,High,Meets all SLR inclusion criteria for GPS-denied localization/navigation algorithm and platform validation.,['UAV'],['Unspecified'],"['Radio/UWB', 'Sonar/DVL']",['Radio Ranging'],True,False,resp_01447.json
1448,The usefulness of sensor fusion for unmanned aerial vehicle indoor positioning,Guo H.; Chen X.; Yu M.; Uradziński M.; Cheng L.,2024,International Journal of Intelligent Unmanned Systems,Scopus,10.1108/IJIUS-01-2023-0006,INCLUDE,High,Meets all SLR inclusion criteria for GPS-denied localization/navigation algorithm and platform validation.,['UAV'],['Indoor'],"['IMU', 'LiDAR', 'Radio/UWB']",['Radio Ranging'],True,False,resp_01448.json
1449,Real-time multiple damage mapping using autonomous UAV and deep faster region-based neural networks for GPS-denied structures,Ali R.; Kang D.; Suh G.; Cha Y.-J.,2021,Automation in Construction,Scopus,10.1016/j.autcon.2021.103831,INCLUDE,High,Meets all SLR inclusion criteria for GPS-denied localization/navigation algorithm and platform validation.,['UAV'],['Unspecified'],[],['Deep Learning'],True,False,resp_01449.json
1450,Evaluation of LiDAR Inertial Odometry method with 3D LiDAR-based Sensor Pack,Ogunniyi S.; Withey D.,2021,"2021 Rapid Product Development Association of South Africa - Robotics and Mechatronics - Pattern Recognition Association of South Africa: Digital Manufacturing: Industrialising Africa, RAPDASA-RobMech-PRASA 2021",Scopus,10.1109/RAPDASA-RobMech-PRAS53819.2021.9829077,INCLUDE,High,Meets all SLR inclusion criteria for GPS-denied localization/navigation algorithm and platform validation.,['UGV'],['Indoor'],"['IMU', 'LiDAR', 'Radio/UWB']",['SLAM'],True,False,resp_01450.json
1451,Vision Model-Based Real-Time Localization of Unmanned Aerial Vehicle for Autonomous Structure Inspection under GPS-Denied Environment,Shang Z.; Shen Z.,2019,"Computing in Civil Engineering 2019: Smart Cities, Sustainability, and Resilience - Selected Papers from the ASCE International Conference on Computing in Civil Engineering 2019",Scopus,10.1061/9780784482445.037,INCLUDE,High,Meets all SLR inclusion criteria for GPS-denied localization/navigation algorithm and platform validation.,['UAV'],"['Indoor', 'Forest/Outdoor']","['Camera', 'Radio/UWB']",[],True,False,resp_01451.json
1452,Monocular Vision-Based Navigation for UAVs in Dynamic Environments,Perumalla A.; Johnson E.,2026,"AIAA Science and Technology Forum and Exposition, AIAA SciTech Forum 2026",Scopus,10.2514/6.2026-1960,INCLUDE,High,Meets all SLR inclusion criteria for GPS-denied localization/navigation algorithm and platform validation.,['UAV'],['Urban'],"['Camera', 'IMU', 'Radio/UWB']","['VIO', 'SLAM', 'Kalman Filtering']",True,False,resp_01452.json
1453,A Graph-Optimization-Based tightly coupled Multi-Source positioning method for UAVs in GNSS-Denied environments,Lu J.; Zhang Z.; Qi Y.; Song P.,2026,Measurement: Journal of the International Measurement Confederation,Scopus,10.1016/j.measurement.2026.121787,INCLUDE,High,Meets all SLR inclusion criteria for GPS-denied localization/navigation algorithm and platform validation.,['UAV'],['Unspecified'],"['Camera', 'IMU', 'Radio/UWB']","['Factor Graph Optimization', 'Radio Ranging']",True,False,resp_01453.json
1454,Adaptive UAV Visual Localisation Based on Improved Gradient-Damping Newton Method,Zhou X.; Fang A.; Fu S.; Liu J.; Zhang X.; Liao X.; Zhang J.,2026,Electronics (Switzerland),Scopus,10.3390/electronics15101974,INCLUDE,High,Meets all SLR inclusion criteria for GPS-denied localization/navigation algorithm and platform validation.,['UAV'],['Unspecified'],"['Camera', 'IMU']",[],True,False,resp_01454.json
1455,Cross-Modal Images Matching Based Enhancement to MEMS INS for UAV Navigation in GNSS Denied Environments,Han S.; Zhao M.; Wang K.; Dong J.; Su A.,2023,Applied Sciences (Switzerland),Scopus,10.3390/app13148238,INCLUDE,High,Meets all SLR inclusion criteria for GPS-denied localization/navigation algorithm and platform validation.,['UAV'],['Unspecified'],"['Camera', 'IMU', 'Radio/UWB']",[],True,False,resp_01455.json
1456,ANROLA: Autonomous Navigation with ROS and Laser Odometry,Singh A.V.; Agrawal Y.; Gupta R.; Kumar A.; Bohara V.A.,2023,"2023 15th International Conference on COMmunication Systems and NETworkS, COMSNETS 2023",Scopus,10.1109/COMSNETS56262.2023.10041368,INCLUDE,High,Meets all SLR inclusion criteria for GPS-denied localization/navigation algorithm and platform validation.,['UGV'],['Unspecified'],"['IMU', 'LiDAR']","['SLAM', 'Radio Ranging']",True,False,resp_01456.json
1458,LSVL: Large-scale season-invariant visual localization for UAVs,Kinnari J.; Renzulli R.; Verdoja F.; Kyrki V.,2023,Robotics and Autonomous Systems,Scopus,10.1016/j.robot.2023.104497,INCLUDE,High,Meets all SLR inclusion criteria for GPS-denied localization/navigation algorithm and platform validation.,['UAV'],['Underground'],"['Camera', 'Radio/UWB']",['Deep Learning'],True,False,resp_01458.json
1459,Automatic UAV Inspection of Tunnel Infrastructure in GPS-Denied Underground Environment,Zhang R.; Ouyang A.; Li Z.,2023,Lecture Notes in Civil Engineering,Scopus,10.1007/978-3-031-07258-1_53,INCLUDE,High,Meets all SLR inclusion criteria for GPS-denied localization/navigation algorithm and platform validation.,['UAV'],['Underground'],"['Camera', 'Radio/UWB']",[],True,False,resp_01459.json
1460,GLO-SLAM: a slam system optimally combining GPS and LiDAR odometry,Lin R.; Xu J.; Zhang J.,2021,Industrial Robot,Scopus,10.1108/IR-12-2020-0272,INCLUDE,High,Meets all SLR inclusion criteria for GPS-denied localization/navigation algorithm and platform validation.,['General Robotics'],"['Urban', 'Forest/Outdoor']","['IMU', 'LiDAR', 'Radio/UWB']","['SLAM', 'Factor Graph Optimization']",True,False,resp_01460.json
1461,Indoor GPS-denied context based SLAM aided guidance for autonomous unmanned aerial systems,Bershadsky D.; Johnson E.,2013,"AIAA Guidance, Navigation, and Control (GNC) Conference",Scopus,10.2514/6.2013-4989,INCLUDE,High,Meets all SLR inclusion criteria for GPS-denied localization/navigation algorithm and platform validation.,['UAV'],['Indoor'],"['IMU', 'Radio/UWB']",['SLAM'],True,False,resp_01461.json
1462,CBF-Based Collision Avoidance Approach of the Mine Inspection UAV in the Narrow GNSS-Denied Environments,Yang J.; Fang J.; Cao H.; Zhi Y.; Zhou J.; Liu L.,2025,"Proceedings of the 37th Chinese Control and Decision Conference, CCDC 2025",Scopus,10.1109/CCDC65474.2025.11090999,INCLUDE,High,Meets all SLR inclusion criteria for GPS-denied localization/navigation algorithm and platform validation.,['UAV'],"['Underground', 'Urban']","['IMU', 'Radio/UWB']",['Kalman Filtering'],True,False,resp_01462.json
1463,Decentralised Multi-UAV Cooperative Searching Multi-Target in Cluttered and GPS-Denied Environments,Zhu X.; Vanegas F.; Gonzalez F.,2022,IEEE Aerospace Conference Proceedings,Scopus,10.1109/AERO53065.2022.9843665,INCLUDE,High,Meets all SLR inclusion criteria for GPS-denied localization/navigation algorithm and platform validation.,['UAV'],"['Indoor', 'Urban', 'Forest/Outdoor']","['IMU', 'Radio/UWB']",[],True,False,resp_01463.json
1464,Vision based Autonomous QuadCopter Navigation through Narrow Gaps using Visual Servoing and Monocular SLAM,Bera T.; Sinha A.; Sadhu A.K.; Dasgupta R.,2019,"2019 6th Indian Control Conference, ICC 2019 - Proceedings",Scopus,10.1109/ICC47138.2019.9123153,INCLUDE,High,Meets all SLR inclusion criteria for GPS-denied localization/navigation algorithm and platform validation.,['UAV'],"['Indoor', 'Urban']","['Camera', 'Radio/UWB']",['SLAM'],True,False,resp_01464.json
1465,Computer vision based general object following for GPS-denied multirotor unmanned vehicles,Pestana J.; Sanchez-Lopez J.L.; Saripalli S.; Campoy P.,2014,Proceedings of the American Control Conference,Scopus,10.1109/ACC.2014.6858831,INCLUDE,High,Meets all SLR inclusion criteria for GPS-denied localization/navigation algorithm and platform validation.,['UAV'],"['Urban', 'Forest/Outdoor']","['Camera', 'IMU', 'Radio/UWB']",[],True,False,resp_01465.json
1466,PILOT: High-Precision Indoor Localization for Autonomous Drones,Famili A.; Stavrou A.; Wang H.; Park J.-M.,2023,IEEE Transactions on Vehicular Technology,Scopus,10.1109/TVT.2022.3229628,INCLUDE,High,Meets all SLR inclusion criteria for GPS-denied localization/navigation algorithm and platform validation.,['UAV'],"['Indoor', 'Forest/Outdoor']","['IMU', 'Radio/UWB', 'Sonar/DVL']",['Radio Ranging'],True,False,resp_01466.json
1467,Tightly-Coupled EKF-Based Radar-Inertial Odometry,Michalczyk J.; Jung R.; Weiss S.,2022,IEEE International Conference on Intelligent Robots and Systems,Scopus,10.1109/IROS47612.2022.9981396,INCLUDE,High,Meets all SLR inclusion criteria for GPS-denied localization/navigation algorithm and platform validation.,['UAV'],"['Underground', 'Urban']","['IMU', 'Radio/UWB', 'Radar']",['Kalman Filtering'],True,False,resp_01467.json
1468,Design and Implementation of a Low-Cost Local Beacon System for GNSS-Denied Environments,Asgari A.; Ferguson P.A.,2023,"AIAA SciTech Forum and Exposition, 2023",Scopus,10.2514/6.2023-2621,INCLUDE,High,Meets all SLR inclusion criteria for GPS-denied localization/navigation algorithm and platform validation.,['General Robotics'],['Urban'],['Radio/UWB'],[],True,False,resp_01468.json
1469,A Study on a High-Precision 3D Position Estimation Technique Using Only an IMU in a GNSS Shadow Zone,Ding Y.; Kim Y.; Kim H.,2025,Sensors,Scopus,10.3390/s25237133,INCLUDE,High,Meets all SLR inclusion criteria for GPS-denied localization/navigation algorithm and platform validation.,['Wearable'],"['Indoor', 'Underground']","['IMU', 'Radio/UWB']",[],True,False,resp_01469.json
1470,A Coarse-to-Fine Localization Algorithm for UAVs Based on Heterogeneous Image Matching,Liu H.; Liu R.; Tan W.; Jia R.; Li T.,2026,IEEE Transactions on Aerospace and Electronic Systems,Scopus,10.1109/TAES.2025.3620765,INCLUDE,High,Meets all SLR inclusion criteria for GPS-denied localization/navigation algorithm and platform validation.,['UAV'],['Unspecified'],"['Camera', 'Radio/UWB']",['Deep Learning'],True,False,resp_01470.json
1471,Point Cloud Map-Constrained LiDAR/Inertial Fusion Localization in GNSS Denied Environments,Wang X.; Du S.; Yi Q.; Li Y.; Wang C.,2026,"2026 11th International Conference on Electronic Technology and Information Science, ICETIS 2026",Scopus,10.1109/ICETIS70504.2026.11633487,INCLUDE,High,Meets all SLR inclusion criteria for GPS-denied localization/navigation algorithm and platform validation.,['General Robotics'],['Unspecified'],"['IMU', 'LiDAR', 'Radio/UWB']",['Factor Graph Optimization'],True,False,resp_01471.json
1472,Demonstration of UAV-Based GPS jammer localization during a live interference exercise,Perkins A.; Dressel L.; Lo S.; Reid T.; Gunning K.; Enge P.,2016,"29th International Technical Meeting of the Satellite Division of the Institute of Navigation, ION GNSS 2016",Scopus,10.33012/2016.14661,INCLUDE,High,Meets all SLR inclusion criteria for GPS-denied localization/navigation algorithm and platform validation.,['UAV'],['Adversarial'],['Radio/UWB'],['VIO'],True,False,resp_01472.json
1473,Deep Learning-Based Vehicle Speed Estimation Using Smartphone Sensors in GNSS-Denied Environment,Shin B.; Li S.; Kim B.,2025,Applied Sciences (Switzerland),Scopus,10.3390/app15168824,INCLUDE,High,Meets all SLR inclusion criteria for GPS-denied localization/navigation algorithm and platform validation.,['General Robotics'],"['Indoor', 'Underground']","['IMU', 'Radio/UWB']",['Deep Learning'],True,False,resp_01473.json
1474,Robust UAV-Satellite Imagery Alignment via Cross-Domain Descriptor Learning and Homography Optimization,Xiao Y.; Wu Y.; Yang C.; Qin Z.; Yu Z.; Zheng H.,2026,IEEE Transactions on Geoscience and Remote Sensing,Scopus,10.1109/TGRS.2026.3689254,INCLUDE,High,Meets all SLR inclusion criteria for GPS-denied localization/navigation algorithm and platform validation.,['UAV'],['Unspecified'],['Radio/UWB'],['Factor Graph Optimization'],True,False,resp_01474.json
1475,LiDAR-Aided Relative and Absolute Localization for Automated UAV-based Inspection of Aircraft Fuselages,Pugliese R.; Konrad T.; Abel D.,2021,IEEE International Conference on Multisensor Fusion and Integration for Intelligent Systems,Scopus,10.1109/MFI52462.2021.9591172,INCLUDE,High,Meets all SLR inclusion criteria for GPS-denied localization/navigation algorithm and platform validation.,['UAV'],"['Indoor', 'Forest/Outdoor']","['LiDAR', 'Radio/UWB']",[],True,False,resp_01475.json
1476,Comparative study of indoor navigation systems for autonomous flight,Ayaz M.,2018,Telkomnika (Telecommunication Computing Electronics and Control),Scopus,10.12928/TELKOMNIKA.v16i1.6814,INCLUDE,High,Meets all SLR inclusion criteria for GPS-denied localization/navigation algorithm and platform validation.,['UAV'],"['Indoor', 'Forest/Outdoor', 'Adversarial']",['Radio/UWB'],[],True,False,resp_01476.json
1477,UAVD4L: A Large-Scale Dataset for UAV 6-DoF Localization,Wu R.; Cheng X.; Zhu J.; Liu Y.; Zhang M.; Yan S.,2024,"Proceedings - 2024 International Conference on 3D Vision, 3DV 2024",Scopus,10.1109/3DV62453.2024.00156,INCLUDE,High,Meets all SLR inclusion criteria for GPS-denied localization/navigation algorithm and platform validation.,['UAV'],['Unspecified'],"['Camera', 'Radio/UWB']",[],True,False,resp_01477.json
1478,Vision-based K-Nearest Neighbor Approach for Multiple Search and Landing with Energy Constraints,Sales A.; Mira P.; Filho J.; Garcia W.; Nascimento A.M.; Amorim T.; Nascimento T.,2023,"Proceedings - 2023 Latin American Robotics Symposium, 2023 Brazilian Symposium on Robotics, and 2023 Workshop of Robotics in Education, LARS/SBR/WRE 2023",Scopus,10.1109/LARS/SBR/WRE59448.2023.10333019,INCLUDE,High,Meets all SLR inclusion criteria for GPS-denied localization/navigation algorithm and platform validation.,['UAV'],['Indoor'],"['IMU', 'Radio/UWB']",[],True,False,resp_01478.json
1479,Lidar SLAM-Aided Vehicular Navigation System for GNSS-Denied Environments,Abdelaziz N.; El-Rabbany A.,2023,"ISPRS Annals of the Photogrammetry, Remote Sensing and Spatial Information Sciences",Scopus,10.5194/isprs-annals-X-1-W1-2023-643-2023,INCLUDE,High,Meets all SLR inclusion criteria for GPS-denied localization/navigation algorithm and platform validation.,['General Robotics'],['Forest/Outdoor'],"['IMU', 'LiDAR', 'Radio/UWB']","['SLAM', 'Kalman Filtering']",True,False,resp_01479.json
1480,Pose estimation for an autonomous vehicle using monocular vision,Kothari N.; Gupta M.; Vachhani L.; Arya H.,2017,"2017 Indian Control Conference, ICC 2017 - Proceedings",Scopus,10.1109/INDIANCC.2017.7846512,INCLUDE,High,Meets all SLR inclusion criteria for GPS-denied localization/navigation algorithm and platform validation.,"['UAV', 'UGV']",['Indoor'],"['Camera', 'IMU', 'Radio/UWB']",[],True,False,resp_01480.json
1481,OpenLiDARMap: Zero-Drift Point Cloud Mapping Using Map Priors,Kulmer D.; Leitenstern M.; Weinmann M.; Lienkamp M.,2025,"International Conference on Vehicle Technology and Intelligent Transport Systems, VEHITS - Proceedings",Scopus,10.5220/0013405400003941,INCLUDE,High,Meets all SLR inclusion criteria for GPS-denied localization/navigation algorithm and platform validation.,['General Robotics'],['Indoor'],"['IMU', 'LiDAR', 'Radio/UWB']",['SLAM'],True,False,resp_01481.json
1482,Vision-based Autonomous Landing of UAV on Dynamic Apron,Yue P.; Xin J.; Mao Z.; Lu Y.; Zhang Y.,2023,"Proceedings of 2023 IEEE International Conference on Unmanned Systems, ICUS 2023",Scopus,10.1109/ICUS58632.2023.10318423,INCLUDE,High,Meets all SLR inclusion criteria for GPS-denied localization/navigation algorithm and platform validation.,['UAV'],"['Underground', 'Urban']","['Camera', 'LiDAR', 'Radio/UWB']","['Deep Learning', 'Radio Ranging']",True,False,resp_01482.json
1483,Optimal motion planning in gps-denied environments using nonlinear model predictive horizon,Al Younes Y.; Barczyk M.,2021,Sensors,Scopus,10.3390/s21165547,INCLUDE,High,Meets all SLR inclusion criteria for GPS-denied localization/navigation algorithm and platform validation.,['UAV'],['Underground'],"['IMU', 'Radio/UWB']",[],True,False,resp_01483.json
1484,Preserving Relative Localization of FoV-Limited Drone Swarm via Active Mutual Observation,Guo L.; Gongye Z.; Xu Z.; Wang Y.; Zhou X.; Zhou J.; Gao F.,2024,IEEE International Conference on Intelligent Robots and Systems,Scopus,10.1109/IROS58592.2024.10801634,INCLUDE,High,Meets all SLR inclusion criteria for GPS-denied localization/navigation algorithm and platform validation.,['UAV'],"['Indoor', 'Forest/Outdoor']","['Camera', 'IMU', 'Radio/UWB']",['Kalman Filtering'],True,False,resp_01484.json
1485,Ultra-wideband Based Robot Swarm Coordinate Rapid Initialization in GNSS-Denied and Motion-Constrained Environments,Xiang J.; He X.; Zhang L.; Du X.; He R.; Liu R.; Mao J.,2025,Lecture Notes in Electrical Engineering,Scopus,10.1007/978-981-96-2268-9_39,INCLUDE,High,Meets all SLR inclusion criteria for GPS-denied localization/navigation algorithm and platform validation.,['General Robotics'],['Unspecified'],"['IMU', 'Radio/UWB']",['Radio Ranging'],True,False,resp_01485.json
1486,Scene Matching in GPS Denied Environments: A Comparison of Methods for Orthophoto Registration,Moreira E.M.; Maciel Camargo O.A.; Duarte J.C.; Rosa P.F.F.,2019,"Proceedings - 2019 IEEE International Conference on Mechatronics, ICM 2019",Scopus,10.1109/ICMECH.2019.8722872,INCLUDE,High,Meets all SLR inclusion criteria for GPS-denied localization/navigation algorithm and platform validation.,['General Robotics'],['Unspecified'],"['Camera', 'IMU', 'Radio/UWB']","['VIO', 'Deep Learning']",True,False,resp_01486.json
1487,TileLoc: Sequential Visual Place Recognition of UAVs using Public Tile Maps,Heo D.; Jeon S.; Choi J.; Jeong D.; Wi H.; Jang I.S.; Choi S.,2026,IEEE Robotics and Automation Letters,Scopus,10.1109/LRA.2026.3715032,INCLUDE,High,Meets all SLR inclusion criteria for GPS-denied localization/navigation algorithm and platform validation.,['UAV'],['Adversarial'],"['Camera', 'Radio/UWB']",[],True,False,resp_01487.json
1488,Distributed Relative Pose Estimation for Multi-UAV Systems Based on Inertial Navigation and Data Link Fusion,Li K.; Bu S.; Li J.; Xia Z.; Wang J.; Li X.,2025,Drones,Scopus,10.3390/drones9060405,INCLUDE,High,Meets all SLR inclusion criteria for GPS-denied localization/navigation algorithm and platform validation.,['UAV'],['Unspecified'],"['IMU', 'Radio/UWB']",['Factor Graph Optimization'],True,False,resp_01488.json
1489,Omni Point Air: LiDAR and Point Cloud Map-Based Place Recognition and Pose Estimation for Advanced Air Mobility in GNSS-Denied Environments,Im J.-U.; Won J.-H.,2025,IEEE Transactions on Intelligent Vehicles,Scopus,10.1109/TIV.2024.3516791,INCLUDE,High,Meets all SLR inclusion criteria for GPS-denied localization/navigation algorithm and platform validation.,['General Robotics'],['Unspecified'],"['IMU', 'LiDAR']",['Radio Ranging'],True,False,resp_01489.json
1490,Obtaining world coordinate information of uav in gnss denied environments,Chen C.; Tian Y.; Lin L.; Chen S.; Li H.; Wang Y.; Su K.,2020,Sensors (Switzerland),Scopus,10.3390/s20082241,INCLUDE,High,Meets all SLR inclusion criteria for GPS-denied localization/navigation algorithm and platform validation.,['UAV'],['Forest/Outdoor'],"['Camera', 'IMU', 'Radio/UWB']",[],True,False,resp_01490.json
1491,Deep convolutional neural network based autonomous drone navigation,Amer K.; Samy M.; Shaker M.; Elhelw M.,2020,Proceedings of SPIE - The International Society for Optical Engineering,Scopus,10.1117/12.2587105,INCLUDE,High,Meets all SLR inclusion criteria for GPS-denied localization/navigation algorithm and platform validation.,['UAV'],"['Underground', 'Adversarial']","['Camera', 'IMU', 'Radio/UWB']",['Deep Learning'],True,False,resp_01491.json
1492,Sensitivity study of fiducial-aided navigation of Unmanned Aerial Vehicles,Strate A.J.; Christensen R.,2022,"Proceedings of the Institution of Mechanical Engineers, Part G: Journal of Aerospace Engineering",Scopus,10.1177/09544100211067715,INCLUDE,High,Meets all SLR inclusion criteria for GPS-denied localization/navigation algorithm and platform validation.,['UAV'],"['Urban', 'Adversarial']","['Camera', 'IMU', 'Radio/UWB']",['Kalman Filtering'],True,False,resp_01492.json
1493,Real-time UAV autonomous localization based on smartphone sensors,Zhao B.; Chen X.; Zhao X.; Jiang J.; Wei J.,2018,Sensors (Switzerland),Scopus,10.3390/s18124161,INCLUDE,High,Meets all SLR inclusion criteria for GPS-denied localization/navigation algorithm and platform validation.,['UAV'],"['Indoor', 'Forest/Outdoor']",['Radio/UWB'],[],True,False,resp_01493.json
1494,Design and Implementation of a Low Cost Mini Quadrotor for Vision Based Maneuvers in GPS Denied Environments,Liu C.; Prior S.D.; Scanlan J.P.,2016,Unmanned Systems,Scopus,10.1142/S2301385016500059,INCLUDE,High,Meets all SLR inclusion criteria for GPS-denied localization/navigation algorithm and platform validation.,['UAV'],['Urban'],"['Camera', 'Radio/UWB']",[],True,False,resp_01494.json
1495,Slam-Based Multi-Sensor Backpack Lidar Systems in Gnss-Denied Environments,Zhang D.; Gong Z.; Chen Y.; Zelek J.; Li J.,2019,International Geoscience and Remote Sensing Symposium (IGARSS),Scopus,10.1109/IGARSS.2019.8898669,INCLUDE,High,Meets all SLR inclusion criteria for GPS-denied localization/navigation algorithm and platform validation.,['General Robotics'],"['Indoor', 'Underground']","['IMU', 'LiDAR', 'Radio/UWB']",['SLAM'],True,False,resp_01495.json
1496,Autonomous State Estimation and Mapping in Unknown Environments with Onboard Stereo Camera for Micro Aerial Vehicles,Sun J.; Song J.; Chen H.; Huang X.; Liu Y.,2020,IEEE Transactions on Industrial Informatics,Scopus,10.1109/TII.2019.2958183,INCLUDE,High,Meets all SLR inclusion criteria for GPS-denied localization/navigation algorithm and platform validation.,['UAV'],['Unspecified'],['Camera'],"['Kalman Filtering', 'Factor Graph Optimization']",True,False,resp_01496.json
1497,GPS-DENIED GEO-LOCALISATION USING VISUAL ODOMETRY,Gupta A.; Chang H.; Yilmaz A.,2016,"ISPRS Annals of the Photogrammetry, Remote Sensing and Spatial Information Sciences",Scopus,10.5194/isprs-annals-III-3-263-2016,INCLUDE,High,Meets all SLR inclusion criteria for GPS-denied localization/navigation algorithm and platform validation.,['General Robotics'],['Urban'],"['Camera', 'Radio/UWB']",[],True,False,resp_01497.json
1498,Wearable SLAM System in GPS-Denied Environments,Palustre F.; Oh P.,2025,"2025 IEEE 15th Annual Computing and Communication Workshop and Conference, CCWC 2025",Scopus,10.1109/CCWC62904.2025.10903870,INCLUDE,High,Meets all SLR inclusion criteria for GPS-denied localization/navigation algorithm and platform validation.,['Wearable'],['Unspecified'],"['Camera', 'LiDAR', 'Radio/UWB']",['SLAM'],True,False,resp_01498.json
1499,INS/UWB Cooperative Navigation Based on Distance and Angle in Underground Space,Chen J.; Zhou D.; Shi Y.; Qin H.; Yang J.; Hou Y.,2024,"Proceedings of 2024 IEEE International Conference on Unmanned Systems, ICUS 2024",Scopus,10.1109/ICUS61736.2024.10839907,INCLUDE,High,Meets all SLR inclusion criteria for GPS-denied localization/navigation algorithm and platform validation.,['General Robotics'],"['Underground', 'Urban']","['IMU', 'Radio/UWB']",['Radio Ranging'],True,False,resp_01499.json
1500,Approximating UAV and vision feature point correlations in a simplified SLAM problem,Lewis J.A.; Johnson E.N.,2019,"2019 International Conference on Unmanned Aircraft Systems, ICUAS 2019",Scopus,10.1109/ICUAS.2019.8798219,INCLUDE,High,Meets all SLR inclusion criteria for GPS-denied localization/navigation algorithm and platform validation.,['UAV'],['Unspecified'],"['IMU', 'Radio/UWB']",['SLAM'],True,False,resp_01500.json
1501,Ultra-Wideband Localization and Deep-Learning-Based Plant Monitoring Using Micro Air Vehicles,Ching P.L.; Tan S.C.; Ho H.W.,2022,Journal of Aerospace Information Systems,Scopus,10.2514/1.I011075,INCLUDE,High,Meets all SLR inclusion criteria for GPS-denied localization/navigation algorithm and platform validation.,['UAV'],['Indoor'],['Radio/UWB'],"['Kalman Filtering', 'Deep Learning', 'Radio Ranging']",True,False,resp_01501.json
1502,A UAV-based explore-then-exploit system for autonomous indoor facility inspection and scene reconstruction,Gao C.; Wang X.; Wang R.; Zhao Z.; Zhai Y.; Chen X.; Chen B.M.,2023,Automation in Construction,Scopus,10.1016/j.autcon.2023.104753,INCLUDE,High,Meets all SLR inclusion criteria for GPS-denied localization/navigation algorithm and platform validation.,['UAV'],"['Indoor', 'Underground']","['IMU', 'Radio/UWB']",['SLAM'],True,False,resp_01502.json
1503,"WAVN: Wide Area Visual Navigation for Large-scale, GPS-denied Environments",Lyons D.M.; Rahouti M.,2023,Proceedings - IEEE International Conference on Robotics and Automation,Scopus,10.1109/ICRA48891.2023.10160511,INCLUDE,High,Meets all SLR inclusion criteria for GPS-denied localization/navigation algorithm and platform validation.,['General Robotics'],['Unspecified'],"['Camera', 'IMU']",[],True,False,resp_01503.json
1504,Robust UAV Path Planning Using RSS in GPS-Denied and Dense Environments Based on Deep Reinforcement Learning,Kim K.; Seon J.; Kim J.; Kim J.; Sun Y.; Lee S.; Kim S.; Hwang B.; Lee M.; Kim J.,2025,Electronics (Switzerland),Scopus,10.3390/electronics14193844,INCLUDE,High,Meets all SLR inclusion criteria for GPS-denied localization/navigation algorithm and platform validation.,['UAV'],['Unspecified'],"['IMU', 'Radio/UWB']",['Kalman Filtering'],True,False,resp_01504.json
1505,Autonomous routing and power management of drones in gps-denied environments through dijkstra algorithm,Mirzaeinia A.; Shahmoradi J.; Roghanchi P.; Hassanalian M.,2019,"AIAA Propulsion and Energy Forum and Exposition, 2019",Scopus,10.2514/6.2019-4462,INCLUDE,High,Meets all SLR inclusion criteria for GPS-denied localization/navigation algorithm and platform validation.,['UAV'],['Underground'],['IMU'],[],True,False,resp_01505.json
1506,UAV Position Estimation Using a LiDAR-based 3D Object Detection Method,Olawoye U.; Gross J.N.,2023,"2023 IEEE/ION Position, Location and Navigation Symposium, PLANS 2023",Scopus,10.1109/PLANS53410.2023.10139979,INCLUDE,High,Meets all SLR inclusion criteria for GPS-denied localization/navigation algorithm and platform validation.,"['UAV', 'UGV']",['Unspecified'],['LiDAR'],['Deep Learning'],True,False,resp_01506.json
1507,Information of Opportunity-Aided VI-SLAM for Enhancing Accuracy in Perpetual GNSS-Denied Environments Without Loop Closure,Lang R.; Wei C.; Fan Y.; Qu Y.; Qin H.,2026,IEEE Transactions on Instrumentation and Measurement,Scopus,10.1109/TIM.2026.3697041,INCLUDE,High,Meets all SLR inclusion criteria for GPS-denied localization/navigation algorithm and platform validation.,['General Robotics'],['Urban'],"['Camera', 'IMU', 'Radio/UWB']","['VIO', 'SLAM', 'Factor Graph Optimization']",True,False,resp_01507.json
1508,Online Multi-Sensor Calibration Method for Unmanned Surface Vehicle Swarms in Complex and Contested Environments,Gao Z.; Liu X.; He J.,2026,Drones,Scopus,10.3390/drones10030161,INCLUDE,High,Meets all SLR inclusion criteria for GPS-denied localization/navigation algorithm and platform validation.,['USV/AUV'],['Adversarial'],"['IMU', 'LiDAR', 'Radio/UWB', 'Radar']",['Factor Graph Optimization'],True,False,resp_01508.json
1509,Radar Based Autonomous Precision Takeoff and Landing System for VTOLs in GNSS Denied Environments,Doer C.; Koenig R.; Trommer G.F.; Stumpf E.,2020,"2020 International Conference on Unmanned Aircraft Systems, ICUAS 2020",Scopus,10.1109/ICUAS48674.2020.9213925,INCLUDE,High,Meets all SLR inclusion criteria for GPS-denied localization/navigation algorithm and platform validation.,['UAV'],"['Indoor', 'Urban', 'Adversarial']","['Camera', 'IMU', 'Radio/UWB', 'Radar']",[],True,False,resp_01509.json
1510,A SIMULTANEOUS PATH PLANNING AND POSITIONING BASED ON ARTIFICIAL DISTRIBUTION OF LANDMARKS IN A GNSS DENIED ENVIRONMENT,Elahian S.; Amiri Atashgah M.-A.; Tarverdizadeh B.,2023,Aviation,Scopus,10.3846/aviation.2023.18461,INCLUDE,High,Meets all SLR inclusion criteria for GPS-denied localization/navigation algorithm and platform validation.,['General Robotics'],['Underground'],"['IMU', 'Radio/UWB']",['SLAM'],True,False,resp_01510.json
1511,5G Based Vehicle Localization in GNSS Denied Environments and Its Improvement Utilizing SRCKF,Chen M.; Xie N.; Huang Z.; Tu J.,2022,"Journal of Aeronautics, Astronautics and Aviation",Scopus,10.6125/JoAAA.202212_54(4).06,INCLUDE,High,Meets all SLR inclusion criteria for GPS-denied localization/navigation algorithm and platform validation.,['General Robotics'],['Unspecified'],['IMU'],['Kalman Filtering'],True,False,resp_01511.json
1512,Hierarchical Multi-Agent Navigation Through the 72-h Thermal Drift Cliff,Alrashed M.; Aldaihani H.; Alqattan M.,2026,Drones,Scopus,10.3390/drones10080561,INCLUDE,High,Meets all SLR inclusion criteria for GPS-denied localization/navigation algorithm and platform validation.,['UAV'],['Adversarial'],"['IMU', 'Radio/UWB']",['SLAM'],True,False,resp_01512.json
1513,Performance evaluation of neural-network-based integration of vision and motion sensors for vehicular navigation,Ragab M.M.; Ragab H.; Givigi S.; Noureldin A.,2019,Proceedings of SPIE - The International Society for Optical Engineering,Scopus,10.1117/12.2521694,INCLUDE,High,Meets all SLR inclusion criteria for GPS-denied localization/navigation algorithm and platform validation.,['General Robotics'],['Urban'],"['Camera', 'IMU', 'Radio/UWB']",['Deep Learning'],True,False,resp_01513.json
1514,SLAM-based Pseudo-GNSS/INS localization system for indoor LiDAR mobile mapping systems,Shamseldin T.; Manerikar A.; Elbahnasawy M.; Habib A.,2018,"2018 IEEE/ION Position, Location and Navigation Symposium, PLANS 2018 - Proceedings",Scopus,10.1109/PLANS.2018.8373382,INCLUDE,High,Meets all SLR inclusion criteria for GPS-denied localization/navigation algorithm and platform validation.,['UGV'],['Indoor'],"['IMU', 'LiDAR', 'Radio/UWB']",['SLAM'],True,False,resp_01514.json
1515,Geometric Optimization Based Visual Odometry for Low-Altitude Urban UAV Navigation,Lei H.; Ruokun Q.; Yuxuan X.; Bo L.; Beixi J.; Haiqing W.,2026,Lecture Notes in Mechanical Engineering,Scopus,10.1007/978-981-95-3025-0_18,INCLUDE,High,Meets all SLR inclusion criteria for GPS-denied localization/navigation algorithm and platform validation.,['UAV'],['Urban'],"['Camera', 'Radio/UWB']","['Factor Graph Optimization', 'Radio Ranging']",True,False,resp_01515.json
1516,ANROL: Autonomous Navigation based on ROS and Laser Odometry,Singh A.V.; Agrawal Y.; Gupta R.; Kumar A.; Bohara V.A.,2023,"2023 15th International Conference on COMmunication Systems and NETworkS, COMSNETS 2023",Scopus,10.1109/COMSNETS56262.2023.10041273,INCLUDE,High,Meets all SLR inclusion criteria for GPS-denied localization/navigation algorithm and platform validation.,['UGV'],['Unspecified'],"['IMU', 'LiDAR']","['SLAM', 'Radio Ranging']",True,False,resp_01516.json
1517,Ultra-Wideband Implementation of Object Detection Through Multi-UAV Navigation with Particle Swarm Optimization,De Guzman C.J.P.; Sorilla J.S.; Chua A.Y.; Chu T.S.C.,2024,International Journal of Technology,Scopus,10.14716/ijtech.v15i4.5888,INCLUDE,High,Meets all SLR inclusion criteria for GPS-denied localization/navigation algorithm and platform validation.,['UAV'],"['Indoor', 'Underground']",['Radio/UWB'],"['Deep Learning', 'Factor Graph Optimization', 'Radio Ranging']",True,False,resp_01517.json
1518,Visual target tracking and relative navigation for unmanned aerial vehicles in a GPS-denied environment,Kim Y.; Jung W.; Bang H.,2014,International Journal of Aeronautical and Space Sciences,Scopus,10.5139/IJASS.2014.15.3.258,INCLUDE,High,Meets all SLR inclusion criteria for GPS-denied localization/navigation algorithm and platform validation.,['UAV'],['Unspecified'],"['Camera', 'IMU', 'Radio/UWB']",['Kalman Filtering'],True,False,resp_01518.json
1519,Employing smartphone as on-board navigator in unmanned aerial vehicles: Implementation and experiments,Zhao B.; Hellwich O.; Hu T.; Zhou D.; Niu Y.; Shen L.,2015,Industrial Robot,Scopus,10.1108/IR-01-2015-0016,INCLUDE,High,Meets all SLR inclusion criteria for GPS-denied localization/navigation algorithm and platform validation.,['UAV'],"['Indoor', 'Forest/Outdoor']","['Camera', 'IMU']",['VIO'],True,False,resp_01519.json
1520,Automated SLAM–GPR integration for robotic surface–subsurface mapping in GNSS-denied environments,Eldemiry A.; Ali E.; Abdelkhalek S.; Zayed T.; Abdelkareem M.A.A.,2026,Automation in Construction,Scopus,10.1016/j.autcon.2026.107118,INCLUDE,High,Meets all SLR inclusion criteria for GPS-denied localization/navigation algorithm and platform validation.,['General Robotics'],"['Indoor', 'Urban']","['Camera', 'LiDAR']","['VIO', 'SLAM']",True,False,resp_01520.json
1521,Vision-based autonomous navigation for quadrotor UAVs in unknown and constrained environments,Hu Z.; Butt M.Z.; Nasir N.; Salleh M.B.,2025,International Journal of Intelligent Robotics and Applications,Scopus,10.1007/s41315-025-00462-2,INCLUDE,High,Meets all SLR inclusion criteria for GPS-denied localization/navigation algorithm and platform validation.,"['UAV', 'UGV']",['Unspecified'],"['Camera', 'IMU', 'Radio/UWB']","['VIO', 'Factor Graph Optimization']",True,False,resp_01521.json
1522,A Real-Time Monocular Vision-Aided Target Detection and Tracking for Micro UAV in GPS Denied Environment,Li Z.; Li D.; Yang J.; Li H.,2022,Lecture Notes in Electrical Engineering,Scopus,10.1007/978-981-15-8155-7_255,INCLUDE,High,Meets all SLR inclusion criteria for GPS-denied localization/navigation algorithm and platform validation.,['UAV'],['Unspecified'],"['Camera', 'Radio/UWB']",['Deep Learning'],True,False,resp_01522.json
1523,Swarm robotics localization: comparing methods from infrared to foundation models,Imran A.; Varadharajan V.S.; Gomes Braga R.; Beltrame G.; St-Onge D.,2026,Swarm Intelligence,Scopus,10.1007/s11721-025-00256-z,INCLUDE,High,Meets all SLR inclusion criteria for GPS-denied localization/navigation algorithm and platform validation.,['General Robotics'],['Indoor'],"['Camera', 'IMU', 'Radio/UWB']","['VIO', 'Radio Ranging']",True,False,resp_01523.json
1524,"Combining SLAM, GDM, and Anemotaxis for Gas Source Localization in Unknown and GPS-denied Environments",Soegiarto D.; Trilaksono B.R.; Adiprawita W.; Hidayat E.M.I.; Prabowo Y.A.,2022,International Journal on Electrical Engineering and Informatics,Scopus,10.15676/ijeei.2022.14.3.3,INCLUDE,High,Meets all SLR inclusion criteria for GPS-denied localization/navigation algorithm and platform validation.,['UGV'],['Unspecified'],"['IMU', 'Radio/UWB']",['SLAM'],True,False,resp_01524.json
1525,Drone carrier: An integrated unmanned surface vehicle for autonomous inspection and intervention in GNSS-denied maritime environment,Dong Y.; Din M.U.; Lagala F.; Kuang H.; Sun J.; Yang S.; Hussain I.; He S.,2026,Journal of Ocean Engineering and Science,Scopus,10.1016/j.joes.2026.02.002,INCLUDE,High,Meets all SLR inclusion criteria for GPS-denied localization/navigation algorithm and platform validation.,"['UAV', 'USV/AUV']",['Unspecified'],"['Camera', 'LiDAR', 'Radio/UWB']","['Kalman Filtering', 'Radio Ranging']",True,False,resp_01525.json
1526,Multimodal Absolute Visual Localization for Unmanned Aerial Vehicles,Liu Z.; Li H.; Zhang Z.; Lyu Y.; Xiong J.,2024,IEEE Transactions on Vehicular Technology,Scopus,10.1109/TVT.2024.3426538,INCLUDE,High,Meets all SLR inclusion criteria for GPS-denied localization/navigation algorithm and platform validation.,['UAV'],['Unspecified'],"['Camera', 'Radio/UWB']",[],True,False,resp_01526.json
1527,Federated Meta Learning for Visual Navigation in GPS-denied Urban Airspace,Yuksek B.; Yu Z.; Suri N.; Inalhan G.,2023,AIAA/IEEE Digital Avionics Systems Conference - Proceedings,Scopus,10.1109/DASC58513.2023.10311195,INCLUDE,High,Meets all SLR inclusion criteria for GPS-denied localization/navigation algorithm and platform validation.,['General Robotics'],"['Urban', 'Adversarial']","['Camera', 'Radio/UWB']",['Deep Learning'],True,False,resp_01527.json
1528,ROS-based multi-sensor integrated localization system for cost-effective and accurate indoor navigation system,Irwansyah A.S.; Heryadi B.; Dewi D.K.; Saputra R.P.; Abidin Z.,2025,International Journal of Intelligent Robotics and Applications,Scopus,10.1007/s41315-024-00350-1,INCLUDE,High,Meets all SLR inclusion criteria for GPS-denied localization/navigation algorithm and platform validation.,['UGV'],"['Indoor', 'Underground', 'Forest/Outdoor']","['IMU', 'LiDAR', 'Radio/UWB']","['SLAM', 'Radio Ranging']",True,False,resp_01528.json
1529,Machine vision based perception for vehicle-mounted UAV autonomous landing under GNSS-denied environments,Ma P.; He C.; Zhang Z.; Xv Z.; Wang H.; Cai Y.; Chen L.; Zhong C.; Zhang Y.,2025,Journal of King Saud University - Computer and Information Sciences,Scopus,10.1007/s44443-025-00345-3,INCLUDE,High,Meets all SLR inclusion criteria for GPS-denied localization/navigation algorithm and platform validation.,"['UAV', 'UGV']",['Unspecified'],"['Camera', 'IMU', 'Radio/UWB']",[],True,False,resp_01529.json
1530,Simulation-Based Assessment of UWB Anchor Auto-Calibration Solvers for GNSS-Denied Emergency Response,Mihaldinec H.; Džapo H.,2026,"2026 49th MIPRO ICT and Electronics Convention, MIPRO 2026 - Proceedings",Scopus,10.1109/MIPRO70003.2026.11592001,INCLUDE,High,Meets all SLR inclusion criteria for GPS-denied localization/navigation algorithm and platform validation.,['General Robotics'],['Unspecified'],"['IMU', 'Radio/UWB']",['Radio Ranging'],True,False,resp_01530.json
1531,Indoor Drone Localization and Tracking Based on Acoustic Inertial Measurement,Sun Y.; Wang W.; Mottola L.; Zhang J.; Wang R.; He Y.,2024,IEEE Transactions on Mobile Computing,Scopus,10.1109/TMC.2023.3335860,INCLUDE,High,Meets all SLR inclusion criteria for GPS-denied localization/navigation algorithm and platform validation.,['UAV'],['Indoor'],"['IMU', 'Radio/UWB', 'Sonar/DVL']","['Kalman Filtering', 'Radio Ranging']",True,False,resp_01531.json
1532,Robust Localization in Degenerate Environments using Uncertainty-Aware LiDAR-Inertial Odometry,Young V.; Lian J.; Chen T.; Meng S.; Zheng S.,2025,IET Conference Proceedings,Scopus,10.1049/icp.2025.2899,INCLUDE,High,Meets all SLR inclusion criteria for GPS-denied localization/navigation algorithm and platform validation.,['General Robotics'],['Underground'],"['IMU', 'LiDAR']",[],True,False,resp_01532.json
1533,Real-Time Autonomous Localization in Multi-Robot Scene,Mao Y.; Sun Z.; Zhou X.; Deng F.,2023,"Chinese Control Conference, CCC",Scopus,10.23919/CCC58697.2023.10240683,INCLUDE,High,Meets all SLR inclusion criteria for GPS-denied localization/navigation algorithm and platform validation.,['General Robotics'],['Unspecified'],['LiDAR'],[],True,False,resp_01533.json
1534,Edge Device-Optimized LiDAR SLAM for Real-Time and Robust Localization in Dynamic Environments,Parimi S.; Bensch R.,2025,"Proceedings of the International Technical Meeting of the Satellite Division of The Institute of Navigation, ION GNSS+",Scopus,10.33012/2025.20450,INCLUDE,High,Meets all SLR inclusion criteria for GPS-denied localization/navigation algorithm and platform validation.,['General Robotics'],['Unspecified'],"['Camera', 'IMU', 'LiDAR', 'Radio/UWB']","['SLAM', 'Factor Graph Optimization']",True,False,resp_01534.json
1535,CODE: COllaborative Visual-UWB SLAM for Online Large-Scale Metric DEnse Mapping,Chen L.; Jia X.; Bu S.; Wang G.; Li K.; Xia Z.; Li X.; Han P.; Cao X.,2025,IEEE International Conference on Intelligent Robots and Systems,Scopus,10.1109/IROS60139.2025.11247338,INCLUDE,High,Meets all SLR inclusion criteria for GPS-denied localization/navigation algorithm and platform validation.,['UAV'],['Unspecified'],"['Camera', 'IMU', 'LiDAR', 'Radio/UWB']","['SLAM', 'Factor Graph Optimization', 'Radio Ranging']",True,False,resp_01535.json
1536,Autonomous Crack Detection for Mountainous Roads Using UAV Inspection System,Chen X.; Wang C.; Liu C.; Zhu X.; Zhang Y.; Luo T.; Zhang J.,2024,Sensors,Scopus,10.3390/s24144751,INCLUDE,High,Meets all SLR inclusion criteria for GPS-denied localization/navigation algorithm and platform validation.,['UAV'],['Unspecified'],"['IMU', 'Radio/UWB']",[],True,False,resp_01536.json
1537,Towards precise positioning and movement of uavs for near-wall tasks in gnss-denied environments,Orjales F.; Losada-Pita J.; Paz-Lopez A.; Deibe Á.,2021,Sensors,Scopus,10.3390/s21062194,INCLUDE,High,Meets all SLR inclusion criteria for GPS-denied localization/navigation algorithm and platform validation.,['UAV'],['Unspecified'],"['LiDAR', 'Radio/UWB']",['Radio Ranging'],True,False,resp_01537.json
1538,Vision and UWB-Based Anchor Self-Localisation System for UAV in GPS-Denied Environment,Yang B.; Yang E.; Yu L.,2021,Journal of Physics: Conference Series,Scopus,10.1088/1742-6596/1922/1/012001,INCLUDE,High,Meets all SLR inclusion criteria for GPS-denied localization/navigation algorithm and platform validation.,['UAV'],['Unspecified'],"['IMU', 'Radio/UWB']",['Radio Ranging'],True,False,resp_01538.json
1539,3D mapping for autonomous quadrotor aircraft,Saeedi S.; Thibault C.; Trentini M.; Li H.,2017,Unmanned Systems,Scopus,10.1142/S2301385017400064,INCLUDE,High,Meets all SLR inclusion criteria for GPS-denied localization/navigation algorithm and platform validation.,['UAV'],"['Indoor', 'Forest/Outdoor']","['IMU', 'Radio/UWB']",['VIO'],True,False,resp_01539.json
1540,Framework for Autonomous UAV Navigation and Target Detection in Global-Navigation-Satellite-System-Denied and Visually Degraded Environments,Boiteau S.; Vanegas F.; Gonzalez F.,2024,Remote Sensing,Scopus,10.3390/rs16030471,INCLUDE,High,Meets all SLR inclusion criteria for GPS-denied localization/navigation algorithm and platform validation.,['UAV'],"['Indoor', 'Adversarial']","['Camera', 'IMU', 'Radio/UWB']",[],True,False,resp_01540.json
1541,Visual-Thermal Landmarks and Inertial Fusion for Navigation in Degraded Visual Environments,Khattak S.; Papachristos C.; Alexis K.,2019,IEEE Aerospace Conference Proceedings,Scopus,10.1109/AERO.2019.8741787,INCLUDE,High,Meets all SLR inclusion criteria for GPS-denied localization/navigation algorithm and platform validation.,['General Robotics'],"['Indoor', 'Underground', 'Adversarial']","['Camera', 'IMU', 'LiDAR', 'Radio/UWB', 'Radar']",[],True,False,resp_01541.json
1542,An Investigation of GPS-Denied Navigation Using Airborne Radar Telemetry,Lindstrom C.; Christensen R.; Gunther J.,2020,"2020 IEEE/ION Position, Location and Navigation Symposium, PLANS 2020",Scopus,10.1109/PLANS46316.2020.9110233,INCLUDE,High,Meets all SLR inclusion criteria for GPS-denied localization/navigation algorithm and platform validation.,['General Robotics'],['Unspecified'],"['Camera', 'IMU', 'Radar']",['Kalman Filtering'],True,False,resp_01542.json
1543,Relative visual localization (RVL) for UAV navigation,Couturier A.; Akhloufi M.A.,2018,Proceedings of SPIE - The International Society for Optical Engineering,Scopus,10.1117/12.2304901,INCLUDE,High,Meets all SLR inclusion criteria for GPS-denied localization/navigation algorithm and platform validation.,['UAV'],['Forest/Outdoor'],"['Camera', 'Radio/UWB']",['VIO'],True,False,resp_01543.json
1544,Pioneer: Positioning of Targets in Featureless Gps Denied Environments,"Tsikteris S.; Siraj M.S.; Cook D., II; Rogers J.G.; Tsiropoulou E.E.",2025,IEEE International Conference on Communications,Scopus,10.1109/ICC52391.2025.11161322,INCLUDE,High,Meets all SLR inclusion criteria for GPS-denied localization/navigation algorithm and platform validation.,['General Robotics'],['Underground'],['Radio/UWB'],[],True,False,resp_01544.json
1545,Cascaded transformer-LSTM architecture for urban canyon navigation with factor graph optimization,Zhang H.; Luo W.; Peng M.; Kong J.; Liu L.; Yao Y.; Xu C.; Tang F.; Pan J.,2026,GPS Solutions,Scopus,10.1007/s10291-025-02010-8,INCLUDE,High,Meets all SLR inclusion criteria for GPS-denied localization/navigation algorithm and platform validation.,['UGV'],['Urban'],"['Camera', 'IMU']","['Deep Learning', 'Factor Graph Optimization']",True,False,resp_01545.json
1546,A Review of Indoor Positioning Systems for UAV Localization with Machine Learning Algorithms,Sandamini C.; Maduranga M.W.P.; Tilwari V.; Yahaya J.; Qamar F.; Nguyen Q.N.; Ibrahim S.R.A.,2023,Electronics (Switzerland),Scopus,10.3390/electronics12071533,INCLUDE,High,Meets all SLR inclusion criteria for GPS-denied localization/navigation algorithm and platform validation.,['UAV'],['Indoor'],"['Camera', 'IMU', 'LiDAR', 'Radio/UWB']",['Radio Ranging'],True,False,resp_01546.json
1547,Fisher-Information-Based Cooperative Sensor Node Pre-Selection for UWB-Aided GNSS-Denied UAV Swarm Localization Under Heterogeneous Ranging Noise,Sun Y.; Du X.; Gong P.,2026,Sensors,Scopus,10.3390/s26165164,INCLUDE,High,Meets all SLR inclusion criteria for GPS-denied localization/navigation algorithm and platform validation.,['UAV'],['Unspecified'],['Radio/UWB'],['Radio Ranging'],True,False,resp_01547.json
1548,Tethered Multicopter Guidance in GPS-Denied Environments Through Reinforcement Learning,Al-Radaideh A.; Selje R.; Coraspe D.; Dutta R.; Camci E.; Jayavelu S.; Li X.; Sun L.,2023,"AIAA SciTech Forum and Exposition, 2023",Scopus,10.2514/6.2023-0507,INCLUDE,High,Meets all SLR inclusion criteria for GPS-denied localization/navigation algorithm and platform validation.,['UAV'],['Underground'],['IMU'],[],True,False,resp_01548.json
1549,A real-time monocular vision-based frontal obstacle detection and avoidance for low cost UAVs in GPS denied environment,Saha S.; Natraj A.; Waharte S.,2014,Proceeding - ICARES 2014: 2014 IEEE International Conference on Aerospace Electronics and Remote Sensing Technology,Scopus,10.1109/ICARES.2014.7024382,INCLUDE,High,Meets all SLR inclusion criteria for GPS-denied localization/navigation algorithm and platform validation.,['UAV'],['Unspecified'],"['Camera', 'Radio/UWB']",[],True,False,resp_01549.json
1550,Robust Spatial Georeferencing for UAV-UGV Mobile Mapping Platforms in Urban Canyons via Asymmetric GNSS/UWB Fusion,Chen J.; Wang X.; Fang Z.; Gao M.; Xu Y.; Zhang Z.,2026,Remote Sensing,Scopus,10.3390/rs18121967,INCLUDE,High,Meets all SLR inclusion criteria for GPS-denied localization/navigation algorithm and platform validation.,"['UAV', 'UGV']","['Urban', 'Adversarial']","['IMU', 'LiDAR', 'Radio/UWB']",['Radio Ranging'],True,False,resp_01550.json
1551,Pitch Angle Estimation from a Single Drone Image Without Landmarks and Its Application in UAV Visual Navigation,Ye Y.; Li Z.; Guan B.; Wang K.; Liu X.; Yu Q.,2025,"Proceedings - 2025 International Conference on Image and Video Processing, ICIVP 2025",Scopus,10.1109/ICIVP66296.2025.00030,INCLUDE,High,Meets all SLR inclusion criteria for GPS-denied localization/navigation algorithm and platform validation.,['UAV'],['Unspecified'],['Camera'],[],True,False,resp_01551.json
1552,Preliminary Study on Drone Navigation in Urban Environments using Visual Odometry and Partially Observable Monte Carlo Planning,Yu Q.; Zhang M.; Low K.H.,2022,AIAA AVIATION 2022 Forum,Scopus,10.2514/6.2022-3765,INCLUDE,High,Meets all SLR inclusion criteria for GPS-denied localization/navigation algorithm and platform validation.,['UAV'],"['Urban', 'Forest/Outdoor', 'Adversarial']","['Camera', 'IMU', 'Radio/UWB']",[],True,False,resp_01552.json
1553,Real-Time Monocular Vision-Based UAV Obstacle Detection and Collision Avoidance in GPS-Denied Outdoor Environments Using CNN MobileNet-SSD,Levkovits-Scherer D.S.; Cruz-Vega I.; Martinez-Carranza J.,2019,Lecture Notes in Computer Science (including subseries Lecture Notes in Artificial Intelligence and Lecture Notes in Bioinformatics),Scopus,10.1007/978-3-030-33749-0_49,INCLUDE,High,Meets all SLR inclusion criteria for GPS-denied localization/navigation algorithm and platform validation.,['UAV'],"['Urban', 'Forest/Outdoor']","['Camera', 'IMU', 'Radio/UWB']",['Deep Learning'],True,False,resp_01553.json
1554,Radar-Based Multisensor Fusion for Uninterrupted Reliable Positioning in GNSS-Denied Environments,Dawson E.; Rashed M.A.; Abdelfatah W.; Noureldin A.,2022,IEEE Transactions on Intelligent Transportation Systems,Scopus,10.1109/TITS.2022.3202139,INCLUDE,High,Meets all SLR inclusion criteria for GPS-denied localization/navigation algorithm and platform validation.,['General Robotics'],"['Indoor', 'Underground', 'Adversarial']","['Camera', 'IMU', 'LiDAR', 'Radio/UWB', 'Radar']",['Kalman Filtering'],True,False,resp_01554.json
1555,Bounding visual odometry drift with radio range data for small unmanned aerial vehicles,Leishman R.C.; Gray J.; Raquet J.; Rutkowski A.; Myrick W.,2018,"Proceedings of the 31st International Technical Meeting of the Satellite Division of the Institute of Navigation, ION GNSS+ 2018",Scopus,10.33012/2018.15952,INCLUDE,High,Meets all SLR inclusion criteria for GPS-denied localization/navigation algorithm and platform validation.,['UAV'],['Unspecified'],"['Camera', 'Radio/UWB']",['Radio Ranging'],True,False,resp_01555.json
1556,EMS-SLAM: Dynamic RGB-D SLAM with Semantic-Geometric Constraints for GNSS-Denied Environments,Fan J.; Ning Y.; Wang J.; Jia X.; Chai D.; Wang X.; Xu Y.,2025,Remote Sensing,Scopus,10.3390/rs17101691,INCLUDE,High,Meets all SLR inclusion criteria for GPS-denied localization/navigation algorithm and platform validation.,['General Robotics'],"['Indoor', 'Underground']","['Camera', 'Radio/UWB']",['SLAM'],True,False,resp_01556.json
1557,Model-Based Cooperative Navigation for a Group of Flying Robots,Faghihinia A.; Atashgah M.A.A.; Dehghan S.M.M.,2022,IEEE Transactions on Aerospace and Electronic Systems,Scopus,10.1109/TAES.2021.3136247,INCLUDE,High,Meets all SLR inclusion criteria for GPS-denied localization/navigation algorithm and platform validation.,['UAV'],['Unspecified'],"['IMU', 'Radio/UWB']",[],True,False,resp_01557.json
1558,Waypoint-Informed Localization (WiL): A Novel Integration of 2D Maps and Onboard Sensors for Robust GNSS-Denied Navigation,Ragab H.; Givigi S.; Noureldin A.,2026,"Navigation, Journal of the Institute of Navigation",Scopus,10.33012/navi.767,INCLUDE,High,Meets all SLR inclusion criteria for GPS-denied localization/navigation algorithm and platform validation.,['General Robotics'],['Urban'],"['Camera', 'IMU', 'Radio/UWB']",['Kalman Filtering'],True,False,resp_01558.json
1559,Lane detection aided online dead reckoning for gnss denied environments,Jeon J.; Hwang Y.; Jeong Y.; Park S.; Kweon I.S.; Choi S.B.,2021,Sensors,Scopus,10.3390/s21206805,INCLUDE,High,Meets all SLR inclusion criteria for GPS-denied localization/navigation algorithm and platform validation.,['General Robotics'],"['Indoor', 'Underground', 'Urban']",['IMU'],['Kalman Filtering'],True,False,resp_01559.json
1561,Characterization of mountain drainage patterns for GPS-denied UAS navigation augmentation,Wang T.; Celik K.; Somani A.K.,2016,Machine Vision and Applications,Scopus,10.1007/s00138-015-0723-9,INCLUDE,High,Meets all SLR inclusion criteria for GPS-denied localization/navigation algorithm and platform validation.,['General Robotics'],['Unspecified'],"['Camera', 'Radar']",[],True,False,resp_01561.json
1562,A ubiquitous positioning solution of integrating GNSS with LiDAR odometry and 3D map for autonomous driving in urban environments,Liu J.; Liang Y.; Xu D.; Gong X.; Hyyppä J.,2023,Journal of Geodesy,Scopus,10.1007/s00190-023-01728-y,INCLUDE,High,Meets all SLR inclusion criteria for GPS-denied localization/navigation algorithm and platform validation.,['General Robotics'],"['Indoor', 'Underground', 'Urban', 'Adversarial']","['IMU', 'LiDAR', 'Radio/UWB']","['SLAM', 'Factor Graph Optimization', 'Radio Ranging']",True,False,resp_01562.json
1563,Vision-Only Localization of Drones with Optimal Window Velocity Fusion,Yeom S.,2026,Electronics (Switzerland),Scopus,10.3390/electronics15030637,INCLUDE,High,Meets all SLR inclusion criteria for GPS-denied localization/navigation algorithm and platform validation.,['UAV'],['Urban'],['Radio/UWB'],['Radio Ranging'],True,False,resp_01563.json
1564,Ultra-wideband based cooperative relative localization algorithm and experiments for multiple unmanned aerial vehicles in GPS denied environments,Guo K.; Qiu Z.; Meng W.; Xie L.; Teo R.,2017,International Journal of Micro Air Vehicles,Scopus,10.1177/1756829317695564,INCLUDE,High,Meets all SLR inclusion criteria for GPS-denied localization/navigation algorithm and platform validation.,['UAV'],['Unspecified'],"['IMU', 'Radio/UWB']",['Kalman Filtering'],True,False,resp_01564.json
1565,Long-range GPS-denied aerial inertial navigation with LIDAR localization,Hemann G.; Singh S.; Kaess M.,2016,IEEE International Conference on Intelligent Robots and Systems,Scopus,10.1109/IROS.2016.7759267,INCLUDE,High,Meets all SLR inclusion criteria for GPS-denied localization/navigation algorithm and platform validation.,['General Robotics'],['Unspecified'],"['IMU', 'LiDAR', 'Radio/UWB']",['Kalman Filtering'],True,False,resp_01565.json
1566,Qualitative place maps for landmark-based localization and navigation in GPS-denied environments,Hua H.; Zhang P.; Renz J.,2019,GIS: Proceedings of the ACM International Symposium on Advances in Geographic Information Systems,Scopus,10.1145/3347146.3359107,INCLUDE,High,Meets all SLR inclusion criteria for GPS-denied localization/navigation algorithm and platform validation.,['General Robotics'],"['Indoor', 'Underground']",['Radio/UWB'],['VIO'],True,False,resp_01566.json
1567,Deep Learning Models for GNSS-Denied Target Navigation,Santos R.S.; Matos-Carvalho J.P.; Calafate C.T.; Correira S.D.; Tomic S.; Beko M.; Manzoni P.,2025,IFIP Advances in Information and Communication Technology,Scopus,10.1007/978-3-031-97051-1_15,INCLUDE,High,Meets all SLR inclusion criteria for GPS-denied localization/navigation algorithm and platform validation.,['General Robotics'],['Unspecified'],"['Camera', 'IMU', 'LiDAR', 'Radio/UWB']",['Deep Learning'],True,False,resp_01567.json
1568,HD-Maps as Prior Information for Globally Consistent Mapping in GPS-Denied Environments,Ali W.; Jensfelt P.; Nguyen T.-M.,2024,"IEEE Conference on Intelligent Transportation Systems, Proceedings, ITSC",Scopus,10.1109/ITSC58415.2024.10920221,INCLUDE,High,Meets all SLR inclusion criteria for GPS-denied localization/navigation algorithm and platform validation.,['General Robotics'],['Unspecified'],"['LiDAR', 'Radio/UWB']",['Factor Graph Optimization'],True,False,resp_01568.json
1569,From Anywhere to the Destination: Visual Reinforcement Learning for GNSS-Denied Drone Navigation,Wang Y.-X.; Zhang Z.-Y.; Liu S.-Y.; Sun L.; Song M.-L.,2025,Journal of Computer Science and Technology,Scopus,10.1007/s11390-025-4468-2,INCLUDE,High,Meets all SLR inclusion criteria for GPS-denied localization/navigation algorithm and platform validation.,['UAV'],['Forest/Outdoor'],"['Camera', 'IMU', 'Radio/UWB']",['Deep Learning'],True,False,resp_01569.json
1570,GPS-denied navigation using SAR images and neural networks,White T.; Wheeler J.; Lindstrom C.; Christensen R.; Moon K.R.,2021,"ICASSP, IEEE International Conference on Acoustics, Speech and Signal Processing - Proceedings",Scopus,10.1109/ICASSP39728.2021.9414421,INCLUDE,High,Meets all SLR inclusion criteria for GPS-denied localization/navigation algorithm and platform validation.,['UAV'],['Unspecified'],"['IMU', 'Radio/UWB', 'Radar']",['Deep Learning'],True,False,resp_01570.json
1571,Relative Localization with Application to Adaptive Navigation Based on Mixed Measurements of Distance and Bearing Utilizing Multi-UAVs,Guo J.; Gan M.; Hu K.,2025,Ad-Hoc and Sensor Wireless Networks,Scopus,10.32908/ahswn.v61.12275,INCLUDE,High,Meets all SLR inclusion criteria for GPS-denied localization/navigation algorithm and platform validation.,['UAV'],['Urban'],"['IMU', 'Radio/UWB']",[],True,False,resp_01571.json
1572,Resilient Ground Vehicle Autonomous Navigation in GPS-Denied Environments,Baxevani K.; Yadav I.; Yang Y.; Sebok M.; Tanner H.G.; Huang G.,2022,"Guidance, Navigation and Control",Scopus,10.1142/S2737480722500200,INCLUDE,High,Meets all SLR inclusion criteria for GPS-denied localization/navigation algorithm and platform validation.,['UGV'],['Unspecified'],"['IMU', 'LiDAR', 'Radio/UWB']",[],True,False,resp_01572.json
1573,Visual-based localization methods for unmanned aerial vehicles in landing operation on maritime vessel,Nguyen T.-T.; Hamesse C.; Dutrannois T.; Halleux T.; De Cubber G.; Haelterman R.; Janssens B.,2024,Acta IMEKO,Scopus,10.21014/actaimeko.v13i4.1575,INCLUDE,High,Meets all SLR inclusion criteria for GPS-denied localization/navigation algorithm and platform validation.,['UAV'],['Unspecified'],"['Camera', 'IMU', 'Radio/UWB']",['SLAM'],True,False,resp_01573.json
1574,Multi-modal mapping and localization of unmanned aerial robots based on ultra-wideband and RGB-D sensing,Perez-Grau F.J.; Caballero F.; Merino L.; Viguria A.,2017,IEEE International Conference on Intelligent Robots and Systems,Scopus,10.1109/IROS.2017.8206191,INCLUDE,High,Meets all SLR inclusion criteria for GPS-denied localization/navigation algorithm and platform validation.,['UAV'],['Indoor'],"['Camera', 'Radio/UWB']",['Radio Ranging'],True,False,resp_01574.json
1575,RGB-D camera-based quadrotor navigation in GPS-denied and low light environments using known 3D markers,Vetrella A.R.; Savvaris A.; Fasano G.; Accardo D.,2015,"2015 International Conference on Unmanned Aircraft Systems, ICUAS 2015",Scopus,10.1109/ICUAS.2015.7152290,INCLUDE,High,Meets all SLR inclusion criteria for GPS-denied localization/navigation algorithm and platform validation.,"['UAV', 'UGV']",['Underground'],['Camera'],[],True,False,resp_01575.json
1576,Autonomous dynamic docking of UAV based on UWB-vision in GPS-denied environment,Cheng C.; Li X.; Xie L.; Li L.,2022,Journal of the Franklin Institute,Scopus,10.1016/j.jfranklin.2022.03.005,INCLUDE,High,Meets all SLR inclusion criteria for GPS-denied localization/navigation algorithm and platform validation.,['UAV'],['Urban'],"['Camera', 'IMU', 'Radio/UWB']","['Factor Graph Optimization', 'Radio Ranging']",True,False,resp_01576.json
1577,Mobile robot localization system in frequent GPS-denied situations,Saito T.; Kiuchi K.; Kuroda Y.,2014,Proceedings - IEEE International Conference on Robotics and Automation,Scopus,10.1109/ICRA.2014.6907431,INCLUDE,High,Meets all SLR inclusion criteria for GPS-denied localization/navigation algorithm and platform validation.,['UGV'],"['Indoor', 'Forest/Outdoor']",['Radio/UWB'],[],True,False,resp_01577.json
1578,Condition-Based LSTM for Residual Calculation of Optical Flow,Mahdavi M.M.; Sakhaee M.M.; Alasty A.,2026,"International Archives of the Photogrammetry, Remote Sensing and Spatial Information Sciences - ISPRS Archives",Scopus,10.5194/isprs-archives-XLVIII-4-W22-2025-37-2026,INCLUDE,High,Meets all SLR inclusion criteria for GPS-denied localization/navigation algorithm and platform validation.,['UAV'],"['Indoor', 'Urban', 'Adversarial']","['IMU', 'Radio/UWB']",['Deep Learning'],True,False,resp_01578.json
1579,"Fusing denoised stereo visual odometry, INS and GPS measurements for autonomous navigation in a tightly coupled approach",Nezhadshahbodaghi M.; Mosavi M.R.; Hajialinajar M.T.,2021,GPS Solutions,Scopus,10.1007/s10291-021-01084-4,INCLUDE,High,Meets all SLR inclusion criteria for GPS-denied localization/navigation algorithm and platform validation.,['General Robotics'],['Unspecified'],"['Camera', 'IMU', 'Radio/UWB']",[],True,False,resp_01579.json
1580,A Lightweight Framework for Neighborhood-Constrained UAV Localization Using Visual Embeddings,Dimos A.; Skoutas D.N.; Nomikos N.; Skianis C.,2026,"2026 International Conference on Unmanned Aircraft Systems, ICUAS 2026",Scopus,10.1109/ICUAS69441.2026.11598733,INCLUDE,High,Meets all SLR inclusion criteria for GPS-denied localization/navigation algorithm and platform validation.,['UAV'],['Unspecified'],['Camera'],['Deep Learning'],True,False,resp_01580.json
1581,Accelerometer Bias Estimation for Unmanned Aerial Vehicles Using Extended Kalman Filter-Based Vision-Aided Navigation,Belfadel D.; Haessig D.,2025,Electronics (Switzerland),Scopus,10.3390/electronics14061074,INCLUDE,High,Meets all SLR inclusion criteria for GPS-denied localization/navigation algorithm and platform validation.,['UAV'],"['Underground', 'Urban']","['IMU', 'Radio/UWB']",['Kalman Filtering'],True,False,resp_01581.json
1582,Overview of Mutual Localization Techniques Between Unmanned Aerial Vehicles in Swarm,Czaja B.; Maślanka K.; Skokowski P.; Kelner J.,2025,TransNav,Scopus,10.12716/1001.19.01.37,INCLUDE,High,Meets all SLR inclusion criteria for GPS-denied localization/navigation algorithm and platform validation.,['UAV'],['Unspecified'],"['Radio/UWB', 'Sonar/DVL']","['Deep Learning', 'Radio Ranging']",True,False,resp_01582.json
1583,Autonomous Robust Navigation System for MAV Based on Monocular Cameras,Caldas K.A.Q.; Benevides J.R.S.; Inoue R.S.; Terra M.H.,2022,"2022 International Conference on Unmanned Aircraft Systems, ICUAS 2022",Scopus,10.1109/ICUAS54217.2022.9836218,INCLUDE,High,Meets all SLR inclusion criteria for GPS-denied localization/navigation algorithm and platform validation.,['UAV'],['Unspecified'],"['Camera', 'IMU', 'Radio/UWB']","['SLAM', 'Kalman Filtering']",True,False,resp_01583.json
1584,Performance Analysis of Visual–Inertial–Range Cooperative Localization for Unmanned Autonomous Vehicle Swarm,Lai J.; Liu S.; Xiang X.; Li C.; Tang D.; Zhou H.,2023,Drones,Scopus,10.3390/drones7110651,INCLUDE,High,Meets all SLR inclusion criteria for GPS-denied localization/navigation algorithm and platform validation.,['UAV'],['Unspecified'],"['Camera', 'IMU', 'Radio/UWB']",[],True,False,resp_01584.json
1585,Sensitivity of unmanned aerial vehicle model-aided navigation,D’Urso S.; Gross J.,2017,"AIAA Modeling and Simulation Technologies Conference, 2017",Scopus,10.2514/6.2017-0808,INCLUDE,High,Meets all SLR inclusion criteria for GPS-denied localization/navigation algorithm and platform validation.,['UAV'],['Adversarial'],"['IMU', 'Radio/UWB']",['Kalman Filtering'],True,False,resp_01585.json
1586,Multi-vehicle Collaborative Navigation Method Based on Datalink Relative Distance in GNSS Denied Environment,Zhou Z.; Lyu P.; Lai J.; Zhu X.; Huang K.,2022,Lecture Notes in Electrical Engineering,Scopus,10.1007/978-981-15-8155-7_324,INCLUDE,High,Meets all SLR inclusion criteria for GPS-denied localization/navigation algorithm and platform validation.,['General Robotics'],['Unspecified'],"['IMU', 'Radio/UWB']",['Radio Ranging'],True,False,resp_01586.json
1587,Landmark-Based Scale Estimation and Correction of Visual Inertial Odometry for VTOL UAVs in a GPS-Denied Environment,Lee J.-C.; Chen C.-C.; Shen C.-T.; Lai Y.-C.,2022,Sensors,Scopus,10.3390/s22249654,INCLUDE,High,Meets all SLR inclusion criteria for GPS-denied localization/navigation algorithm and platform validation.,['UAV'],['Indoor'],"['Camera', 'IMU', 'Radio/UWB']","['VIO', 'Kalman Filtering']",True,False,resp_01587.json
1588,An IMU Aided Robust LiDAR SLAM Method for UAVs in Pipeline Environment,Jiang H.; Huang Z.; Tang Y.; Wu T.,2024,Lecture Notes in Electrical Engineering,Scopus,10.1007/978-981-97-3332-3_20,INCLUDE,High,Meets all SLR inclusion criteria for GPS-denied localization/navigation algorithm and platform validation.,['UAV'],['Indoor'],"['IMU', 'LiDAR']",['SLAM'],True,False,resp_01588.json
1589,Vision-based Guidance and Navigation for Autonomous MAV in Indoor Environment,Irfan M.; Dalai S.; Kishore K.; Singh S.; Akbar S.A.,2020,"2020 11th International Conference on Computing, Communication and Networking Technologies, ICCCNT 2020",Scopus,10.1109/ICCCNT49239.2020.9225398,INCLUDE,High,Meets all SLR inclusion criteria for GPS-denied localization/navigation algorithm and platform validation.,['UAV'],['Indoor'],"['Camera', 'IMU', 'LiDAR', 'Radio/UWB']",[],True,False,resp_01589.json
1591,Expediting the Convergence of Global Localization of UAVs through Forward-Facing Camera Observation,Li Z.; Jiang X.; Ma S.; Ma X.; Lv Z.; Ding H.; Ji H.; Sun Z.,2024,Drones,Scopus,10.3390/drones8070335,INCLUDE,High,Meets all SLR inclusion criteria for GPS-denied localization/navigation algorithm and platform validation.,['UAV'],['Underground'],"['Camera', 'Radio/UWB']",[],True,False,resp_01591.json
1592,Goal-aware navigation of quadrotor uav for infrastructure inspection,Biswas S.; Sharma R.,2019,AIAA Scitech 2019 Forum,Scopus,10.2514/6.2019-1691,INCLUDE,High,Meets all SLR inclusion criteria for GPS-denied localization/navigation algorithm and platform validation.,['UAV'],['Unspecified'],"['IMU', 'Radio/UWB']",['VIO'],True,False,resp_01592.json
1593,Indoor/outdoor scan-matching based mapping technique with a helicopter MAV in GPS-denied environment,Friedman C.; Chopra I.; Rand O.,2015,International Journal of Micro Air Vehicles,Scopus,10.1260/1756-8293.7.1.55,INCLUDE,High,Meets all SLR inclusion criteria for GPS-denied localization/navigation algorithm and platform validation.,['UAV'],"['Indoor', 'Forest/Outdoor']","['IMU', 'Radio/UWB']","['VIO', 'SLAM']",True,False,resp_01593.json
1594,UVL: UAV Visual Localization Method with Enhanced Feature Associations via Visual Attention Mechanism,Li X.; Wang S.; Mao Z.; Shi Y.; Zhang G.; Hu B.,2025,Proceedings of the International Joint Conference on Neural Networks,Scopus,10.1109/IJCNN64981.2025.11228231,INCLUDE,High,Meets all SLR inclusion criteria for GPS-denied localization/navigation algorithm and platform validation.,['UAV'],['Adversarial'],"['Camera', 'Radio/UWB']",['Deep Learning'],True,False,resp_01594.json
1595,Overview of anti-interference technology of unmanned aerial vehicle satellite navigation system; [无 人 机 卫 星 导 航 系 统 抗 干 扰 技 术 综 述],CHEN Q.; GAO J.; WANG M.; BIAN W.; HAN H.,2025,Hangkong Xuebao/Acta Aeronautica et Astronautica Sinica,Scopus,10.7527/S1000-6893.2025.31797,INCLUDE,High,Meets all SLR inclusion criteria for GPS-denied localization/navigation algorithm and platform validation.,['UAV'],['Adversarial'],"['Camera', 'IMU', 'Radio/UWB', 'Radar']",[],True,False,resp_01595.json
1596,The development of distributed cooperative localization algorithms for Multi-UAV systems in the past decade,Zhang Z.; Li N.; Yan G.; Li W.,2025,Measurement: Journal of the International Measurement Confederation,Scopus,10.1016/j.measurement.2025.118040,INCLUDE,High,Meets all SLR inclusion criteria for GPS-denied localization/navigation algorithm and platform validation.,['UAV'],['Unspecified'],[],[],True,False,resp_01596.json
1597,A Framework for Autonomous UAV Navigation Based on Monocular Depth Estimation,Gaigalas J.; Perkauskas L.; Gricius H.; Kanapickas T.; Kriščiūnas A.,2025,Drones,Scopus,10.3390/drones9040236,INCLUDE,High,Meets all SLR inclusion criteria for GPS-denied localization/navigation algorithm and platform validation.,['UAV'],['Unspecified'],"['Camera', 'IMU', 'LiDAR', 'Radio/UWB', 'Sonar/DVL']",[],True,False,resp_01597.json
1598,Streamlined Indoor UAVs Localization Using a Dense and Size-Heterogeneous Tags Map,Bertoni M.; Montecchio S.; Michieletto G.; Oboe R.; Cenedese A.,2024,"2024 International Conference on Unmanned Aircraft Systems, ICUAS 2024",Scopus,10.1109/ICUAS60882.2024.10557055,INCLUDE,High,Meets all SLR inclusion criteria for GPS-denied localization/navigation algorithm and platform validation.,['UAV'],['Indoor'],"['Camera', 'IMU', 'Radio/UWB']",['VIO'],True,False,resp_01598.json
1599,Study of Utilizing Multiple IMUs for Inertial Navigation Systems without GPS Aid,Tokluoglu O.; Cavus E.,2019,"Proceedings - 2019 IEEE 1st Global Power, Energy and Communication Conference, GPECOM 2019",Scopus,10.1109/GPECOM.2019.8778612,INCLUDE,High,Meets all SLR inclusion criteria for GPS-denied localization/navigation algorithm and platform validation.,['General Robotics'],['Unspecified'],['IMU'],[],True,False,resp_01599.json
1601,Cooperative Navigation Framework for UAV Formations Using LSTM and Dynamic Model Fusion,Song F.; Zeng Q.; Zhu X.; Zhang R.; Ye X.; Zhou H.,2026,Drones,Scopus,10.3390/drones10010028,INCLUDE,High,Meets all SLR inclusion criteria for GPS-denied localization/navigation algorithm and platform validation.,['UAV'],['Urban'],"['IMU', 'Radio/UWB']","['Factor Graph Optimization', 'Radio Ranging']",True,False,resp_01601.json
1602,Cooperative localisation of UAV swarm based on adaptive SA-PSO algorithm,Ma W.; Fang Y.; Fu W.; Liu S.; Guo E.,2023,Aeronautical Journal,Scopus,10.1017/aer.2022.54,INCLUDE,High,Meets all SLR inclusion criteria for GPS-denied localization/navigation algorithm and platform validation.,['UAV'],['Unspecified'],"['IMU', 'Radio/UWB']",[],True,False,resp_01602.json
1603,Vision-aided inertial navigation for small unmanned aerial vehicles in GPS-denied environments,Wang T.; Wang C.; Liang J.; Chen Y.; Zhang Y.,2013,International Journal of Advanced Robotic Systems,Scopus,10.5772/56660,INCLUDE,High,Meets all SLR inclusion criteria for GPS-denied localization/navigation algorithm and platform validation.,['UAV'],['Unspecified'],"['Camera', 'IMU', 'Radio/UWB']",['Kalman Filtering'],True,False,resp_01603.json
1604,Target-Tracking-Based Multi-UAV Visual SLAM in GNSS-Denied Environments,Fu X.; Zhu Z.; Xu Z.; Li Q.,2025,"Proceedings of the International Astronautical Congress, IAC",Scopus,10.52202/083083-0073,INCLUDE,High,Meets all SLR inclusion criteria for GPS-denied localization/navigation algorithm and platform validation.,['UAV'],['Unspecified'],"['Camera', 'IMU', 'Radio/UWB']","['SLAM', 'Deep Learning']",True,False,resp_01604.json
1605,A Multi-Drone System Proof of Concept for Forestry Applications,Araújo A.G.; Pizzino C.A.P.; Couceiro M.S.; Rocha R.P.,2025,Drones,Scopus,10.3390/drones9020080,INCLUDE,High,Meets all SLR inclusion criteria for GPS-denied localization/navigation algorithm and platform validation.,['UAV'],['Forest/Outdoor'],"['IMU', 'LiDAR', 'Radio/UWB']","['SLAM', 'Radio Ranging']",True,False,resp_01605.json
1606,Wide-Beam Optical Beacon-Based UAV Self-Positioning,Jabbari M.R.; Elamassie M.; Edemen C.; Uysal M.,2026,"SIU 2026 - 34th Signal Processing and Communications Applications Conference, Conference Proceedings",Scopus,10.1109/SIU71813.2026.11636447,INCLUDE,High,Meets all SLR inclusion criteria for GPS-denied localization/navigation algorithm and platform validation.,['UAV'],['Underground'],"['IMU', 'Radio/UWB']",[],True,False,resp_01606.json
1607,Accurate IMU Preintegration Using Switched Linear Systems For Autonomous Systems,Henawy J.; Li Z.; Yau W.Y.; Seet G.; Wan K.W.,2019,"2019 IEEE Intelligent Transportation Systems Conference, ITSC 2019",Scopus,10.1109/ITSC.2019.8917537,INCLUDE,High,Meets all SLR inclusion criteria for GPS-denied localization/navigation algorithm and platform validation.,['General Robotics'],['Urban'],"['Camera', 'IMU', 'LiDAR']",[],True,False,resp_01607.json
1608,Long-term aerial robot localization based on visual odometry and radio-based ranging,Perez-Grau F.J.; Fabresse F.R.; Caballero F.; Viguria A.; Ollero A.,2016,"2016 International Conference on Unmanned Aircraft Systems, ICUAS 2016",Scopus,10.1109/ICUAS.2016.7502653,INCLUDE,High,Meets all SLR inclusion criteria for GPS-denied localization/navigation algorithm and platform validation.,['General Robotics'],['Indoor'],"['Camera', 'Radio/UWB']",['Radio Ranging'],True,False,resp_01608.json
1609,GPS Denied UAV Routing with Communication Constraints,Manyam S.G.; Rathinam S.; Darbha S.; Casbeer D.; Cao Y.; Chandler P.,2016,Journal of Intelligent and Robotic Systems: Theory and Applications,Scopus,10.1007/s10846-016-0343-2,INCLUDE,High,Meets all SLR inclusion criteria for GPS-denied localization/navigation algorithm and platform validation.,['UAV'],['Unspecified'],['Radio/UWB'],[],True,False,resp_01609.json
1610,Adaptive sliding window factor graph optimization with multi-tag UWB/INS fusion for multirotor UAVs,Kim H.; Lee J.D.; Chang B.; Bang H.,2026,Aerospace Science and Technology,Scopus,10.1016/j.ast.2026.112683,INCLUDE,High,Meets all SLR inclusion criteria for GPS-denied localization/navigation algorithm and platform validation.,['UAV'],"['Indoor', 'Urban', 'Adversarial']","['IMU', 'Radio/UWB']","['Kalman Filtering', 'Factor Graph Optimization', 'Radio Ranging']",True,False,resp_01610.json
1611,Relative navigation of autonomous GPS-degraded micro air vehicles,Wheeler D.O.; Koch D.P.; Jackson J.S.; Ellingson G.J.; Nyholm P.W.; McLain T.W.; Beard R.W.,2020,Autonomous Robots,Scopus,10.1007/s10514-019-09899-4,INCLUDE,High,Meets all SLR inclusion criteria for GPS-denied localization/navigation algorithm and platform validation.,['General Robotics'],"['Indoor', 'Forest/Outdoor', 'Adversarial']",['Radio/UWB'],[],True,False,resp_01611.json
1612,Visual GPS-denied multi-agent localization & terrain classification,Chiel B.S.; Baillieul J.,2018,IEEE Aerospace Conference Proceedings,Scopus,10.1109/AERO.2018.8396392,INCLUDE,High,Meets all SLR inclusion criteria for GPS-denied localization/navigation algorithm and platform validation.,['UAV'],['Indoor'],"['Camera', 'IMU', 'Radio/UWB']",[],True,False,resp_01612.json
1613,Efficient WiFi LiDAR SLAM for Autonomous Robots in Large Environments,Ismail K.; Liu R.; Qin Z.; Athukorala A.; Lik Lau B.P.; Shalihan M.; Yuen C.; Tan U.-X.,2022,IEEE International Conference on Automation Science and Engineering,Scopus,10.1109/CASE49997.2022.9926530,INCLUDE,High,Meets all SLR inclusion criteria for GPS-denied localization/navigation algorithm and platform validation.,['UGV'],"['Indoor', 'Adversarial']","['LiDAR', 'Radio/UWB']",['SLAM'],True,False,resp_01613.json
1614,Control and monocular visual SLAM of nonholonomic mobile robots,Trujillo J.-C.; Munguia R.; Albarrán J.-C.; Arteaga M.,2025,European Journal of Control,Scopus,10.1016/j.ejcon.2024.101171,INCLUDE,High,Meets all SLR inclusion criteria for GPS-denied localization/navigation algorithm and platform validation.,['UGV'],"['Indoor', 'Forest/Outdoor']","['Camera', 'IMU']",['SLAM'],True,False,resp_01614.json
1615,An Optimization-Based Method for Relative Pose Estimation for Collaborating UAVs Using Observed Predefined Trajectories,Cetinkaya G.; Genc Y.,2026,Drones,Scopus,10.3390/drones10020135,INCLUDE,High,Meets all SLR inclusion criteria for GPS-denied localization/navigation algorithm and platform validation.,['UAV'],['Unspecified'],"['Camera', 'IMU', 'Radio/UWB']",['Factor Graph Optimization'],True,False,resp_01615.json
1616,Characterizing the Operating Envelope of an Anomaly-Aware Adaptive EKF for GNSS-Denied USV Formation Relative Localization,Tan L.; Zhang J.; Liu Y.; Zhang P.; Li X.,2026,Journal of Marine Science and Engineering,Scopus,10.3390/jmse14161490,INCLUDE,High,Meets all SLR inclusion criteria for GPS-denied localization/navigation algorithm and platform validation.,['USV/AUV'],['Unspecified'],"['IMU', 'Radio/UWB']","['Kalman Filtering', 'Radio Ranging']",True,False,resp_01616.json
1617,Relative multiplicative extended Kalman filter for observable GPS-denied navigation,Koch D.P.; Wheeler D.O.; Beard R.W.; McLain T.W.; Brink K.M.,2020,International Journal of Robotics Research,Scopus,10.1177/0278364920903094,INCLUDE,High,Meets all SLR inclusion criteria for GPS-denied localization/navigation algorithm and platform validation.,['UAV'],['Unspecified'],"['Camera', 'IMU', 'LiDAR', 'Radio/UWB']",['Kalman Filtering'],True,False,resp_01617.json
1618,Performance comparison of inertial measurement units fused with odometry in extended Kalman filter for dead-reckoning navigation,Carey K.; Abruzzo B.; Harvie D.P.; Korpela C.,2019,Proceedings of the ASME Design Engineering Technical Conference,Scopus,10.1115/DETC2019-98184,INCLUDE,High,Meets all SLR inclusion criteria for GPS-denied localization/navigation algorithm and platform validation.,['UGV'],['Unspecified'],"['IMU', 'Radio/UWB']",['Kalman Filtering'],True,False,resp_01618.json
1619,Robust Autonomous Flight in Constrained and Visually Degraded Shipboard Environments,Fang Z.; Yang S.; Jain S.; Dubey G.; Roth S.; Maeta S.; Nuske S.; Zhang Y.; Scherer S.,2017,Journal of Field Robotics,Scopus,10.1002/rob.21670,INCLUDE,High,Meets all SLR inclusion criteria for GPS-denied localization/navigation algorithm and platform validation.,['UAV'],['Adversarial'],"['Camera', 'LiDAR', 'Radio/UWB']",['Factor Graph Optimization'],True,False,resp_01619.json
1620,Research and Design of Precision-Landing Drone in an Underground GPS-Denied Environment,Racette J.; Dunaway C.; Escarcega M.; Montoya J.; Dinelli C.; Androulakis V.; Khaniani H.,2023,"AIAA Aviation and Aeronautics Forum and Exposition, AIAA AVIATION Forum 2023",Scopus,10.2514/6.2023-3625,INCLUDE,High,Meets all SLR inclusion criteria for GPS-denied localization/navigation algorithm and platform validation.,['UAV'],['Underground'],"['Camera', 'Radio/UWB']",[],True,False,resp_01620.json
1621,Distributed UAV Swarm Collaborative SLAM Based on Visual-Inertial-Ranging Measurement,Shou Y.; Song Z.; Qi H.; Li Z.; Chen W.,2025,Lecture Notes in Electrical Engineering,Scopus,10.1007/978-981-96-2220-7_18,INCLUDE,High,Meets all SLR inclusion criteria for GPS-denied localization/navigation algorithm and platform validation.,['UAV'],['Unspecified'],"['Camera', 'IMU', 'Radio/UWB']","['VIO', 'SLAM', 'Radio Ranging']",True,False,resp_01621.json
1622,Distance-Based Cooperative Relative Localization for Leader-Following Control of MAVs,Nguyen T.-M.; Qiu Z.; Nguyen T.H.; Cao M.; Xie L.,2019,IEEE Robotics and Automation Letters,Scopus,10.1109/LRA.2019.2926671,INCLUDE,High,Meets all SLR inclusion criteria for GPS-denied localization/navigation algorithm and platform validation.,['UAV'],['Unspecified'],"['IMU', 'Radio/UWB']",['Radio Ranging'],True,False,resp_01622.json
1623,Multi-sensor three-dimensional monte carlo localization for long-term aerial robot navigation,Perez-Grau F.J.; Caballero F.; Viguria A.; Ollero A.,2017,International Journal of Advanced Robotic Systems,Scopus,10.1177/1729881417732757,INCLUDE,High,Meets all SLR inclusion criteria for GPS-denied localization/navigation algorithm and platform validation.,['UAV'],"['Indoor', 'Urban']","['Camera', 'IMU', 'Radio/UWB']",[],True,False,resp_01623.json
1624,Precision mapping through the stereo vision and geometric transformations in unknown environments,Petrakis G.; Antonopoulos A.; Tripolitsiotis A.; Trigkakis D.; Partsinevelos P.,2023,Earth Science Informatics,Scopus,10.1007/s12145-023-00972-2,INCLUDE,High,Meets all SLR inclusion criteria for GPS-denied localization/navigation algorithm and platform validation.,['UAV'],"['Indoor', 'Urban', 'Forest/Outdoor', 'Adversarial']","['Camera', 'IMU', 'LiDAR', 'Radio/UWB']","['SLAM', 'Factor Graph Optimization']",True,False,resp_01624.json
1625,Detecting GNSS spoofing and Re-localization on UAV based on imagery matching,Liu R.; Liu H.; Meng X.; Li T.; Hancock C.M.,2025,Measurement Science and Technology,Scopus,10.1088/1361-6501/ad8be9,INCLUDE,High,Meets all SLR inclusion criteria for GPS-denied localization/navigation algorithm and platform validation.,['UAV'],['Adversarial'],"['Camera', 'Radio/UWB']",['Deep Learning'],True,False,resp_01625.json
1626,AprilTag-Guided Autonomous Precision Landing System for UAV-Quadcopter Using HuskyLens AI Camera,Wiyagi R.O.; Tryatmojo B.S.; Basith S.A.; Handoko H.T.G.; Hasani M.R.A.; Mustar M.Y.,2025,ICE3IS 2025 - Conference Proceedings: 5th International Conference on Electronic and Electrical Engineering and Intelligent System,Scopus,10.1109/ICE3IS66769.2025.11281319,INCLUDE,High,Meets all SLR inclusion criteria for GPS-denied localization/navigation algorithm and platform validation.,['UAV'],['Unspecified'],"['Camera', 'IMU']",['Radio Ranging'],True,False,resp_01626.json
1627,Disturbance-observer-based Finite-time Following Control With Wind Resistance Capability for Multiple GPS-denied UAVs,Hwang C.-L.; Li C.-Y.; Wu C.-W.,2025,"International Journal of Control, Automation and Systems",Scopus,10.1007/s12555-025-0243-y,INCLUDE,High,Meets all SLR inclusion criteria for GPS-denied localization/navigation algorithm and platform validation.,['UAV'],"['Indoor', 'Urban']",['IMU'],['VIO'],True,False,resp_01627.json
1628,Optical Flow-Based Visual Estimation of Translational Displacement Using a Raspberry Pi® Embedded Computer,Mota López B.J.; Delgado Reyes G.; Hernández Pérez M.A.; Carpio Santamaria F.A.; Marquez Dominguez S.,2025,"2025 Mexican International Conference on Computer Science, ENC 2025",Scopus,10.1109/ENC68268.2025.11311932,INCLUDE,High,Meets all SLR inclusion criteria for GPS-denied localization/navigation algorithm and platform validation.,['UAV'],['Indoor'],"['Camera', 'IMU']",[],True,False,resp_01628.json
1629,"Probabilistic graphical fusion of LiDAR, GPS, and 3D building maps for urban UAV navigation",Chen D.; Gao G.X.,2019,"Navigation, Journal of the Institute of Navigation",Scopus,10.1002/navi.298,INCLUDE,High,Meets all SLR inclusion criteria for GPS-denied localization/navigation algorithm and platform validation.,['UAV'],"['Indoor', 'Urban', 'Adversarial']",['LiDAR'],['Radio Ranging'],True,False,resp_01629.json
1630,Integrated navigation design using a gimbaled vision/liDAR system with an approximate ground description model,Yun S.; Lee Y.J.; Kim C.J.; Sung S.,2014,International Journal of Aeronautical and Space Sciences,Scopus,10.5139/IJASS.2013.14.4.369,INCLUDE,High,Meets all SLR inclusion criteria for GPS-denied localization/navigation algorithm and platform validation.,['General Robotics'],['Urban'],"['IMU', 'LiDAR']",['Kalman Filtering'],True,False,resp_01630.json
1631,Performance Evaluation of AI-Enabled Autonomous Drone Navigation Systems Using Computer Vision,Gali S.; Zabeen S.A.; Manasa J.; Yasmin S.; Manisha V.; Nagamani V.,2026,"Proceedings of 3rd International Conference on Machine Learning and Autonomous Systems, ICMLAS 2026",Scopus,10.1109/ICMLAS67792.2026.11483799,INCLUDE,High,Meets all SLR inclusion criteria for GPS-denied localization/navigation algorithm and platform validation.,['UAV'],"['Indoor', 'Forest/Outdoor']","['Camera', 'IMU', 'Radio/UWB']","['Deep Learning', 'Factor Graph Optimization']",True,False,resp_01631.json
1632,A GPS-Free Air Vehicle On-Board Positioning Mechanism Applying Feature Matching Technique,Hsieh C.-Y.; Wang Y.-S.,2024,AIAA/IEEE Digital Avionics Systems Conference - Proceedings,Scopus,10.1109/DASC62030.2024.10748867,INCLUDE,High,Meets all SLR inclusion criteria for GPS-denied localization/navigation algorithm and platform validation.,['UAV'],['Unspecified'],"['Camera', 'IMU']",['Factor Graph Optimization'],True,False,resp_01632.json
1633,Effects of velocity and known pose injection rate on scan matching 2D slam accuracy,Moleski T.W.; Wilhelm J.P.,2021,AIAA Scitech 2021 Forum,Scopus,10.2514/6.2021-1582,INCLUDE,High,Meets all SLR inclusion criteria for GPS-denied localization/navigation algorithm and platform validation.,['UAV'],['Urban'],"['IMU', 'LiDAR', 'Radio/UWB']",['SLAM'],True,False,resp_01633.json
1634,Landmark-based distributed topological mapping and navigation in GPS-denied urban environments using teams of low-cost robots,Teymouri M.S.; Bhattacharya S.,2024,Autonomous Agents and Multi-Agent Systems,Scopus,10.1007/s10458-024-09635-y,INCLUDE,High,Meets all SLR inclusion criteria for GPS-denied localization/navigation algorithm and platform validation.,['General Robotics'],"['Indoor', 'Urban']","['IMU', 'Radio/UWB']",[],True,False,resp_01634.json
1635,Kalman Filter-Based Drift Detection and Mitigation of Visual-Inertial Odometry in UAVs,Ibrahimov R.; Yang T.; Mueller M.W.,2025,Proceedings of the American Control Conference,Scopus,10.23919/ACC63710.2025.11107817,INCLUDE,High,Meets all SLR inclusion criteria for GPS-denied localization/navigation algorithm and platform validation.,['UAV'],['Unspecified'],"['Camera', 'IMU']","['VIO', 'Kalman Filtering']",True,False,resp_01635.json
1636,Comparative analysis of ros-based centralized methods for conducting collaborative monocular visual slam using a pair of uavs,Abbyasov B.; Lavrenov R.; Zakiev A.; Tsoy T.; Magid E.; Svinin M.; Martínez-García E.A.,2020,"Robots in Human Life- Proceedings of the 23rd International Conference on Climbing and Walking Robots and the Support Technologies for Mobile Machines, CLAWAR 2020",Scopus,10.13180/clawar.2020.24-26.08.12,INCLUDE,High,Meets all SLR inclusion criteria for GPS-denied localization/navigation algorithm and platform validation.,['UAV'],['Unspecified'],"['Camera', 'IMU', 'LiDAR', 'Radio/UWB']",['SLAM'],True,False,resp_01636.json
1637,Virtual testbed for monocular visual navigation of small unmanned aircraft systems,Kim K.; Leishman R.C.; Nykl S.L.,2022,Journal of Defense Modeling and Simulation,Scopus,10.1177/1548512920954545,INCLUDE,High,Meets all SLR inclusion criteria for GPS-denied localization/navigation algorithm and platform validation.,['General Robotics'],"['Forest/Outdoor', 'Adversarial']","['Camera', 'IMU', 'Radio/UWB']",['SLAM'],True,False,resp_01637.json
1638,A GNSS/INS/LiDAR Integration Scheme for UAV-Based Navigation in GNSS-Challenging Environments,Elamin A.; Abdelaziz N.; El-Rabbany A.,2022,Sensors,Scopus,10.3390/s22249908,INCLUDE,High,Meets all SLR inclusion criteria for GPS-denied localization/navigation algorithm and platform validation.,['UAV'],['Forest/Outdoor'],"['Camera', 'IMU', 'LiDAR', 'Radio/UWB']",['SLAM'],True,False,resp_01638.json
1639,Adaptive Data-Driven Estimation for Simultaneous Localization and Dynamic Signal Mapping in GNSS-Denied Vehicular Networks,D'Alfonso L.; Fedele G.; Tropea M.; De Rango F.,2026,"12th 2026 International Conference on Control, Decision and Information Technologies, CoDIT 2026",Scopus,10.1109/CoDIT70676.2026.11631000,INCLUDE,High,Meets all SLR inclusion criteria for GPS-denied localization/navigation algorithm and platform validation.,['General Robotics'],['Indoor'],"['IMU', 'Radio/UWB']",['Kalman Filtering'],True,False,resp_01639.json
1640,Automatic landing of a low-cost quadrotor using monocular vision and Kalman filter in GPS-denied environments,Sani M.F.; Shoaran M.; Karimian G.,2019,Turkish Journal of Electrical Engineering and Computer Sciences,Scopus,10.3906/elk-1809-204,INCLUDE,High,Meets all SLR inclusion criteria for GPS-denied localization/navigation algorithm and platform validation.,['UAV'],['Unspecified'],"['Camera', 'IMU']",['Kalman Filtering'],True,False,resp_01640.json
1641,Landmark Aided GPS-Denied Navigation for Orchards and Vineyards,Costley A.; Christensen R.,2020,"2020 IEEE/ION Position, Location and Navigation Symposium, PLANS 2020",Scopus,10.1109/PLANS46316.2020.9110130,INCLUDE,High,Meets all SLR inclusion criteria for GPS-denied localization/navigation algorithm and platform validation.,['General Robotics'],['Unspecified'],[],[],True,False,resp_01641.json
1642,UAV based target finding and tracking in GPS-denied and cluttered environments,Vanegas F.; Campbell D.; Eich M.; Gonzalez F.,2016,IEEE International Conference on Intelligent Robots and Systems,Scopus,10.1109/IROS.2016.7759360,INCLUDE,High,Meets all SLR inclusion criteria for GPS-denied localization/navigation algorithm and platform validation.,['UAV'],['Unspecified'],['Radio/UWB'],[],True,False,resp_01642.json
1643,Visual Odometry Using Pixel Processor Arrays for Unmanned Aerial Systems in GPS Denied Environments,McConville A.; Bose L.; Clarke R.; Mayol-Cuevas W.; Chen J.; Greatwood C.; Carey S.; Dudek P.; Richardson T.,2020,Frontiers in Robotics and AI,Scopus,10.3389/frobt.2020.00126,INCLUDE,High,Meets all SLR inclusion criteria for GPS-denied localization/navigation algorithm and platform validation.,['UAV'],"['Indoor', 'Urban', 'Forest/Outdoor', 'Adversarial']","['Camera', 'Radio/UWB']",[],True,False,resp_01643.json
1644,A direct visual servoing-based framework for the 2016 IROS Autonomous Drone Racing Challenge,Jung S.; Cho S.; Lee D.; Lee H.; Shim D.H.,2018,Journal of Field Robotics,Scopus,10.1002/rob.21743,INCLUDE,High,Meets all SLR inclusion criteria for GPS-denied localization/navigation algorithm and platform validation.,['UAV'],"['Indoor', 'Urban']","['Camera', 'Radio/UWB']",[],True,False,resp_01644.json
1645,Cooperative Navigation for Cross-Platform Dual-SINS Based on Relative Range and Angle Measurements,Lai J.; Qin S.; Li X.; Zheng J.; Tan W.; Zhao Y.,2026,Sensors,Scopus,10.3390/s26144450,INCLUDE,High,Meets all SLR inclusion criteria for GPS-denied localization/navigation algorithm and platform validation.,['General Robotics'],['Unspecified'],"['IMU', 'Radio/UWB']",[],True,False,resp_01645.json
1646,Adaptive Visual-Inertial Navigation for Fixed-Wing Aircraft Landing in GPS-Denied Condition,Lei Z.; Xiaogang S.; Guanfeng Y.; Yanhong L.; Zhengjun Z.,2022,Lecture Notes in Electrical Engineering,Scopus,10.1007/978-981-15-8155-7_222,INCLUDE,High,Meets all SLR inclusion criteria for GPS-denied localization/navigation algorithm and platform validation.,['General Robotics'],['Unspecified'],"['Camera', 'IMU', 'Radio/UWB']","['VIO', 'Factor Graph Optimization']",True,False,resp_01646.json
1647,UAV Positioning Using GNSS: A Review of the Current Status,Jiang C.; Zhou X.; Chen H.; Liu T.,2026,Drones,Scopus,10.3390/drones10020091,INCLUDE,High,Meets all SLR inclusion criteria for GPS-denied localization/navigation algorithm and platform validation.,['UAV'],['Urban'],"['Camera', 'IMU', 'LiDAR', 'Radio/UWB']",['Radio Ranging'],True,False,resp_01647.json
1648,IoT-based Vehicle Localization in GNSS-denied Environments,Mao G.; Wang K.; Zhang Z.; Fu T.; Qu X.,2024,"Proceedings - IEEE Global Communications Conference, GLOBECOM",Scopus,10.1109/GLOBECOM52923.2024.10901508,INCLUDE,High,Meets all SLR inclusion criteria for GPS-denied localization/navigation algorithm and platform validation.,['General Robotics'],['Unspecified'],"['Camera', 'IMU']",['Kalman Filtering'],True,False,resp_01648.json
1649,SLAM-Enabled Autonomous Blimp for UAV Applications,Chaitanya D.; Reddy M.N.; Shaju V.M.; Bharadwaz P.J.; Jayanth B.S.; Bukya M.,2025,"Proceedings - International Conference on Next Generation Communication and Information Processing, INCIP 2025",Scopus,10.1109/INCIP64058.2025.11019707,INCLUDE,High,Meets all SLR inclusion criteria for GPS-denied localization/navigation algorithm and platform validation.,['UAV'],['Unspecified'],"['Camera', 'IMU', 'Radio/UWB']","['VIO', 'SLAM']",True,False,resp_01649.json
1650,Autonomous Robotic System for Power Cable Tracking and Mapping Using Hybrid Localization in GPS-Denied and GPS-Rich Environments,Vohra M.; Althani T.,2025,"IEEE International Workshop on Robot and Human Communication, RO-MAN",Scopus,10.1109/RO-MAN63969.2025.11217718,INCLUDE,High,Meets all SLR inclusion criteria for GPS-denied localization/navigation algorithm and platform validation.,['General Robotics'],"['Underground', 'Forest/Outdoor']","['Camera', 'Radio/UWB']",['SLAM'],True,False,resp_01650.json
1651,Fusing stereo camera and low-cost inertial measurement unit for autonomous navigation in a tightly-coupled approach,Xian Z.; Hu X.; Lian J.,2015,Journal of Navigation,Scopus,10.1017/S0373463314000848,INCLUDE,High,Meets all SLR inclusion criteria for GPS-denied localization/navigation algorithm and platform validation.,['General Robotics'],['Forest/Outdoor'],"['Camera', 'IMU']","['VIO', 'Kalman Filtering']",True,False,resp_01651.json
1652,Development of test method for evaluation of UAS mobility capability in GNSS-denied environment,Yamada T.; Abe H.; Ogane K.; Kawabata K.,2023,ROBOMECH Journal,Scopus,10.1186/s40648-023-00251-1,INCLUDE,High,Meets all SLR inclusion criteria for GPS-denied localization/navigation algorithm and platform validation.,['General Robotics'],"['Indoor', 'Underground']",['Radio/UWB'],[],True,False,resp_01652.json
1653,A Novel Scene Matching Algorithm via Deep Learning for Vision-based UAV Absolute Localization,Ren Y.; Wang Z.,2022,"Proceedings - 2022 International Conference on Machine Learning, Cloud Computing and Intelligent Mining, MLCCIM 2022",Scopus,10.1109/MLCCIM55934.2022.00043,INCLUDE,High,Meets all SLR inclusion criteria for GPS-denied localization/navigation algorithm and platform validation.,['UAV'],['Adversarial'],"['Camera', 'Radio/UWB']",['Deep Learning'],True,False,resp_01653.json
1654,Relative navigation of fixed-wing aircraft in GPS-denied environments,Ellingson G.; Brink K.; McLain T.,2020,"Navigation, Journal of the Institute of Navigation",Scopus,10.1002/navi.364,INCLUDE,High,Meets all SLR inclusion criteria for GPS-denied localization/navigation algorithm and platform validation.,['General Robotics'],['Urban'],"['Camera', 'IMU', 'Radio/UWB']","['Kalman Filtering', 'Factor Graph Optimization']",True,False,resp_01654.json
1655,Centralized UAV Swarm Formation Estimation with Relative Bearing Measurements and Unreliable GPS,Akagi J.; Christensen R.S.; Harris M.W.,2020,"2020 IEEE/ION Position, Location and Navigation Symposium, PLANS 2020",Scopus,10.1109/PLANS46316.2020.9110194,INCLUDE,High,Meets all SLR inclusion criteria for GPS-denied localization/navigation algorithm and platform validation.,['UAV'],['Urban'],"['Camera', 'LiDAR', 'Radio/UWB']",['Kalman Filtering'],True,False,resp_01655.json
1656,Deep Learning-Based Navigation System for Automatic Landing Approach of Fixed-Wing UAVs in GNSS-Denied Environments,Lin Y.-X.; Lai Y.-C.,2025,Aerospace,Scopus,10.3390/aerospace12040324,INCLUDE,High,Meets all SLR inclusion criteria for GPS-denied localization/navigation algorithm and platform validation.,['UAV'],['Adversarial'],"['Camera', 'IMU', 'Radio/UWB']",['Deep Learning'],True,False,resp_01656.json
1657,SafeNav: Safe Path Navigation using Landmark Based Localization in a GPS-denied Environment,Sapkota G.; Madria S.,2025,"Proceedings - 2025 IEEE 26th International Symposium on a World of Wireless, Mobile and Multimedia Networks, WoWMoM 2025",Scopus,10.1109/WoWMoM65615.2025.00045,INCLUDE,High,Meets all SLR inclusion criteria for GPS-denied localization/navigation algorithm and platform validation.,['General Robotics'],['Unspecified'],"['Camera', 'IMU']","['SLAM', 'Kalman Filtering']",True,False,resp_01657.json
1658,Rapid Initialization Method of Unmanned Aerial Vehicle Swarm Based on VIO-UWB in Satellite Denial Environment,Wang R.; Deng Z.,2024,Drones,Scopus,10.3390/drones8070339,INCLUDE,High,Meets all SLR inclusion criteria for GPS-denied localization/navigation algorithm and platform validation.,['UAV'],"['Indoor', 'Underground']","['Camera', 'IMU', 'Radio/UWB']","['VIO', 'SLAM', 'Factor Graph Optimization', 'Radio Ranging']",True,False,resp_01658.json
1659,Drone-in-a-Box: A Precise Indoor Autonomous Docking System,Godio S.; Fernandes R.C.; Montecchiari L.; Al-Ali A.; Ashour R.; Oliveira F.; Tortorici C.,2026,"2026 International Conference on Unmanned Aircraft Systems, ICUAS 2026",Scopus,10.1109/ICUAS69441.2026.11598696,INCLUDE,High,Meets all SLR inclusion criteria for GPS-denied localization/navigation algorithm and platform validation.,['UAV'],['Indoor'],"['Camera', 'IMU', 'LiDAR', 'Radio/UWB']","['Kalman Filtering', 'Factor Graph Optimization', 'Radio Ranging']",True,False,resp_01659.json
1660,A Novel Ranging and IMU-Based Method for Relative Positioning of Two-MAV Formation in GNSS-Denied Environments,Cheng J.; Ren P.; Deng T.,2023,Sensors,Scopus,10.3390/s23094366,INCLUDE,High,Meets all SLR inclusion criteria for GPS-denied localization/navigation algorithm and platform validation.,['UAV'],['Adversarial'],"['IMU', 'Radio/UWB']","['Kalman Filtering', 'Radio Ranging']",True,False,resp_01660.json
1662,NLOS-Aware LiDAR–UWB Fusion Localization for UAV Inspection in Converter Valve Halls,Liu X.; Yin Y.; Zhang Y.; Wu K.; Zheng J.; Mei F.,2026,Technologies,Scopus,10.3390/technologies14070414,INCLUDE,High,Meets all SLR inclusion criteria for GPS-denied localization/navigation algorithm and platform validation.,['UAV'],['Indoor'],"['IMU', 'LiDAR', 'Radio/UWB']","['Factor Graph Optimization', 'Radio Ranging']",True,False,resp_01662.json
1663,Deep learning enabled localization for UAV autolanding,LI M.; HU T.,2021,Chinese Journal of Aeronautics,Scopus,10.1016/j.cja.2020.11.011,INCLUDE,High,Meets all SLR inclusion criteria for GPS-denied localization/navigation algorithm and platform validation.,['UAV'],['Unspecified'],['Radio/UWB'],"['VIO', 'Kalman Filtering', 'Deep Learning']",True,False,resp_01663.json
1664,Bridging GPS outages for fixed-wing Unmanned Aerial Vehicles,Zhao W.; Fang Z.; Li P.,2015,Journal of Navigation,Scopus,10.1017/S0373463314000599,INCLUDE,High,Meets all SLR inclusion criteria for GPS-denied localization/navigation algorithm and platform validation.,['UAV'],['Urban'],['IMU'],['Kalman Filtering'],True,False,resp_01664.json
1665,An Extended Kalman Filter-Based Simultaneous Localization and Mapping Algorithm for Omnidirectional Indoor Mobile Robot,Batayneh W.; Aburmaileh Y.; Bataineh A.; Khokhar A.,2023,International Review of Automatic Control,Scopus,10.15866/ireaco.v16i2.23401,INCLUDE,High,Meets all SLR inclusion criteria for GPS-denied localization/navigation algorithm and platform validation.,['UGV'],['Indoor'],"['IMU', 'Radio/UWB']","['SLAM', 'Kalman Filtering']",True,False,resp_01665.json
1666,Vision-Based Formation Control for an Outdoor UAV Swarm With Hierarchical Architecture,Ma L.; Meng D.; Huang X.; Zhao S.,2023,IEEE Access,Scopus,10.1109/ACCESS.2023.3296603,INCLUDE,High,Meets all SLR inclusion criteria for GPS-denied localization/navigation algorithm and platform validation.,['UAV'],['Forest/Outdoor'],"['Camera', 'IMU']",['Deep Learning'],True,False,resp_01666.json
1667,Autonomous Mapping and Navigation Unit for Aerial Robots,Baiao J.; Prado D.; Soares L.; Soares G.; Vangasse A.; Cruz G.; Lima R.; Pimenta L.; Goncalves V.; Freitas G.,2025,"2025 IEEE International Conference on Advanced Robotics, ICAR 2025",Scopus,10.1109/ICAR65334.2025.11338655,INCLUDE,High,Meets all SLR inclusion criteria for GPS-denied localization/navigation algorithm and platform validation.,['UAV'],"['Urban', 'Forest/Outdoor']","['Camera', 'IMU', 'LiDAR']",['SLAM'],True,False,resp_01667.json
1668,A Semantic-Aided Fusion Localization Method for Intelligent Vehicles in GNSS-Denied Dynamic Environments,Wei K.; Li X.; Tian Z.; Ni P.; Sun Z.,2024,IEEE Transactions on Intelligent Vehicles,Scopus,10.1109/TIV.2024.3399809,INCLUDE,High,Meets all SLR inclusion criteria for GPS-denied localization/navigation algorithm and platform validation.,['General Robotics'],['Unspecified'],"['IMU', 'LiDAR', 'Radio/UWB']","['Deep Learning', 'Factor Graph Optimization']",True,False,resp_01668.json
1669,Toward autonomous uav localization via aerial image registration,Wang X.; Kealy A.; Li W.; Jelfs B.; Gilliam C.; May S.L.; Moran B.,2021,Electronics (Switzerland),Scopus,10.3390/electronics10040435,INCLUDE,High,Meets all SLR inclusion criteria for GPS-denied localization/navigation algorithm and platform validation.,['UAV'],['Unspecified'],['IMU'],[],True,False,resp_01669.json
1670,A pose estimation method for unmanned ground vehicles in GPS denied environments,Tamjidi A.; Ye C.,2012,Proceedings of SPIE - The International Society for Optical Engineering,Scopus,10.1117/12.920832,INCLUDE,High,Meets all SLR inclusion criteria for GPS-denied localization/navigation algorithm and platform validation.,['UGV'],['Unspecified'],"['Camera', 'IMU', 'LiDAR', 'Radio/UWB']","['SLAM', 'Kalman Filtering']",True,False,resp_01670.json
1671,Real-Time Cross-View Image Matching and Camera Pose Determination for Unmanned Aerial Vehicles,Chen L.; Wu B.; Duan R.; Chen Z.,2024,Photogrammetric Engineering and Remote Sensing,Scopus,10.14358/PERS.23-00073R2,INCLUDE,High,Meets all SLR inclusion criteria for GPS-denied localization/navigation algorithm and platform validation.,['UAV'],['Unspecified'],['Camera'],[],True,False,resp_01671.json
1672,Radar-Aided Navigation System for Small Drones in GPS-Denied Environments,Klein K.T.J.; Uysal F.; Cuenca M.C.; Otten M.P.G.; De Wit J.J.M.,2021,IEEE National Radar Conference - Proceedings,Scopus,10.1109/RadarConf2147009.2021.9455317,INCLUDE,High,Meets all SLR inclusion criteria for GPS-denied localization/navigation algorithm and platform validation.,['UAV'],['Urban'],"['IMU', 'Radio/UWB', 'Radar']",[],True,False,resp_01672.json
1673,A 3 points vision based approach for MAV localization in GPS denied environments,Troiani C.; Zanati S.A.; Martinelli A.,2013,"2013 European Conference on Mobile Robots, ECMR 2013 - Conference Proceedings",Scopus,10.1109/ECMR.2013.6698811,INCLUDE,High,Meets all SLR inclusion criteria for GPS-denied localization/navigation algorithm and platform validation.,['UAV'],['Underground'],"['Camera', 'IMU', 'Radio/UWB']",[],True,False,resp_01673.json
1674,A Low-Cost Doppler-Based Spectrum Monitoring and Interference Localization System for Public Safety in GPS-Denied Environments,Huang C.H.,2026,"Journal of Aeronautics, Astronautics and Aviation",Scopus,10.6125/JoAAA.202604_58(4).01,INCLUDE,High,Meets all SLR inclusion criteria for GPS-denied localization/navigation algorithm and platform validation.,['UAV'],['Adversarial'],"['IMU', 'Radio/UWB']",[],True,False,resp_01674.json
1675,Research on Initial Relative Position Determination Method for Unmanned Aerial Vehicles with Range-Only Measurements in GNSS-Denied Environments,Cui X.; Ou L.; Zhuang Z.; Sun X.; Gong B.,2025,IFAC-PapersOnLine,Scopus,10.1016/j.ifacol.2025.11.320,INCLUDE,High,Meets all SLR inclusion criteria for GPS-denied localization/navigation algorithm and platform validation.,['UAV'],['Unspecified'],"['IMU', 'Radio/UWB']",['Radio Ranging'],True,False,resp_01675.json
1676,More Robust Features for Adaptive Visual Navigation of UAVs in Mixed Environments: A Novel Localisation Framework,Volkova A.; Gibbens P.W.,2018,Journal of Intelligent and Robotic Systems: Theory and Applications,Scopus,10.1007/s10846-017-0650-2,INCLUDE,High,Meets all SLR inclusion criteria for GPS-denied localization/navigation algorithm and platform validation.,['UAV'],"['Underground', 'Forest/Outdoor']",['Camera'],[],True,False,resp_01676.json
1677,Use of Information From the Digital Elevation Model in Autonomous Air Navigation Based on Image Odometry,Pizani Domiciano M.A.; Hideiti Shiguemori E.; Alberto Vieira Dias L.; Marques Da Cunha A.,2024,IEEE Geoscience and Remote Sensing Letters,Scopus,10.1109/LGRS.2024.3419925,INCLUDE,High,Meets all SLR inclusion criteria for GPS-denied localization/navigation algorithm and platform validation.,['UAV'],['Unspecified'],"['IMU', 'LiDAR', 'Radio/UWB', 'Sonar/DVL']",[],True,False,resp_01677.json
1678,Position and Orientation from Asynchronous Lidar in GNSS Denied Environments,Glennie C.; Haces-Garcia F.,2026,"ISPRS Annals of the Photogrammetry, Remote Sensing and Spatial Information Sciences",Scopus,10.5194/isprs-annals-XI-1-2026-151-2026,INCLUDE,High,Meets all SLR inclusion criteria for GPS-denied localization/navigation algorithm and platform validation.,['UAV'],['Unspecified'],"['IMU', 'LiDAR', 'Radio/UWB']",[],True,False,resp_01678.json
1679,Self-localization of unmanned aerial vehicles based on optical flow in onboard camera images,Walter V.; Novák T.; Saska M.,2018,Lecture Notes in Computer Science (including subseries Lecture Notes in Artificial Intelligence and Lecture Notes in Bioinformatics),Scopus,10.1007/978-3-319-76072-8_8,INCLUDE,High,Meets all SLR inclusion criteria for GPS-denied localization/navigation algorithm and platform validation.,['UAV'],"['Indoor', 'Urban', 'Forest/Outdoor']","['Camera', 'IMU', 'Radio/UWB']",['SLAM'],True,False,resp_01679.json
1680,Adaptive Visual-Inertial Fusion for GNSS-Denied Environments Using Factor Graph Optimization,Quan S.; Xie X.; Wu J.; Wang B.,2026,"38th Chinese Control and Decision Conference, CCDC 2026",Scopus,10.1109/CCDC69976.2026.11560181,INCLUDE,High,Meets all SLR inclusion criteria for GPS-denied localization/navigation algorithm and platform validation.,['General Robotics'],['Adversarial'],"['Camera', 'IMU', 'Radio/UWB']","['VIO', 'Kalman Filtering', 'Factor Graph Optimization']",True,False,resp_01680.json
1681,Cooperative relative navigation of multiple aircraft in global positioning system-denied/degraded environments,Ellingson G.; Brink K.; McLain T.,2020,Journal of Aerospace Information Systems,Scopus,10.2514/1.I010802,INCLUDE,High,Meets all SLR inclusion criteria for GPS-denied localization/navigation algorithm and platform validation.,['General Robotics'],['Adversarial'],"['Camera', 'IMU', 'Radio/UWB']",['VIO'],True,False,resp_01681.json
1682,Indoor Pedestrian-Following System by a Drone with Edge Computing and Neural Networks: Part 1 - System Design,Ryu I.-C.; Ham J.-I.; Park J.-O.; Joeng J.-W.; Kim S.-C.; Ahn H.-S.,2023,"International Conference on Control, Automation and Systems",Scopus,10.23919/ICCAS59377.2023.10316832,INCLUDE,High,Meets all SLR inclusion criteria for GPS-denied localization/navigation algorithm and platform validation.,['UAV'],['Indoor'],['Camera'],"['SLAM', 'Kalman Filtering', 'Deep Learning']",True,False,resp_01682.json
1683,"LIWO-SLAM: A LiDAR, IMU, and Wheel Odometry Simultaneous Localization and Mapping System for GNSS-Denied Environments Based on Factor Graph Optimization",Reitbauer E.; Schmied C.; Theurl F.; Wieser M.,2023,"Proceedings of the 36th International Technical Meeting of the Satellite Division of the Institute of Navigation, ION GNSS+ 2023",Scopus,10.33012/2023.19216,INCLUDE,High,Meets all SLR inclusion criteria for GPS-denied localization/navigation algorithm and platform validation.,['UGV'],"['Indoor', 'Underground']","['IMU', 'LiDAR']","['SLAM', 'Kalman Filtering', 'Factor Graph Optimization']",True,False,resp_01683.json
1684,Helicopter GNC system for autonomous landing by using a tether in a GPS denied scenario,Alarcon F.; Santamaria D.; Viguria A.; Ollero A.; Heredia G.,2015,"2015 International Conference on Unmanned Aircraft Systems, ICUAS 2015",Scopus,10.1109/ICUAS.2015.7152398,INCLUDE,High,Meets all SLR inclusion criteria for GPS-denied localization/navigation algorithm and platform validation.,['General Robotics'],['Urban'],[],[],True,False,resp_01684.json
1685,UWB/INS Positioning for USVs in Complex Environments: A Dual-LSTM Enhanced UKF Framework with Error Compensation,Yan X.; Yang X.; Xiang Z.,2026,IEEE Transactions on Mobile Computing,Scopus,10.1109/TMC.2026.3720790,INCLUDE,High,Meets all SLR inclusion criteria for GPS-denied localization/navigation algorithm and platform validation.,['USV/AUV'],['Urban'],"['IMU', 'Radio/UWB']","['Kalman Filtering', 'Radio Ranging']",True,False,resp_01685.json
1686,A Rotation and Scale Invariant Map Matching Method for UAV Visual Geolocalization,Liu Y.; Bai J.; Xiao Z.; Lian Y.; Jiao L.,2026,IEEE Journal of Selected Topics in Applied Earth Observations and Remote Sensing,Scopus,10.1109/JSTARS.2025.3639900,INCLUDE,High,Meets all SLR inclusion criteria for GPS-denied localization/navigation algorithm and platform validation.,['UAV'],"['Indoor', 'Urban']","['Camera', 'Radio/UWB']",['Deep Learning'],True,False,resp_01686.json
1687,Camera-based indoor navigation for service robots,D. Chugo; S. Yokota; S. Matsushima; K. Takase,2010,Proceedings of SICE Annual Conference 2010,IEEE_Xplore,,INCLUDE,High,Meets all SLR inclusion criteria for GPS-denied localization/navigation algorithm and platform validation.,['General Robotics'],"['Indoor', 'Urban']","['Camera', 'Radio/UWB']",[],True,False,resp_01687.json
1688,Pose estimation based on laser range finder for a quadrotor unmanned aerial vehicle in GPS-denied environment,X. Gu; B. Xian; F. Guo; Y. Zhang; X. Zhang,2013,Proceedings of the 32nd Chinese Control Conference,IEEE_Xplore,,INCLUDE,High,Meets all SLR inclusion criteria for GPS-denied localization/navigation algorithm and platform validation.,['UAV'],['Unspecified'],"['LiDAR', 'Radio/UWB']",[],True,False,resp_01688.json
1689,Mobile robot loop closing using monocular vision SLAM,K. -T. Song; L. -D. Yuan,2010,Proceedings of SICE Annual Conference 2010,IEEE_Xplore,,INCLUDE,High,Meets all SLR inclusion criteria for GPS-denied localization/navigation algorithm and platform validation.,['UGV'],['Indoor'],"['Camera', 'IMU']","['SLAM', 'Kalman Filtering']",True,False,resp_01689.json
1690,High Accuracy Robot Indoor Navigation Using Visible Light Positioning and LiDAR Fusion,W. Liang; S. Wen; L. Huang; W. Guan,2022,2022 Conference on Lasers and Electro-Optics (CLEO),IEEE_Xplore,,INCLUDE,High,Meets all SLR inclusion criteria for GPS-denied localization/navigation algorithm and platform validation.,['General Robotics'],['Indoor'],"['LiDAR', 'Radio/UWB']",['Radio Ranging'],True,False,resp_01690.json
1691,A novel terrain information measure for terrain-referenced underwater navigation,T. Kim; J. Kim,2017,OCEANS 2017 - Anchorage,IEEE_Xplore,,INCLUDE,High,Meets all SLR inclusion criteria for GPS-denied localization/navigation algorithm and platform validation.,['USV/AUV'],['Unspecified'],"['IMU', 'Sonar/DVL']",[],True,False,resp_01691.json
1692,Cooperative pedestrian tracking by multi-vehicles in GPS-denied environments,K. Kakinuma; M. Ozaki; M. Hashimoto; K. Takahashi,2012,2012 Proceedings of SICE Annual Conference (SICE),IEEE_Xplore,,INCLUDE,High,Meets all SLR inclusion criteria for GPS-denied localization/navigation algorithm and platform validation.,['General Robotics'],"['Indoor', 'Forest/Outdoor']","['IMU', 'LiDAR', 'Radio/UWB']","['SLAM', 'Kalman Filtering']",True,False,resp_01692.json
1693,Vision-based corridor path search of a mobile robot,Y. -J. Kim; J. -Y. Lee; M. S. Aldosari; M. S. Altokhais; J. -J. Lee,2011,"2011 11th International Conference on Control, Automation and Systems",IEEE_Xplore,,INCLUDE,High,Meets all SLR inclusion criteria for GPS-denied localization/navigation algorithm and platform validation.,['UGV'],"['Indoor', 'Underground']",['Camera'],[],True,False,resp_01693.json
1694,Deep reinforcement learning based intelligent agent for smart autonomous system of drone in GPS-denied environments,Doukhi O.; Fayjie A.R.; Hossain S.; Deok J.L.,2012,"7th Asian/Australian Rotorcraft Forum, ARF 2018",Scopus,,INCLUDE,High,Meets all SLR inclusion criteria for GPS-denied localization/navigation algorithm and platform validation.,['UAV'],['Unspecified'],"['IMU', 'LiDAR']",['Deep Learning'],True,False,resp_01694.json
1695,Application of vision-based particle filter and visual odometry for UAV localization,Jurevičius R.; Marcinkevičius V.,2017,Computer Science Research Notes,Scopus,,INCLUDE,High,Meets all SLR inclusion criteria for GPS-denied localization/navigation algorithm and platform validation.,['UAV'],['Unspecified'],"['Camera', 'Radio/UWB']",[],True,False,resp_01695.json
1696,Enabling Autonomous Navigation with Radar-Only Perception in GPS-Denied Environments,Kumar S.S.S.; Chhaya H.; Ramos H.; Longmire M.; Paquet J.; Brink K.,2026,"AIAA Science and Technology Forum and Exposition, AIAA SciTech Forum 2026",Scopus,,INCLUDE,High,Meets all SLR inclusion criteria for GPS-denied localization/navigation algorithm and platform validation.,['UAV'],['Unspecified'],"['Camera', 'LiDAR', 'Radio/UWB', 'Radar']",['Radio Ranging'],True,False,resp_01696.json
1697,Automation of UAV Navigation Support Based on SIFT-like Methods,Prystavkа P.; Cholyshkinа O.; Kovtun O.; Pryshchepa D.,2025,CEUR Workshop Proceedings,Scopus,,INCLUDE,High,Meets all SLR inclusion criteria for GPS-denied localization/navigation algorithm and platform validation.,['UAV'],['Unspecified'],"['Camera', 'IMU', 'Radio/UWB']",['Deep Learning'],True,False,resp_01697.json
1698,Autonomous UAV navigation in post-disaster environments using ORB-SLAM,Riabchun Y.; Koreniuk T.; Mazurenko R.; Dolya E.; Kotliarevskyi O.,2026,CEUR Workshop Proceedings,Scopus,,INCLUDE,High,Meets all SLR inclusion criteria for GPS-denied localization/navigation algorithm and platform validation.,['UAV'],['Adversarial'],"['Camera', 'IMU', 'Radio/UWB']",['SLAM'],True,False,resp_01698.json
1699,GNSS-independent navigation solution using integrated LiDAR data,Susca S.,2010,"Institute of Navigation - International Technical Meeting 2010, ITM 2010",Scopus,,INCLUDE,High,Meets all SLR inclusion criteria for GPS-denied localization/navigation algorithm and platform validation.,['USV/AUV'],"['Indoor', 'Underground', 'Urban']","['IMU', 'LiDAR', 'Radio/UWB']",[],True,False,resp_01699.json
1700,Autonomous navigation of UAV through GPS-denied indoor environment with obstacles,Nemati A.; Sarim M.; Hashemi M.; Schnipke E.; Reidling S.; Jeffers W.; Meiring J.; Sampathkumar P.; Kumar M.,2015,AIAA Infotech at Aerospace,Scopus,,INCLUDE,High,Meets all SLR inclusion criteria for GPS-denied localization/navigation algorithm and platform validation.,['UAV'],"['Indoor', 'Forest/Outdoor']","['Camera', 'IMU', 'Radio/UWB', 'Sonar/DVL']",[],True,False,resp_01700.json
1701,Development of an Indoor VIO-Based Navigation System for Unmanned Vehicles,Chen C.-H.; Lin J.-J.; Chen L.-H.; Song C.-C.,2026,Proceedings of International Conference on Artificial Life and Robotics,Scopus,,INCLUDE,High,Meets all SLR inclusion criteria for GPS-denied localization/navigation algorithm and platform validation.,['UAV'],['Indoor'],"['Camera', 'IMU', 'Radio/UWB']",['VIO'],True,False,resp_01701.json
1702,An integrated MEMS IMU/camera system for pedestrian navigation in GPS-denied environment,Huang B.; Du S.; Gao Y.,2011,"24th International Technical Meeting of the Satellite Division of the Institute of Navigation 2011, ION GNSS 2011",Scopus,,INCLUDE,High,Meets all SLR inclusion criteria for GPS-denied localization/navigation algorithm and platform validation.,['UAV'],"['Indoor', 'Urban', 'Adversarial']","['Camera', 'IMU']",['VIO'],True,False,resp_01702.json
1703,VISION-BASED LOCALISATION FOR AUTONOMOUS AERIAL NAVIGATION IN GNSS-DENIED SITUATIONS,Sabel D.; Maki A.; Westin T.; Åsvärn D.,2022,"33rd Congress of the International Council of the Aeronautical Sciences, ICAS 2022",Scopus,,INCLUDE,High,Meets all SLR inclusion criteria for GPS-denied localization/navigation algorithm and platform validation.,['UAV'],"['Indoor', 'Forest/Outdoor', 'Adversarial']","['Camera', 'Radio/UWB']",['Deep Learning'],True,False,resp_01703.json
1704,Cooperative Tracking and Navigation of Multi Aerial Vehicles in GPS-Denied Regions,Ovec N.T.; Leblebicioglu M.K.,2024,"AIAA Aviation Forum and ASCEND, 2024",Scopus,,INCLUDE,High,Meets all SLR inclusion criteria for GPS-denied localization/navigation algorithm and platform validation.,['UAV'],['Unspecified'],"['Camera', 'IMU', 'Radio/UWB']",[],True,False,resp_01704.json
1705,Autocalibration of a mobile UWB localization system for Ad-Hoc multi-robot deployments in GNSS-denied environments,Almansa C.M.; Shule W.; Queralta J.P.; Westerlund T.,2020,CEUR Workshop Proceedings,Scopus,,INCLUDE,High,Meets all SLR inclusion criteria for GPS-denied localization/navigation algorithm and platform validation.,"['UAV', 'UGV']",['Unspecified'],"['IMU', 'Radio/UWB']",['Radio Ranging'],True,False,resp_01705.json
1706,GPS DENIED - THE NEXT LEVEL IN AUTONOMOUS NAVIGATION TOWARDS FLYING WITHOUT GPS,Puhlfürst G.; Hess J.; Milz S.,2024,AUVSI XPONENTIAL 2024,Scopus,,INCLUDE,High,Meets all SLR inclusion criteria for GPS-denied localization/navigation algorithm and platform validation.,"['UAV', 'USV/AUV']",['Unspecified'],"['Camera', 'Radio/UWB']",[],True,False,resp_01706.json
1707,Evaluation of a Complementary Navigation Filter Steering a UAS Autopilot in a GNSS Contested Environment,Appleget A.; Watson J.; Gray J.; Leishman R.C.,2022,"35th International Technical Meeting of the Satellite Division of the Institute of Navigation, ION GNSS+ 2022",Scopus,,INCLUDE,High,Meets all SLR inclusion criteria for GPS-denied localization/navigation algorithm and platform validation.,['General Robotics'],['Unspecified'],"['Camera', 'IMU', 'Radio/UWB']",['Radio Ranging'],True,False,resp_01707.json
1708,An incremental slam algorithm for indoor autonomous navigation,Di Castro M.; Masi A.; Lunghi G.; Losito R.,2014,"20th IMEKO TC4 Symposium on Measurements of Electrical Quantities: Research on Electrical and Electronic Measurement for the Economic Upturn, Together with 18th TC4 International Workshop on ADC and DCA Modeling and Testing, IWADC 2014",Scopus,,INCLUDE,High,Meets all SLR inclusion criteria for GPS-denied localization/navigation algorithm and platform validation.,['General Robotics'],['Indoor'],"['IMU', 'LiDAR', 'Radio/UWB']",['SLAM'],True,False,resp_01708.json
1709,UAV circumnavigation under a GPS-denied environment: Algorithms and experiments,Cao Y.; Kingston D.; Rasmussen S.,2015,"AIAA Guidance, Navigation, and Control Conference 2015, MGNC 2015 - Held at the AIAA SciTech Forum 2015",Scopus,,INCLUDE,High,Meets all SLR inclusion criteria for GPS-denied localization/navigation algorithm and platform validation.,['UAV'],['Unspecified'],"['IMU', 'Radio/UWB']",[],True,False,resp_01709.json
1710,Autonomous marine navigation in Global Navigation Satellite System (GNSS) denied environments,Carter M.R.; West G.R.,2018,"RINA, Royal Institution of Naval Architects - Smart Ship Technology 2018, Papers",Scopus,,INCLUDE,High,Meets all SLR inclusion criteria for GPS-denied localization/navigation algorithm and platform validation.,['USV/AUV'],['Adversarial'],['Radio/UWB'],[],True,False,resp_01710.json
1711,A recovery system for SUAV operations in GPS-denied environments using timing advance measurements,Layh T.; Larson J.; Jackson J.; Taylor B.; Gebre-Egziabher D.,2015,"Institute of Navigation International Technical Meeting 2015, ITM 2015",Scopus,,INCLUDE,High,Meets all SLR inclusion criteria for GPS-denied localization/navigation algorithm and platform validation.,['UAV'],"['Underground', 'Urban']",['IMU'],[],True,False,resp_01711.json
1712,"Location determination of an unmanned aerial vehicle in a GPS-denied, Hazard-cluttered indoor environment",Sathyan A.; Kukreti S.; Sridhar S.; Kivelevitch E.,2015,AIAA Infotech at Aerospace,Scopus,,INCLUDE,High,Meets all SLR inclusion criteria for GPS-denied localization/navigation algorithm and platform validation.,['UAV'],['Indoor'],"['IMU', 'LiDAR']",['Kalman Filtering'],True,False,resp_01712.json
1713,Multisensor concept for autonomous navigation of unmanned systems in GNSS-denied environments,Gäbel M.; Kröger T.; Nowak S.; Meifarth J.; Bestmann U.,2017,"30th International Technical Meeting of the Satellite Division of the Institute of Navigation, ION GNSS 2017",Scopus,,INCLUDE,High,Meets all SLR inclusion criteria for GPS-denied localization/navigation algorithm and platform validation.,['UGV'],['Underground'],"['Camera', 'IMU', 'LiDAR', 'Radio/UWB']","['SLAM', 'Radio Ranging']",True,False,resp_01713.json
1714,Performance analysis and flight data results of innovative vision-based navigation in GPS-denied environment,Polle B.,2012,"25th International Technical Meeting of the Satellite Division of the Institute of Navigation 2012, ION GNSS 2012",Scopus,,INCLUDE,High,Meets all SLR inclusion criteria for GPS-denied localization/navigation algorithm and platform validation.,['UAV'],['Indoor'],"['Camera', 'IMU', 'Radio/UWB', 'Radar']","['VIO', 'SLAM']",True,False,resp_01714.json
1715,"Autonomous targeted flight of a rotary-wing micro aerial vehicle in indoor, GPS-denied environments",Potyagaylo S.; Rand O.,2014,"29th Congress of the International Council of the Aeronautical Sciences, ICAS 2014",Scopus,,INCLUDE,High,Meets all SLR inclusion criteria for GPS-denied localization/navigation algorithm and platform validation.,['UAV'],"['Indoor', 'Urban']","['IMU', 'LiDAR', 'Radio/UWB']",[],True,False,resp_01715.json
1716,Vision-based autonomous guidance approach for a nano unmanned aerial vehicle rotorcraft towards indoor flight environment,Wang G.; Li D.; Xu P.; Luo B.; Wang X.; Xu B.,2020,Vertical Flight Society's 76th Annual Forum and Technology Display,Scopus,,INCLUDE,High,Meets all SLR inclusion criteria for GPS-denied localization/navigation algorithm and platform validation.,['UAV'],"['Indoor', 'Urban']","['Camera', 'Radio/UWB']",[],True,False,resp_01716.json
1717,Inertial-aided vision-based localization and mapping in a riverine environment with reflection measurements,Yang J.; Dani A.; Chung S.-J.; Hutchinson S.,2013,"AIAA Guidance, Navigation, and Control (GNC) Conference",Scopus,,INCLUDE,High,Meets all SLR inclusion criteria for GPS-denied localization/navigation algorithm and platform validation.,['UAV'],['Urban'],"['Camera', 'IMU']",[],True,False,resp_01717.json
1718,On the consistency analyzing of A-SLAM for UAV navigating in GNSS denied environment,Oguz A.E.; Temeltas H.,2013,Acta Polytechnica Hungarica,Scopus,,INCLUDE,High,Meets all SLR inclusion criteria for GPS-denied localization/navigation algorithm and platform validation.,['UAV'],['Unspecified'],"['IMU', 'Radio/UWB']","['SLAM', 'Kalman Filtering']",True,False,resp_01718.json
