path,action,reason,size,files,ts
02_data_processed/screened_included.csv,DELETED,v1 screening (wrong criteria),783886,1,2026-09-16 07:58
02_data_processed/screened_excluded.csv,DELETED,v1 screening (wrong criteria),11237,1,2026-09-16 07:58
02_data_processed/screening_spreadsheet.xlsx,DELETED,v1 intermediate output,2279257,1,2026-09-16 07:58
02_data_processed/screening_summary.csv,DELETED,v1 summary,294,1,2026-09-16 07:58
02_data_processed/screening_audit.csv,DELETED,v1 audit,5671,1,2026-09-16 07:58
02_data_processed/summary.txt,DELETED,stale 2026-09-06 summary,289,1,2026-09-16 07:58
04_ai_responses/screening,DELETED,v1 screening responses (wrong schema),1349994,1719,2026-09-16 07:58
04_ai_responses/screening_results.jsonl,DELETED,v1 aggregate,211445,1,2026-09-16 07:58
04_ai_responses/screening_v2_calibration,DELETED,superseded by screening_calibration.jsonl,74838,1,2026-09-16 07:58
04_ai_responses/extraction,DELETED,"old extraction: no qa_* cols, wrong row count; Phase 7 will regenerate",2276038,1700,2026-09-16 07:58
03_prompts/screening_prompts,DELETED,v1 prompts (pre-criteria-v2),6056848,1719,2026-09-16 07:58
03_prompts/screening_prompts.jsonl,DELETED,v1 aggregate,5952844,1,2026-09-16 07:58
03_prompts/extraction_prompts.jsonl,DELETED,"old schema (1,692 lines, no qa_*)",5764186,1,2026-09-16 07:58
03_prompts\extraction_prompts\extraction_00001_BIM-Assisted_UAV_Topological_Localizatio.txt,DELETED,old extraction prompt (non-REC naming),3470,1,2026-09-16 07:58
03_prompts\extraction_prompts\extraction_00002_Comparison_of_Visual_Inertial_Odometry_u.txt,DELETED,old extraction prompt (non-REC naming),3266,1,2026-09-16 07:58
03_prompts\extraction_prompts\extraction_00003_Autonomous_Navigation_in_GPS-Denied_Envi.txt,DELETED,old extraction prompt (non-REC naming),3590,1,2026-09-16 07:58
03_prompts\extraction_prompts\extraction_00004_UAV_Navigation_and_Mission_Execution_in_.txt,DELETED,old extraction prompt (non-REC naming),2794,1,2026-09-16 07:58
03_prompts\extraction_prompts\extraction_00005_UAV_Swarm_Navigation_in_GNSS_Denied_Regi.txt,DELETED,old extraction prompt (non-REC naming),3173,1,2026-09-16 07:58
03_prompts\extraction_prompts\extraction_00006_A_Multi-Sensor_Fusion_Framework_for_Unma.txt,DELETED,old extraction prompt (non-REC naming),4097,1,2026-09-16 07:58
03_prompts\extraction_prompts\extraction_00007_BRISK-Driven_Visual_SLAM_Loop_Closure_fo.txt,DELETED,old extraction prompt (non-REC naming),3543,1,2026-09-16 07:58
03_prompts\extraction_prompts\extraction_00008_A_Framework_for_UAV_Navigation_and_Explo.txt,DELETED,old extraction prompt (non-REC naming),3768,1,2026-09-16 07:58
03_prompts\extraction_prompts\extraction_00009_Body-Centered_Dynamically-Tuned_Error-St.txt,DELETED,old extraction prompt (non-REC naming),3994,1,2026-09-16 07:58
03_prompts\extraction_prompts\extraction_00010_Autonomous_long-range_navigation_in_GNSS.txt,DELETED,old extraction prompt (non-REC naming),3174,1,2026-09-16 07:58
03_prompts\extraction_prompts\extraction_00011_Visual_Odometry_Inertial_Integration_for.txt,DELETED,old extraction prompt (non-REC naming),4455,1,2026-09-16 07:58
03_prompts\extraction_prompts\extraction_00012_Nonlinear_Model_Predictive_Control_for_S.txt,DELETED,old extraction prompt (non-REC naming),3351,1,2026-09-16 07:58
03_prompts\extraction_prompts\extraction_00013_Quantum-Enhanced_Drone_Swarm_Localizatio.txt,DELETED,old extraction prompt (non-REC naming),3476,1,2026-09-16 07:58
03_prompts\extraction_prompts\extraction_00014_EKF-Based_Multi-Sensor_Fusion_for_GPS-De.txt,DELETED,old extraction prompt (non-REC naming),3589,1,2026-09-16 07:58
03_prompts\extraction_prompts\extraction_00015_A_Comparative_Analysis_of_LiDAR_SLAM-Bas.txt,DELETED,old extraction prompt (non-REC naming),3900,1,2026-09-16 07:58
03_prompts\extraction_prompts\extraction_00016_Artificial_Landmark-based_Indoor_Navigat.txt,DELETED,old extraction prompt (non-REC naming),3358,1,2026-09-16 07:58
03_prompts\extraction_prompts\extraction_00017_Development_of_Nano_UAV_Platform_for_Nav.txt,DELETED,old extraction prompt (non-REC naming),3223,1,2026-09-16 07:58
03_prompts\extraction_prompts\extraction_00018_An_Integrated_System_Using_Federated_Kal.txt,DELETED,old extraction prompt (non-REC naming),3543,1,2026-09-16 07:58
03_prompts\extraction_prompts\extraction_00019_Efficient_Autonomous_Navigation_in_Dynam.txt,DELETED,old extraction prompt (non-REC naming),3482,1,2026-09-16 07:58
03_prompts\extraction_prompts\extraction_00020_Experimental_Analysis_of_Gmapping_SLAM_A.txt,DELETED,old extraction prompt (non-REC naming),3212,1,2026-09-16 07:58
03_prompts\extraction_prompts\extraction_00021_Autonomous_Drone_Indoor_Navigation_Based.txt,DELETED,old extraction prompt (non-REC naming),2897,1,2026-09-16 07:58
03_prompts\extraction_prompts\extraction_00022_Distance-based_Autonomous_Docking_for_UA.txt,DELETED,old extraction prompt (non-REC naming),3195,1,2026-09-16 07:58
03_prompts\extraction_prompts\extraction_00023_Autonomous_Aerial_Navigation_in_GPS-Deni.txt,DELETED,old extraction prompt (non-REC naming),3300,1,2026-09-16 07:58
03_prompts\extraction_prompts\extraction_00024_Demonstration_of_Radio_SLAM_with_Terrest.txt,DELETED,old extraction prompt (non-REC naming),3509,1,2026-09-16 07:58
03_prompts\extraction_prompts\extraction_00025_Design_of_an_UWB_indoor-positioning_syst.txt,DELETED,old extraction prompt (non-REC naming),3788,1,2026-09-16 07:58
03_prompts\extraction_prompts\extraction_00026_An_Autonomous_Inspection_and_Navigation_.txt,DELETED,old extraction prompt (non-REC naming),3384,1,2026-09-16 07:58
03_prompts\extraction_prompts\extraction_00027_Autonomous_Indoor_Navigation_for_Visuall.txt,DELETED,old extraction prompt (non-REC naming),3374,1,2026-09-16 07:58
03_prompts\extraction_prompts\extraction_00028_UAV_Waypoint_Opportunistic_Navigation_in.txt,DELETED,old extraction prompt (non-REC naming),4044,1,2026-09-16 07:58
03_prompts\extraction_prompts\extraction_00029_A_Dataset_for_Robot_Navigation_in_GNSS-D.txt,DELETED,old extraction prompt (non-REC naming),3444,1,2026-09-16 07:58
03_prompts\extraction_prompts\extraction_00030_Robot_UAV_Indoor_Visual_SLAM_in_Smart_Ci.txt,DELETED,old extraction prompt (non-REC naming),4084,1,2026-09-16 07:58
03_prompts\extraction_prompts\extraction_00031_Real-Time_SLAM_Based_on_Image_Stitching_.txt,DELETED,old extraction prompt (non-REC naming),3123,1,2026-09-16 07:58
03_prompts\extraction_prompts\extraction_00032_Autonomous_Navigation_Systems_in_GPS-Den.txt,DELETED,old extraction prompt (non-REC naming),4803,1,2026-09-16 07:58
03_prompts\extraction_prompts\extraction_00033_BRM_Localization__UAV_Localization_in_GN.txt,DELETED,old extraction prompt (non-REC naming),3659,1,2026-09-16 07:58
03_prompts\extraction_prompts\extraction_00034_The_development_of_the_modular_autonomou.txt,DELETED,old extraction prompt (non-REC naming),3207,1,2026-09-16 07:58
03_prompts\extraction_prompts\extraction_00035_State_Estimation_and_Control_for_Micro_A.txt,DELETED,old extraction prompt (non-REC naming),3016,1,2026-09-16 07:58
03_prompts\extraction_prompts\extraction_00036_Artificial_Intelligence-Driven_Innovatio.txt,DELETED,old extraction prompt (non-REC naming),3284,1,2026-09-16 07:58
03_prompts\extraction_prompts\extraction_00037_Deep_Visual_Localization_for_UAVs_in_GNS.txt,DELETED,old extraction prompt (non-REC naming),3357,1,2026-09-16 07:58
03_prompts\extraction_prompts\extraction_00038_Autonomous_Aerial_Ground_Cooperative_Nav.txt,DELETED,old extraction prompt (non-REC naming),3424,1,2026-09-16 07:58
03_prompts\extraction_prompts\extraction_00039_A_Novel_Geolocalization_Algorithm_for_UA.txt,DELETED,old extraction prompt (non-REC naming),3381,1,2026-09-16 07:58
03_prompts\extraction_prompts\extraction_00040_A_Centralized_Cooperative_SLAM_System_fo.txt,DELETED,old extraction prompt (non-REC naming),3494,1,2026-09-16 07:58
03_prompts\extraction_prompts\extraction_00041_UAV_Navigation_With_Monocular_Visual_Ine.txt,DELETED,old extraction prompt (non-REC naming),4763,1,2026-09-16 07:58
03_prompts\extraction_prompts\extraction_00042_A_Hierarchical_Clustered_Relative_Locali.txt,DELETED,old extraction prompt (non-REC naming),3664,1,2026-09-16 07:58
03_prompts\extraction_prompts\extraction_00043_Robust_Sensor_Fusion_for_Autonomous_UAV_.txt,DELETED,old extraction prompt (non-REC naming),3626,1,2026-09-16 07:58
03_prompts\extraction_prompts\extraction_00044_ORBSLAM2_and_Point_Cloud_Processing_Towa.txt,DELETED,old extraction prompt (non-REC naming),3506,1,2026-09-16 07:58
03_prompts\extraction_prompts\extraction_00045_An_Aerial_Ground_Robot_Team_for_Autonomo.txt,DELETED,old extraction prompt (non-REC naming),3718,1,2026-09-16 07:58
03_prompts\extraction_prompts\extraction_00046_Localisation_and_mapping_in_GPS-denied_e.txt,DELETED,old extraction prompt (non-REC naming),3222,1,2026-09-16 07:58
03_prompts\extraction_prompts\extraction_00047_Sensor_Fusion_for_Octagon___an_Indoor_an.txt,DELETED,old extraction prompt (non-REC naming),4068,1,2026-09-16 07:58
03_prompts\extraction_prompts\extraction_00048_Experimental_study_on_using_visual_odome.txt,DELETED,old extraction prompt (non-REC naming),2891,1,2026-09-16 07:58
03_prompts\extraction_prompts\extraction_00049_High-Precision_Self-Calibration_for_USV_.txt,DELETED,old extraction prompt (non-REC naming),3442,1,2026-09-16 07:58
03_prompts\extraction_prompts\extraction_00050_Conditional_Probabilistic_Relative_Visua.txt,DELETED,old extraction prompt (non-REC naming),3633,1,2026-09-16 07:58
03_prompts\extraction_prompts\extraction_00051_Motion_State_Classification_for_Drone_Lo.txt,DELETED,old extraction prompt (non-REC naming),3268,1,2026-09-16 07:58
03_prompts\extraction_prompts\extraction_00052_Multi-UAV_Cooperative_Localization_with_.txt,DELETED,old extraction prompt (non-REC naming),4155,1,2026-09-16 07:58
03_prompts\extraction_prompts\extraction_00053_Vision-based_Navigation_of_Unmanned_Aeri.txt,DELETED,old extraction prompt (non-REC naming),3384,1,2026-09-16 07:58
03_prompts\extraction_prompts\extraction_00054_Mecanum-Wheeled_Autonomous_Mobile_Robot_.txt,DELETED,old extraction prompt (non-REC naming),3686,1,2026-09-16 07:58
03_prompts\extraction_prompts\extraction_00055_Design_and_Development_of_Autonomous_Mob.txt,DELETED,old extraction prompt (non-REC naming),3451,1,2026-09-16 07:58
03_prompts\extraction_prompts\extraction_00056_Stable_Cycles_for_Underwater_Navigation.txt,DELETED,old extraction prompt (non-REC naming),3157,1,2026-09-16 07:58
03_prompts\extraction_prompts\extraction_00057_ROS_unity__An_efficient_high-fidelity_3D.txt,DELETED,old extraction prompt (non-REC naming),3570,1,2026-09-16 07:58
03_prompts\extraction_prompts\extraction_00058_Autonomous_UAV_Navigation_and_Real-Time_.txt,DELETED,old extraction prompt (non-REC naming),3700,1,2026-09-16 07:58
03_prompts\extraction_prompts\extraction_00059_An_investigation_of_the_use_of_Kinect_se.txt,DELETED,old extraction prompt (non-REC naming),3305,1,2026-09-16 07:58
03_prompts\extraction_prompts\extraction_00060_A_High_Precision_Autonomous_Navigation_A.txt,DELETED,old extraction prompt (non-REC naming),3502,1,2026-09-16 07:58
03_prompts\extraction_prompts\extraction_00061_RANGE_-_robust_autonomous_navigation_in_.txt,DELETED,old extraction prompt (non-REC naming),3146,1,2026-09-16 07:58
03_prompts\extraction_prompts\extraction_00062_Multi-robot_cooperative_navigation_with_.txt,DELETED,old extraction prompt (non-REC naming),3408,1,2026-09-16 07:58
03_prompts\extraction_prompts\extraction_00063_Enhanced_V-SLAM_combining_SVO_and_ORB-SL.txt,DELETED,old extraction prompt (non-REC naming),3736,1,2026-09-16 07:58
03_prompts\extraction_prompts\extraction_00064_Positioning_and_Navigation_Approaches_Us.txt,DELETED,old extraction prompt (non-REC naming),3773,1,2026-09-16 07:58
03_prompts\extraction_prompts\extraction_00065_Autonomous_Drones_in_GNSS-Denied_Environ.txt,DELETED,old extraction prompt (non-REC naming),3357,1,2026-09-16 07:58
03_prompts\extraction_prompts\extraction_00066_Real_Time_Vision_Based_Obstacle_Avoidanc.txt,DELETED,old extraction prompt (non-REC naming),3471,1,2026-09-16 07:58
03_prompts\extraction_prompts\extraction_00067_Submap-Based_Indoor_Navigation_System_fo.txt,DELETED,old extraction prompt (non-REC naming),3784,1,2026-09-16 07:58
03_prompts\extraction_prompts\extraction_00068_Efficient_Analog_Ultrasonic_Detection_fo.txt,DELETED,old extraction prompt (non-REC naming),3465,1,2026-09-16 07:58
03_prompts\extraction_prompts\extraction_00069_SonarLite__a_Compact_Analog_Sensing_Syst.txt,DELETED,old extraction prompt (non-REC naming),3412,1,2026-09-16 07:58
03_prompts\extraction_prompts\extraction_00070_Implementing_indoor_navigation_of_a_mobi.txt,DELETED,old extraction prompt (non-REC naming),3202,1,2026-09-16 07:58
03_prompts\extraction_prompts\extraction_00071_Radar-Based_High-Accuracy_3D_Localizatio.txt,DELETED,old extraction prompt (non-REC naming),3534,1,2026-09-16 07:58
03_prompts\extraction_prompts\extraction_00072_A_synergetic_approach_to_indoor_navigati.txt,DELETED,old extraction prompt (non-REC naming),3441,1,2026-09-16 07:58
03_prompts\extraction_prompts\extraction_00073_An_RPLiDAR_based_SLAM_equipped_with_IMU_.txt,DELETED,old extraction prompt (non-REC naming),3069,1,2026-09-16 07:58
03_prompts\extraction_prompts\extraction_00074_Image-Based_Localization_and_Navigation_.txt,DELETED,old extraction prompt (non-REC naming),3306,1,2026-09-16 07:58
03_prompts\extraction_prompts\extraction_00075_Autonomous_Indoor_Navigation_Using_Nav2.txt,DELETED,old extraction prompt (non-REC naming),3828,1,2026-09-16 07:58
03_prompts\extraction_prompts\extraction_00076_The_Current_Status_of_Development_of_Ped.txt,DELETED,old extraction prompt (non-REC naming),4071,1,2026-09-16 07:58
03_prompts\extraction_prompts\extraction_00077_3D_Path_Planning_for_Autonomous_UAV_Navi.txt,DELETED,old extraction prompt (non-REC naming),3645,1,2026-09-16 07:58
03_prompts\extraction_prompts\extraction_00078_Underwater_navigation_using_maneuverable.txt,DELETED,old extraction prompt (non-REC naming),3513,1,2026-09-16 07:58
03_prompts\extraction_prompts\extraction_00079_Autonomous_UAV_Navigation_in_Indoor_Corr.txt,DELETED,old extraction prompt (non-REC naming),3498,1,2026-09-16 07:58
03_prompts\extraction_prompts\extraction_00080_Enabling_Computer_Vision-Based_Autonomou.txt,DELETED,old extraction prompt (non-REC naming),3774,1,2026-09-16 07:58
03_prompts\extraction_prompts\extraction_00081_Dynamic_real-time_indoor_environment_map.txt,DELETED,old extraction prompt (non-REC naming),3489,1,2026-09-16 07:58
03_prompts\extraction_prompts\extraction_00082_Federated_Deep_Reinforcement_Learning_fo.txt,DELETED,old extraction prompt (non-REC naming),3842,1,2026-09-16 07:58
03_prompts\extraction_prompts\extraction_00083_A_Relative_Navigation_Method_Based_on_Wi.txt,DELETED,old extraction prompt (non-REC naming),3301,1,2026-09-16 07:58
03_prompts\extraction_prompts\extraction_00084_Simulating_GPS-denied_Autonomous_UAV_Nav.txt,DELETED,old extraction prompt (non-REC naming),4057,1,2026-09-16 07:58
03_prompts\extraction_prompts\extraction_00085_Deep_reinforcement_learning_based_mobile.txt,DELETED,old extraction prompt (non-REC naming),2974,1,2026-09-16 07:58
03_prompts\extraction_prompts\extraction_00086_Autonomous_Museum_Assistance_Robot__Enha.txt,DELETED,old extraction prompt (non-REC naming),3389,1,2026-09-16 07:58
03_prompts\extraction_prompts\extraction_00087_Adaptive_UKF-SLAM_based_on_magnetic_grad.txt,DELETED,old extraction prompt (non-REC naming),3386,1,2026-09-16 07:58
03_prompts\extraction_prompts\extraction_00088_Two-stage_Motion_Estimation_for_UAV_Land.txt,DELETED,old extraction prompt (non-REC naming),3439,1,2026-09-16 07:58
03_prompts\extraction_prompts\extraction_00089_Exploring_Deep_Learning-Based_Visual_Loc.txt,DELETED,old extraction prompt (non-REC naming),4111,1,2026-09-16 07:58
03_prompts\extraction_prompts\extraction_00090_SkyAid__A_Low-Cost_Autonomous_Hexacopter.txt,DELETED,old extraction prompt (non-REC naming),3799,1,2026-09-16 07:58
03_prompts\extraction_prompts\extraction_00091_Optimized_Unmanned_Aerial_Vehicle__UAV__.txt,DELETED,old extraction prompt (non-REC naming),4514,1,2026-09-16 07:58
03_prompts\extraction_prompts\extraction_00092_Range-Only_SLAM_for_Underwater_Navigatio.txt,DELETED,old extraction prompt (non-REC naming),3096,1,2026-09-16 07:58
03_prompts\extraction_prompts\extraction_00093_UWB-based_System_for_UAV_Localization_in.txt,DELETED,old extraction prompt (non-REC naming),3561,1,2026-09-16 07:58
03_prompts\extraction_prompts\extraction_00094_Distributed_Cooperative_Localization_for.txt,DELETED,old extraction prompt (non-REC naming),4196,1,2026-09-16 07:58
03_prompts\extraction_prompts\extraction_00095_Cooperative_Relative_Localization_for_UA.txt,DELETED,old extraction prompt (non-REC naming),3767,1,2026-09-16 07:58
03_prompts\extraction_prompts\extraction_00096_Cooperative_UWB-Based_Localization_for_O.txt,DELETED,old extraction prompt (non-REC naming),3679,1,2026-09-16 07:58
03_prompts\extraction_prompts\extraction_00097_Visual_SLAM_Combined_with_Object_Detecti.txt,DELETED,old extraction prompt (non-REC naming),3657,1,2026-09-16 07:58
03_prompts\extraction_prompts\extraction_00098_AI-Driven_Indoor_Navigation_with_Mobile_.txt,DELETED,old extraction prompt (non-REC naming),2947,1,2026-09-16 07:58
03_prompts\extraction_prompts\extraction_00099_Navigation_of_Mobile_Robot_with_Nav2_and.txt,DELETED,old extraction prompt (non-REC naming),3824,1,2026-09-16 07:58
03_prompts\extraction_prompts\extraction_00100_Indoor_localization_and_navigation_for_a.txt,DELETED,old extraction prompt (non-REC naming),3763,1,2026-09-16 07:58
03_prompts\extraction_prompts\extraction_00101_Indoor_Navigation_of_a_Service_Robot_Pla.txt,DELETED,old extraction prompt (non-REC naming),3596,1,2026-09-16 07:58
03_prompts\extraction_prompts\extraction_00102_Quantum-Enhanced_Multi-Sensor_Fusion_for.txt,DELETED,old extraction prompt (non-REC naming),3694,1,2026-09-16 07:58
03_prompts\extraction_prompts\extraction_00103_State_of_the_Art_in_Vision-Based_Localiz.txt,DELETED,old extraction prompt (non-REC naming),3868,1,2026-09-16 07:58
03_prompts\extraction_prompts\extraction_00104_An_Aerial-ground_Cooperative_Positioning.txt,DELETED,old extraction prompt (non-REC naming),3645,1,2026-09-16 07:58
03_prompts\extraction_prompts\extraction_00105_Using_RFID_in_localization_for_indoor_na.txt,DELETED,old extraction prompt (non-REC naming),2835,1,2026-09-16 07:58
03_prompts\extraction_prompts\extraction_00106_Enhanced_Altitude_Estimation_for_Unmanne.txt,DELETED,old extraction prompt (non-REC naming),3835,1,2026-09-16 07:58
03_prompts\extraction_prompts\extraction_00107_Augmented_Radar_Odometry_by_Nested_Optim.txt,DELETED,old extraction prompt (non-REC naming),4399,1,2026-09-16 07:58
03_prompts\extraction_prompts\extraction_00108_Measurement_uncertainty_model_for_relati.txt,DELETED,old extraction prompt (non-REC naming),3258,1,2026-09-16 07:58
03_prompts\extraction_prompts\extraction_00109_Application_of_mmWave_Radar_Sensors_for_.txt,DELETED,old extraction prompt (non-REC naming),2721,1,2026-09-16 07:58
03_prompts\extraction_prompts\extraction_00110_GPS-Denied_Autonomous_Navigation__A_Sens.txt,DELETED,old extraction prompt (non-REC naming),3463,1,2026-09-16 07:58
03_prompts\extraction_prompts\extraction_00111_Position_Estimation_for_Drones_based_on_.txt,DELETED,old extraction prompt (non-REC naming),3482,1,2026-09-16 07:58
03_prompts\extraction_prompts\extraction_00112_Navigation_System_for_Mobile_Robot_using.txt,DELETED,old extraction prompt (non-REC naming),3267,1,2026-09-16 07:58
03_prompts\extraction_prompts\extraction_00113_Design_and_Real-Time_Implementation_of_a.txt,DELETED,old extraction prompt (non-REC naming),4021,1,2026-09-16 07:58
03_prompts\extraction_prompts\extraction_00114_Resilient_Navigation_for_UAVs__GNSS_Atta.txt,DELETED,old extraction prompt (non-REC naming),3949,1,2026-09-16 07:58
03_prompts\extraction_prompts\extraction_00115_Low_Computational_Data_Fusion_Approach_U.txt,DELETED,old extraction prompt (non-REC naming),3862,1,2026-09-16 07:58
03_prompts\extraction_prompts\extraction_00116_Designing_xDR_Challenge_2025_to_Evaluate.txt,DELETED,old extraction prompt (non-REC naming),3754,1,2026-09-16 07:58
03_prompts\extraction_prompts\extraction_00117_Accurate_Multi-UAV_Positioning_in_Comple.txt,DELETED,old extraction prompt (non-REC naming),3452,1,2026-09-16 07:58
03_prompts\extraction_prompts\extraction_00118_A_Vision-Aided_Navigation_System_by_Grou.txt,DELETED,old extraction prompt (non-REC naming),3994,1,2026-09-16 07:58
03_prompts\extraction_prompts\extraction_00119_Indoor_navigation_with_smartphone-based_.txt,DELETED,old extraction prompt (non-REC naming),2998,1,2026-09-16 07:58
03_prompts\extraction_prompts\extraction_00120_Localization_Using_Single_Camera_and_Lid.txt,DELETED,old extraction prompt (non-REC naming),3385,1,2026-09-16 07:58
03_prompts\extraction_prompts\extraction_00121_A_navigation_scheme_for_autonomous_mobil.txt,DELETED,old extraction prompt (non-REC naming),3249,1,2026-09-16 07:58
03_prompts\extraction_prompts\extraction_00123_Visual-based_landing_system_of_a_multiro.txt,DELETED,old extraction prompt (non-REC naming),3822,1,2026-09-16 07:58
03_prompts\extraction_prompts\extraction_00124_Map-Aided_UAV_Visual_Localization_via_Vi.txt,DELETED,old extraction prompt (non-REC naming),4092,1,2026-09-16 07:58
03_prompts\extraction_prompts\extraction_00125_Autonomous_Cross-Floor_Navigation_System.txt,DELETED,old extraction prompt (non-REC naming),3381,1,2026-09-16 07:58
03_prompts\extraction_prompts\extraction_00126_Implementation_of_a_4D_fast_SLAM_includi.txt,DELETED,old extraction prompt (non-REC naming),3642,1,2026-09-16 07:58
03_prompts\extraction_prompts\extraction_00127_Embedded_Mobile_ROS_Platform_for_SLAM_Ap.txt,DELETED,old extraction prompt (non-REC naming),3381,1,2026-09-16 07:58
03_prompts\extraction_prompts\extraction_00128_Magnetic-map-matching_Navigation_For_Odo.txt,DELETED,old extraction prompt (non-REC naming),2943,1,2026-09-16 07:58
03_prompts\extraction_prompts\extraction_00129_Factor_Graph_Optimization_based_Sensor_F.txt,DELETED,old extraction prompt (non-REC naming),3604,1,2026-09-16 07:58
03_prompts\extraction_prompts\extraction_00130_Triangulation-Enhanced_WiFi-Based_Autono.txt,DELETED,old extraction prompt (non-REC naming),3229,1,2026-09-16 07:58
03_prompts\extraction_prompts\extraction_00131_Digital_Twin_for_Drone_Indoor_Autonomous.txt,DELETED,old extraction prompt (non-REC naming),3822,1,2026-09-16 07:58
03_prompts\extraction_prompts\extraction_00132_Self-positioning_for_UAV_indoor_navigati.txt,DELETED,old extraction prompt (non-REC naming),3206,1,2026-09-16 07:58
03_prompts\extraction_prompts\extraction_00133_Dual-Layer_Path_Planning_With_Pose_SLAM_.txt,DELETED,old extraction prompt (non-REC naming),3638,1,2026-09-16 07:58
03_prompts\extraction_prompts\extraction_00134_Cooperative_Localization_of_Multi-Agent_.txt,DELETED,old extraction prompt (non-REC naming),4030,1,2026-09-16 07:58
03_prompts\extraction_prompts\extraction_00135_Task-driven_SLAM_Benchmarking_for_Robot_.txt,DELETED,old extraction prompt (non-REC naming),3267,1,2026-09-16 07:58
03_prompts\extraction_prompts\extraction_00136_A_Novel_Positioning_Method_for_UAV_in_GN.txt,DELETED,old extraction prompt (non-REC naming),4268,1,2026-09-16 07:58
03_prompts\extraction_prompts\extraction_00137_Multi-UAVs_Cooperative_Localization_with.txt,DELETED,old extraction prompt (non-REC naming),3277,1,2026-09-16 07:58
03_prompts\extraction_prompts\extraction_00138_Autonomous_Exploration_and_Mapping_Syste.txt,DELETED,old extraction prompt (non-REC naming),3988,1,2026-09-16 07:58
03_prompts\extraction_prompts\extraction_00139_Scalable_and_precise_multi-UAV_indoor_na.txt,DELETED,old extraction prompt (non-REC naming),3723,1,2026-09-16 07:58
03_prompts\extraction_prompts\extraction_00140_Deploy_Indoor_2D_Laser_SLAM_on_a_Raspber.txt,DELETED,old extraction prompt (non-REC naming),3027,1,2026-09-16 07:58
03_prompts\extraction_prompts\extraction_00141_Mini_Mapper__Cost-Effective_Indoor_Mappi.txt,DELETED,old extraction prompt (non-REC naming),3627,1,2026-09-16 07:58
03_prompts\extraction_prompts\extraction_00142_Deep_Learning_Integration_for_Indoor_Nav.txt,DELETED,old extraction prompt (non-REC naming),3747,1,2026-09-16 07:58
03_prompts\extraction_prompts\extraction_00143_A_UWB_navigation_system_aided_by_sensor-.txt,DELETED,old extraction prompt (non-REC naming),3577,1,2026-09-16 07:58
03_prompts\extraction_prompts\extraction_00144_Robust_UAV_Localization_in_GNSS-Denied_E.txt,DELETED,old extraction prompt (non-REC naming),3994,1,2026-09-16 07:58
03_prompts\extraction_prompts\extraction_00145_Underwater_Navigation__Localization_and_.txt,DELETED,old extraction prompt (non-REC naming),3536,1,2026-09-16 07:58
03_prompts\extraction_prompts\extraction_00146_QR-Code_Guided_Autonomous_Medical_Assist.txt,DELETED,old extraction prompt (non-REC naming),3159,1,2026-09-16 07:58
03_prompts\extraction_prompts\extraction_00147_Real-time_Indoor_Navigation_of_UAV_Based.txt,DELETED,old extraction prompt (non-REC naming),3258,1,2026-09-16 07:58
03_prompts\extraction_prompts\extraction_00148_A_framework_for_real_time_indoor_robot_n.txt,DELETED,old extraction prompt (non-REC naming),3283,1,2026-09-16 07:58
03_prompts\extraction_prompts\extraction_00149_Vision-Based_Global_Localization_for_UAV.txt,DELETED,old extraction prompt (non-REC naming),3270,1,2026-09-16 07:58
03_prompts\extraction_prompts\extraction_00150_Design_of_touch_screen_based_robot_with_.txt,DELETED,old extraction prompt (non-REC naming),3495,1,2026-09-16 07:58
03_prompts\extraction_prompts\extraction_00151_Radio_Beacons_in_Indoor_Navigation.txt,DELETED,old extraction prompt (non-REC naming),3187,1,2026-09-16 07:58
03_prompts\extraction_prompts\extraction_00152_Preliminary_Study_on_System_Design_of_US.txt,DELETED,old extraction prompt (non-REC naming),3265,1,2026-09-16 07:58
03_prompts\extraction_prompts\extraction_00153_Indoor_radar_SLAM_A_radar_application_fo.txt,DELETED,old extraction prompt (non-REC naming),3597,1,2026-09-16 07:58
03_prompts\extraction_prompts\extraction_00154_Development_of_a_3D_Simultaneous_Localiz.txt,DELETED,old extraction prompt (non-REC naming),3589,1,2026-09-16 07:58
03_prompts\extraction_prompts\extraction_00155_Cooperative_Navigation_and_Guidance_of_a.txt,DELETED,old extraction prompt (non-REC naming),4369,1,2026-09-16 07:58
03_prompts\extraction_prompts\extraction_00156_An_improved_MCS_INS_integrated_navigatio.txt,DELETED,old extraction prompt (non-REC naming),3275,1,2026-09-16 07:58
03_prompts\extraction_prompts\extraction_00157_LiDAR-Based_Optimized_Normal_Distributio.txt,DELETED,old extraction prompt (non-REC naming),4152,1,2026-09-16 07:58
03_prompts\extraction_prompts\extraction_00158_AINS__Affordable_Indoor_Navigation_Solut.txt,DELETED,old extraction prompt (non-REC naming),3687,1,2026-09-16 07:58
03_prompts\extraction_prompts\extraction_00159_A_Study_on_the_Performance_Complementari.txt,DELETED,old extraction prompt (non-REC naming),3757,1,2026-09-16 07:58
03_prompts\extraction_prompts\extraction_00160_An_indoor_navigation_algorithm_incorpora.txt,DELETED,old extraction prompt (non-REC naming),3657,1,2026-09-16 07:58
03_prompts\extraction_prompts\extraction_00161_Sensor_Fusion_for_Autonomous_Indoor_UAV_.txt,DELETED,old extraction prompt (non-REC naming),3602,1,2026-09-16 07:58
03_prompts\extraction_prompts\extraction_00162_Monocular_SLAM_and_Obstacle_Removal_for_.txt,DELETED,old extraction prompt (non-REC naming),3492,1,2026-09-16 07:58
03_prompts\extraction_prompts\extraction_00163_Autonomous_Indoor_Navigation_for_Wheelch.txt,DELETED,old extraction prompt (non-REC naming),3113,1,2026-09-16 07:58
03_prompts\extraction_prompts\extraction_00164_Autonomous_Indoor_Vehicle_Navigation_Usi.txt,DELETED,old extraction prompt (non-REC naming),3530,1,2026-09-16 07:58
03_prompts\extraction_prompts\extraction_00165_UAV_Cross-View_Image_Retrieval_and_Visua.txt,DELETED,old extraction prompt (non-REC naming),2842,1,2026-09-16 07:58
03_prompts\extraction_prompts\extraction_00166_Dronav__Deep_Learning_Based_Autonomous_D.txt,DELETED,old extraction prompt (non-REC naming),3575,1,2026-09-16 07:58
03_prompts\extraction_prompts\extraction_00167_Study_on_underwater_navigation_of_crawle.txt,DELETED,old extraction prompt (non-REC naming),3579,1,2026-09-16 07:58
03_prompts\extraction_prompts\extraction_00168_GenNav__A_Generic_Indoor_Navigation_Syst.txt,DELETED,old extraction prompt (non-REC naming),3086,1,2026-09-16 07:58
03_prompts\extraction_prompts\extraction_00169_Design_and_Implementation_of_a_Behavior-.txt,DELETED,old extraction prompt (non-REC naming),3903,1,2026-09-16 07:58
03_prompts\extraction_prompts\extraction_00170_Comparing_UAV_camera_data_with_satellite.txt,DELETED,old extraction prompt (non-REC naming),3048,1,2026-09-16 07:58
03_prompts\extraction_prompts\extraction_00171_Cooperative_Simultaneous_Arrival_of_Unma.txt,DELETED,old extraction prompt (non-REC naming),3346,1,2026-09-16 07:58
03_prompts\extraction_prompts\extraction_00172_Visual_Localization_with_Offline_Google_.txt,DELETED,old extraction prompt (non-REC naming),3923,1,2026-09-16 07:58
03_prompts\extraction_prompts\extraction_00173_Evaluation_of_a_Commercially_Available_A.txt,DELETED,old extraction prompt (non-REC naming),3503,1,2026-09-16 07:58
03_prompts\extraction_prompts\extraction_00174_Aircraft_Navigation_in_GNSS-Denied_Envir.txt,DELETED,old extraction prompt (non-REC naming),4852,1,2026-09-16 07:58
03_prompts\extraction_prompts\extraction_00175_Design_and_Realization_of_Unmanned_Vehic.txt,DELETED,old extraction prompt (non-REC naming),3624,1,2026-09-16 07:58
03_prompts\extraction_prompts\extraction_00176_Design_and_Experimental_Validation_of_an.txt,DELETED,old extraction prompt (non-REC naming),3439,1,2026-09-16 07:58
03_prompts\extraction_prompts\extraction_00177_Mobile_Robot_Localization_Based_On_Low-C.txt,DELETED,old extraction prompt (non-REC naming),3632,1,2026-09-16 07:58
03_prompts\extraction_prompts\extraction_00178_Enhancing_UAV_Autonomous_Navigation_in_I.txt,DELETED,old extraction prompt (non-REC naming),3819,1,2026-09-16 07:58
03_prompts\extraction_prompts\extraction_00179_Wireless_Local_Positioning_System_for_Co.txt,DELETED,old extraction prompt (non-REC naming),3572,1,2026-09-16 07:58
03_prompts\extraction_prompts\extraction_00180_Autonomous_Drone_Navigation_for_Warehous.txt,DELETED,old extraction prompt (non-REC naming),3748,1,2026-09-16 07:58
03_prompts\extraction_prompts\extraction_00181_Vision-Based_GNSS-Free_Localization_for_.txt,DELETED,old extraction prompt (non-REC naming),3281,1,2026-09-16 07:58
03_prompts\extraction_prompts\extraction_00182_Indoor_Navigation_Using_Adaptive_Neuro_F.txt,DELETED,old extraction prompt (non-REC naming),3309,1,2026-09-16 07:58
03_prompts\extraction_prompts\extraction_00183_Monocular_Visual_Odometry_in_Mobile_Robo.txt,DELETED,old extraction prompt (non-REC naming),3063,1,2026-09-16 07:58
03_prompts\extraction_prompts\extraction_00184_Stereo_Vision_SLAM_for_Autonomous_Uncrew.txt,DELETED,old extraction prompt (non-REC naming),4093,1,2026-09-16 07:58
03_prompts\extraction_prompts\extraction_00185_Graph-SLAM_Approach_for_Indoor_UAV_Local.txt,DELETED,old extraction prompt (non-REC naming),3325,1,2026-09-16 07:58
03_prompts\extraction_prompts\extraction_00186_A_Multi-Sensor_Fusion_Self-Localization_.txt,DELETED,old extraction prompt (non-REC naming),3752,1,2026-09-16 07:58
03_prompts\extraction_prompts\extraction_00187_Topological_Indoor_Localization_and_Navi.txt,DELETED,old extraction prompt (non-REC naming),3288,1,2026-09-16 07:58
03_prompts\extraction_prompts\extraction_00188_Research_on_Indoor_Navigation_System_of_.txt,DELETED,old extraction prompt (non-REC naming),3132,1,2026-09-16 07:58
03_prompts\extraction_prompts\extraction_00189_A_Comparative_Study_of_SLAM_Algorithms_f.txt,DELETED,old extraction prompt (non-REC naming),3990,1,2026-09-16 07:58
03_prompts\extraction_prompts\extraction_00190_Autonomous_humanoid_robot_navigation_usi.txt,DELETED,old extraction prompt (non-REC naming),3978,1,2026-09-16 07:58
03_prompts\extraction_prompts\extraction_00191_Autonomous_UAV_Localization_with_Synthet.txt,DELETED,old extraction prompt (non-REC naming),3664,1,2026-09-16 07:58
03_prompts\extraction_prompts\extraction_00192_Visual-Based_Deep_Reinforcement_Learning.txt,DELETED,old extraction prompt (non-REC naming),3679,1,2026-09-16 07:58
03_prompts\extraction_prompts\extraction_00193_Development_of_a_Small-Size_Mobile_Robot.txt,DELETED,old extraction prompt (non-REC naming),3911,1,2026-09-16 07:58
03_prompts\extraction_prompts\extraction_00194_Benchmarking_Navigation_Paradigms_in_GPS.txt,DELETED,old extraction prompt (non-REC naming),3827,1,2026-09-16 07:58
03_prompts\extraction_prompts\extraction_00195_An_Autonomous_Continuous_Positioning_Met.txt,DELETED,old extraction prompt (non-REC naming),3784,1,2026-09-16 07:58
03_prompts\extraction_prompts\extraction_00196_Navigation_of_Simultaneous_Localization_.txt,DELETED,old extraction prompt (non-REC naming),3202,1,2026-09-16 07:58
03_prompts\extraction_prompts\extraction_00197_Adaptive_navigation_and_motion_planning_.txt,DELETED,old extraction prompt (non-REC naming),3917,1,2026-09-16 07:58
03_prompts\extraction_prompts\extraction_00198_Autonomous_UAV_Implementation_for_Facial.txt,DELETED,old extraction prompt (non-REC naming),3835,1,2026-09-16 07:58
03_prompts\extraction_prompts\extraction_00199_An_Autonomous_Simultaneous_Localization_.txt,DELETED,old extraction prompt (non-REC naming),3246,1,2026-09-16 07:58
03_prompts\extraction_prompts\extraction_00200_An_Integrated_Learning-Based_Ai_Mobile_P.txt,DELETED,old extraction prompt (non-REC naming),3343,1,2026-09-16 07:58
03_prompts\extraction_prompts\extraction_00201_Cloud_Based_Indoor_Navigation_for_ROS-en.txt,DELETED,old extraction prompt (non-REC naming),3015,1,2026-09-16 07:58
03_prompts\extraction_prompts\extraction_00202_Design_of_A_Positioning_System_for_UAV_i.txt,DELETED,old extraction prompt (non-REC naming),3227,1,2026-09-16 07:58
03_prompts\extraction_prompts\extraction_00203_Topological_Indoor_Localization___Naviga.txt,DELETED,old extraction prompt (non-REC naming),3594,1,2026-09-16 07:58
03_prompts\extraction_prompts\extraction_00204_Fusing_Multiple_Navigation_Solutions_for.txt,DELETED,old extraction prompt (non-REC naming),3371,1,2026-09-16 07:58
03_prompts\extraction_prompts\extraction_00205_PhysNav-DG__A_Novel_Adaptive_Framework_f.txt,DELETED,old extraction prompt (non-REC naming),3617,1,2026-09-16 07:58
03_prompts\extraction_prompts\extraction_00206_GPR_Based_Positioning_System_for_Robust_.txt,DELETED,old extraction prompt (non-REC naming),4562,1,2026-09-16 07:58
03_prompts\extraction_prompts\extraction_00207_V2I-Based_LiDAR_and_RSSI-Based_Ranging-A.txt,DELETED,old extraction prompt (non-REC naming),4604,1,2026-09-16 07:58
03_prompts\extraction_prompts\extraction_00208_UAV_Pose_Estimation_in_GNSS-Denied_Envir.txt,DELETED,old extraction prompt (non-REC naming),3821,1,2026-09-16 07:58
03_prompts\extraction_prompts\extraction_00209_Design_and_Implementation_of_an_Autonomo.txt,DELETED,old extraction prompt (non-REC naming),3712,1,2026-09-16 07:58
03_prompts\extraction_prompts\extraction_00210_SLAM-Based_Autonomous_Indoor_Navigation_.txt,DELETED,old extraction prompt (non-REC naming),3170,1,2026-09-16 07:58
03_prompts\extraction_prompts\extraction_00211_SIA-KalmanNet__A_Structurally_Integrated.txt,DELETED,old extraction prompt (non-REC naming),4428,1,2026-09-16 07:58
03_prompts\extraction_prompts\extraction_00212_ROS2-based_locator_optimized_autonomous_.txt,DELETED,old extraction prompt (non-REC naming),3239,1,2026-09-16 07:58
03_prompts\extraction_prompts\extraction_00213_A_Multi-UAV_System_for_Exploration_and_T.txt,DELETED,old extraction prompt (non-REC naming),3810,1,2026-09-16 07:58
03_prompts\extraction_prompts\extraction_00214_Autonomous_Unmanned_Aerial_Vehicle_Indoo.txt,DELETED,old extraction prompt (non-REC naming),3804,1,2026-09-16 07:58
03_prompts\extraction_prompts\extraction_00215_GPS-Denied_UAV-UGV_Relative_Positioning_.txt,DELETED,old extraction prompt (non-REC naming),3349,1,2026-09-16 07:58
03_prompts\extraction_prompts\extraction_00216_QR_Code_based_Indoor_Navigation_for_Mobi.txt,DELETED,old extraction prompt (non-REC naming),3903,1,2026-09-16 07:58
03_prompts\extraction_prompts\extraction_00217_An_Improved_Indoor_Navigation_Scheme_Bas.txt,DELETED,old extraction prompt (non-REC naming),3218,1,2026-09-16 07:58
03_prompts\extraction_prompts\extraction_00218_A_Unified_Error-State_Kalman_Filtering_F.txt,DELETED,old extraction prompt (non-REC naming),4323,1,2026-09-16 07:58
03_prompts\extraction_prompts\extraction_00219_Comparison_of_Planned_Path_and_Travelled.txt,DELETED,old extraction prompt (non-REC naming),3147,1,2026-09-16 07:58
03_prompts\extraction_prompts\extraction_00220_Satellite_Image_Informed_Path_Planning_f.txt,DELETED,old extraction prompt (non-REC naming),3631,1,2026-09-16 07:58
03_prompts\extraction_prompts\extraction_00221_Mobile_robot_indoor_navigation.txt,DELETED,old extraction prompt (non-REC naming),2554,1,2026-09-16 07:58
03_prompts\extraction_prompts\extraction_00222_Indoor_Vision_Navigation_and_Target_Trac.txt,DELETED,old extraction prompt (non-REC naming),3579,1,2026-09-16 07:58
03_prompts\extraction_prompts\extraction_00223_High-Accuracy_Autonomous_Navigation_Algo.txt,DELETED,old extraction prompt (non-REC naming),3786,1,2026-09-16 07:58
03_prompts\extraction_prompts\extraction_00224_An_Autonomous_Attitude_Determination_Alg.txt,DELETED,old extraction prompt (non-REC naming),3530,1,2026-09-16 07:58
03_prompts\extraction_prompts\extraction_00225_Smart_Suitcase_for_Visually_Challenged_I.txt,DELETED,old extraction prompt (non-REC naming),3217,1,2026-09-16 07:58
03_prompts\extraction_prompts\extraction_00226_A_Review_of_Underwater_SLAM_Technologies.txt,DELETED,old extraction prompt (non-REC naming),4583,1,2026-09-16 07:58
03_prompts\extraction_prompts\extraction_00227_Robot_Navigation_in_a_Dynamically_Changi.txt,DELETED,old extraction prompt (non-REC naming),4524,1,2026-09-16 07:58
03_prompts\extraction_prompts\extraction_00228_Secure_Vision-Based_Navigation_for_Drone.txt,DELETED,old extraction prompt (non-REC naming),4015,1,2026-09-16 07:58
03_prompts\extraction_prompts\extraction_00229_Simulation_of_Indoor_Localization_and_Na.txt,DELETED,old extraction prompt (non-REC naming),2977,1,2026-09-16 07:58
03_prompts\extraction_prompts\extraction_00230_Multi-Sensor_Fusion-Assisted_AGV_Localiz.txt,DELETED,old extraction prompt (non-REC naming),3584,1,2026-09-16 07:58
03_prompts\extraction_prompts\extraction_00231_Enhanced_UAV_Indoor_Navigation_through_S.txt,DELETED,old extraction prompt (non-REC naming),3575,1,2026-09-16 07:58
03_prompts\extraction_prompts\extraction_00233_High-precision_underwater_navigation_usi.txt,DELETED,old extraction prompt (non-REC naming),2946,1,2026-09-16 07:58
03_prompts\extraction_prompts\extraction_00234_Mobile_Robot_Localization_via_Indoor_Pos.txt,DELETED,old extraction prompt (non-REC naming),3412,1,2026-09-16 07:58
03_prompts\extraction_prompts\extraction_00235_Doorway_detection_for_autonomous_indoor_.txt,DELETED,old extraction prompt (non-REC naming),3287,1,2026-09-16 07:58
03_prompts\extraction_prompts\extraction_00236_MANTIS__UAV_for_Indoor_Logistic_Operatio.txt,DELETED,old extraction prompt (non-REC naming),3647,1,2026-09-16 07:58
03_prompts\extraction_prompts\extraction_00238_Acoustic_Positioning_and_Navigation_Syst.txt,DELETED,old extraction prompt (non-REC naming),3932,1,2026-09-16 07:58
03_prompts\extraction_prompts\extraction_00239_Autonomous_Flight_Control_Design_Based_o.txt,DELETED,old extraction prompt (non-REC naming),3397,1,2026-09-16 07:58
03_prompts\extraction_prompts\extraction_00240_Hybrid_Autonomous_Navigation_using_Rapid.txt,DELETED,old extraction prompt (non-REC naming),3791,1,2026-09-16 07:58
03_prompts\extraction_prompts\extraction_00241_Aiding_Radar_Odometry_with_S-57_Nautical.txt,DELETED,old extraction prompt (non-REC naming),2896,1,2026-09-16 07:58
03_prompts\extraction_prompts\extraction_00243_A_concept_of_UAV_indoor_navigation_syste.txt,DELETED,old extraction prompt (non-REC naming),3471,1,2026-09-16 07:58
03_prompts\extraction_prompts\extraction_00244_Cooperative_Relative_Localization_for_UA.txt,DELETED,old extraction prompt (non-REC naming),3422,1,2026-09-16 07:58
03_prompts\extraction_prompts\extraction_00245_GPS-Independent_Indoor_Navigation-Enable.txt,DELETED,old extraction prompt (non-REC naming),3974,1,2026-09-16 07:58
03_prompts\extraction_prompts\extraction_00246_UAV_Platforms_for_Autonomous_Navigation_.txt,DELETED,old extraction prompt (non-REC naming),3191,1,2026-09-16 07:58
03_prompts\extraction_prompts\extraction_00247_Filtering-RRT_for_Autonomous_Indoor_Navi.txt,DELETED,old extraction prompt (non-REC naming),2996,1,2026-09-16 07:58
03_prompts\extraction_prompts\extraction_00248_An_Optimization_Framework_for_Efficient_.txt,DELETED,old extraction prompt (non-REC naming),4164,1,2026-09-16 07:58
03_prompts\extraction_prompts\extraction_00249_An_Autonomously_Guided_Differential_Driv.txt,DELETED,old extraction prompt (non-REC naming),3843,1,2026-09-16 07:58
03_prompts\extraction_prompts\extraction_00250_Fuzzy_Based_Indoor_Navigation_for_Mobile.txt,DELETED,old extraction prompt (non-REC naming),3315,1,2026-09-16 07:58
03_prompts\extraction_prompts\extraction_00251_Underwater_Navigation_using_Geomagnetic_.txt,DELETED,old extraction prompt (non-REC naming),3147,1,2026-09-16 07:58
03_prompts\extraction_prompts\extraction_00252_Particle_Filter-Based_Localization_Using.txt,DELETED,old extraction prompt (non-REC naming),3427,1,2026-09-16 07:58
03_prompts\extraction_prompts\extraction_00253_Smart_Swarm_Robot_Navigation_System_Usin.txt,DELETED,old extraction prompt (non-REC naming),3000,1,2026-09-16 07:58
03_prompts\extraction_prompts\extraction_00254_SIFT_based_monocular_SLAM_with_multi-clo.txt,DELETED,old extraction prompt (non-REC naming),3477,1,2026-09-16 07:58
03_prompts\extraction_prompts\extraction_00255_A_stereo_and_rotating_laser_framework_fo.txt,DELETED,old extraction prompt (non-REC naming),3795,1,2026-09-16 07:58
03_prompts\extraction_prompts\extraction_00256_Design__Implementation___Optimization_of.txt,DELETED,old extraction prompt (non-REC naming),4023,1,2026-09-16 07:58
03_prompts\extraction_prompts\extraction_00257_ROLATIN__Robust_Localization_and_Trackin.txt,DELETED,old extraction prompt (non-REC naming),3501,1,2026-09-16 07:58
03_prompts\extraction_prompts\extraction_00258_Comparative_Performance_of_Simultaneous_.txt,DELETED,old extraction prompt (non-REC naming),3232,1,2026-09-16 07:58
03_prompts\extraction_prompts\extraction_00259_MAPFL__GNSS-Free_Map-Based_Particle_Filt.txt,DELETED,old extraction prompt (non-REC naming),3705,1,2026-09-16 07:58
03_prompts\extraction_prompts\extraction_00260_Deep_Learning_Techniques_for_Autonomous_.txt,DELETED,old extraction prompt (non-REC naming),5221,1,2026-09-16 07:58
03_prompts\extraction_prompts\extraction_00261_A_new_integrated_navigation_system_for_t.txt,DELETED,old extraction prompt (non-REC naming),3469,1,2026-09-16 07:58
03_prompts\extraction_prompts\extraction_00262_Multi-Agent_Mapping_and_Navigation_of_Un.txt,DELETED,old extraction prompt (non-REC naming),3455,1,2026-09-16 07:58
03_prompts\extraction_prompts\extraction_00263_Sensor_fusion_for_indoor_navigation_and_.txt,DELETED,old extraction prompt (non-REC naming),3946,1,2026-09-16 07:58
03_prompts\extraction_prompts\extraction_00264_Autonomous_UAV_Navigation_for_Target_Det.txt,DELETED,old extraction prompt (non-REC naming),4808,1,2026-09-16 07:58
03_prompts\extraction_prompts\extraction_00265_Enhancing_Underwater_Navigation_Through_.txt,DELETED,old extraction prompt (non-REC naming),3859,1,2026-09-16 07:58
03_prompts\extraction_prompts\extraction_00266_Single-Image_Depth_to_3D_Path_planning_f.txt,DELETED,old extraction prompt (non-REC naming),3538,1,2026-09-16 07:58
03_prompts\extraction_prompts\extraction_00267_SARATHI-DRONE__A_Smart_Drone_for_Autonom.txt,DELETED,old extraction prompt (non-REC naming),3240,1,2026-09-16 07:58
03_prompts\extraction_prompts\extraction_00268_Indoor_Navigation_and_Control_of_Quadrot.txt,DELETED,old extraction prompt (non-REC naming),2964,1,2026-09-16 07:58
03_prompts\extraction_prompts\extraction_00269_Toward_Bio-Inspired_Autonomous_Navigatio.txt,DELETED,old extraction prompt (non-REC naming),4216,1,2026-09-16 07:58
03_prompts\extraction_prompts\extraction_00270_Develop_the_Framework_Conception_for_Hyb.txt,DELETED,old extraction prompt (non-REC naming),3322,1,2026-09-16 07:58
03_prompts\extraction_prompts\extraction_00271_Hybrid_IMU-Aided_Approach_for_Optimized_.txt,DELETED,old extraction prompt (non-REC naming),3891,1,2026-09-16 07:58
03_prompts\extraction_prompts\extraction_00272_Preliminary_Results_on_Cooperative_Local.txt,DELETED,old extraction prompt (non-REC naming),3471,1,2026-09-16 07:58
03_prompts\extraction_prompts\extraction_00273_A_Comparison_of_EKF_and_PF_to_Localize_a.txt,DELETED,old extraction prompt (non-REC naming),3522,1,2026-09-16 07:58
03_prompts\extraction_prompts\extraction_00274_Navigation_and_control_of_unmanned_aeria.txt,DELETED,old extraction prompt (non-REC naming),2790,1,2026-09-16 07:58
03_prompts\extraction_prompts\extraction_00275_AUTO-PACK__Autonomous_Robot_for_Efficien.txt,DELETED,old extraction prompt (non-REC naming),3712,1,2026-09-16 07:58
03_prompts\extraction_prompts\extraction_00276_Ultra-wideband_Automatic_Anchor_s_Locali.txt,DELETED,old extraction prompt (non-REC naming),3541,1,2026-09-16 07:58
03_prompts\extraction_prompts\extraction_00277_Semi-Autonomous_Interaction_Framework_fo.txt,DELETED,old extraction prompt (non-REC naming),3847,1,2026-09-16 07:58
03_prompts\extraction_prompts\extraction_00278_Navigation_Methods_for_UAVs_in_GNSS-Deni.txt,DELETED,old extraction prompt (non-REC naming),3684,1,2026-09-16 07:58
03_prompts\extraction_prompts\extraction_00279_LGVINS__LiDAR-GPS-Visual_and_Inertial_Sy.txt,DELETED,old extraction prompt (non-REC naming),4302,1,2026-09-16 07:58
03_prompts\extraction_prompts\extraction_00280_NLP_Enabled_Autonomous_Indoor_Navigation.txt,DELETED,old extraction prompt (non-REC naming),3578,1,2026-09-16 07:58
03_prompts\extraction_prompts\extraction_00281_UAV_Tracking_with_Lidar_as_a_Camera_Sens.txt,DELETED,old extraction prompt (non-REC naming),3981,1,2026-09-16 07:58
03_prompts\extraction_prompts\extraction_00282_Deep_Reinforcement_Learning_Based_UAV_fo.txt,DELETED,old extraction prompt (non-REC naming),3234,1,2026-09-16 07:58
03_prompts\extraction_prompts\extraction_00283_Deep_Reinforcement_Learning_Framework_fo.txt,DELETED,old extraction prompt (non-REC naming),3513,1,2026-09-16 07:58
03_prompts\extraction_prompts\extraction_00284_LIVW-Localization__A_Multimodal_Informat.txt,DELETED,old extraction prompt (non-REC naming),4099,1,2026-09-16 07:58
03_prompts\extraction_prompts\extraction_00285_A_Shared-Ground-Target-Groups-Based_Coop.txt,DELETED,old extraction prompt (non-REC naming),2993,1,2026-09-16 07:58
03_prompts\extraction_prompts\extraction_00286_A_Multi-Stage_Matching-Based_Inertial_Ge.txt,DELETED,old extraction prompt (non-REC naming),5578,1,2026-09-16 07:58
03_prompts\extraction_prompts\extraction_00287_Next_Generation_Security_And_Surveillanc.txt,DELETED,old extraction prompt (non-REC naming),3387,1,2026-09-16 07:58
03_prompts\extraction_prompts\extraction_00288_Lane-Level_Map-Aided_SLAM_Approach_for_P.txt,DELETED,old extraction prompt (non-REC naming),4004,1,2026-09-16 07:58
03_prompts\extraction_prompts\extraction_00289_Development_of_a_Simulated_UAV_Platform_.txt,DELETED,old extraction prompt (non-REC naming),3717,1,2026-09-16 07:58
03_prompts\extraction_prompts\extraction_00290_Kinect_depth_image_based_door_detection_.txt,DELETED,old extraction prompt (non-REC naming),3196,1,2026-09-16 07:58
03_prompts\extraction_prompts\extraction_00291_Efficiently_Kinematic-Constraint-Coupled.txt,DELETED,old extraction prompt (non-REC naming),3712,1,2026-09-16 07:58
03_prompts\extraction_prompts\extraction_00292_NOVA__Navigation_via_Object-Centric_Visu.txt,DELETED,old extraction prompt (non-REC naming),4504,1,2026-09-16 07:58
03_prompts\extraction_prompts\extraction_00293_Adaptive_Square-Root_Cubature_Kalman_Fil.txt,DELETED,old extraction prompt (non-REC naming),3992,1,2026-09-16 07:58
03_prompts\extraction_prompts\extraction_00294_A_Novel_Approach_to_Computationally_Ligh.txt,DELETED,old extraction prompt (non-REC naming),3313,1,2026-09-16 07:58
03_prompts\extraction_prompts\extraction_00295_Integrated_UWB_and_LIDAR_Assisted_Locali.txt,DELETED,old extraction prompt (non-REC naming),3525,1,2026-09-16 07:58
03_prompts\extraction_prompts\extraction_00296_Optical_flow_sensor_integrated_navigatio.txt,DELETED,old extraction prompt (non-REC naming),2963,1,2026-09-16 07:58
03_prompts\extraction_prompts\extraction_00297_A_Distributed_SLAM_with_UWB-VIO_Fusion_F.txt,DELETED,old extraction prompt (non-REC naming),4277,1,2026-09-16 07:58
03_prompts\extraction_prompts\extraction_00298_Indoor_Navigation_Framework_for_Mapping_.txt,DELETED,old extraction prompt (non-REC naming),2926,1,2026-09-16 07:58
03_prompts\extraction_prompts\extraction_00299_Monocular_vision_based_autonomous_naviga.txt,DELETED,old extraction prompt (non-REC naming),3087,1,2026-09-16 07:58
03_prompts\extraction_prompts\extraction_00300_UML-based_design_of_a_robotic_wheelchair.txt,DELETED,old extraction prompt (non-REC naming),2972,1,2026-09-16 07:58
03_prompts\extraction_prompts\extraction_00301_Deep_Reinforcement_Learning_Indoor_Auton.txt,DELETED,old extraction prompt (non-REC naming),3328,1,2026-09-16 07:58
03_prompts\extraction_prompts\extraction_00302_Drone_Navigation_Using_Region_and_Edge_E.txt,DELETED,old extraction prompt (non-REC naming),4351,1,2026-09-16 07:58
03_prompts\extraction_prompts\extraction_00303_Adaptive-Robust_Fusion_Strategy_for_Auto.txt,DELETED,old extraction prompt (non-REC naming),3855,1,2026-09-16 07:58
03_prompts\extraction_prompts\extraction_00304_Visual_Assist_System_With_Enhanced_Local.txt,DELETED,old extraction prompt (non-REC naming),3936,1,2026-09-16 07:58
03_prompts\extraction_prompts\extraction_00305_A_method_based_on_CNN-BiLSTM_for_UAV_nav.txt,DELETED,old extraction prompt (non-REC naming),3552,1,2026-09-16 07:58
03_prompts\extraction_prompts\extraction_00306_A_Robust_and_Rapidly_Deployable_Waypoint.txt,DELETED,old extraction prompt (non-REC naming),3342,1,2026-09-16 07:58
03_prompts\extraction_prompts\extraction_00307_Real-time_Apriltag_Inertial_Fusion_Local.txt,DELETED,old extraction prompt (non-REC naming),3235,1,2026-09-16 07:58
03_prompts\extraction_prompts\extraction_00308_Human-like_indoor_navigation_for_Autonom.txt,DELETED,old extraction prompt (non-REC naming),3717,1,2026-09-16 07:58
03_prompts\extraction_prompts\extraction_00309_Improving_indoor_navigation_of_autonomou.txt,DELETED,old extraction prompt (non-REC naming),3455,1,2026-09-16 07:58
03_prompts\extraction_prompts\extraction_00310_On-board_sensors-based_indoor_navigation.txt,DELETED,old extraction prompt (non-REC naming),3177,1,2026-09-16 07:58
03_prompts\extraction_prompts\extraction_00311_Comparison_of_Various_SLAM_Systems_for_M.txt,DELETED,old extraction prompt (non-REC naming),3326,1,2026-09-16 07:58
03_prompts\extraction_prompts\extraction_00313_Low_cost_3D_mapping_for_indoor_navigatio.txt,DELETED,old extraction prompt (non-REC naming),2738,1,2026-09-16 07:58
03_prompts\extraction_prompts\extraction_00314_FFDL-Enhanced_Distributed_Cooperative_Lo.txt,DELETED,old extraction prompt (non-REC naming),3687,1,2026-09-16 07:58
03_prompts\extraction_prompts\extraction_00315_Smart_inertial_sensor-based_navigation_s.txt,DELETED,old extraction prompt (non-REC naming),3117,1,2026-09-16 07:58
03_prompts\extraction_prompts\extraction_00316_System_for_Drone-Based_Indoor_Mapping_fo.txt,DELETED,old extraction prompt (non-REC naming),3596,1,2026-09-16 07:58
03_prompts\extraction_prompts\extraction_00317_Simulation_of_UWB_Radar-Based_Positionin.txt,DELETED,old extraction prompt (non-REC naming),2990,1,2026-09-16 07:58
03_prompts\extraction_prompts\extraction_00318_Cooperative_Navigation_Method_Based_on_A.txt,DELETED,old extraction prompt (non-REC naming),3323,1,2026-09-16 07:58
03_prompts\extraction_prompts\extraction_00319_UKF_SLAM-Enhanced_Perception_and_Navigat.txt,DELETED,old extraction prompt (non-REC naming),3818,1,2026-09-16 07:58
03_prompts\extraction_prompts\extraction_00320_Localization_-_guaranteed_navigation_in_.txt,DELETED,old extraction prompt (non-REC naming),3888,1,2026-09-16 07:58
03_prompts\extraction_prompts\extraction_00321_Tracking_Feasibility_of_UWB_Positioning_.txt,DELETED,old extraction prompt (non-REC naming),3582,1,2026-09-16 07:58
03_prompts\extraction_prompts\extraction_00322_Underwater_navigation_sensors_calibratio.txt,DELETED,old extraction prompt (non-REC naming),3181,1,2026-09-16 07:58
03_prompts\extraction_prompts\extraction_00323_Distributed_Cooperative_UAV_Leader-Follo.txt,DELETED,old extraction prompt (non-REC naming),3705,1,2026-09-16 07:58
03_prompts\extraction_prompts\extraction_00324_Semantics_Indoor_Navigation_Using_a_Path.txt,DELETED,old extraction prompt (non-REC naming),3093,1,2026-09-16 07:58
03_prompts\extraction_prompts\extraction_00325_GNSS_Inertial_Navigation_Wireless_Statio.txt,DELETED,old extraction prompt (non-REC naming),3809,1,2026-09-16 07:58
03_prompts\extraction_prompts\extraction_00326_Magnetic_field_mapping_as_a_support_for_.txt,DELETED,old extraction prompt (non-REC naming),3183,1,2026-09-16 07:58
03_prompts\extraction_prompts\extraction_00327_Research_on_Multi-Sensor_Indoor_Cross-Fl.txt,DELETED,old extraction prompt (non-REC naming),3571,1,2026-09-16 07:58
03_prompts\extraction_prompts\extraction_00328_Robust_Underwater_Localization_via_Senso.txt,DELETED,old extraction prompt (non-REC naming),3590,1,2026-09-16 07:58
03_prompts\extraction_prompts\extraction_00329_PFIN__An_Efficient_Particle_Filter-Based.txt,DELETED,old extraction prompt (non-REC naming),3831,1,2026-09-16 07:58
03_prompts\extraction_prompts\extraction_00330_A_High-Fidelity_Digital_Twin_Framework_f.txt,DELETED,old extraction prompt (non-REC naming),3607,1,2026-09-16 07:58
03_prompts\extraction_prompts\extraction_00331_Path_Planning_for_Bathymetry-aided_Under.txt,DELETED,old extraction prompt (non-REC naming),3125,1,2026-09-16 07:58
03_prompts\extraction_prompts\extraction_00332_Thermal-Inertial_Localization_for_Autono.txt,DELETED,old extraction prompt (non-REC naming),3528,1,2026-09-16 07:58
03_prompts\extraction_prompts\extraction_00333_Sparsed_potential-PCNN_for_real_time_pat.txt,DELETED,old extraction prompt (non-REC naming),3564,1,2026-09-16 07:58
03_prompts\extraction_prompts\extraction_00334_UAV_Deployment_Optimization_for_ISAC_in_.txt,DELETED,old extraction prompt (non-REC naming),3268,1,2026-09-16 07:58
03_prompts\extraction_prompts\extraction_00335_Multi-UAV_formation_geometries_for_coope.txt,DELETED,old extraction prompt (non-REC naming),3638,1,2026-09-16 07:58
03_prompts\extraction_prompts\extraction_00336_Error_State_Extended_Kalman_Filter_Multi.txt,DELETED,old extraction prompt (non-REC naming),3677,1,2026-09-16 07:58
03_prompts\extraction_prompts\extraction_00337_ROS2_-_Powered_Autonomous_Navigation_for.txt,DELETED,old extraction prompt (non-REC naming),4569,1,2026-09-16 07:58
03_prompts\extraction_prompts\extraction_00338_Development_Status_and_Key_Navigation_Te.txt,DELETED,old extraction prompt (non-REC naming),2933,1,2026-09-16 07:58
03_prompts\extraction_prompts\extraction_00339_Semantic_Navigation_Applied_to_Narrow_Pa.txt,DELETED,old extraction prompt (non-REC naming),3074,1,2026-09-16 07:58
03_prompts\extraction_prompts\extraction_00340_A_Comparative_Study_of_2D_SLAM_Algorithm.txt,DELETED,old extraction prompt (non-REC naming),4091,1,2026-09-16 07:58
03_prompts\extraction_prompts\extraction_00341_Adaptive-Weighted_EKF_and_LiDAR_IMU_Tigh.txt,DELETED,old extraction prompt (non-REC naming),4151,1,2026-09-16 07:58
03_prompts\extraction_prompts\extraction_00342_System_Development_and_Integration_of_Un.txt,DELETED,old extraction prompt (non-REC naming),3578,1,2026-09-16 07:58
03_prompts\extraction_prompts\extraction_00343_Vision-Aided_Multi-UAV_Autonomous_Flocki.txt,DELETED,old extraction prompt (non-REC naming),3600,1,2026-09-16 07:58
03_prompts\extraction_prompts\extraction_00344_Comparative_Study_on_Object_Tracking_Alg.txt,DELETED,old extraction prompt (non-REC naming),3460,1,2026-09-16 07:58
03_prompts\extraction_prompts\extraction_00345_Distance_function_based_6DOF_localizatio.txt,DELETED,old extraction prompt (non-REC naming),3623,1,2026-09-16 07:58
03_prompts\extraction_prompts\extraction_00346_Autonomous_Flight_in_Unknown_GNSS-denied.txt,DELETED,old extraction prompt (non-REC naming),3139,1,2026-09-16 07:58
03_prompts\extraction_prompts\extraction_00347_A_Novel_Three-Stage_Robust_Adaptive_Filt.txt,DELETED,old extraction prompt (non-REC naming),3746,1,2026-09-16 07:58
03_prompts\extraction_prompts\extraction_00348_Robot_Indoor_Navigation_Using_Visible_Li.txt,DELETED,old extraction prompt (non-REC naming),2875,1,2026-09-16 07:58
03_prompts\extraction_prompts\extraction_00349_Improving_the_navigation_of_indoor_mobil.txt,DELETED,old extraction prompt (non-REC naming),3484,1,2026-09-16 07:58
03_prompts\extraction_prompts\extraction_00350_Research_on_Autonomous_Navigation_of_a_D.txt,DELETED,old extraction prompt (non-REC naming),3237,1,2026-09-16 07:58
03_prompts\extraction_prompts\extraction_00351_Aerial-DEM_Geolocalization_for_GPS-Denie.txt,DELETED,old extraction prompt (non-REC naming),3696,1,2026-09-16 07:58
03_prompts\extraction_prompts\extraction_00352_A_Bionic_Data-Driven_Approach_for_Long-D.txt,DELETED,old extraction prompt (non-REC naming),3677,1,2026-09-16 07:58
03_prompts\extraction_prompts\extraction_00353_Enhancing_Visual_Odometry__Integrating_L.txt,DELETED,old extraction prompt (non-REC naming),3382,1,2026-09-16 07:58
03_prompts\extraction_prompts\extraction_00354_Underwater_Navigation_using_3D_Vision__E.txt,DELETED,old extraction prompt (non-REC naming),3409,1,2026-09-16 07:58
03_prompts\extraction_prompts\extraction_00355_Navigation_Error_Sensitivity_of_Autonomo.txt,DELETED,old extraction prompt (non-REC naming),3419,1,2026-09-16 07:58
03_prompts\extraction_prompts\extraction_00356_Development_of_indoor_navigation_softwar.txt,DELETED,old extraction prompt (non-REC naming),3092,1,2026-09-16 07:58
03_prompts\extraction_prompts\extraction_00357_Flying_carpet_s_indoor_navigation_assess.txt,DELETED,old extraction prompt (non-REC naming),3395,1,2026-09-16 07:58
03_prompts\extraction_prompts\extraction_00358_The_positioning_system_use_for_autonomou.txt,DELETED,old extraction prompt (non-REC naming),3352,1,2026-09-16 07:58
03_prompts\extraction_prompts\extraction_00359_Robust_GPR-Aided_Localization_for_Autono.txt,DELETED,old extraction prompt (non-REC naming),3776,1,2026-09-16 07:58
03_prompts\extraction_prompts\extraction_00360_PSO-AntWalk__Autonomous_Robot_Navigation.txt,DELETED,old extraction prompt (non-REC naming),3940,1,2026-09-16 07:58
03_prompts\extraction_prompts\extraction_00361_Two-dimension_positioning_solution_of_hi.txt,DELETED,old extraction prompt (non-REC naming),3096,1,2026-09-16 07:58
03_prompts\extraction_prompts\extraction_00362_Unmanned_aerial_vehicle_relative_navigat.txt,DELETED,old extraction prompt (non-REC naming),3782,1,2026-09-16 07:58
03_prompts\extraction_prompts\extraction_00363_Enhanced_UAV_navigation_in_GNSS_denied_e.txt,DELETED,old extraction prompt (non-REC naming),3301,1,2026-09-16 07:58
03_prompts\extraction_prompts\extraction_00364_Autonomous_Indoor_Navigator.txt,DELETED,old extraction prompt (non-REC naming),3287,1,2026-09-16 07:58
03_prompts\extraction_prompts\extraction_00365_Stereo_Orientation_Prior_for_UAV_Robust_.txt,DELETED,old extraction prompt (non-REC naming),3943,1,2026-09-16 07:58
03_prompts\extraction_prompts\extraction_00366_Autonomous_Omnidirectional_Mobile_Robot_.txt,DELETED,old extraction prompt (non-REC naming),3855,1,2026-09-16 07:58
03_prompts\extraction_prompts\extraction_00367_The_Design_of_Indoor_Mobile_Robot_Naviga.txt,DELETED,old extraction prompt (non-REC naming),3224,1,2026-09-16 07:58
03_prompts\extraction_prompts\extraction_00368_Lane-Level_Localization_of_Vehicle_in_GP.txt,DELETED,old extraction prompt (non-REC naming),6349,1,2026-09-16 07:58
03_prompts\extraction_prompts\extraction_00369_Autonomous_Flight_Control_of_a_Nano_Quad.txt,DELETED,old extraction prompt (non-REC naming),3718,1,2026-09-16 07:58
03_prompts\extraction_prompts\extraction_00370_WHU-Helmet__A_Helmet-Based_Multisensor_S.txt,DELETED,old extraction prompt (non-REC naming),4324,1,2026-09-16 07:58
03_prompts\extraction_prompts\extraction_00371_Design_and_Integration_of_a_Multi-Sensor.txt,DELETED,old extraction prompt (non-REC naming),4515,1,2026-09-16 07:58
03_prompts\extraction_prompts\extraction_00372_UAV-Assisted_Visual_SLAM_Generating_Reco.txt,DELETED,old extraction prompt (non-REC naming),4061,1,2026-09-16 07:58
03_prompts\extraction_prompts\extraction_00373_Improving_Robot_Navigation_and_Obstacle_.txt,DELETED,old extraction prompt (non-REC naming),3453,1,2026-09-16 07:58
03_prompts\extraction_prompts\extraction_00374_A_Factor_Graph-Based_Multiple_Sensors_Fu.txt,DELETED,old extraction prompt (non-REC naming),3750,1,2026-09-16 07:58
03_prompts\extraction_prompts\extraction_00375_Design_and_research_of_intelligent_wheel.txt,DELETED,old extraction prompt (non-REC naming),3348,1,2026-09-16 07:58
03_prompts\extraction_prompts\extraction_00376_Indoor_Object_C1assification_for_Autonom.txt,DELETED,old extraction prompt (non-REC naming),3049,1,2026-09-16 07:58
03_prompts\extraction_prompts\extraction_00377_Indoor_Localization_Using_Low-Cost_Senso.txt,DELETED,old extraction prompt (non-REC naming),3387,1,2026-09-16 07:58
03_prompts\extraction_prompts\extraction_00378_Performance_Comparison_between_Several_U.txt,DELETED,old extraction prompt (non-REC naming),3626,1,2026-09-16 07:58
03_prompts\extraction_prompts\extraction_00379_Vehicle_Control_in_GNSS-Denied_Environme.txt,DELETED,old extraction prompt (non-REC naming),3541,1,2026-09-16 07:58
03_prompts\extraction_prompts\extraction_00380_LIDAR_based_Mapping_and_Path_Planning_fo.txt,DELETED,old extraction prompt (non-REC naming),3417,1,2026-09-16 07:58
03_prompts\extraction_prompts\extraction_00381_Self-Positioning_for_Mobile_Robot_Indoor.txt,DELETED,old extraction prompt (non-REC naming),3536,1,2026-09-16 07:58
03_prompts\extraction_prompts\extraction_00382_Integration_of_Extended_Kalman_Filtering.txt,DELETED,old extraction prompt (non-REC naming),3423,1,2026-09-16 07:58
03_prompts\extraction_prompts\extraction_00383_Towards_the_Development_of_Autonomous_Wh.txt,DELETED,old extraction prompt (non-REC naming),2947,1,2026-09-16 07:58
03_prompts\extraction_prompts\extraction_00384_Research_on_indoor_navigation_of_mobile_.txt,DELETED,old extraction prompt (non-REC naming),3146,1,2026-09-16 07:58
03_prompts\extraction_prompts\extraction_00385_3D_Autonomous_Underwater_Navigation_Usin.txt,DELETED,old extraction prompt (non-REC naming),4439,1,2026-09-16 07:58
03_prompts\extraction_prompts\extraction_00386_Template_matching_localization_for_GPS_d.txt,DELETED,old extraction prompt (non-REC naming),2650,1,2026-09-16 07:58
03_prompts\extraction_prompts\extraction_00387_Obstacle_avoidance_navigation_method_for.txt,DELETED,old extraction prompt (non-REC naming),3609,1,2026-09-16 07:58
03_prompts\extraction_prompts\extraction_00388_Multi-UAV_Cooperative_Navigation_Based_o.txt,DELETED,old extraction prompt (non-REC naming),4078,1,2026-09-16 07:58
03_prompts\extraction_prompts\extraction_00389_Pose-A_VLoc__a_Drone_Adaptive_Visual_Con.txt,DELETED,old extraction prompt (non-REC naming),2861,1,2026-09-16 07:58
03_prompts\extraction_prompts\extraction_00390_ROS-Based_Indoor_Autonomous_Exploration_.txt,DELETED,old extraction prompt (non-REC naming),3446,1,2026-09-16 07:58
03_prompts\extraction_prompts\extraction_00391_Multi-UAV_Collaboration_and_IMU_Fusion_L.txt,DELETED,old extraction prompt (non-REC naming),3880,1,2026-09-16 07:58
03_prompts\extraction_prompts\extraction_00392_A_Method_for_Navigation_System_of_Securi.txt,DELETED,old extraction prompt (non-REC naming),3439,1,2026-09-16 07:58
03_prompts\extraction_prompts\extraction_00393_navCLIP__A_Novel_CLIP-Guided_Drone_Navig.txt,DELETED,old extraction prompt (non-REC naming),3832,1,2026-09-16 07:58
03_prompts\extraction_prompts\extraction_00394_Research_on_Laser_Navigation_Mapping_and.txt,DELETED,old extraction prompt (non-REC naming),2599,1,2026-09-16 07:58
03_prompts\extraction_prompts\extraction_00395_Semantic_LiDAR_Point_Cloud_Mapping_and_C.txt,DELETED,old extraction prompt (non-REC naming),3530,1,2026-09-16 07:58
03_prompts\extraction_prompts\extraction_00396_Location_Aware_and_Drift_Control_Using_a.txt,DELETED,old extraction prompt (non-REC naming),3524,1,2026-09-16 07:58
03_prompts\extraction_prompts\extraction_00397_Autonomous_multi-floor_indoor_navigation.txt,DELETED,old extraction prompt (non-REC naming),3557,1,2026-09-16 07:58
03_prompts\extraction_prompts\extraction_00398_ROS_Powered_Autonomous_Mobile_Robot_for_.txt,DELETED,old extraction prompt (non-REC naming),3676,1,2026-09-16 07:58
03_prompts\extraction_prompts\extraction_00399_SLAM-DRLnav__A_SLAM-Enhanced_Deep_Reinfo.txt,DELETED,old extraction prompt (non-REC naming),3232,1,2026-09-16 07:58
03_prompts\extraction_prompts\extraction_00400_Indoor_Navigation_System_by_Combining_Ul.txt,DELETED,old extraction prompt (non-REC naming),3383,1,2026-09-16 07:58
03_prompts\extraction_prompts\extraction_00401_Vehicle_Cooperative_Localization_Based_o.txt,DELETED,old extraction prompt (non-REC naming),3851,1,2026-09-16 07:58
03_prompts\extraction_prompts\extraction_00402_Indoor_Navigation_for_Assistive_Robots_u.txt,DELETED,old extraction prompt (non-REC naming),4244,1,2026-09-16 07:58
03_prompts\extraction_prompts\extraction_00403_A_computer_vision-aided_motion_sensing_a.txt,DELETED,old extraction prompt (non-REC naming),3252,1,2026-09-16 07:58
03_prompts\extraction_prompts\extraction_00404_The_Growing_Importance_of_Alternative_In.txt,DELETED,old extraction prompt (non-REC naming),3627,1,2026-09-16 07:58
03_prompts\extraction_prompts\extraction_00405_Small-UAS_navigation_using_3D_imager_and.txt,DELETED,old extraction prompt (non-REC naming),3144,1,2026-09-16 07:58
03_prompts\extraction_prompts\extraction_00406_Underwater_integrated_navigation_technol.txt,DELETED,old extraction prompt (non-REC naming),3418,1,2026-09-16 07:58
03_prompts\extraction_prompts\extraction_00407_Guidance_of_an_Autonomous_Surface_Vehicl.txt,DELETED,old extraction prompt (non-REC naming),3674,1,2026-09-16 07:58
03_prompts\extraction_prompts\extraction_00408_Autonomous_Navigation_of_a_Single_UAV_in.txt,DELETED,old extraction prompt (non-REC naming),3596,1,2026-09-16 07:58
03_prompts\extraction_prompts\extraction_00409_Dust-Resilient_Autonomous_Navigation_and.txt,DELETED,old extraction prompt (non-REC naming),3748,1,2026-09-16 07:58
03_prompts\extraction_prompts\extraction_00410_Door_negotiation_of_a_omni_robot_platfor.txt,DELETED,old extraction prompt (non-REC naming),3159,1,2026-09-16 07:58
03_prompts\extraction_prompts\extraction_00412_Learning_to_Navigate_and_Track_Using_a_D.txt,DELETED,old extraction prompt (non-REC naming),3560,1,2026-09-16 07:58
03_prompts\extraction_prompts\extraction_00413_First-person_indoor_navigation_via_visio.txt,DELETED,old extraction prompt (non-REC naming),3825,1,2026-09-16 07:58
03_prompts\extraction_prompts\extraction_00414_Development_of_an_Efficient_Path_Plannin.txt,DELETED,old extraction prompt (non-REC naming),3206,1,2026-09-16 07:58
03_prompts\extraction_prompts\extraction_00415_A_GPS_BeiDou_Dual-Mode_Mobile_Robot_Loca.txt,DELETED,old extraction prompt (non-REC naming),3380,1,2026-09-16 07:58
03_prompts\extraction_prompts\extraction_00416_Vision-based_pose_estimation_for_autonom.txt,DELETED,old extraction prompt (non-REC naming),3260,1,2026-09-16 07:58
03_prompts\extraction_prompts\extraction_00417_An_Indoor_Navigation_Robot_Using_Augment.txt,DELETED,old extraction prompt (non-REC naming),3146,1,2026-09-16 07:58
03_prompts\extraction_prompts\extraction_00418_A_Comprehensive_Study_on_Supermarket_Ind.txt,DELETED,old extraction prompt (non-REC naming),4188,1,2026-09-16 07:58
03_prompts\extraction_prompts\extraction_00419_A_New_Velocity_Meter_Based_on_Hall_Effec.txt,DELETED,old extraction prompt (non-REC naming),3633,1,2026-09-16 07:58
03_prompts\extraction_prompts\extraction_00420_TOM-Odometry__A_Generalized_Localization.txt,DELETED,old extraction prompt (non-REC naming),3870,1,2026-09-16 07:58
03_prompts\extraction_prompts\extraction_00421_Occupancy_grid_map_generation_using_360_.txt,DELETED,old extraction prompt (non-REC naming),2805,1,2026-09-16 07:58
03_prompts\extraction_prompts\extraction_00422_A_hybrid_lidar-based_indoor_navigation_s.txt,DELETED,old extraction prompt (non-REC naming),3511,1,2026-09-16 07:58
03_prompts\extraction_prompts\extraction_00423_Circumnavigation_of_an_Unknown_Target_Us.txt,DELETED,old extraction prompt (non-REC naming),3100,1,2026-09-16 07:58
03_prompts\extraction_prompts\extraction_00424_Comparative_Analysis_of_Underwater_Posit.txt,DELETED,old extraction prompt (non-REC naming),3393,1,2026-09-16 07:58
03_prompts\extraction_prompts\extraction_00425_Evaluation_of_Real-Time_Vehicle_Localiza.txt,DELETED,old extraction prompt (non-REC naming),3853,1,2026-09-16 07:58
03_prompts\extraction_prompts\extraction_00426_Leonardo_Drone_Contest_2021__Politecnico.txt,DELETED,old extraction prompt (non-REC naming),3008,1,2026-09-16 07:58
03_prompts\extraction_prompts\extraction_00427_Scene-Matching_Localization_for_Autonomo.txt,DELETED,old extraction prompt (non-REC naming),3487,1,2026-09-16 07:58
03_prompts\extraction_prompts\extraction_00428_Humanoid_robot_indoor_navigation_based_o.txt,DELETED,old extraction prompt (non-REC naming),2787,1,2026-09-16 07:58
03_prompts\extraction_prompts\extraction_00429_Real_time_visual_SLAM_for_underwater_rob.txt,DELETED,old extraction prompt (non-REC naming),2814,1,2026-09-16 07:58
03_prompts\extraction_prompts\extraction_00430_Drones_Guiding_Drones__Cooperative_Navig.txt,DELETED,old extraction prompt (non-REC naming),3986,1,2026-09-16 07:58
03_prompts\extraction_prompts\extraction_00431_AOA_Sensor_Placement_for_Anchor-Assisted.txt,DELETED,old extraction prompt (non-REC naming),3943,1,2026-09-16 07:58
03_prompts\extraction_prompts\extraction_00432_ROS-Based_Autonomous_Maintenance_and_Ins.txt,DELETED,old extraction prompt (non-REC naming),3490,1,2026-09-16 07:58
03_prompts\extraction_prompts\extraction_00433_Social_Robot_Motion_for_Low-Velocity_Ind.txt,DELETED,old extraction prompt (non-REC naming),2871,1,2026-09-16 07:58
03_prompts\extraction_prompts\extraction_00434_Distributed_Motion_Capture-Based_Testbed.txt,DELETED,old extraction prompt (non-REC naming),3149,1,2026-09-16 07:58
03_prompts\extraction_prompts\extraction_00435_AUV_Tightly_Coupled_Terrain_Aided_Naviga.txt,DELETED,old extraction prompt (non-REC naming),3706,1,2026-09-16 07:58
03_prompts\extraction_prompts\extraction_00436_Indoor_integrated_navigation_for_differe.txt,DELETED,old extraction prompt (non-REC naming),3166,1,2026-09-16 07:58
03_prompts\extraction_prompts\extraction_00437_Drift-Resilient_Indoor_3D_Mapping_in_GPS.txt,DELETED,old extraction prompt (non-REC naming),3827,1,2026-09-16 07:58
03_prompts\extraction_prompts\extraction_00438_Vision-based_object_path_following_on_a_.txt,DELETED,old extraction prompt (non-REC naming),3503,1,2026-09-16 07:58
03_prompts\extraction_prompts\extraction_00439_Arduino-Based_Indoor_Navigation_System_w.txt,DELETED,old extraction prompt (non-REC naming),3463,1,2026-09-16 07:58
03_prompts\extraction_prompts\extraction_00440_Control_Design_and_Visual_Autonomous_Nav.txt,DELETED,old extraction prompt (non-REC naming),3524,1,2026-09-16 07:58
03_prompts\extraction_prompts\extraction_00441_Navigation_Without_Localization_Using_St.txt,DELETED,old extraction prompt (non-REC naming),3431,1,2026-09-16 07:58
03_prompts\extraction_prompts\extraction_00442_4G_Enabled_PhoneBot_with_Cloud_based_SLA.txt,DELETED,old extraction prompt (non-REC naming),3439,1,2026-09-16 07:58
03_prompts\extraction_prompts\extraction_00443_Routing_Models_of_Autonomous_Unmanned_Sy.txt,DELETED,old extraction prompt (non-REC naming),3291,1,2026-09-16 07:58
03_prompts\extraction_prompts\extraction_00444_Autonomous_Aerial_Swarming_in_GNSS-denie.txt,DELETED,old extraction prompt (non-REC naming),3549,1,2026-09-16 07:58
03_prompts\extraction_prompts\extraction_00445_Towards_autonomous_landing_on_a_moving_v.txt,DELETED,old extraction prompt (non-REC naming),3445,1,2026-09-16 07:58
03_prompts\extraction_prompts\extraction_00446_CHAMELEON__Visual-inertial_indoor_naviga.txt,DELETED,old extraction prompt (non-REC naming),2783,1,2026-09-16 07:58
03_prompts\extraction_prompts\extraction_00447_A_Perception-Based_Architecture_for_Auto.txt,DELETED,old extraction prompt (non-REC naming),3679,1,2026-09-16 07:58
03_prompts\extraction_prompts\extraction_00448_Indoor_Navigation_System_of_Mobile_Robot.txt,DELETED,old extraction prompt (non-REC naming),3027,1,2026-09-16 07:58
03_prompts\extraction_prompts\extraction_00449_An_Autonomous_Navigation_Method_using_2D.txt,DELETED,old extraction prompt (non-REC naming),3307,1,2026-09-16 07:58
03_prompts\extraction_prompts\extraction_00450_Aerial_Swarm_Search_for_GNSS-Denied_Mari.txt,DELETED,old extraction prompt (non-REC naming),3845,1,2026-09-16 07:58
03_prompts\extraction_prompts\extraction_00451_Indoor_navigation_of_mobile_robot_using_.txt,DELETED,old extraction prompt (non-REC naming),3624,1,2026-09-16 07:58
03_prompts\extraction_prompts\extraction_00453_A_proposal_for_UAV_clustering-based_rela.txt,DELETED,old extraction prompt (non-REC naming),3418,1,2026-09-16 07:58
03_prompts\extraction_prompts\extraction_00454_A_SLAM_Algorithm__A_Superior_Approach_fo.txt,DELETED,old extraction prompt (non-REC naming),3811,1,2026-09-16 07:58
03_prompts\extraction_prompts\extraction_00455_Airborne-Relay-based_Algorithm_for_Locat.txt,DELETED,old extraction prompt (non-REC naming),3677,1,2026-09-16 07:58
03_prompts\extraction_prompts\extraction_00456_TDOA_based_Tightly_Coupled_Sensor_Fusion.txt,DELETED,old extraction prompt (non-REC naming),3797,1,2026-09-16 07:58
03_prompts\extraction_prompts\extraction_00457_Development_of_an_Indoor_Navigation_Syst.txt,DELETED,old extraction prompt (non-REC naming),3492,1,2026-09-16 07:58
03_prompts\extraction_prompts\extraction_00458_Design_and_Analysis_of_a_Single-rotor_UA.txt,DELETED,old extraction prompt (non-REC naming),3360,1,2026-09-16 07:58
03_prompts\extraction_prompts\extraction_00459_Safe_Tightly-Constrained_UAV_Swarming_in.txt,DELETED,old extraction prompt (non-REC naming),3428,1,2026-09-16 07:58
03_prompts\extraction_prompts\extraction_00460_ROS_based_service_robot_platform.txt,DELETED,old extraction prompt (non-REC naming),3509,1,2026-09-16 07:58
03_prompts\extraction_prompts\extraction_00461_Autonomous_MAV_navigation_in_complex_GNS.txt,DELETED,old extraction prompt (non-REC naming),3443,1,2026-09-16 07:58
03_prompts\extraction_prompts\extraction_00462_Local_Navigation_System_for_a_Robot_Base.txt,DELETED,old extraction prompt (non-REC naming),3588,1,2026-09-16 07:58
03_prompts\extraction_prompts\extraction_00463_Feature_extraction_from_2D_laser_range_d.txt,DELETED,old extraction prompt (non-REC naming),2729,1,2026-09-16 07:58
03_prompts\extraction_prompts\extraction_00464_Relative_visual-inertial_odometry_for_fi.txt,DELETED,old extraction prompt (non-REC naming),3879,1,2026-09-16 07:58
03_prompts\extraction_prompts\extraction_00465_Employing_an_Embedded_Renderer_as_Recogn.txt,DELETED,old extraction prompt (non-REC naming),3672,1,2026-09-16 07:58
03_prompts\extraction_prompts\extraction_00466_Autonomous_Mapping_of_Uncharted_Ports__C.txt,DELETED,old extraction prompt (non-REC naming),3864,1,2026-09-16 07:58
03_prompts\extraction_prompts\extraction_00467_Navigating_the_Future__A_Kalman_Filter-B.txt,DELETED,old extraction prompt (non-REC naming),3683,1,2026-09-16 07:58
03_prompts\extraction_prompts\extraction_00468_Indoor_navigation_algorithm_for_mobile_r.txt,DELETED,old extraction prompt (non-REC naming),3213,1,2026-09-16 07:58
03_prompts\extraction_prompts\extraction_00469_Design_and_Flight_Test_of_an_Aerial_Mani.txt,DELETED,old extraction prompt (non-REC naming),4019,1,2026-09-16 07:58
03_prompts\extraction_prompts\extraction_00470_P3-LOAM__PPP_LiDAR_Loosely_Coupled_SLAM_.txt,DELETED,old extraction prompt (non-REC naming),4009,1,2026-09-16 07:58
03_prompts\extraction_prompts\extraction_00471_Gaussian_Process_Regression_for_Improved.txt,DELETED,old extraction prompt (non-REC naming),3716,1,2026-09-16 07:58
03_prompts\extraction_prompts\extraction_00472_The_Autonomous_Platforms_Inertial_Datase.txt,DELETED,old extraction prompt (non-REC naming),4159,1,2026-09-16 07:58
03_prompts\extraction_prompts\extraction_00473_Towards_a_model_of_UAVs_navigation_in_ur.txt,DELETED,old extraction prompt (non-REC naming),3333,1,2026-09-16 07:58
03_prompts\extraction_prompts\extraction_00474_Hybrid-VINS__Underwater_Tightly_Coupled_.txt,DELETED,old extraction prompt (non-REC naming),3745,1,2026-09-16 07:58
03_prompts\extraction_prompts\extraction_00475_P2P-DroneLoc__Peer-to-Peer_Localization_.txt,DELETED,old extraction prompt (non-REC naming),3795,1,2026-09-16 07:58
03_prompts\extraction_prompts\extraction_00476_A_Modular_Loosely-Coupled_Multi-Sensor_L.txt,DELETED,old extraction prompt (non-REC naming),3852,1,2026-09-16 07:58
03_prompts\extraction_prompts\extraction_00477_A_Novel_Mobile_Robot_Navigation_Method_B.txt,DELETED,old extraction prompt (non-REC naming),4367,1,2026-09-16 07:58
03_prompts\extraction_prompts\extraction_00478_Indoor_Navigation_with_Human_Assistance_.txt,DELETED,old extraction prompt (non-REC naming),3274,1,2026-09-16 07:58
03_prompts\extraction_prompts\extraction_00479_LiDAR-Based_Autonomous_Wheelchair_Using_.txt,DELETED,old extraction prompt (non-REC naming),3639,1,2026-09-16 07:58
03_prompts\extraction_prompts\extraction_00480_Multi-Sensor_Fusion_Based_Indoor_Localiz.txt,DELETED,old extraction prompt (non-REC naming),3372,1,2026-09-16 07:58
03_prompts\extraction_prompts\extraction_00481_An_Onboard_Transformer-Based_Physics-Inf.txt,DELETED,old extraction prompt (non-REC naming),3874,1,2026-09-16 07:58
03_prompts\extraction_prompts\extraction_00482_Kilometer-Scale_Autonomous_Navigation_in.txt,DELETED,old extraction prompt (non-REC naming),4184,1,2026-09-16 07:58
03_prompts\extraction_prompts\extraction_00483_Future_Uncertainty-Based_Control_for_Rel.txt,DELETED,old extraction prompt (non-REC naming),3432,1,2026-09-16 07:58
03_prompts\extraction_prompts\extraction_00484_Autonomous_robotic_SLAM-based_indoor_nav.txt,DELETED,old extraction prompt (non-REC naming),3698,1,2026-09-16 07:58
03_prompts\extraction_prompts\extraction_00485_Multi-Sensor_6-DoF_Localization_For_Aeri.txt,DELETED,old extraction prompt (non-REC naming),3490,1,2026-09-16 07:58
03_prompts\extraction_prompts\extraction_00486_Visual_odometry_using_optic_flow_for_Unm.txt,DELETED,old extraction prompt (non-REC naming),3184,1,2026-09-16 07:58
03_prompts\extraction_prompts\extraction_00487_Photometric-Planner_for_Visual_Path_Foll.txt,DELETED,old extraction prompt (non-REC naming),3398,1,2026-09-16 07:58
03_prompts\extraction_prompts\extraction_00488_UAV_Navigation_in_Unknown_Indoor_Environ.txt,DELETED,old extraction prompt (non-REC naming),3234,1,2026-09-16 07:58
03_prompts\extraction_prompts\extraction_00489_UAV_Vision_Aided_INS_Odometer_Integratio.txt,DELETED,old extraction prompt (non-REC naming),3578,1,2026-09-16 07:58
03_prompts\extraction_prompts\extraction_00490_A_Review_of_ROS-Based_Robot_Navigation_T.txt,DELETED,old extraction prompt (non-REC naming),2884,1,2026-09-16 07:58
03_prompts\extraction_prompts\extraction_00491_Autonomous_indoor_navigation_of_low-cost.txt,DELETED,old extraction prompt (non-REC naming),3496,1,2026-09-16 07:58
03_prompts\extraction_prompts\extraction_00492_Stereo-vision_based_autonomous_underwate.txt,DELETED,old extraction prompt (non-REC naming),4491,1,2026-09-16 07:58
03_prompts\extraction_prompts\extraction_00493_Monocular_visual_SLAM_for_small_UAVs_in_.txt,DELETED,old extraction prompt (non-REC naming),3049,1,2026-09-16 07:58
03_prompts\extraction_prompts\extraction_00494_Joint_placement_and_communication_optimi.txt,DELETED,old extraction prompt (non-REC naming),3716,1,2026-09-16 07:58
03_prompts\extraction_prompts\extraction_00495_Analysis_on_the_performance_of_VIO_accor.txt,DELETED,old extraction prompt (non-REC naming),3505,1,2026-09-16 07:58
03_prompts\extraction_prompts\extraction_00496_Multi-vehicle_cooperative_localization_a.txt,DELETED,old extraction prompt (non-REC naming),3877,1,2026-09-16 07:58
03_prompts\extraction_prompts\extraction_00497_Autonomous_Navigation_of_Robots_on_Roads.txt,DELETED,old extraction prompt (non-REC naming),3358,1,2026-09-16 07:58
03_prompts\extraction_prompts\extraction_00498_A_Tightly_Coupled_Polarization_Compass_a.txt,DELETED,old extraction prompt (non-REC naming),3327,1,2026-09-16 07:58
03_prompts\extraction_prompts\extraction_00499_The_Practice_of_Cloud-based_Navigation_S.txt,DELETED,old extraction prompt (non-REC naming),3402,1,2026-09-16 07:58
03_prompts\extraction_prompts\extraction_00500_Navigation_of_vehicle_in_urban_canyon_vi.txt,DELETED,old extraction prompt (non-REC naming),3342,1,2026-09-16 07:58
03_prompts\extraction_prompts\extraction_00501_FreeNavi__Landmark-Based_Mapless_Indoor_.txt,DELETED,old extraction prompt (non-REC naming),3317,1,2026-09-16 07:58
03_prompts\extraction_prompts\extraction_00502_LD3DGS-SLAM__Long-Distance_Monocular_SLA.txt,DELETED,old extraction prompt (non-REC naming),4924,1,2026-09-16 07:58
03_prompts\extraction_prompts\extraction_00503_Decimeter-Accuracy_Positioning_for_Drone.txt,DELETED,old extraction prompt (non-REC naming),3794,1,2026-09-16 07:58
03_prompts\extraction_prompts\extraction_00504_An_inexpensive_method_for_evaluating_the.txt,DELETED,old extraction prompt (non-REC naming),3470,1,2026-09-16 07:58
03_prompts\extraction_prompts\extraction_00505_Integrated_Indoor_Navigation_System_for_.txt,DELETED,old extraction prompt (non-REC naming),4502,1,2026-09-16 07:58
03_prompts\extraction_prompts\extraction_00506_Infrastructure-Free_ADAS_Scenario_Execut.txt,DELETED,old extraction prompt (non-REC naming),3535,1,2026-09-16 07:58
03_prompts\extraction_prompts\extraction_00507_Towards_GNSS-Free_UAV_Localization_via_X.txt,DELETED,old extraction prompt (non-REC naming),3283,1,2026-09-16 07:58
03_prompts\extraction_prompts\extraction_00508_Study_of_Optical_Flow_Sensor_for_Non-GPS.txt,DELETED,old extraction prompt (non-REC naming),3696,1,2026-09-16 07:58
03_prompts\extraction_prompts\extraction_00509_Improving_Simultaneous_Localization_and_.txt,DELETED,old extraction prompt (non-REC naming),3729,1,2026-09-16 07:58
03_prompts\extraction_prompts\extraction_00510_PINNARX__A_Physics-Informed_Framework_fo.txt,DELETED,old extraction prompt (non-REC naming),4087,1,2026-09-16 07:58
03_prompts\extraction_prompts\extraction_00511_LiDAR-Based_Real-Time_2D_Mapping_for_Aut.txt,DELETED,old extraction prompt (non-REC naming),3460,1,2026-09-16 07:58
03_prompts\extraction_prompts\extraction_00512_Improvement_of_altitude_precision_in_ind.txt,DELETED,old extraction prompt (non-REC naming),3066,1,2026-09-16 07:58
03_prompts\extraction_prompts\extraction_00513_Intelligent_Visual_Navigation_System_of_.txt,DELETED,old extraction prompt (non-REC naming),2963,1,2026-09-16 07:58
03_prompts\extraction_prompts\extraction_00514_UWB_and_IMU_Based_Positioning_with_Multi.txt,DELETED,old extraction prompt (non-REC naming),3613,1,2026-09-16 07:58
03_prompts\extraction_prompts\extraction_00515_Extended_Range_AUV_Localization_and_Navi.txt,DELETED,old extraction prompt (non-REC naming),3087,1,2026-09-16 07:58
03_prompts\extraction_prompts\extraction_00516_An_Indoor_Localization_Service_using_360.txt,DELETED,old extraction prompt (non-REC naming),2973,1,2026-09-16 07:58
03_prompts\extraction_prompts\extraction_00517_Coarse-to-Fine_Global_Localization_for_A.txt,DELETED,old extraction prompt (non-REC naming),3868,1,2026-09-16 07:58
03_prompts\extraction_prompts\extraction_00518_Improved_MHE-Based_Tightly_Coupled_SINS_.txt,DELETED,old extraction prompt (non-REC naming),3830,1,2026-09-16 07:58
03_prompts\extraction_prompts\extraction_00519_A_Cloud-based_Brain-controlled_Wheelchai.txt,DELETED,old extraction prompt (non-REC naming),3805,1,2026-09-16 07:58
03_prompts\extraction_prompts\extraction_00520_Research_on_Indoor_and_Outdoor_Navigatio.txt,DELETED,old extraction prompt (non-REC naming),4013,1,2026-09-16 07:58
03_prompts\extraction_prompts\extraction_00521_Multistage_Learning-Based_Fusion_Framewo.txt,DELETED,old extraction prompt (non-REC naming),4137,1,2026-09-16 07:58
03_prompts\extraction_prompts\extraction_00522_An_Improved_Extended_Kalman_Filter_for_U.txt,DELETED,old extraction prompt (non-REC naming),2958,1,2026-09-16 07:58
03_prompts\extraction_prompts\extraction_00523_Integration_of_Optical_Wireless_Position.txt,DELETED,old extraction prompt (non-REC naming),3279,1,2026-09-16 07:58
03_prompts\extraction_prompts\extraction_00524_Comparative_Benchmarking_of_TD3_for_Mult.txt,DELETED,old extraction prompt (non-REC naming),4393,1,2026-09-16 07:58
03_prompts\extraction_prompts\extraction_00525_Observability_Analysis_and_Optimization_.txt,DELETED,old extraction prompt (non-REC naming),3808,1,2026-09-16 07:58
03_prompts\extraction_prompts\extraction_00526_Range-Only_EKF-Based_Relative_Navigation.txt,DELETED,old extraction prompt (non-REC naming),3820,1,2026-09-16 07:58
03_prompts\extraction_prompts\extraction_00527_Low-SWaP_GNSS-denied_Navigation_using_LT.txt,DELETED,old extraction prompt (non-REC naming),3589,1,2026-09-16 07:58
03_prompts\extraction_prompts\extraction_00528_Navigation_Autonomy_with_Web-Based_Remot.txt,DELETED,old extraction prompt (non-REC naming),2888,1,2026-09-16 07:58
03_prompts\extraction_prompts\extraction_00529_Enhancing_the_UAV_Localization_Accuracy_.txt,DELETED,old extraction prompt (non-REC naming),3453,1,2026-09-16 07:58
03_prompts\extraction_prompts\extraction_00530_Cooperative_Localization_of_a_GPS-Denied.txt,DELETED,old extraction prompt (non-REC naming),2948,1,2026-09-16 07:58
03_prompts\extraction_prompts\extraction_00531_Construction_of_Autonomous_Driving_Maps_.txt,DELETED,old extraction prompt (non-REC naming),3676,1,2026-09-16 07:58
03_prompts\extraction_prompts\extraction_00532_Indoor_Autonomous_Multi-UAVs__A_Review_o.txt,DELETED,old extraction prompt (non-REC naming),4300,1,2026-09-16 07:58
03_prompts\extraction_prompts\extraction_00533_An_Integrated_GNSS_LiDAR-SLAM_Pose_Estim.txt,DELETED,old extraction prompt (non-REC naming),3682,1,2026-09-16 07:58
03_prompts\extraction_prompts\extraction_00534_Integrated_UWB-Vision_Approach_for_Auton.txt,DELETED,old extraction prompt (non-REC naming),3481,1,2026-09-16 07:58
03_prompts\extraction_prompts\extraction_00535_Indoor_positioning_and_obstacle_detectio.txt,DELETED,old extraction prompt (non-REC naming),3561,1,2026-09-16 07:58
03_prompts\extraction_prompts\extraction_00536_A_LiDAR_Odometry_for_Outdoor_Mobile_Robo.txt,DELETED,old extraction prompt (non-REC naming),3503,1,2026-09-16 07:58
03_prompts\extraction_prompts\extraction_00537_Indoor_Navigation_and_Attitude_Estimatio.txt,DELETED,old extraction prompt (non-REC naming),4517,1,2026-09-16 07:58
03_prompts\extraction_prompts\extraction_00538_Towards_a_Multi-Pixel_Time-of-Flight_Ind.txt,DELETED,old extraction prompt (non-REC naming),3905,1,2026-09-16 07:58
03_prompts\extraction_prompts\extraction_00539_Indoor_positioning_and_navigation_for_mi.txt,DELETED,old extraction prompt (non-REC naming),3354,1,2026-09-16 07:58
03_prompts\extraction_prompts\extraction_00540_High_Precision_Indoor_Navigation_for_Aut.txt,DELETED,old extraction prompt (non-REC naming),3411,1,2026-09-16 07:58
03_prompts\extraction_prompts\extraction_00541_A_Resilient_Cooperative_Homing_Method_wi.txt,DELETED,old extraction prompt (non-REC naming),3534,1,2026-09-16 07:58
03_prompts\extraction_prompts\extraction_00542_Path_planning_for_cooperative_underwater.txt,DELETED,old extraction prompt (non-REC naming),3681,1,2026-09-16 07:58
03_prompts\extraction_prompts\extraction_00543_Data-Driven_Underwater_Navigation_worksh.txt,DELETED,old extraction prompt (non-REC naming),3274,1,2026-09-16 07:58
03_prompts\extraction_prompts\extraction_00544_Season-Invariant_GNSS-Denied_Visual_Loca.txt,DELETED,old extraction prompt (non-REC naming),3411,1,2026-09-16 07:58
03_prompts\extraction_prompts\extraction_00545_Indoor_localization_of_Unmanned_Aerial_V.txt,DELETED,old extraction prompt (non-REC naming),2882,1,2026-09-16 07:58
03_prompts\extraction_prompts\extraction_00546_A_Multisensor_Fusion_Method_Based_on_Str.txt,DELETED,old extraction prompt (non-REC naming),3506,1,2026-09-16 07:58
03_prompts\extraction_prompts\extraction_00547_Optimization_of_Localization_Error_in_Mu.txt,DELETED,old extraction prompt (non-REC naming),3841,1,2026-09-16 07:58
03_prompts\extraction_prompts\extraction_00548_Acoustic_Localization_of_Underwater_Robo.txt,DELETED,old extraction prompt (non-REC naming),3536,1,2026-09-16 07:58
03_prompts\extraction_prompts\extraction_00549_EKF-Based_Fusion_of_Wi-Fi_LiDAR_IMU_for_.txt,DELETED,old extraction prompt (non-REC naming),4128,1,2026-09-16 07:58
03_prompts\extraction_prompts\extraction_00550_Omni-Bot__An_Autonomous_Inspection_Robot.txt,DELETED,old extraction prompt (non-REC naming),4327,1,2026-09-16 07:58
03_prompts\extraction_prompts\extraction_00551_Depth_Control_Based_on_PID_Using_a_Press.txt,DELETED,old extraction prompt (non-REC naming),3250,1,2026-09-16 07:58
03_prompts\extraction_prompts\extraction_00552_Fusing_odometry_and_sparse_UWB_radar_mea.txt,DELETED,old extraction prompt (non-REC naming),3181,1,2026-09-16 07:58
03_prompts\extraction_prompts\extraction_00553_Modeling_and_simulation_of_underwater_ro.txt,DELETED,old extraction prompt (non-REC naming),3719,1,2026-09-16 07:58
03_prompts\extraction_prompts\extraction_00554_Performance_Enhancement_of_INS_GNSS_Refr.txt,DELETED,old extraction prompt (non-REC naming),4234,1,2026-09-16 07:58
03_prompts\extraction_prompts\extraction_00555_Performance_analysis_of_filter_based_air.txt,DELETED,old extraction prompt (non-REC naming),3885,1,2026-09-16 07:58
03_prompts\extraction_prompts\extraction_00556_Planar_Marker_Recognition-Based_AMR_Loca.txt,DELETED,old extraction prompt (non-REC naming),4111,1,2026-09-16 07:58
03_prompts\extraction_prompts\extraction_00557_SLAPS__Simultaneous_Localization_and_Pha.txt,DELETED,old extraction prompt (non-REC naming),3896,1,2026-09-16 07:58
03_prompts\extraction_prompts\extraction_00558_Self-triggered_Distributed_Formation_Con.txt,DELETED,old extraction prompt (non-REC naming),3326,1,2026-09-16 07:58
03_prompts\extraction_prompts\extraction_00559_Recent_Advances_in_SLAM_for_Degraded_Env.txt,DELETED,old extraction prompt (non-REC naming),3935,1,2026-09-16 07:58
03_prompts\extraction_prompts\extraction_00560_Implementation_of_a_Hydrodynamic_Model-B.txt,DELETED,old extraction prompt (non-REC naming),4222,1,2026-09-16 07:58
03_prompts\extraction_prompts\extraction_00561_Advanced_Ubiquitous_Positioning_for_a_Po.txt,DELETED,old extraction prompt (non-REC naming),3426,1,2026-09-16 07:58
03_prompts\extraction_prompts\extraction_00562_Fast_and_Effective_Identification_of_Win.txt,DELETED,old extraction prompt (non-REC naming),3994,1,2026-09-16 07:58
03_prompts\extraction_prompts\extraction_00563_Architecture_and_design_considerations_f.txt,DELETED,old extraction prompt (non-REC naming),2610,1,2026-09-16 07:58
03_prompts\extraction_prompts\extraction_00564_Devising_Overtraining_Curriculum_Learnin.txt,DELETED,old extraction prompt (non-REC naming),3374,1,2026-09-16 07:58
03_prompts\extraction_prompts\extraction_00565_Map_data_representation_for_indoor_navig.txt,DELETED,old extraction prompt (non-REC naming),3704,1,2026-09-16 07:58
03_prompts\extraction_prompts\extraction_00566_A_novel_localization_and_navigation_appr.txt,DELETED,old extraction prompt (non-REC naming),3090,1,2026-09-16 07:58
03_prompts\extraction_prompts\extraction_00567_BEVRender__Vision-based_Cross-view_Vehic.txt,DELETED,old extraction prompt (non-REC naming),3441,1,2026-09-16 07:58
03_prompts\extraction_prompts\extraction_00568_Comparative_Analysis_of_Deep-Reinforceme.txt,DELETED,old extraction prompt (non-REC naming),3627,1,2026-09-16 07:58
03_prompts\extraction_prompts\extraction_00569_Drone_Positioning_in_a_Specified_Locatio.txt,DELETED,old extraction prompt (non-REC naming),3176,1,2026-09-16 07:58
03_prompts\extraction_prompts\extraction_00570_Autonomous_Indoor_Navigation_Using_PPO_a.txt,DELETED,old extraction prompt (non-REC naming),3541,1,2026-09-16 07:58
03_prompts\extraction_prompts\extraction_00571_DRAL__Deep_Reinforcement_Adaptive_Learni.txt,DELETED,old extraction prompt (non-REC naming),3720,1,2026-09-16 07:58
03_prompts\extraction_prompts\extraction_00572_GNSS-Independent_Navigation_of_UAV_throu.txt,DELETED,old extraction prompt (non-REC naming),3724,1,2026-09-16 07:58
03_prompts\extraction_prompts\extraction_00573_A_Review_of_UAV_Positioning_in_LAIN__Tow.txt,DELETED,old extraction prompt (non-REC naming),4525,1,2026-09-16 07:58
03_prompts\extraction_prompts\extraction_00574_Navigation_of_USV_for_GPS-Disabled_Envir.txt,DELETED,old extraction prompt (non-REC naming),3179,1,2026-09-16 07:58
03_prompts\extraction_prompts\extraction_00575_Context-Aware_Sensor_Fusion_and_Mode-Swi.txt,DELETED,old extraction prompt (non-REC naming),3373,1,2026-09-16 07:58
03_prompts\extraction_prompts\extraction_00576_EL-OGISLAM__Escalator_Landmark-based_Occ.txt,DELETED,old extraction prompt (non-REC naming),3704,1,2026-09-16 07:58
03_prompts\extraction_prompts\extraction_00577_The_NavINST_Dataset_for_Multi-Sensor_Aut.txt,DELETED,old extraction prompt (non-REC naming),3859,1,2026-09-16 07:58
03_prompts\extraction_prompts\extraction_00578_A_Modular_UAV_Hardware_Platform_for_Aeri.txt,DELETED,old extraction prompt (non-REC naming),3498,1,2026-09-16 07:58
03_prompts\extraction_prompts\extraction_00579_LiDAR-Based_Decentralized_Collaborative_.txt,DELETED,old extraction prompt (non-REC naming),3762,1,2026-09-16 07:58
03_prompts\extraction_prompts\extraction_00580_Doctor_Assistant_Robot__Navigation_Throu.txt,DELETED,old extraction prompt (non-REC naming),3894,1,2026-09-16 07:58
03_prompts\extraction_prompts\extraction_00581_Seamless_Indoor_Navigation__Leveraging_A.txt,DELETED,old extraction prompt (non-REC naming),3848,1,2026-09-16 07:58
03_prompts\extraction_prompts\extraction_00582_Research_on_Localization_and_Path_Planni.txt,DELETED,old extraction prompt (non-REC naming),3071,1,2026-09-16 07:58
03_prompts\extraction_prompts\extraction_00583_Optimization_method_of_MEMS_IMU_LADAR_in.txt,DELETED,old extraction prompt (non-REC naming),4373,1,2026-09-16 07:58
03_prompts\extraction_prompts\extraction_00584_An_Indoor_Localization_Method_for_Humano.txt,DELETED,old extraction prompt (non-REC naming),3317,1,2026-09-16 07:58
03_prompts\extraction_prompts\extraction_00585_Inertial_Navigation_aided_by_Simultaneou.txt,DELETED,old extraction prompt (non-REC naming),3011,1,2026-09-16 07:58
03_prompts\extraction_prompts\extraction_00586_Development_of_a_3D-Printed_Differential.txt,DELETED,old extraction prompt (non-REC naming),3505,1,2026-09-16 07:58
03_prompts\extraction_prompts\extraction_00587_Research_on_the_Control_System_of_Dual_L.txt,DELETED,old extraction prompt (non-REC naming),3188,1,2026-09-16 07:58
03_prompts\extraction_prompts\extraction_00588_A_SLAM_Based_Semantic_Indoor_Navigation_.txt,DELETED,old extraction prompt (non-REC naming),3637,1,2026-09-16 07:58
03_prompts\extraction_prompts\extraction_00589_Unmanned_ground_vehicle_simulation_with_.txt,DELETED,old extraction prompt (non-REC naming),3470,1,2026-09-16 07:58
03_prompts\extraction_prompts\extraction_00590_Extended_Kalman_Filter_for_indoor_and_ou.txt,DELETED,old extraction prompt (non-REC naming),2933,1,2026-09-16 07:58
03_prompts\extraction_prompts\extraction_00591_On_improved_Simultaneous_Localization_an.txt,DELETED,old extraction prompt (non-REC naming),3359,1,2026-09-16 07:58
03_prompts\extraction_prompts\extraction_00592_YO-VIO__Robust_Multi-Sensor_Semantic_Fus.txt,DELETED,old extraction prompt (non-REC naming),3453,1,2026-09-16 07:58
03_prompts\extraction_prompts\extraction_00593_Evaluating_Global_Navigation_Satellite_S.txt,DELETED,old extraction prompt (non-REC naming),3737,1,2026-09-16 07:58
03_prompts\extraction_prompts\extraction_00594_Google_map_aided_visual_navigation_for_U.txt,DELETED,old extraction prompt (non-REC naming),3181,1,2026-09-16 07:58
03_prompts\extraction_prompts\extraction_00595_Optimal_Navigation_and_Obstacle_Avoidanc.txt,DELETED,old extraction prompt (non-REC naming),3691,1,2026-09-16 07:58
03_prompts\extraction_prompts\extraction_00596_Robust_Motion_Controller_for_Mobile_Robo.txt,DELETED,old extraction prompt (non-REC naming),3200,1,2026-09-16 07:58
03_prompts\extraction_prompts\extraction_00597_Fusion_of_Visual_Attention_and_Scene_Des.txt,DELETED,old extraction prompt (non-REC naming),3742,1,2026-09-16 07:58
03_prompts\extraction_prompts\extraction_00598_Compact_Passive_Millimeter_Wave_Imager_f.txt,DELETED,old extraction prompt (non-REC naming),2801,1,2026-09-16 07:58
03_prompts\extraction_prompts\extraction_00599_Indoor_Navigation_Based_on_Global_and_Lo.txt,DELETED,old extraction prompt (non-REC naming),3129,1,2026-09-16 07:58
03_prompts\extraction_prompts\extraction_00600_Are_Learning-Based_Approaches_Ready_for_.txt,DELETED,old extraction prompt (non-REC naming),3873,1,2026-09-16 07:58
03_prompts\extraction_prompts\extraction_00601_Waypoint_Navigation_in_the_Image_Plane_f.txt,DELETED,old extraction prompt (non-REC naming),4191,1,2026-09-16 07:58
03_prompts\extraction_prompts\extraction_00602_Long_Range_Underwater_Localization_and_N.txt,DELETED,old extraction prompt (non-REC naming),3391,1,2026-09-16 07:58
03_prompts\extraction_prompts\extraction_00603_Research_On_Air-Ground_Collaborative_Nav.txt,DELETED,old extraction prompt (non-REC naming),3972,1,2026-09-16 07:58
03_prompts\extraction_prompts\extraction_00604_A_Fully_Autonomous_Indoor_Quadrotor.txt,DELETED,old extraction prompt (non-REC naming),3098,1,2026-09-16 07:58
03_prompts\extraction_prompts\extraction_00606_Semantic_Mapping_Based_on_ORB-SLAM_and_Y.txt,DELETED,old extraction prompt (non-REC naming),3001,1,2026-09-16 07:58
03_prompts\extraction_prompts\extraction_00607_Integration_of_GNSS_and_Fiber-Optic_Gyro.txt,DELETED,old extraction prompt (non-REC naming),3510,1,2026-09-16 07:58
03_prompts\extraction_prompts\extraction_00608_Signal_Strength-Guided_Return_Navigation.txt,DELETED,old extraction prompt (non-REC naming),3526,1,2026-09-16 07:58
03_prompts\extraction_prompts\extraction_00609_Navigation_Guided_by_Visual_Markers_and_.txt,DELETED,old extraction prompt (non-REC naming),3292,1,2026-09-16 07:58
03_prompts\extraction_prompts\extraction_00610_Simulation_of_UAV-Based_Indoor_Mapping_f.txt,DELETED,old extraction prompt (non-REC naming),3470,1,2026-09-16 07:58
03_prompts\extraction_prompts\extraction_00611_Application_of_Robust_Filtering_Algorith.txt,DELETED,old extraction prompt (non-REC naming),4245,1,2026-09-16 07:58
03_prompts\extraction_prompts\extraction_00612_Research_on_Autonomous_UAV_Power_Inspect.txt,DELETED,old extraction prompt (non-REC naming),3454,1,2026-09-16 07:58
03_prompts\extraction_prompts\extraction_00613_On_hearing_your_position_through_light_f.txt,DELETED,old extraction prompt (non-REC naming),3415,1,2026-09-16 07:58
03_prompts\extraction_prompts\extraction_00614_Autonomous_Cooperative_Mapping_of_GPS-De.txt,DELETED,old extraction prompt (non-REC naming),3681,1,2026-09-16 07:58
03_prompts\extraction_prompts\extraction_00615_UAV_State_Estimation_and_Trajectory_Pred.txt,DELETED,old extraction prompt (non-REC naming),3944,1,2026-09-16 07:58
03_prompts\extraction_prompts\extraction_00616_Novel_method_for_underwater_navigation_a.txt,DELETED,old extraction prompt (non-REC naming),3499,1,2026-09-16 07:58
03_prompts\extraction_prompts\extraction_00617_Visual-Inertial_Fusion_for_Indoor_Autono.txt,DELETED,old extraction prompt (non-REC naming),3832,1,2026-09-16 07:58
03_prompts\extraction_prompts\extraction_00618_Long-Term_Localization_Method_Integrated.txt,DELETED,old extraction prompt (non-REC naming),4333,1,2026-09-16 07:58
03_prompts\extraction_prompts\extraction_00619_Submarine_Geophysical_Navigation_of_Auto.txt,DELETED,old extraction prompt (non-REC naming),3916,1,2026-09-16 07:58
03_prompts\extraction_prompts\extraction_00620_Terrain_Aided_Planetary_UAV_Localization.txt,DELETED,old extraction prompt (non-REC naming),4050,1,2026-09-16 07:58
03_prompts\extraction_prompts\extraction_00621_Routing_unmanned_vehicles_in_GPS-denied_.txt,DELETED,old extraction prompt (non-REC naming),3310,1,2026-09-16 07:58
03_prompts\extraction_prompts\extraction_00622_Micro-Drone_Ego-Velocity_and_Height_Esti.txt,DELETED,old extraction prompt (non-REC naming),3675,1,2026-09-16 07:58
03_prompts\extraction_prompts\extraction_00623_Thermal-LiDAR_Fusion_for_Robust_Tunnel_L.txt,DELETED,old extraction prompt (non-REC naming),4140,1,2026-09-16 07:58
03_prompts\extraction_prompts\extraction_00624_Autonomous_indoor_navigation_of_a_stock_.txt,DELETED,old extraction prompt (non-REC naming),3165,1,2026-09-16 07:58
03_prompts\extraction_prompts\extraction_00625_A_method_to_LRF_noise_filtering_for_the_.txt,DELETED,old extraction prompt (non-REC naming),3416,1,2026-09-16 07:58
03_prompts\extraction_prompts\extraction_00626_Integrated_indoor_navigation_system_for_.txt,DELETED,old extraction prompt (non-REC naming),3384,1,2026-09-16 07:58
03_prompts\extraction_prompts\extraction_00627_Comparative_Analysis_of_A___Algorithm_an.txt,DELETED,old extraction prompt (non-REC naming),3858,1,2026-09-16 07:58
03_prompts\extraction_prompts\extraction_00628_Pair-Navi__Peer-to-Peer_Indoor_Navigatio.txt,DELETED,old extraction prompt (non-REC naming),3796,1,2026-09-16 07:58
03_prompts\extraction_prompts\extraction_00629_Vehicle_Inertial_Localization_With_Adapt.txt,DELETED,old extraction prompt (non-REC naming),4618,1,2026-09-16 07:58
03_prompts\extraction_prompts\extraction_00630_Real-Time_Detection_of_Mine-Like_Objects.txt,DELETED,old extraction prompt (non-REC naming),4258,1,2026-09-16 07:58
03_prompts\extraction_prompts\extraction_00631_Invited_Speaker_1__Navigation_without_GP.txt,DELETED,old extraction prompt (non-REC naming),3804,1,2026-09-16 07:58
03_prompts\extraction_prompts\extraction_00632_Acouhouse__An_Acoustic_Lighthouses_Syste.txt,DELETED,old extraction prompt (non-REC naming),3129,1,2026-09-16 07:58
03_prompts\extraction_prompts\extraction_00634_A_Study_on_a_Navigation_Method_Based_on_.txt,DELETED,old extraction prompt (non-REC naming),2853,1,2026-09-16 07:58
03_prompts\extraction_prompts\extraction_00635_Visual_Navigation_of_Mobile_Robots_in_Co.txt,DELETED,old extraction prompt (non-REC naming),4034,1,2026-09-16 07:58
03_prompts\extraction_prompts\extraction_00636_A_Fine_Anti-Noise_Algorithm_Based_on_Mat.txt,DELETED,old extraction prompt (non-REC naming),3425,1,2026-09-16 07:58
03_prompts\extraction_prompts\extraction_00637_Miniature_IMU_INS_with_optimally_fused_l.txt,DELETED,old extraction prompt (non-REC naming),4533,1,2026-09-16 07:58
03_prompts\extraction_prompts\extraction_00638_A_Universal_LiDAR_SLAM_Accelerator_Syste.txt,DELETED,old extraction prompt (non-REC naming),4163,1,2026-09-16 07:58
03_prompts\extraction_prompts\extraction_00639_A_Vision-Based_Approach_to_Autonomous_La.txt,DELETED,old extraction prompt (non-REC naming),3675,1,2026-09-16 07:58
03_prompts\extraction_prompts\extraction_00640_Thermal_Image_Based_Direct_Method_Visual.txt,DELETED,old extraction prompt (non-REC naming),3650,1,2026-09-16 07:58
03_prompts\extraction_prompts\extraction_00641_Analysis_of_information_provision_method.txt,DELETED,old extraction prompt (non-REC naming),3475,1,2026-09-16 07:58
03_prompts\extraction_prompts\extraction_00642_A_Novel_Approach_to_Mobile_Indoor_Naviga.txt,DELETED,old extraction prompt (non-REC naming),3041,1,2026-09-16 07:58
03_prompts\extraction_prompts\extraction_00643_Robust_Localization_in_Both_Urban_and_Ru.txt,DELETED,old extraction prompt (non-REC naming),3407,1,2026-09-16 07:58
03_prompts\extraction_prompts\extraction_00644_Autonomous_Localization_and_Navigation_f.txt,DELETED,old extraction prompt (non-REC naming),3958,1,2026-09-16 07:58
03_prompts\extraction_prompts\extraction_00645_Lidar_Indoor_Navigation.txt,DELETED,old extraction prompt (non-REC naming),3691,1,2026-09-16 07:58
03_prompts\extraction_prompts\extraction_00646_Indoor_Mapping_and_Analysis_Based_on_Opt.txt,DELETED,old extraction prompt (non-REC naming),3723,1,2026-09-16 07:58
03_prompts\extraction_prompts\extraction_00647_Radiation_Source_Localization_in_GPS-Den.txt,DELETED,old extraction prompt (non-REC naming),3546,1,2026-09-16 07:58
03_prompts\extraction_prompts\extraction_00648_Vision_aided_motion_estimation_for_unman.txt,DELETED,old extraction prompt (non-REC naming),3253,1,2026-09-16 07:58
03_prompts\extraction_prompts\extraction_00649_Localization_and_feature_recognition__Im.txt,DELETED,old extraction prompt (non-REC naming),3577,1,2026-09-16 07:58
03_prompts\extraction_prompts\extraction_00650_Leveraging_Smart_Tunnel_Systems__V2X-Dri.txt,DELETED,old extraction prompt (non-REC naming),3813,1,2026-09-16 07:58
03_prompts\extraction_prompts\extraction_00651_Vector_Field-based_Autonomous_Navigation.txt,DELETED,old extraction prompt (non-REC naming),3253,1,2026-09-16 07:58
03_prompts\extraction_prompts\extraction_00652_Reinforcement_Learning-Based_Autonomous_.txt,DELETED,old extraction prompt (non-REC naming),4173,1,2026-09-16 07:58
03_prompts\extraction_prompts\extraction_00653_An_efficient_UAV_navigation_solution_for.txt,DELETED,old extraction prompt (non-REC naming),3613,1,2026-09-16 07:58
03_prompts\extraction_prompts\extraction_00654_Robust_self-localization_system_based_on.txt,DELETED,old extraction prompt (non-REC naming),3901,1,2026-09-16 07:58
03_prompts\extraction_prompts\extraction_00655_Map_construction_and_exploration_with_me.txt,DELETED,old extraction prompt (non-REC naming),3096,1,2026-09-16 07:58
03_prompts\extraction_prompts\extraction_00656_Vision-Based_UAV_Localization_by_Aerial_.txt,DELETED,old extraction prompt (non-REC naming),3870,1,2026-09-16 07:58
03_prompts\extraction_prompts\extraction_00657_EKF-LOAM__An_Adaptive_Fusion_of_LiDAR_SL.txt,DELETED,old extraction prompt (non-REC naming),4622,1,2026-09-16 07:58
03_prompts\extraction_prompts\extraction_00658_Depth_camera_based_indoor_mobile_robot_l.txt,DELETED,old extraction prompt (non-REC naming),3725,1,2026-09-16 07:58
03_prompts\extraction_prompts\extraction_00659_Fast_Swarming_of_UAVs_in_GNSS-Denied_Fea.txt,DELETED,old extraction prompt (non-REC naming),3672,1,2026-09-16 07:58
03_prompts\extraction_prompts\extraction_00660_Multiple_Autonomous_Surface_Vehicles_for.txt,DELETED,old extraction prompt (non-REC naming),4212,1,2026-09-16 07:58
03_prompts\extraction_prompts\extraction_00661_Combining_Remote_and_In-situ_Sensing_for.txt,DELETED,old extraction prompt (non-REC naming),3671,1,2026-09-16 07:58
03_prompts\extraction_prompts\extraction_00662_Joint_Placement_and_Communication_Optimi.txt,DELETED,old extraction prompt (non-REC naming),3263,1,2026-09-16 07:58
03_prompts\extraction_prompts\extraction_00663_Grounding_Implicit_Goal_Description_for_.txt,DELETED,old extraction prompt (non-REC naming),3490,1,2026-09-16 07:58
03_prompts\extraction_prompts\extraction_00664_A_UAV_system_for_inspection_of_industria.txt,DELETED,old extraction prompt (non-REC naming),3957,1,2026-09-16 07:58
03_prompts\extraction_prompts\extraction_00665_Separated_Sonar_Localization_System_for_.txt,DELETED,old extraction prompt (non-REC naming),3687,1,2026-09-16 07:58
03_prompts\extraction_prompts\extraction_00666_Autonomous_Navigation_of_a_Mobile_Robot_.txt,DELETED,old extraction prompt (non-REC naming),3474,1,2026-09-16 07:58
03_prompts\extraction_prompts\extraction_00667_Moving_correction_method_of_a_mobile_rob.txt,DELETED,old extraction prompt (non-REC naming),3588,1,2026-09-16 07:58
03_prompts\extraction_prompts\extraction_00668_Fusing_vision_and_odometry_for_accurate_.txt,DELETED,old extraction prompt (non-REC naming),3698,1,2026-09-16 07:58
03_prompts\extraction_prompts\extraction_00669_Robust_Factor_Graph_Optimization_for_GNS.txt,DELETED,old extraction prompt (non-REC naming),4236,1,2026-09-16 07:58
03_prompts\extraction_prompts\extraction_00670_A_low-cost_indoor_and_outdoor_terrestria.txt,DELETED,old extraction prompt (non-REC naming),2759,1,2026-09-16 07:58
03_prompts\extraction_prompts\extraction_00671_DaHOG-based_Mobile_Robot_Indoor_Global_L.txt,DELETED,old extraction prompt (non-REC naming),3357,1,2026-09-16 07:58
03_prompts\extraction_prompts\extraction_00672_Visual_Localization_system_for_GPS-Blind.txt,DELETED,old extraction prompt (non-REC naming),3769,1,2026-09-16 07:58
03_prompts\extraction_prompts\extraction_00673_Towards_a_Low-Cost_Robot_Navigation_Appr.txt,DELETED,old extraction prompt (non-REC naming),3232,1,2026-09-16 07:58
03_prompts\extraction_prompts\extraction_00674_Enhanced_Relative_Localization_Based_on_.txt,DELETED,old extraction prompt (non-REC naming),3441,1,2026-09-16 07:58
03_prompts\extraction_prompts\extraction_00675_Accurate_EKF-Based_Underwater_Navigation.txt,DELETED,old extraction prompt (non-REC naming),5478,1,2026-09-16 07:58
03_prompts\extraction_prompts\extraction_00676_Mitigating_Perceptual_Drift_in_ROS2_LiDA.txt,DELETED,old extraction prompt (non-REC naming),3731,1,2026-09-16 07:58
03_prompts\extraction_prompts\extraction_00677_Design_a_Novel_Target_to_Improve_Positio.txt,DELETED,old extraction prompt (non-REC naming),4584,1,2026-09-16 07:58
03_prompts\extraction_prompts\extraction_00678_Inside_Bridges__Autonomous_Crack_Inspect.txt,DELETED,old extraction prompt (non-REC naming),3352,1,2026-09-16 07:58
03_prompts\extraction_prompts\extraction_00679_Fetchmate_-_Autonomous_Indoor_Mapping_an.txt,DELETED,old extraction prompt (non-REC naming),3460,1,2026-09-16 07:58
03_prompts\extraction_prompts\extraction_00680_MATLAB-Driven_Virtual_Simulation_and_Per.txt,DELETED,old extraction prompt (non-REC naming),3098,1,2026-09-16 07:58
03_prompts\extraction_prompts\extraction_00681_Scalable_indoor_navigation_system_based_.txt,DELETED,old extraction prompt (non-REC naming),3096,1,2026-09-16 07:58
03_prompts\extraction_prompts\extraction_00682_Monocular_Visual_Odometry_with_Unmanned_.txt,DELETED,old extraction prompt (non-REC naming),3368,1,2026-09-16 07:58
03_prompts\extraction_prompts\extraction_00683_Real_time_UGV_positioning_based_on_Refer.txt,DELETED,old extraction prompt (non-REC naming),3310,1,2026-09-16 07:58
03_prompts\extraction_prompts\extraction_00684_Tightly_Coupled_Multifactor_Optimization.txt,DELETED,old extraction prompt (non-REC naming),3897,1,2026-09-16 07:58
03_prompts\extraction_prompts\extraction_00685_Study_on_the_effective_visual_navigation.txt,DELETED,old extraction prompt (non-REC naming),2971,1,2026-09-16 07:58
03_prompts\extraction_prompts\extraction_00686_Nonlinear_Dynamic_Model-Based_State_Esti.txt,DELETED,old extraction prompt (non-REC naming),4043,1,2026-09-16 07:58
03_prompts\extraction_prompts\extraction_00687_On_the_scalability_of_experimentally_det.txt,DELETED,old extraction prompt (non-REC naming),3637,1,2026-09-16 07:58
03_prompts\extraction_prompts\extraction_00688_Single_Vehicle_Localization_and_Routing_.txt,DELETED,old extraction prompt (non-REC naming),3514,1,2026-09-16 07:58
03_prompts\extraction_prompts\extraction_00689_Bio_Inspired_Approaches_for_Indoor_Path_.txt,DELETED,old extraction prompt (non-REC naming),3676,1,2026-09-16 07:58
03_prompts\extraction_prompts\extraction_00690_Autonomous_Indoor_Navigation_Robot_for_R.txt,DELETED,old extraction prompt (non-REC naming),3564,1,2026-09-16 07:58
03_prompts\extraction_prompts\extraction_00691_An_autonomous_ground_explorer_utilizing_.txt,DELETED,old extraction prompt (non-REC naming),3758,1,2026-09-16 07:58
03_prompts\extraction_prompts\extraction_00692_A_High_Accuracy_and_Large-Scale_Detectio.txt,DELETED,old extraction prompt (non-REC naming),4121,1,2026-09-16 07:58
03_prompts\extraction_prompts\extraction_00693_Characterization_and_Testing_of_a_High-R.txt,DELETED,old extraction prompt (non-REC naming),3380,1,2026-09-16 07:58
03_prompts\extraction_prompts\extraction_00694_UWB_and_IMU_System_Fusion_for_Indoor_Nav.txt,DELETED,old extraction prompt (non-REC naming),3184,1,2026-09-16 07:58
03_prompts\extraction_prompts\extraction_00695_Drift-Free_Visual_SLAM_for_Mobile_Robot_.txt,DELETED,old extraction prompt (non-REC naming),3593,1,2026-09-16 07:58
03_prompts\extraction_prompts\extraction_00696_Task-Driven_SLAM_Benchmarking_for_Dynami.txt,DELETED,old extraction prompt (non-REC naming),3581,1,2026-09-16 07:58
03_prompts\extraction_prompts\extraction_00697_Development_of_an_autonomous_outdoor_pat.txt,DELETED,old extraction prompt (non-REC naming),3198,1,2026-09-16 07:58
03_prompts\extraction_prompts\extraction_00698_Kilometer_Sign_Positioning-Aided_INS_Odo.txt,DELETED,old extraction prompt (non-REC naming),3781,1,2026-09-16 07:58
03_prompts\extraction_prompts\extraction_00699_Design__Dynamics_Modelling_and_Control_o.txt,DELETED,old extraction prompt (non-REC naming),3308,1,2026-09-16 07:58
03_prompts\extraction_prompts\extraction_00700_SLAM-TSM__Enhanced_Indoor_LiDAR_SLAM_Wit.txt,DELETED,old extraction prompt (non-REC naming),4038,1,2026-09-16 07:58
03_prompts\extraction_prompts\extraction_00701_Vision-Based_Autonomous_Drone_Navigation.txt,DELETED,old extraction prompt (non-REC naming),4184,1,2026-09-16 07:58
03_prompts\extraction_prompts\extraction_00702_DRL-Based_User_Scheduling_for_Collaborat.txt,DELETED,old extraction prompt (non-REC naming),3742,1,2026-09-16 07:58
03_prompts\extraction_prompts\extraction_00703_Kite-Inspired_Deadlock-Free_Deploying_fo.txt,DELETED,old extraction prompt (non-REC naming),3940,1,2026-09-16 07:58
03_prompts\extraction_prompts\extraction_00704_Cloud-Based_Autonomous_Indoor_Navigation.txt,DELETED,old extraction prompt (non-REC naming),2955,1,2026-09-16 07:58
03_prompts\extraction_prompts\extraction_00705_Recursive_Extended_Finite-Memory_Positio.txt,DELETED,old extraction prompt (non-REC naming),4065,1,2026-09-16 07:58
03_prompts\extraction_prompts\extraction_00706_Towards_Robust_UAV_Tracking_in_GNSS-Deni.txt,DELETED,old extraction prompt (non-REC naming),3936,1,2026-09-16 07:58
03_prompts\extraction_prompts\extraction_00707_Precision_Positioning_for_Smart_Logistic.txt,DELETED,old extraction prompt (non-REC naming),4634,1,2026-09-16 07:58
03_prompts\extraction_prompts\extraction_00708_Target_Circumnavigation_of_Mobile_Robots.txt,DELETED,old extraction prompt (non-REC naming),3342,1,2026-09-16 07:58
03_prompts\extraction_prompts\extraction_00709_Lidar-mmW_Radar_Fusion_for_Safer_UGV_Aut.txt,DELETED,old extraction prompt (non-REC naming),3923,1,2026-09-16 07:58
03_prompts\extraction_prompts\extraction_00710_Data_association_approach_to_mobile_robo.txt,DELETED,old extraction prompt (non-REC naming),3156,1,2026-09-16 07:58
03_prompts\extraction_prompts\extraction_00711_A_Local-observation-based_Safe_Autonomou.txt,DELETED,old extraction prompt (non-REC naming),3454,1,2026-09-16 07:58
03_prompts\extraction_prompts\extraction_00712_Intelligent_Indoor_Navigation_for_Home_R.txt,DELETED,old extraction prompt (non-REC naming),3522,1,2026-09-16 07:58
03_prompts\extraction_prompts\extraction_00713_Autonomous_UAV_Pipeline_Landing_via_Dept.txt,DELETED,old extraction prompt (non-REC naming),3186,1,2026-09-16 07:58
03_prompts\extraction_prompts\extraction_00714_Indoor_navigation_research_with_the_Khep.txt,DELETED,old extraction prompt (non-REC naming),3521,1,2026-09-16 07:58
03_prompts\extraction_prompts\extraction_00715_Aesthetic_marker_decoding_system_for_ind.txt,DELETED,old extraction prompt (non-REC naming),3037,1,2026-09-16 07:58
03_prompts\extraction_prompts\extraction_00716_Cooperative_Search_Area_optimization_usi.txt,DELETED,old extraction prompt (non-REC naming),3186,1,2026-09-16 07:58
03_prompts\extraction_prompts\extraction_00717_An_Indoor_Navigation_System_for_Autonomo.txt,DELETED,old extraction prompt (non-REC naming),3224,1,2026-09-16 07:58
03_prompts\extraction_prompts\extraction_00718_Autonomous_Quadcopter_with_Cascaded_Cont.txt,DELETED,old extraction prompt (non-REC naming),2893,1,2026-09-16 07:58
03_prompts\extraction_prompts\extraction_00719_Autonomous_landing_of_small_unmanned_aer.txt,DELETED,old extraction prompt (non-REC naming),3271,1,2026-09-16 07:58
03_prompts\extraction_prompts\extraction_00720_Relative_navigation_approach_for_vision-.txt,DELETED,old extraction prompt (non-REC naming),3387,1,2026-09-16 07:58
03_prompts\extraction_prompts\extraction_00721_Seamless_Indoor_and_Outdoor_Navigation_f.txt,DELETED,old extraction prompt (non-REC naming),3201,1,2026-09-16 07:58
03_prompts\extraction_prompts\extraction_00722_A_Probabilistic_Hierarchical_Optimizatio.txt,DELETED,old extraction prompt (non-REC naming),2921,1,2026-09-16 07:58
03_prompts\extraction_prompts\extraction_00723_Flight_Test_Evaluation_of_a_LIDAR_inerti.txt,DELETED,old extraction prompt (non-REC naming),3839,1,2026-09-16 07:58
03_prompts\extraction_prompts\extraction_00724_BotanicGarden__A_High-Quality_Dataset_fo.txt,DELETED,old extraction prompt (non-REC naming),4028,1,2026-09-16 07:58
03_prompts\extraction_prompts\extraction_00725_INS_Wi-Fi_based_indoor_navigation_using_.txt,DELETED,old extraction prompt (non-REC naming),3272,1,2026-09-16 07:58
03_prompts\extraction_prompts\extraction_00726_UWB_SLAM_with_Rao-Blackwellized_Monte_Ca.txt,DELETED,old extraction prompt (non-REC naming),3201,1,2026-09-16 07:58
03_prompts\extraction_prompts\extraction_00727_Closed-Loop_Benchmarking_of_Stereo_Visua.txt,DELETED,old extraction prompt (non-REC naming),3513,1,2026-09-16 07:58
03_prompts\extraction_prompts\extraction_00728_Development_of_DeepSeek-Based_Conversati.txt,DELETED,old extraction prompt (non-REC naming),3423,1,2026-09-16 07:58
03_prompts\extraction_prompts\extraction_00729_Communication-Free_Formation_Flight_Cont.txt,DELETED,old extraction prompt (non-REC naming),3234,1,2026-09-16 07:58
03_prompts\extraction_prompts\extraction_00730_Spectrum_Monitoring_for_Public_Safety_Ap.txt,DELETED,old extraction prompt (non-REC naming),3868,1,2026-09-16 07:58
03_prompts\extraction_prompts\extraction_00731_Towards_Autonomous_Robotic_Structure_Ins.txt,DELETED,old extraction prompt (non-REC naming),3633,1,2026-09-16 07:58
03_prompts\extraction_prompts\extraction_00732_Network_Optimization_for_Multistatic_Ult.txt,DELETED,old extraction prompt (non-REC naming),3583,1,2026-09-16 07:58
03_prompts\extraction_prompts\extraction_00733_Geomagnetic-Guided_Underwater_Navigation.txt,DELETED,old extraction prompt (non-REC naming),4012,1,2026-09-16 07:58
03_prompts\extraction_prompts\extraction_00734_Perception-Based_Accurate_Autonomous_Veh.txt,DELETED,old extraction prompt (non-REC naming),3008,1,2026-09-16 07:58
03_prompts\extraction_prompts\extraction_00736_Vision-based_pose_estimation_for_indoor_.txt,DELETED,old extraction prompt (non-REC naming),3153,1,2026-09-16 07:58
03_prompts\extraction_prompts\extraction_00737_Look_Further__Socially-Compliant_Navigat.txt,DELETED,old extraction prompt (non-REC naming),4155,1,2026-09-16 07:58
03_prompts\extraction_prompts\extraction_00738_Navigation_algorithm_for_mobile_robots_u.txt,DELETED,old extraction prompt (non-REC naming),2711,1,2026-09-16 07:58
03_prompts\extraction_prompts\extraction_00740_LiDAR-Based_Autonomous_Docking_System_fo.txt,DELETED,old extraction prompt (non-REC naming),3935,1,2026-09-16 07:58
03_prompts\extraction_prompts\extraction_00741_An_Overview_of_Using_External_Beacons_wi.txt,DELETED,old extraction prompt (non-REC naming),3613,1,2026-09-16 07:58
03_prompts\extraction_prompts\extraction_00742_CL2F__Close-Loop_Communication_and_Local.txt,DELETED,old extraction prompt (non-REC naming),3460,1,2026-09-16 07:58
03_prompts\extraction_prompts\extraction_00743_Quaternion-Based_Unscented_Kalman_Filter.txt,DELETED,old extraction prompt (non-REC naming),3741,1,2026-09-16 07:58
03_prompts\extraction_prompts\extraction_00744_Aerial_Robots_On_the_Way_to_Underground_.txt,DELETED,old extraction prompt (non-REC naming),4240,1,2026-09-16 07:58
03_prompts\extraction_prompts\extraction_00745_Joint_Indoor_Localization_and_Navigation.txt,DELETED,old extraction prompt (non-REC naming),3183,1,2026-09-16 07:58
03_prompts\extraction_prompts\extraction_00746_A_Seamless_Indoor_and_Outdoor_Low-cost_I.txt,DELETED,old extraction prompt (non-REC naming),3774,1,2026-09-16 07:58
03_prompts\extraction_prompts\extraction_00747_Challenges_of_Autonomous_Navigation_and_.txt,DELETED,old extraction prompt (non-REC naming),3301,1,2026-09-16 07:58
03_prompts\extraction_prompts\extraction_00748_Trajectory_tracking_and_formation_flight.txt,DELETED,old extraction prompt (non-REC naming),3465,1,2026-09-16 07:58
03_prompts\extraction_prompts\extraction_00749_Document_image_analysis_by_a_mobile_robo.txt,DELETED,old extraction prompt (non-REC naming),3363,1,2026-09-16 07:58
03_prompts\extraction_prompts\extraction_00750_Vehicle-Road_Cooperative_Positioning_Alg.txt,DELETED,old extraction prompt (non-REC naming),3885,1,2026-09-16 07:58
03_prompts\extraction_prompts\extraction_00751_i-TEAMS__Cooperative_GNC_for_small_UAV_f.txt,DELETED,old extraction prompt (non-REC naming),2886,1,2026-09-16 07:58
03_prompts\extraction_prompts\extraction_00752_Cooperative_localisation_of_UAVs_in_a_GP.txt,DELETED,old extraction prompt (non-REC naming),3426,1,2026-09-16 07:58
03_prompts\extraction_prompts\extraction_00753_Formation_Maintenance_Method_for_Multi-U.txt,DELETED,old extraction prompt (non-REC naming),3338,1,2026-09-16 07:58
03_prompts\extraction_prompts\extraction_00754_Vision-Language_Model_Informed_Relative_.txt,DELETED,old extraction prompt (non-REC naming),4002,1,2026-09-16 07:58
03_prompts\extraction_prompts\extraction_00755_Integrated_Navigation_and_Positioning_ba.txt,DELETED,old extraction prompt (non-REC naming),3129,1,2026-09-16 07:58
03_prompts\extraction_prompts\extraction_00756_A_Learning_Based_AHRS_Method_for_Underwa.txt,DELETED,old extraction prompt (non-REC naming),3085,1,2026-09-16 07:58
03_prompts\extraction_prompts\extraction_00757_Exploiting_Symmetries_to_Design_EKFs_Wit.txt,DELETED,old extraction prompt (non-REC naming),3831,1,2026-09-16 07:58
03_prompts\extraction_prompts\extraction_00758_Intelligent_Buoys_for_Aiding_AUV_Navigat.txt,DELETED,old extraction prompt (non-REC naming),4087,1,2026-09-16 07:58
03_prompts\extraction_prompts\extraction_00759_IoT_based_2D_Indoor_Navigation_System_us.txt,DELETED,old extraction prompt (non-REC naming),3406,1,2026-09-16 07:58
03_prompts\extraction_prompts\extraction_00760_Visual-based_Autonomous_Unmanned_Aerial_.txt,DELETED,old extraction prompt (non-REC naming),3523,1,2026-09-16 07:58
03_prompts\extraction_prompts\extraction_00761_Comparative_analysis_of_zero_order_Sugen.txt,DELETED,old extraction prompt (non-REC naming),3317,1,2026-09-16 07:58
03_prompts\extraction_prompts\extraction_00762_Performance_of_the_ICCP_algorithm_for_un.txt,DELETED,old extraction prompt (non-REC naming),2875,1,2026-09-16 07:58
03_prompts\extraction_prompts\extraction_00763_Concept_of_an_Ultrasound-Based_Collabora.txt,DELETED,old extraction prompt (non-REC naming),3114,1,2026-09-16 07:58
03_prompts\extraction_prompts\extraction_00764_Wheeled_Robot_SLAM_in_Degenerate_Environ.txt,DELETED,old extraction prompt (non-REC naming),3372,1,2026-09-16 07:58
03_prompts\extraction_prompts\extraction_00765_Cooperative_Terrain-Based_GNSS-Denied_Na.txt,DELETED,old extraction prompt (non-REC naming),3401,1,2026-09-16 07:58
03_prompts\extraction_prompts\extraction_00766_GNSS-denied_geolocalization_of_UAVs_by_v.txt,DELETED,old extraction prompt (non-REC naming),3547,1,2026-09-16 07:58
03_prompts\extraction_prompts\extraction_00767_A_Multipurpose_Mobile_Manipulator_for_Au.txt,DELETED,old extraction prompt (non-REC naming),3462,1,2026-09-16 07:58
03_prompts\extraction_prompts\extraction_00768_Design_and_Deployment_of_an_Autonomous_U.txt,DELETED,old extraction prompt (non-REC naming),3766,1,2026-09-16 07:58
03_prompts\extraction_prompts\extraction_00769_Pose-Graph_Based_Multi-sensor_Fusion_for.txt,DELETED,old extraction prompt (non-REC naming),3924,1,2026-09-16 07:58
03_prompts\extraction_prompts\extraction_00770_Autonomous_Obstacle_Avoidance_Vehicle_Us.txt,DELETED,old extraction prompt (non-REC naming),3218,1,2026-09-16 07:58
03_prompts\extraction_prompts\extraction_00771_Ultrasonic_local_positioning_system_for_.txt,DELETED,old extraction prompt (non-REC naming),3453,1,2026-09-16 07:58
03_prompts\extraction_prompts\extraction_00773_Analysis_on_2D_Mapping_for_Mobile_Roboto.txt,DELETED,old extraction prompt (non-REC naming),4107,1,2026-09-16 07:58
03_prompts\extraction_prompts\extraction_00774_INHA__Localization_of_Mobile_Robots_Base.txt,DELETED,old extraction prompt (non-REC naming),3037,1,2026-09-16 07:58
03_prompts\extraction_prompts\extraction_00775_Improvements_based_on_Adaptive_Monte_Car.txt,DELETED,old extraction prompt (non-REC naming),3303,1,2026-09-16 07:58
03_prompts\extraction_prompts\extraction_00776_WBF-PS__WiGig_Beam_Fingerprinting_for_UA.txt,DELETED,old extraction prompt (non-REC naming),3797,1,2026-09-16 07:58
03_prompts\extraction_prompts\extraction_00777_JONA-SLAM__Tightly_Coupled_SLAM_With_Joi.txt,DELETED,old extraction prompt (non-REC naming),4347,1,2026-09-16 07:58
03_prompts\extraction_prompts\extraction_00778_LiDAR-Visual-Inertial_Fusion_Architectur.txt,DELETED,old extraction prompt (non-REC naming),4279,1,2026-09-16 07:58
03_prompts\extraction_prompts\extraction_00779_AerialVL__A_Dataset__Baseline_and_Algori.txt,DELETED,old extraction prompt (non-REC naming),3847,1,2026-09-16 07:58
03_prompts\extraction_prompts\extraction_00780_Autonomous_Multi-Robot_Exploration_with_.txt,DELETED,old extraction prompt (non-REC naming),4151,1,2026-09-16 07:58
03_prompts\extraction_prompts\extraction_00781_Robust_Urban_Canyon_Localization_for_Aut.txt,DELETED,old extraction prompt (non-REC naming),4042,1,2026-09-16 07:58
03_prompts\extraction_prompts\extraction_00782_IMU_Vision_Lidar_integrated_navigation_s.txt,DELETED,old extraction prompt (non-REC naming),3542,1,2026-09-16 07:58
03_prompts\extraction_prompts\extraction_00783_Research_on_An_Autonomous_Tunnel_Inspect.txt,DELETED,old extraction prompt (non-REC naming),4278,1,2026-09-16 07:58
03_prompts\extraction_prompts\extraction_00784_ESP32-Driven_Real-Time_Indoor_Localizati.txt,DELETED,old extraction prompt (non-REC naming),3651,1,2026-09-16 07:58
03_prompts\extraction_prompts\extraction_00785_Ultra-Wideband_Localization_Modules_for_.txt,DELETED,old extraction prompt (non-REC naming),3908,1,2026-09-16 07:58
03_prompts\extraction_prompts\extraction_00786_Experimental_demonstration_of_self-local.txt,DELETED,old extraction prompt (non-REC naming),3428,1,2026-09-16 07:58
03_prompts\extraction_prompts\extraction_00787_A_Novel_Consistent-Robust_SINS_GNSS_NHC_.txt,DELETED,old extraction prompt (non-REC naming),4374,1,2026-09-16 07:58
03_prompts\extraction_prompts\extraction_00788_RTK-LIO__Tightly_Coupled_RTK_LiDAR_Inert.txt,DELETED,old extraction prompt (non-REC naming),3777,1,2026-09-16 07:58
03_prompts\extraction_prompts\extraction_00789_An_interactive_virtual_mobile_assistance.txt,DELETED,old extraction prompt (non-REC naming),3340,1,2026-09-16 07:58
03_prompts\extraction_prompts\extraction_00790_Ultra-wideband_Received_Signal_Strength_.txt,DELETED,old extraction prompt (non-REC naming),3354,1,2026-09-16 07:58
03_prompts\extraction_prompts\extraction_00791_Smart_Blind_Stick__A_Destination_Guideli.txt,DELETED,old extraction prompt (non-REC naming),3675,1,2026-09-16 07:58
03_prompts\extraction_prompts\extraction_00792_Large-Scale_Autonomous_Flight_With_Real-.txt,DELETED,old extraction prompt (non-REC naming),3712,1,2026-09-16 07:58
03_prompts\extraction_prompts\extraction_00793_RFID_positioning_robot__An_indoor_naviga.txt,DELETED,old extraction prompt (non-REC naming),3067,1,2026-09-16 07:58
03_prompts\extraction_prompts\extraction_00794_Improving_Visual_Inertial_Odometry_with_.txt,DELETED,old extraction prompt (non-REC naming),3623,1,2026-09-16 07:58
03_prompts\extraction_prompts\extraction_00795_Real-Time_Localization_of_Mobile_Robots_.txt,DELETED,old extraction prompt (non-REC naming),3096,1,2026-09-16 07:58
03_prompts\extraction_prompts\extraction_00796_PCL-Based_Autonomous_Wheelchair_Navigati.txt,DELETED,old extraction prompt (non-REC naming),3291,1,2026-09-16 07:58
03_prompts\extraction_prompts\extraction_00797_Voxel-Based_Localization_and_Mapping_for.txt,DELETED,old extraction prompt (non-REC naming),3331,1,2026-09-16 07:58
03_prompts\extraction_prompts\extraction_00798_Indoor_navigation_for_mobile_robots_usin.txt,DELETED,old extraction prompt (non-REC naming),3309,1,2026-09-16 07:58
03_prompts\extraction_prompts\extraction_00799_Vision-Based_Localization_and_Autonomous.txt,DELETED,old extraction prompt (non-REC naming),3708,1,2026-09-16 07:58
03_prompts\extraction_prompts\extraction_00800_Factor_Graph-Based_Collaborative_Localiz.txt,DELETED,old extraction prompt (non-REC naming),3467,1,2026-09-16 07:58
03_prompts\extraction_prompts\extraction_00801_A_Jamming_Aware_Artificial_Potential_Fie.txt,DELETED,old extraction prompt (non-REC naming),3921,1,2026-09-16 07:58
03_prompts\extraction_prompts\extraction_00802_Research_on_UAV_Navigation_Based_on_the_.txt,DELETED,old extraction prompt (non-REC naming),3598,1,2026-09-16 07:58
03_prompts\extraction_prompts\extraction_00803_Proximal_Policy_Optimization_Based_Auton.txt,DELETED,old extraction prompt (non-REC naming),3671,1,2026-09-16 07:58
03_prompts\extraction_prompts\extraction_00804_Bio-Inspired_Approach_for_Long-Range_Und.txt,DELETED,old extraction prompt (non-REC naming),3613,1,2026-09-16 07:58
03_prompts\extraction_prompts\extraction_00805_Semantic-Enhanced_Path_Planning_for_Safe.txt,DELETED,old extraction prompt (non-REC naming),3790,1,2026-09-16 07:58
03_prompts\extraction_prompts\extraction_00806_Extended_Dijkstra_Algorithm_in_Path_Plan.txt,DELETED,old extraction prompt (non-REC naming),3354,1,2026-09-16 07:58
03_prompts\extraction_prompts\extraction_00807_Wind-Compensated_Navigation_for_Fixed-Wi.txt,DELETED,old extraction prompt (non-REC naming),3023,1,2026-09-16 07:58
03_prompts\extraction_prompts\extraction_00808_Robot_for_Sanitizing_Hospitals_with_Pati.txt,DELETED,old extraction prompt (non-REC naming),4104,1,2026-09-16 07:58
03_prompts\extraction_prompts\extraction_00809_Toward_C-V2X_Enabled_Connected_Transport.txt,DELETED,old extraction prompt (non-REC naming),4062,1,2026-09-16 07:58
03_prompts\extraction_prompts\extraction_00810_Depth-based_Deep_Learning_for_Manhole_De.txt,DELETED,old extraction prompt (non-REC naming),3843,1,2026-09-16 07:58
03_prompts\extraction_prompts\extraction_00811_An_Indoor_Navigation_Control_Strategy_fo.txt,DELETED,old extraction prompt (non-REC naming),3175,1,2026-09-16 07:58
03_prompts\extraction_prompts\extraction_00812_Asymmetric_Cooperative_Localization_for_.txt,DELETED,old extraction prompt (non-REC naming),3478,1,2026-09-16 07:58
03_prompts\extraction_prompts\extraction_00813_Autonomous_Scene_Matching_Navigation_Bas.txt,DELETED,old extraction prompt (non-REC naming),4320,1,2026-09-16 07:58
03_prompts\extraction_prompts\extraction_00814_Monocular_Vision_Aided_Autonomous_UAV_Na.txt,DELETED,old extraction prompt (non-REC naming),3951,1,2026-09-16 07:58
03_prompts\extraction_prompts\extraction_00815_Development_and_Testing_of_an_Optical_Fl.txt,DELETED,old extraction prompt (non-REC naming),3478,1,2026-09-16 07:58
03_prompts\extraction_prompts\extraction_00816_Feature_3D_Gaussian_Splatting_for_UAV-to.txt,DELETED,old extraction prompt (non-REC naming),3784,1,2026-09-16 07:58
03_prompts\extraction_prompts\extraction_00817_A_Simple_and_Parallel_Algorithm_for_Real.txt,DELETED,old extraction prompt (non-REC naming),3673,1,2026-09-16 07:58
03_prompts\extraction_prompts\extraction_00818_Autonomous_altitude_measurement_and_land.txt,DELETED,old extraction prompt (non-REC naming),2965,1,2026-09-16 07:58
03_prompts\extraction_prompts\extraction_00819_Real-Time_State_Estimation_and_Security_.txt,DELETED,old extraction prompt (non-REC naming),3552,1,2026-09-16 07:58
03_prompts\extraction_prompts\extraction_00820_Indoor_UAV_Integrated_Navigation_Technol.txt,DELETED,old extraction prompt (non-REC naming),3655,1,2026-09-16 07:58
03_prompts\extraction_prompts\extraction_00821_RoboGuide__LQG-Based_Autonomous_Navigati.txt,DELETED,old extraction prompt (non-REC naming),4142,1,2026-09-16 07:58
03_prompts\extraction_prompts\extraction_00822_Advanced_Autonomous_Navigation_Technolog.txt,DELETED,old extraction prompt (non-REC naming),3732,1,2026-09-16 07:58
03_prompts\extraction_prompts\extraction_00823_Introducing_a_novel_vision_based_obstacl.txt,DELETED,old extraction prompt (non-REC naming),3039,1,2026-09-16 07:58
03_prompts\extraction_prompts\extraction_00824_A_Homography-Based_Visual_Servo_Control_.txt,DELETED,old extraction prompt (non-REC naming),3455,1,2026-09-16 07:58
03_prompts\extraction_prompts\extraction_00825_Laser-based_cooperative_tracking_of_vehi.txt,DELETED,old extraction prompt (non-REC naming),3789,1,2026-09-16 07:58
03_prompts\extraction_prompts\extraction_00827_Economical_UWB_IMU_VO_Fusion_for_Mobile_.txt,DELETED,old extraction prompt (non-REC naming),3341,1,2026-09-16 07:58
03_prompts\extraction_prompts\extraction_00828_Physical_Foundation_of_Hybrid_Navigation.txt,DELETED,old extraction prompt (non-REC naming),3118,1,2026-09-16 07:58
03_prompts\extraction_prompts\extraction_00829_A_VIO-Based_Localization_Approach_in_GPS.txt,DELETED,old extraction prompt (non-REC naming),3413,1,2026-09-16 07:58
03_prompts\extraction_prompts\extraction_00830_Evaluation_of_a_Vision_based_UAV_Indoor_.txt,DELETED,old extraction prompt (non-REC naming),3658,1,2026-09-16 07:58
03_prompts\extraction_prompts\extraction_00831_Robust_Lidar-Based_Localization_Scheme_f.txt,DELETED,old extraction prompt (non-REC naming),3508,1,2026-09-16 07:58
03_prompts\extraction_prompts\extraction_00832_Research_of_underwater_navigation_on_a_R.txt,DELETED,old extraction prompt (non-REC naming),3157,1,2026-09-16 07:58
03_prompts\extraction_prompts\extraction_00833_Interferometric_Enabled_Particle_Filter_.txt,DELETED,old extraction prompt (non-REC naming),3207,1,2026-09-16 07:58
03_prompts\extraction_prompts\extraction_00834_Leveraging_Large_Language_Models_for_Mod.txt,DELETED,old extraction prompt (non-REC naming),3527,1,2026-09-16 07:58
03_prompts\extraction_prompts\extraction_00835_Integrating_RTAB-Map_SLAM_and_Lightweigh.txt,DELETED,old extraction prompt (non-REC naming),4102,1,2026-09-16 07:58
03_prompts\extraction_prompts\extraction_00836_Sensor-Deployment_Strategies_for_Indoor_.txt,DELETED,old extraction prompt (non-REC naming),2856,1,2026-09-16 07:58
03_prompts\extraction_prompts\extraction_00837_Ultrasonic-sensor_deployment_strategies_.txt,DELETED,old extraction prompt (non-REC naming),3535,1,2026-09-16 07:58
03_prompts\extraction_prompts\extraction_00838_Real-time_plane_segmentation_in_a_ROS-ba.txt,DELETED,old extraction prompt (non-REC naming),3398,1,2026-09-16 07:58
03_prompts\extraction_prompts\extraction_00839_Self_and_Target_Locating_With_Cooperatio.txt,DELETED,old extraction prompt (non-REC naming),4292,1,2026-09-16 07:58
03_prompts\extraction_prompts\extraction_00840_GPS-Denied_Drone_Navigation_via_Cross-Do.txt,DELETED,old extraction prompt (non-REC naming),3083,1,2026-09-16 07:58
03_prompts\extraction_prompts\extraction_00841_Integrated_navigation_system_using_camer.txt,DELETED,old extraction prompt (non-REC naming),3733,1,2026-09-16 07:58
03_prompts\extraction_prompts\extraction_00842_In-Motion_Rapid_and_Robust_Heading_Align.txt,DELETED,old extraction prompt (non-REC naming),3700,1,2026-09-16 07:58
03_prompts\extraction_prompts\extraction_00843_A_Robust_Passive_Target_Localization_for.txt,DELETED,old extraction prompt (non-REC naming),3433,1,2026-09-16 07:58
03_prompts\extraction_prompts\extraction_00844_SUG-UAV_Multirotor_Dataset_with_Multi-se.txt,DELETED,old extraction prompt (non-REC naming),3567,1,2026-09-16 07:58
03_prompts\extraction_prompts\extraction_00845_A_Three-Point_Calibration_Method_for_DVL.txt,DELETED,old extraction prompt (non-REC naming),3710,1,2026-09-16 07:58
03_prompts\extraction_prompts\extraction_00846_GNSS_Jamming_and_Spoofing_Threats_in_UAV.txt,DELETED,old extraction prompt (non-REC naming),4077,1,2026-09-16 07:58
03_prompts\extraction_prompts\extraction_00847_A_Study_of_Reinforcement_Learning_for_In.txt,DELETED,old extraction prompt (non-REC naming),3104,1,2026-09-16 07:58
03_prompts\extraction_prompts\extraction_00848_Perception__Guidance__and_Navigation_for.txt,DELETED,old extraction prompt (non-REC naming),3300,1,2026-09-16 07:58
03_prompts\extraction_prompts\extraction_00849_Indoor_localization_of_mobile_robot_with.txt,DELETED,old extraction prompt (non-REC naming),3085,1,2026-09-16 07:58
03_prompts\extraction_prompts\extraction_00850_UAV-Enabled_3D_Indoor_Positioning_and_Na.txt,DELETED,old extraction prompt (non-REC naming),3726,1,2026-09-16 07:58
03_prompts\extraction_prompts\extraction_00851_Combining_line_segments_and_points_for_a.txt,DELETED,old extraction prompt (non-REC naming),3483,1,2026-09-16 07:58
03_prompts\extraction_prompts\extraction_00852_Combined_RGBD-inertial_based_state_estim.txt,DELETED,old extraction prompt (non-REC naming),3652,1,2026-09-16 07:58
03_prompts\extraction_prompts\extraction_00853_Research_on_path_planning_of_family_nurs.txt,DELETED,old extraction prompt (non-REC naming),3331,1,2026-09-16 07:58
03_prompts\extraction_prompts\extraction_00854_Research_on_laser-assisted_odometry_of_i.txt,DELETED,old extraction prompt (non-REC naming),3190,1,2026-09-16 07:58
03_prompts\extraction_prompts\extraction_00855_Improving_Walking_Path_Generation_Throug.txt,DELETED,old extraction prompt (non-REC naming),3608,1,2026-09-16 07:58
03_prompts\extraction_prompts\extraction_00856_A_dual-rate_multi-filter_algorithm_for_L.txt,DELETED,old extraction prompt (non-REC naming),3978,1,2026-09-16 07:58
03_prompts\extraction_prompts\extraction_00857_SwarmRaft__Leveraging_Consensus_for_Robu.txt,DELETED,old extraction prompt (non-REC naming),3807,1,2026-09-16 07:58
03_prompts\extraction_prompts\extraction_00858_Navigation_of_UAV_without_GPS.txt,DELETED,old extraction prompt (non-REC naming),3447,1,2026-09-16 07:58
03_prompts\extraction_prompts\extraction_00859_A_Multimode_Visual-Inertial_Navigation_M.txt,DELETED,old extraction prompt (non-REC naming),4386,1,2026-09-16 07:58
03_prompts\extraction_prompts\extraction_00860___rho_LiRLo__LiDAR-Based_Relative_Locali.txt,DELETED,old extraction prompt (non-REC naming),3809,1,2026-09-16 07:58
03_prompts\extraction_prompts\extraction_00861_The_MagPIE2_Dataset_for_Mapping__Localiz.txt,DELETED,old extraction prompt (non-REC naming),3507,1,2026-09-16 07:58
03_prompts\extraction_prompts\extraction_00862_An_Integrated_Visual_Odometry_System_Wit.txt,DELETED,old extraction prompt (non-REC naming),3720,1,2026-09-16 07:58
03_prompts\extraction_prompts\extraction_00863_Loosely_Coupled_UWB_Stereo_Camera_Integr.txt,DELETED,old extraction prompt (non-REC naming),3257,1,2026-09-16 07:58
03_prompts\extraction_prompts\extraction_00864_Generation_of_Augmented_Bathymetry_to_Ai.txt,DELETED,old extraction prompt (non-REC naming),4366,1,2026-09-16 07:58
03_prompts\extraction_prompts\extraction_00865_OPEN__Lightweight_Map-Based_Semantic_Nav.txt,DELETED,old extraction prompt (non-REC naming),6021,1,2026-09-16 07:58
03_prompts\extraction_prompts\extraction_00866_Autonomous_Aerial_Robots_for_Search_and_.txt,DELETED,old extraction prompt (non-REC naming),3863,1,2026-09-16 07:58
03_prompts\extraction_prompts\extraction_00867_A_high-precision_millimeter-wave_navigat.txt,DELETED,old extraction prompt (non-REC naming),2907,1,2026-09-16 07:58
03_prompts\extraction_prompts\extraction_00868_Altitude_Prediction_Method_Using_CNN-LST.txt,DELETED,old extraction prompt (non-REC naming),3648,1,2026-09-16 07:58
03_prompts\extraction_prompts\extraction_00869_Towards_Deep_Learning_Assisted_Autonomou.txt,DELETED,old extraction prompt (non-REC naming),3761,1,2026-09-16 07:58
03_prompts\extraction_prompts\extraction_00870_Recent_Trends__Techniques__and_Applicati.txt,DELETED,old extraction prompt (non-REC naming),3789,1,2026-09-16 07:58
03_prompts\extraction_prompts\extraction_00871_Research_on_Statistical_Similarity_Measu.txt,DELETED,old extraction prompt (non-REC naming),3243,1,2026-09-16 07:58
03_prompts\extraction_prompts\extraction_00872_Integrated_navigation_system_with_monocu.txt,DELETED,old extraction prompt (non-REC naming),3127,1,2026-09-16 07:58
03_prompts\extraction_prompts\extraction_00873_High-speed_vision-based_autonomous_indoo.txt,DELETED,old extraction prompt (non-REC naming),3334,1,2026-09-16 07:58
03_prompts\extraction_prompts\extraction_00874_Real-time_monocular_visual_self-localiza.txt,DELETED,old extraction prompt (non-REC naming),3321,1,2026-09-16 07:58
03_prompts\extraction_prompts\extraction_00876_Autonomous_Quadrotor_Navigation_Using_Li.txt,DELETED,old extraction prompt (non-REC naming),3624,1,2026-09-16 07:58
03_prompts\extraction_prompts\extraction_00877_Autonomous_wheelchair_navigation_in_unma.txt,DELETED,old extraction prompt (non-REC naming),3914,1,2026-09-16 07:58
03_prompts\extraction_prompts\extraction_00878_LiDAR-GNSS_Fusion_to_Initiate_Localizati.txt,DELETED,old extraction prompt (non-REC naming),3701,1,2026-09-16 07:58
03_prompts\extraction_prompts\extraction_00879_Development_of_Omni-Wheeled_Mobile_Robot.txt,DELETED,old extraction prompt (non-REC naming),3590,1,2026-09-16 07:58
03_prompts\extraction_prompts\extraction_00880_A_Precision_Loop_Closure_Detection_Techn.txt,DELETED,old extraction prompt (non-REC naming),3515,1,2026-09-16 07:58
03_prompts\extraction_prompts\extraction_00881_PolROV__Polman_Education_Platform_of_Und.txt,DELETED,old extraction prompt (non-REC naming),3900,1,2026-09-16 07:58
03_prompts\extraction_prompts\extraction_00882_The_Cost-Effective_Frontier__Optimal_IMU.txt,DELETED,old extraction prompt (non-REC naming),3365,1,2026-09-16 07:58
03_prompts\extraction_prompts\extraction_00883_Semi-Autonomous_Teleoperated_Robot_for_E.txt,DELETED,old extraction prompt (non-REC naming),4008,1,2026-09-16 07:58
03_prompts\extraction_prompts\extraction_00884_Polarimetric_Study_of_MMW_Imaging_Radars.txt,DELETED,old extraction prompt (non-REC naming),3626,1,2026-09-16 07:58
03_prompts\extraction_prompts\extraction_00885_A_MAV_Platform_for_Indoors_and_Outdoors_.txt,DELETED,old extraction prompt (non-REC naming),3668,1,2026-09-16 07:58
03_prompts\extraction_prompts\extraction_00886_FTM-Broadcast__Efficient_Network-wide_Ra.txt,DELETED,old extraction prompt (non-REC naming),4013,1,2026-09-16 07:58
03_prompts\extraction_prompts\extraction_00887_Hybrid_control_architecture_for_mobile_r.txt,DELETED,old extraction prompt (non-REC naming),3138,1,2026-09-16 07:58
03_prompts\extraction_prompts\extraction_00888_Optical_Flow_as_a_navigation_means_for_U.txt,DELETED,old extraction prompt (non-REC naming),3017,1,2026-09-16 07:58
03_prompts\extraction_prompts\extraction_00889_GoIn_-_An_Accurate_3D_InDoor_Navigation_.txt,DELETED,old extraction prompt (non-REC naming),3237,1,2026-09-16 07:58
03_prompts\extraction_prompts\extraction_00890_Object_recognition_to_support_indoor_rob.txt,DELETED,old extraction prompt (non-REC naming),3484,1,2026-09-16 07:58
03_prompts\extraction_prompts\extraction_00891_SLAM_based_adaptive_navigation_of_AUVs_f.txt,DELETED,old extraction prompt (non-REC naming),3986,1,2026-09-16 07:58
03_prompts\extraction_prompts\extraction_00892_WSS-Free_Localization_Framework_Using_Du.txt,DELETED,old extraction prompt (non-REC naming),3593,1,2026-09-16 07:58
03_prompts\extraction_prompts\extraction_00893_An_Autonomous_Irrigation_Robot_Based_on_.txt,DELETED,old extraction prompt (non-REC naming),3241,1,2026-09-16 07:58
03_prompts\extraction_prompts\extraction_00894_Real-Time_Uncertainty-Aware_Motion_Plann.txt,DELETED,old extraction prompt (non-REC naming),3392,1,2026-09-16 07:58
03_prompts\extraction_prompts\extraction_00895_Collision-Free_Navigation_in_Human-Follo.txt,DELETED,old extraction prompt (non-REC naming),3869,1,2026-09-16 07:58
03_prompts\extraction_prompts\extraction_00896_Robust_autonomous_flight_and_mission_man.txt,DELETED,old extraction prompt (non-REC naming),3411,1,2026-09-16 07:58
03_prompts\extraction_prompts\extraction_00897_New_localization_strategy_for_mobile_rob.txt,DELETED,old extraction prompt (non-REC naming),3622,1,2026-09-16 07:58
03_prompts\extraction_prompts\extraction_00898_IMU_Camera_GNSS_UWB_Integrated_Localizat.txt,DELETED,old extraction prompt (non-REC naming),4011,1,2026-09-16 07:58
03_prompts\extraction_prompts\extraction_00899_Applying_and_Exploring_Supervised_Contra.txt,DELETED,old extraction prompt (non-REC naming),3697,1,2026-09-16 07:58
03_prompts\extraction_prompts\extraction_00900_Geomagnetic_Gradient-Assisted_Evolutiona.txt,DELETED,old extraction prompt (non-REC naming),4062,1,2026-09-16 07:58
03_prompts\extraction_prompts\extraction_00901_Deep_Neural_Network_Based_Inertial_Odome.txt,DELETED,old extraction prompt (non-REC naming),4168,1,2026-09-16 07:58
03_prompts\extraction_prompts\extraction_00902_Coastal_SLAM_With_Marine_Radar_for_USV_O.txt,DELETED,old extraction prompt (non-REC naming),3868,1,2026-09-16 07:58
03_prompts\extraction_prompts\extraction_00903_Appearance-Based_Indoor_Navigation_by_IB.txt,DELETED,old extraction prompt (non-REC naming),3393,1,2026-09-16 07:58
03_prompts\extraction_prompts\extraction_00904_Direct_Georeferencing_3D_Points_Cloud_Ma.txt,DELETED,old extraction prompt (non-REC naming),3856,1,2026-09-16 07:58
03_prompts\extraction_prompts\extraction_00905_Cooperative_Localization_in_Unknown_Envi.txt,DELETED,old extraction prompt (non-REC naming),3553,1,2026-09-16 07:58
03_prompts\extraction_prompts\extraction_00906_Implementation_of_DV-Hop_Algorithm_For_M.txt,DELETED,old extraction prompt (non-REC naming),3282,1,2026-09-16 07:58
03_prompts\extraction_prompts\extraction_00907_Multi-Modal_Fusion_for_End-to-End_Underw.txt,DELETED,old extraction prompt (non-REC naming),3522,1,2026-09-16 07:58
03_prompts\extraction_prompts\extraction_00908_Path_planning_in_GPS-denied_environments.txt,DELETED,old extraction prompt (non-REC naming),3087,1,2026-09-16 07:58
03_prompts\extraction_prompts\extraction_00909_Deep_Network_Uncertainty_Maps_for_Indoor.txt,DELETED,old extraction prompt (non-REC naming),3873,1,2026-09-16 07:58
03_prompts\extraction_prompts\extraction_00910_A_Mobile_Robot_with_the_Functions_of_Vis.txt,DELETED,old extraction prompt (non-REC naming),3408,1,2026-09-16 07:58
03_prompts\extraction_prompts\extraction_00911_Step-Detection-Controlled_Robot_Dog_Guid.txt,DELETED,old extraction prompt (non-REC naming),3852,1,2026-09-16 07:58
03_prompts\extraction_prompts\extraction_00912_A_Color_Mask_and_Trained_Image_Set_for_t.txt,DELETED,old extraction prompt (non-REC naming),2989,1,2026-09-16 07:58
03_prompts\extraction_prompts\extraction_00913_The_development_and_research_of_the_indo.txt,DELETED,old extraction prompt (non-REC naming),2790,1,2026-09-16 07:58
03_prompts\extraction_prompts\extraction_00914_GUI-Controlled_Autonomous_Wheelchair_Nav.txt,DELETED,old extraction prompt (non-REC naming),3941,1,2026-09-16 07:58
03_prompts\extraction_prompts\extraction_00915_Management_of_Subdivided_Dynamic_Indoor_.txt,DELETED,old extraction prompt (non-REC naming),3721,1,2026-09-16 07:58
03_prompts\extraction_prompts\extraction_00916_Electromagnetic_orientation_using_MIMO_c.txt,DELETED,old extraction prompt (non-REC naming),4850,1,2026-09-16 07:58
03_prompts\extraction_prompts\extraction_00917_Robot_Navigation__Contrastive_Learning_o.txt,DELETED,old extraction prompt (non-REC naming),3891,1,2026-09-16 07:58
03_prompts\extraction_prompts\extraction_00918_Underwater_Dredging_Robot_Navigation_in_.txt,DELETED,old extraction prompt (non-REC naming),3367,1,2026-09-16 07:58
03_prompts\extraction_prompts\extraction_00919_A_flexible_and_scalable_SLAM_system_with.txt,DELETED,old extraction prompt (non-REC naming),3221,1,2026-09-16 07:58
03_prompts\extraction_prompts\extraction_00920_Aided_Navigation_Techniques_for_Indoor_a.txt,DELETED,old extraction prompt (non-REC naming),3667,1,2026-09-16 07:58
03_prompts\extraction_prompts\extraction_00921_Improved_Multi-Sensor_Fusion_by_Federate.txt,DELETED,old extraction prompt (non-REC naming),3489,1,2026-09-16 07:58
03_prompts\extraction_prompts\extraction_00922_Mapping_GPS-denied_aquatic_environments.txt,DELETED,old extraction prompt (non-REC naming),3664,1,2026-09-16 07:58
03_prompts\extraction_prompts\extraction_00923_Development_of_Low_Cost_Inventory_Manage.txt,DELETED,old extraction prompt (non-REC naming),3883,1,2026-09-16 07:58
03_prompts\extraction_prompts\extraction_00924_Advancing_Autonomy__A_Thematic_Synthesis.txt,DELETED,old extraction prompt (non-REC naming),3809,1,2026-09-16 07:58
03_prompts\extraction_prompts\extraction_00925_Techniques_for_Constructing_Indoor_Navig.txt,DELETED,old extraction prompt (non-REC naming),3787,1,2026-09-16 07:58
03_prompts\extraction_prompts\extraction_00926_The_Cloudlet_MEC_Enabling_ISAR_Based_Ind.txt,DELETED,old extraction prompt (non-REC naming),3617,1,2026-09-16 07:58
03_prompts\extraction_prompts\extraction_00927_Drone_Agents__learning_to_fly_to_learn_h.txt,DELETED,old extraction prompt (non-REC naming),3606,1,2026-09-16 07:58
03_prompts\extraction_prompts\extraction_00928_A_Method_for_Enhanced_Depth_Detection_in.txt,DELETED,old extraction prompt (non-REC naming),4348,1,2026-09-16 07:58
03_prompts\extraction_prompts\extraction_00929_Semi-Aerodynamic-Model-Aided_Filtering_A.txt,DELETED,old extraction prompt (non-REC naming),3313,1,2026-09-16 07:58
03_prompts\extraction_prompts\extraction_00930_Feature-Based_Bathymetric_Matching_of_Au.txt,DELETED,old extraction prompt (non-REC naming),4010,1,2026-09-16 07:58
03_prompts\extraction_prompts\extraction_00931_Pedestrian_Navigation_Using_Waist-Mounte.txt,DELETED,old extraction prompt (non-REC naming),3456,1,2026-09-16 07:58
03_prompts\extraction_prompts\extraction_00932_Development_of_a_Plug-and-Play_Infrared_.txt,DELETED,old extraction prompt (non-REC naming),3602,1,2026-09-16 07:58
03_prompts\extraction_prompts\extraction_00933_PLUS-CODE___Zero-Installment_Rover_Indoo.txt,DELETED,old extraction prompt (non-REC naming),3892,1,2026-09-16 07:58
03_prompts\extraction_prompts\extraction_00934_Safe_and_Predictive_Path-Planning_of_Aut.txt,DELETED,old extraction prompt (non-REC naming),3605,1,2026-09-16 07:58
03_prompts\extraction_prompts\extraction_00935_Model-Aided_INS_With_Sea_Current_Estimat.txt,DELETED,old extraction prompt (non-REC naming),4003,1,2026-09-16 07:58
03_prompts\extraction_prompts\extraction_00936_A_Robust_Graph-Based_Bathymetric_Simulta.txt,DELETED,old extraction prompt (non-REC naming),3995,1,2026-09-16 07:58
03_prompts\extraction_prompts\extraction_00937_A_Model-Based_Tightly_Coupled_Architectu.txt,DELETED,old extraction prompt (non-REC naming),3929,1,2026-09-16 07:58
03_prompts\extraction_prompts\extraction_00938_Hierarchical_End-to-End_Autonomous_Navig.txt,DELETED,old extraction prompt (non-REC naming),3866,1,2026-09-16 07:58
03_prompts\extraction_prompts\extraction_00939_Proposal_of_a_Multimodal_Interactive_Arc.txt,DELETED,old extraction prompt (non-REC naming),4136,1,2026-09-16 07:58
03_prompts\extraction_prompts\extraction_00940_Design_and_Implementation_of_Home_Servic.txt,DELETED,old extraction prompt (non-REC naming),3149,1,2026-09-16 07:58
03_prompts\extraction_prompts\extraction_00941_Wearable_Navigation_System_for_the_Visua.txt,DELETED,old extraction prompt (non-REC naming),3121,1,2026-09-16 07:58
03_prompts\extraction_prompts\extraction_00942_A_Positioning_Error_Correction_Method_fo.txt,DELETED,old extraction prompt (non-REC naming),4263,1,2026-09-16 07:58
03_prompts\extraction_prompts\extraction_00943_A_High_Precision_Aerial_Indoor_AI-Based_.txt,DELETED,old extraction prompt (non-REC naming),3815,1,2026-09-16 07:58
03_prompts\extraction_prompts\extraction_00944_Trajectory_based_fuzzy_controller_for_in.txt,DELETED,old extraction prompt (non-REC naming),3180,1,2026-09-16 07:58
03_prompts\extraction_prompts\extraction_00945_Appearance-based_indoor_navigation_by_IB.txt,DELETED,old extraction prompt (non-REC naming),3179,1,2026-09-16 07:58
03_prompts\extraction_prompts\extraction_00946_A_Control_Barrier_Function_Based_Visual_.txt,DELETED,old extraction prompt (non-REC naming),3695,1,2026-09-16 07:58
03_prompts\extraction_prompts\extraction_00947_Toward_Safer_Navigation_of_Heterogeneous.txt,DELETED,old extraction prompt (non-REC naming),4273,1,2026-09-16 07:58
03_prompts\extraction_prompts\extraction_00948_Hybrid_Tightly-Coupled_SINS_LBL_for_Unde.txt,DELETED,old extraction prompt (non-REC naming),3616,1,2026-09-16 07:58
03_prompts\extraction_prompts\extraction_00949_On_reliability_of_data_transmission_and_.txt,DELETED,old extraction prompt (non-REC naming),3363,1,2026-09-16 07:58
03_prompts\extraction_prompts\extraction_00950_NAIS__A_Modular_ROS_2_Framework_for_Real.txt,DELETED,old extraction prompt (non-REC naming),3573,1,2026-09-16 07:58
03_prompts\extraction_prompts\extraction_00951_PSS-LIO_A_Computationally_Efficient_LiDA.txt,DELETED,old extraction prompt (non-REC naming),3992,1,2026-09-16 07:58
03_prompts\extraction_prompts\extraction_00952_Measurement_Based_Identification_of_MPCs.txt,DELETED,old extraction prompt (non-REC naming),3562,1,2026-09-16 07:58
03_prompts\extraction_prompts\extraction_00953_An_Open-Source_UAV_Platform_for_Swarm_Ro.txt,DELETED,old extraction prompt (non-REC naming),4462,1,2026-09-16 07:58
03_prompts\extraction_prompts\extraction_00954_Landmark-Based_Localization_for_Indoor_M.txt,DELETED,old extraction prompt (non-REC naming),2996,1,2026-09-16 07:58
03_prompts\extraction_prompts\extraction_00955_Nonlinear_filtering_for_terrain-referenc.txt,DELETED,old extraction prompt (non-REC naming),3315,1,2026-09-16 07:58
03_prompts\extraction_prompts\extraction_00956_Computer_Vision_Based_Navigation_Robot.txt,DELETED,old extraction prompt (non-REC naming),4254,1,2026-09-16 07:58
03_prompts\extraction_prompts\extraction_00957_Yaw_aided_Radar_Inertial_Odometry_using_.txt,DELETED,old extraction prompt (non-REC naming),3510,1,2026-09-16 07:58
03_prompts\extraction_prompts\extraction_00958_A_Real-Time_Autonomous_Gravity_Measureme.txt,DELETED,old extraction prompt (non-REC naming),3675,1,2026-09-16 07:58
03_prompts\extraction_prompts\extraction_00959_FR-SLAM__A_SLAM_Improvement_Method_Based.txt,DELETED,old extraction prompt (non-REC naming),3855,1,2026-09-16 07:58
03_prompts\extraction_prompts\extraction_00960_Cooperative_Visual_Inertial_Odometry_for.txt,DELETED,old extraction prompt (non-REC naming),4089,1,2026-09-16 07:58
03_prompts\extraction_prompts\extraction_00961_Multimodal_Image_Registration_for_GPS-de.txt,DELETED,old extraction prompt (non-REC naming),3515,1,2026-09-16 07:58
03_prompts\extraction_prompts\extraction_00962_SIGNAV__Semantically-Informed_GPS-Denied.txt,DELETED,old extraction prompt (non-REC naming),3841,1,2026-09-16 07:58
03_prompts\extraction_prompts\extraction_00963_ICAD_-_An_Economical_Indoor___Outdoor_De.txt,DELETED,old extraction prompt (non-REC naming),3013,1,2026-09-16 07:58
03_prompts\extraction_prompts\extraction_00964_Indoor_autonomous_drone_development.txt,DELETED,old extraction prompt (non-REC naming),2529,1,2026-09-16 07:58
03_prompts\extraction_prompts\extraction_00965_An_Autonomous_Service_Mobile_Robot_for_I.txt,DELETED,old extraction prompt (non-REC naming),3348,1,2026-09-16 07:58
03_prompts\extraction_prompts\extraction_00966_UAV-BS_Operation_Plan_Using_Reinforcemen.txt,DELETED,old extraction prompt (non-REC naming),3902,1,2026-09-16 07:58
03_prompts\extraction_prompts\extraction_00967_A_Marker-Based_Method_of_Autonomous_Land.txt,DELETED,old extraction prompt (non-REC naming),3342,1,2026-09-16 07:58
03_prompts\extraction_prompts\extraction_00968_A_low-cost_underwater_navigation_system_.txt,DELETED,old extraction prompt (non-REC naming),3769,1,2026-09-16 07:58
03_prompts\extraction_prompts\extraction_00969_Intelligent_Patrol_Robot_Based_on_Visual.txt,DELETED,old extraction prompt (non-REC naming),2849,1,2026-09-16 07:58
03_prompts\extraction_prompts\extraction_00970_Multi-Sensor_Fusion_Based_Localization_M.txt,DELETED,old extraction prompt (non-REC naming),3518,1,2026-09-16 07:58
03_prompts\extraction_prompts\extraction_00971_Smart_Wheelchair_to_Facilitate_Disabled_.txt,DELETED,old extraction prompt (non-REC naming),3403,1,2026-09-16 07:58
03_prompts\extraction_prompts\extraction_00972_Multi-objective_path_planning_in_GPS_den.txt,DELETED,old extraction prompt (non-REC naming),3294,1,2026-09-16 07:58
03_prompts\extraction_prompts\extraction_00973_Landmark_Placement_for_Localization_in_a.txt,DELETED,old extraction prompt (non-REC naming),3131,1,2026-09-16 07:58
03_prompts\extraction_prompts\extraction_00974_An_Adaptive_Image_Thresholding_Algorithm.txt,DELETED,old extraction prompt (non-REC naming),3930,1,2026-09-16 07:58
03_prompts\extraction_prompts\extraction_00975_Tightly-coupled_Lidar-inertial_Odometry_.txt,DELETED,old extraction prompt (non-REC naming),3243,1,2026-09-16 07:58
03_prompts\extraction_prompts\extraction_00976_CNN-LiDAR-SLAM__Multimodal_Fusion_With_O.txt,DELETED,old extraction prompt (non-REC naming),3417,1,2026-09-16 07:58
03_prompts\extraction_prompts\extraction_00977_Underwater_navigation__LiDAR_sensing_in_.txt,DELETED,old extraction prompt (non-REC naming),3194,1,2026-09-16 07:58
03_prompts\extraction_prompts\extraction_00978_Implementation_of_a_home_appliance_mobil.txt,DELETED,old extraction prompt (non-REC naming),4003,1,2026-09-16 07:58
03_prompts\extraction_prompts\extraction_00979_Magnetic_Mapping_for_Robot_Navigation_in.txt,DELETED,old extraction prompt (non-REC naming),3509,1,2026-09-16 07:58
03_prompts\extraction_prompts\extraction_00980_TinySLAM_improvements_for_indoor_navigat.txt,DELETED,old extraction prompt (non-REC naming),3058,1,2026-09-16 07:58
03_prompts\extraction_prompts\extraction_00981_Multi-sensor_Data_Analysis_in_Terms_of_A.txt,DELETED,old extraction prompt (non-REC naming),2965,1,2026-09-16 07:58
03_prompts\extraction_prompts\extraction_00982_Indoor_Navigation_Based_on_Model_Switchi.txt,DELETED,old extraction prompt (non-REC naming),3247,1,2026-09-16 07:58
03_prompts\extraction_prompts\extraction_00983_Real-Time_Velocity_and_Hovering_Control_.txt,DELETED,old extraction prompt (non-REC naming),3152,1,2026-09-16 07:58
03_prompts\extraction_prompts\extraction_00984_Robust_Urban_Navigation_for_Autonomous_V.txt,DELETED,old extraction prompt (non-REC naming),4011,1,2026-09-16 07:58
03_prompts\extraction_prompts\extraction_00985_A_Benchmark_of_Absolute_and_Relative_Pos.txt,DELETED,old extraction prompt (non-REC naming),5104,1,2026-09-16 07:58
03_prompts\extraction_prompts\extraction_00986_Field_Test_Results_of_GNSS-denied_Inerti.txt,DELETED,old extraction prompt (non-REC naming),3319,1,2026-09-16 07:58
03_prompts\extraction_prompts\extraction_00987_QRPos__Indoor_positioning_system_for_sel.txt,DELETED,old extraction prompt (non-REC naming),3538,1,2026-09-16 07:58
03_prompts\extraction_prompts\extraction_00988_PRM-RL__Long-range_Robotic_Navigation_Ta.txt,DELETED,old extraction prompt (non-REC naming),3952,1,2026-09-16 07:58
03_prompts\extraction_prompts\extraction_00989_Covariance_and_Gain-based_Federated_Unsc.txt,DELETED,old extraction prompt (non-REC naming),3997,1,2026-09-16 07:58
03_prompts\extraction_prompts\extraction_00990_Review_of_the_Drone_Applications_in_Urba.txt,DELETED,old extraction prompt (non-REC naming),4016,1,2026-09-16 07:58
03_prompts\extraction_prompts\extraction_00991_Inertial-based_Autonomous_Navigation_and.txt,DELETED,old extraction prompt (non-REC naming),4247,1,2026-09-16 07:58
03_prompts\extraction_prompts\extraction_00992_A_Vertical_Channel-Enhanced_Fusion_Metho.txt,DELETED,old extraction prompt (non-REC naming),3885,1,2026-09-16 07:58
03_prompts\extraction_prompts\extraction_00993_Fast__autonomous_flight_in_GPS-denied_an.txt,DELETED,old extraction prompt (non-REC naming),3470,1,2026-09-16 07:58
03_prompts\extraction_prompts\extraction_00994_Automated_localization_of_UAVs_in_GPS-de.txt,DELETED,old extraction prompt (non-REC naming),4102,1,2026-09-16 07:58
03_prompts\extraction_prompts\extraction_00995_Experimentation_of_Monocular_Visual-Aide.txt,DELETED,old extraction prompt (non-REC naming),3484,1,2026-09-16 07:58
03_prompts\extraction_prompts\extraction_00996_A_graphics-based_digital_twin__GBDT__fra.txt,DELETED,old extraction prompt (non-REC naming),4631,1,2026-09-16 07:58
03_prompts\extraction_prompts\extraction_00997_Autonomous_Flight_for_Multi-UAV_in_GPS-D.txt,DELETED,old extraction prompt (non-REC naming),3305,1,2026-09-16 07:58
03_prompts\extraction_prompts\extraction_00998_Toward_a_Low-Cost_Planetary_Rover__Real-.txt,DELETED,old extraction prompt (non-REC naming),4060,1,2026-09-16 07:58
03_prompts\extraction_prompts\extraction_00999_I_Am_Not_Afraid_of_the_GPS_Jammer__Resil.txt,DELETED,old extraction prompt (non-REC naming),4391,1,2026-09-16 07:58
03_prompts\extraction_prompts\extraction_01000_ReFDrone__One-Shot_Indoor_Drone_4DoF_Est.txt,DELETED,old extraction prompt (non-REC naming),3950,1,2026-09-16 07:58
03_prompts\extraction_prompts\extraction_01001_Perception_and_navigation_for_an_autonom.txt,DELETED,old extraction prompt (non-REC naming),3160,1,2026-09-16 07:58
03_prompts\extraction_prompts\extraction_01002_An_integrated_UAV_navigation_system_base.txt,DELETED,old extraction prompt (non-REC naming),3110,1,2026-09-16 07:58
03_prompts\extraction_prompts\extraction_01003_SmartCopter__Enabling_autonomous_flight_.txt,DELETED,old extraction prompt (non-REC naming),4244,1,2026-09-16 07:58
03_prompts\extraction_prompts\extraction_01004_A_Robust_Localization_Solution_for_an_Un.txt,DELETED,old extraction prompt (non-REC naming),4426,1,2026-09-16 07:58
03_prompts\extraction_prompts\extraction_01005_New_UAV_velocity_estimation_using_array_.txt,DELETED,old extraction prompt (non-REC naming),4173,1,2026-09-16 07:58
03_prompts\extraction_prompts\extraction_01007_Robust_geo-localization_of_UAVSAR_in_GPS.txt,DELETED,old extraction prompt (non-REC naming),4755,1,2026-09-16 07:58
03_prompts\extraction_prompts\extraction_01008_Visual_Odometry_in_GPS-Denied_Zones_for_.txt,DELETED,old extraction prompt (non-REC naming),3426,1,2026-09-16 07:58
03_prompts\extraction_prompts\extraction_01009_A_single_sensor_system_for_mapping_in_GN.txt,DELETED,old extraction prompt (non-REC naming),4173,1,2026-09-16 07:58
03_prompts\extraction_prompts\extraction_01010_Modified_ICP_based_Framework_for_3D_Loca.txt,DELETED,old extraction prompt (non-REC naming),3929,1,2026-09-16 07:58
03_prompts\extraction_prompts\extraction_01011_Real-time_unmanned_aerial_system__UAS__b.txt,DELETED,old extraction prompt (non-REC naming),5592,1,2026-09-16 07:58
03_prompts\extraction_prompts\extraction_01012_Multi-Sensor_Based_Adaptive_Fusion_Schem.txt,DELETED,old extraction prompt (non-REC naming),5188,1,2026-09-16 07:58
03_prompts\extraction_prompts\extraction_01013_Unmanned_aerial_vehicle_localization_usi.txt,DELETED,old extraction prompt (non-REC naming),3937,1,2026-09-16 07:58
03_prompts\extraction_prompts\extraction_01014_Cooperative_UAV_Swarm_Communication_Netw.txt,DELETED,old extraction prompt (non-REC naming),3946,1,2026-09-16 07:58
03_prompts\extraction_prompts\extraction_01015_Autonomous_Navigation_Method_for_UAV_Bas.txt,DELETED,old extraction prompt (non-REC naming),3474,1,2026-09-16 07:58
03_prompts\extraction_prompts\extraction_01016_Multi-sensor_information_fusion_methods_.txt,DELETED,old extraction prompt (non-REC naming),4576,1,2026-09-16 07:58
03_prompts\extraction_prompts\extraction_01017_A_Real-Time_Simulator_for_Navigation_in_.txt,DELETED,old extraction prompt (non-REC naming),3621,1,2026-09-16 07:58
03_prompts\extraction_prompts\extraction_01018_OPsCV__A_Robust_Framework_for_Aerial_Nav.txt,DELETED,old extraction prompt (non-REC naming),3712,1,2026-09-16 07:58
03_prompts\extraction_prompts\extraction_01019_Multi-Sensor_Fusion_SLAM_for_Interceptor.txt,DELETED,old extraction prompt (non-REC naming),3958,1,2026-09-16 07:58
03_prompts\extraction_prompts\extraction_01020_R-LVIO__Resilient_LiDAR-Visual-Inertial_.txt,DELETED,old extraction prompt (non-REC naming),3896,1,2026-09-16 07:58
03_prompts\extraction_prompts\extraction_01021_GPS-denied_UAV_localization_using_pre-ex.txt,DELETED,old extraction prompt (non-REC naming),3683,1,2026-09-16 07:58
03_prompts\extraction_prompts\extraction_01022_UAV_Autonomous_Navigation_System_Based_o.txt,DELETED,old extraction prompt (non-REC naming),4080,1,2026-09-16 07:58
03_prompts\extraction_prompts\extraction_01023_A_Hybrid_Drone_SINS_GNSS_Information_Fus.txt,DELETED,old extraction prompt (non-REC naming),3892,1,2026-09-16 07:58
03_prompts\extraction_prompts\extraction_01024_Optical_Coastal_GNSS-Denied_Navigation_f.txt,DELETED,old extraction prompt (non-REC naming),3991,1,2026-09-16 07:58
03_prompts\extraction_prompts\extraction_01026_Indoor_UAV_Localization_via_Multi-Anchor.txt,DELETED,old extraction prompt (non-REC naming),4078,1,2026-09-16 07:58
03_prompts\extraction_prompts\extraction_01027_I_am_not_afraid_of_the_jammer__Navigatin.txt,DELETED,old extraction prompt (non-REC naming),4744,1,2026-09-16 07:58
03_prompts\extraction_prompts\extraction_01028_Integrated_navigation_for_autonomous_dro.txt,DELETED,old extraction prompt (non-REC naming),3490,1,2026-09-16 07:58
03_prompts\extraction_prompts\extraction_01029_A_Localization_Strategy_for_Low-cost_UAV.txt,DELETED,old extraction prompt (non-REC naming),3549,1,2026-09-16 07:58
03_prompts\extraction_prompts\extraction_01031_Real-Time_Localization_and_Mapping_Utili.txt,DELETED,old extraction prompt (non-REC naming),4526,1,2026-09-16 07:58
03_prompts\extraction_prompts\extraction_01032_Synchronized_Multi-Directional_FMCW_mmWa.txt,DELETED,old extraction prompt (non-REC naming),4653,1,2026-09-16 07:58
03_prompts\extraction_prompts\extraction_01033_VG-Fusion__A_Novel_Visual_Geo-Localizati.txt,DELETED,old extraction prompt (non-REC naming),4365,1,2026-09-16 07:58
03_prompts\extraction_prompts\extraction_01034_Uavs_enhanced_navigation_in_outdoor_gnss.txt,DELETED,old extraction prompt (non-REC naming),4228,1,2026-09-16 07:58
03_prompts\extraction_prompts\extraction_01035_An_improved_selective_correction_adaptiv.txt,DELETED,old extraction prompt (non-REC naming),3956,1,2026-09-16 07:58
03_prompts\extraction_prompts\extraction_01036_Robust_6-DoF_Absolute_Visual_Localizatio.txt,DELETED,old extraction prompt (non-REC naming),3652,1,2026-09-16 07:58
03_prompts\extraction_prompts\extraction_01037_Survive_Against_Degradations__An_Insight.txt,DELETED,old extraction prompt (non-REC naming),3395,1,2026-09-16 07:58
03_prompts\extraction_prompts\extraction_01038_H-CoRE__A_Cooperative_Framework_for_Hete.txt,DELETED,old extraction prompt (non-REC naming),3773,1,2026-09-16 07:58
03_prompts\extraction_prompts\extraction_01039_Aerial_Localization_and_Navigation_for_S.txt,DELETED,old extraction prompt (non-REC naming),3755,1,2026-09-16 07:58
03_prompts\extraction_prompts\extraction_01040_Remote_Autonomy_for_Multiple_Small_Lowco.txt,DELETED,old extraction prompt (non-REC naming),3327,1,2026-09-16 07:58
03_prompts\extraction_prompts\extraction_01041_A_Review_of_Recent_Mobile_Robot_Applicat.txt,DELETED,old extraction prompt (non-REC naming),2985,1,2026-09-16 07:58
03_prompts\extraction_prompts\extraction_01042_Simulation_Design_for_Learning_Data_Coll.txt,DELETED,old extraction prompt (non-REC naming),3118,1,2026-09-16 07:58
03_prompts\extraction_prompts\extraction_01043_Consistent-Innovation-Aided_Distributed_.txt,DELETED,old extraction prompt (non-REC naming),4384,1,2026-09-16 07:58
03_prompts\extraction_prompts\extraction_01044_Magnetometer-based_enhanced_visual-inert.txt,DELETED,old extraction prompt (non-REC naming),3878,1,2026-09-16 07:58
03_prompts\extraction_prompts\extraction_01045_Optical_and_mass_flow_sensors_for_aiding.txt,DELETED,old extraction prompt (non-REC naming),4628,1,2026-09-16 07:58
03_prompts\extraction_prompts\extraction_01046_A_UAV_scene_matching_method_based_on_tri.txt,DELETED,old extraction prompt (non-REC naming),4359,1,2026-09-16 07:58
03_prompts\extraction_prompts\extraction_01047_A_lightweight_and_robust_multi-sensor_po.txt,DELETED,old extraction prompt (non-REC naming),4164,1,2026-09-16 07:58
03_prompts\extraction_prompts\extraction_01048_Airspeed-Aided_State_Estimation_Algorith.txt,DELETED,old extraction prompt (non-REC naming),3888,1,2026-09-16 07:58
03_prompts\extraction_prompts\extraction_01049_UAV_tracking_of_mobile_target_in_occlude.txt,DELETED,old extraction prompt (non-REC naming),3732,1,2026-09-16 07:58
03_prompts\extraction_prompts\extraction_01050_Master-Slave_Cross-Domain_Unmanned_Syste.txt,DELETED,old extraction prompt (non-REC naming),3877,1,2026-09-16 07:58
03_prompts\extraction_prompts\extraction_01051_Autonomous_vision-based_UAV_localization.txt,DELETED,old extraction prompt (non-REC naming),4077,1,2026-09-16 07:58
03_prompts\extraction_prompts\extraction_01052_Seamless_navigation_and_mapping_using_an.txt,DELETED,old extraction prompt (non-REC naming),4341,1,2026-09-16 07:58
03_prompts\extraction_prompts\extraction_01053_Context-sensitive_guidance__navigation__.txt,DELETED,old extraction prompt (non-REC naming),4806,1,2026-09-16 07:58
03_prompts\extraction_prompts\extraction_01054_Augmented_reality-based_vision-aid_indoo.txt,DELETED,old extraction prompt (non-REC naming),3938,1,2026-09-16 07:58
03_prompts\extraction_prompts\extraction_01055_An_Autonomously_Navigation_System_for_Fo.txt,DELETED,old extraction prompt (non-REC naming),3258,1,2026-09-16 07:58
03_prompts\extraction_prompts\extraction_01056_VecMapLocNet__Vision-based_UAV_localizat.txt,DELETED,old extraction prompt (non-REC naming),4216,1,2026-09-16 07:58
03_prompts\extraction_prompts\extraction_01057_Autonomous_flight_using_a_smartphone_as_.txt,DELETED,old extraction prompt (non-REC naming),3411,1,2026-09-16 07:58
03_prompts\extraction_prompts\extraction_01058_Robust_markers_for_visual_navigation_usi.txt,DELETED,old extraction prompt (non-REC naming),3295,1,2026-09-16 07:58
03_prompts\extraction_prompts\extraction_01059_Enhanced_drone_navigation_in_GNSS_denied.txt,DELETED,old extraction prompt (non-REC naming),3780,1,2026-09-16 07:58
03_prompts\extraction_prompts\extraction_01060_PCDATM_SLAM-BASED_TECHNOLOGY_FOR_POINT_C.txt,DELETED,old extraction prompt (non-REC naming),3787,1,2026-09-16 07:58
03_prompts\extraction_prompts\extraction_01061_Lane_Level_Positioning_Method_for_Unmann.txt,DELETED,old extraction prompt (non-REC naming),3517,1,2026-09-16 07:58
03_prompts\extraction_prompts\extraction_01062_Real-time_geospatial_positioning_for_uav.txt,DELETED,old extraction prompt (non-REC naming),3663,1,2026-09-16 07:58
03_prompts\extraction_prompts\extraction_01063_Visual_Inertial_Navigation_for_a_Small_U.txt,DELETED,old extraction prompt (non-REC naming),3175,1,2026-09-16 07:58
03_prompts\extraction_prompts\extraction_01064_Autonomous_Navigation_for_Micro_Aerial_V.txt,DELETED,old extraction prompt (non-REC naming),3498,1,2026-09-16 07:58
03_prompts\extraction_prompts\extraction_01065_Fast_localization_method_for_UAV_images_.txt,DELETED,old extraction prompt (non-REC naming),3298,1,2026-09-16 07:58
03_prompts\extraction_prompts\extraction_01066_A_Secure_ZUPT-Aided_Indoor_Navigation_Sy.txt,DELETED,old extraction prompt (non-REC naming),4105,1,2026-09-16 07:58
03_prompts\extraction_prompts\extraction_01067_GPS-denied_navigation_using_location_est.txt,DELETED,old extraction prompt (non-REC naming),3313,1,2026-09-16 07:58
03_prompts\extraction_prompts\extraction_01068_High-Accuracy_Robust_SLAM_and_Real-Time_.txt,DELETED,old extraction prompt (non-REC naming),3323,1,2026-09-16 07:58
03_prompts\extraction_prompts\extraction_01069_UAV_UGV_Collaborative_Localization_in_GN.txt,DELETED,old extraction prompt (non-REC naming),4984,1,2026-09-16 07:58
03_prompts\extraction_prompts\extraction_01070_Hybrid_Machine_Learning_VDM_for_UAVs_in_.txt,DELETED,old extraction prompt (non-REC naming),3447,1,2026-09-16 07:58
03_prompts\extraction_prompts\extraction_01071_Event-Based_Visual_Inertial_Odometry_for.txt,DELETED,old extraction prompt (non-REC naming),3890,1,2026-09-16 07:58
03_prompts\extraction_prompts\extraction_01072_Aerial_and_ground_robot_collaboration_fo.txt,DELETED,old extraction prompt (non-REC naming),3975,1,2026-09-16 07:58
03_prompts\extraction_prompts\extraction_01073_Radar-Inertial_Localization_for_Unmanned.txt,DELETED,old extraction prompt (non-REC naming),3454,1,2026-09-16 07:58
03_prompts\extraction_prompts\extraction_01074_Simultaneous_Localization_and_Mapping_of.txt,DELETED,old extraction prompt (non-REC naming),3433,1,2026-09-16 07:58
03_prompts\extraction_prompts\extraction_01075_Prototype_development_of_cross-shaped_mi.txt,DELETED,old extraction prompt (non-REC naming),3607,1,2026-09-16 07:58
03_prompts\extraction_prompts\extraction_01076_Robotic_inspection_of_vertical_surfaces_.txt,DELETED,old extraction prompt (non-REC naming),4588,1,2026-09-16 07:58
03_prompts\extraction_prompts\extraction_01078_6D_Self-Localization_of_Drones_Using_a_S.txt,DELETED,old extraction prompt (non-REC naming),3616,1,2026-09-16 07:58
03_prompts\extraction_prompts\extraction_01079_AN_INTEGRATED_UWB-VISION_FRAMEWORK_FOR_A.txt,DELETED,old extraction prompt (non-REC naming),3367,1,2026-09-16 07:58
03_prompts\extraction_prompts\extraction_01080_Adaptive_neural_pose_regression_enabled_.txt,DELETED,old extraction prompt (non-REC naming),4642,1,2026-09-16 07:58
03_prompts\extraction_prompts\extraction_01081_UAV_platform_for_special_operation.txt,DELETED,old extraction prompt (non-REC naming),3329,1,2026-09-16 07:58
03_prompts\extraction_prompts\extraction_01082_Unified_Voxel-Centric_LiDAR-Visual-Inert.txt,DELETED,old extraction prompt (non-REC naming),3436,1,2026-09-16 07:58
03_prompts\extraction_prompts\extraction_01083_GNSS-Denied_UAV_Terrain_Matching_Navigat.txt,DELETED,old extraction prompt (non-REC naming),4100,1,2026-09-16 07:58
03_prompts\extraction_prompts\extraction_01084_CLAK_CNN-LSTM-Attention_and_Kolmogorov-A.txt,DELETED,old extraction prompt (non-REC naming),4299,1,2026-09-16 07:58
03_prompts\extraction_prompts\extraction_01085_GNSS-Denied_Semi-Direct_Visual_Navigatio.txt,DELETED,old extraction prompt (non-REC naming),3614,1,2026-09-16 07:58
03_prompts\extraction_prompts\extraction_01086_Vision-based_Relative_Navigation_and_Dro.txt,DELETED,old extraction prompt (non-REC naming),4180,1,2026-09-16 07:58
03_prompts\extraction_prompts\extraction_01087_Heterogeneous_Multirobot_Team__Maritime_.txt,DELETED,old extraction prompt (non-REC naming),4379,1,2026-09-16 07:58
03_prompts\extraction_prompts\extraction_01088_Analysis_of_optical_flow_methods_for_est.txt,DELETED,old extraction prompt (non-REC naming),3379,1,2026-09-16 07:58
03_prompts\extraction_prompts\extraction_01089_Monocular-SLAM-based_navigation_for_auto.txt,DELETED,old extraction prompt (non-REC naming),4356,1,2026-09-16 07:58
03_prompts\extraction_prompts\extraction_01090_UAV_navigation_in_GPS-denied_environment.txt,DELETED,old extraction prompt (non-REC naming),3590,1,2026-09-16 07:58
03_prompts\extraction_prompts\extraction_01091_LoLa-SLAM__Low-Latency_LiDAR_SLAM_Using_.txt,DELETED,old extraction prompt (non-REC naming),3759,1,2026-09-16 07:58
03_prompts\extraction_prompts\extraction_01092_Efficient_SLAM_Algorithm_Based_on_Quater.txt,DELETED,old extraction prompt (non-REC naming),4055,1,2026-09-16 07:58
03_prompts\extraction_prompts\extraction_01093_Landmark-Based_Multi-sensor_Fusion_SLAM_.txt,DELETED,old extraction prompt (non-REC naming),3560,1,2026-09-16 07:58
03_prompts\extraction_prompts\extraction_01094_Dynamic_Artificial_Neural_Network-Assist.txt,DELETED,old extraction prompt (non-REC naming),3867,1,2026-09-16 07:58
03_prompts\extraction_prompts\extraction_01095_A_multi-sensorial_simultaneous_localizat.txt,DELETED,old extraction prompt (non-REC naming),4079,1,2026-09-16 07:58
03_prompts\extraction_prompts\extraction_01096_DTVIRM-Swarm__A_Distributed_and_Tightly_.txt,DELETED,old extraction prompt (non-REC naming),7053,1,2026-09-16 07:58
03_prompts\extraction_prompts\extraction_01097_Indoor_fixed-point_hovering_control_for_.txt,DELETED,old extraction prompt (non-REC naming),3723,1,2026-09-16 07:58
03_prompts\extraction_prompts\extraction_01098_Long-Duration_Inspection_of_GNSS-Denied_.txt,DELETED,old extraction prompt (non-REC naming),4878,1,2026-09-16 07:58
03_prompts\extraction_prompts\extraction_01099_Machine_Learning-Based_UAV_Localization_.txt,DELETED,old extraction prompt (non-REC naming),4453,1,2026-09-16 07:58
03_prompts\extraction_prompts\extraction_01100_An_Aerial_Transport_System_in_Marine_GNS.txt,DELETED,old extraction prompt (non-REC naming),3982,1,2026-09-16 07:58
03_prompts\extraction_prompts\extraction_01101_UWB-based_localization_for_multi-UAV_sys.txt,DELETED,old extraction prompt (non-REC naming),3747,1,2026-09-16 07:58
03_prompts\extraction_prompts\extraction_01102_iDROP__Robust_Localization_for_Indoor_Na.txt,DELETED,old extraction prompt (non-REC naming),3628,1,2026-09-16 07:58
03_prompts\extraction_prompts\extraction_01103_Integrated_navigation_of_aerial_robot_fo.txt,DELETED,old extraction prompt (non-REC naming),3558,1,2026-09-16 07:58
03_prompts\extraction_prompts\extraction_01104_Convolutional_Neural_Networks_for_Autono.txt,DELETED,old extraction prompt (non-REC naming),3352,1,2026-09-16 07:58
03_prompts\extraction_prompts\extraction_01105_3D_SCENE_RECONSTRUCTION_AND_PATH_PLANNIN.txt,DELETED,old extraction prompt (non-REC naming),3294,1,2026-09-16 07:58
03_prompts\extraction_prompts\extraction_01106_Adaptive_Particle_Filter-Neural_Network_.txt,DELETED,old extraction prompt (non-REC naming),3986,1,2026-09-16 07:58
03_prompts\extraction_prompts\extraction_01107_Multi-UAV_Cooperative_Localization_in_Ps.txt,DELETED,old extraction prompt (non-REC naming),4816,1,2026-09-16 07:58
03_prompts\extraction_prompts\extraction_01108_A_collaborative_navigation_algorithm_for.txt,DELETED,old extraction prompt (non-REC naming),3997,1,2026-09-16 07:58
03_prompts\extraction_prompts\extraction_01109_Improving_the_Localization_of_the_Magnet.txt,DELETED,old extraction prompt (non-REC naming),4379,1,2026-09-16 07:58
03_prompts\extraction_prompts\extraction_01110_Cross-Session_3D_LiDAR_and_Camera_Fusion.txt,DELETED,old extraction prompt (non-REC naming),3919,1,2026-09-16 07:58
03_prompts\extraction_prompts\extraction_01111_Robust_TOA-based_UAS_navigation_under_mo.txt,DELETED,old extraction prompt (non-REC naming),3993,1,2026-09-16 07:58
03_prompts\extraction_prompts\extraction_01112_A_coarse-to-fine_visual_geo-localization.txt,DELETED,old extraction prompt (non-REC naming),5099,1,2026-09-16 07:58
03_prompts\extraction_prompts\extraction_01113_Towards_UAV_Localization_in_GNSS-Denied_.txt,DELETED,old extraction prompt (non-REC naming),3744,1,2026-09-16 07:58
03_prompts\extraction_prompts\extraction_01114_I-NAV__Inverse_Navigation_for_questionna.txt,DELETED,old extraction prompt (non-REC naming),4046,1,2026-09-16 07:58
03_prompts\extraction_prompts\extraction_01115_SWA-PF__Semantic-weighted_adaptive_parti.txt,DELETED,old extraction prompt (non-REC naming),4213,1,2026-09-16 07:58
03_prompts\extraction_prompts\extraction_01116_Development_of_a_Visual_SLAM-Based_Auton.txt,DELETED,old extraction prompt (non-REC naming),4588,1,2026-09-16 07:58
03_prompts\extraction_prompts\extraction_01117_Enhancing_Visual_Inertial_Odometry_Robus.txt,DELETED,old extraction prompt (non-REC naming),3562,1,2026-09-16 07:58
03_prompts\extraction_prompts\extraction_01118_GNSS-denied_UAV_indoor_navigation_with_U.txt,DELETED,old extraction prompt (non-REC naming),3715,1,2026-09-16 07:58
03_prompts\extraction_prompts\extraction_01119_A_Low-Cost_Experimental_Quadcopter_Drone.txt,DELETED,old extraction prompt (non-REC naming),3945,1,2026-09-16 07:58
03_prompts\extraction_prompts\extraction_01120_GNSS-denied_geolocalization_of_UAVs_usin.txt,DELETED,old extraction prompt (non-REC naming),4286,1,2026-09-16 07:58
03_prompts\extraction_prompts\extraction_01121_HCCNet__Hybrid_Coupled_Cooperative_Netwo.txt,DELETED,old extraction prompt (non-REC naming),3755,1,2026-09-16 07:58
03_prompts\extraction_prompts\extraction_01122_Multi-modality_Fusion_Global_Localizatio.txt,DELETED,old extraction prompt (non-REC naming),3629,1,2026-09-16 07:58
03_prompts\extraction_prompts\extraction_01123_A_Novel_Scene-Matching_Positioning_Appro.txt,DELETED,old extraction prompt (non-REC naming),4379,1,2026-09-16 07:58
03_prompts\extraction_prompts\extraction_01124_Real-Time_Elevation_and_Orientation-Awar.txt,DELETED,old extraction prompt (non-REC naming),4477,1,2026-09-16 07:58
03_prompts\extraction_prompts\extraction_01125_Flight_in_GPS-denied_environment__Autono.txt,DELETED,old extraction prompt (non-REC naming),3104,1,2026-09-16 07:58
03_prompts\extraction_prompts\extraction_01126_Centralised_cooperative_UAV_navigation_i.txt,DELETED,old extraction prompt (non-REC naming),3899,1,2026-09-16 07:58
03_prompts\extraction_prompts\extraction_01127_Swarm_UAVs_for_Area_Mapping_in_GPS-Denie.txt,DELETED,old extraction prompt (non-REC naming),3569,1,2026-09-16 07:58
03_prompts\extraction_prompts\extraction_01128_Self-calibrated_Navigation_System_Based_.txt,DELETED,old extraction prompt (non-REC naming),3372,1,2026-09-16 07:58
03_prompts\extraction_prompts\extraction_01129_GPS-Denied_Global_Visual-Inertial_Ground.txt,DELETED,old extraction prompt (non-REC naming),3610,1,2026-09-16 07:58
03_prompts\extraction_prompts\extraction_01130_Robust_GNSS-denied_localization_for_UAV_.txt,DELETED,old extraction prompt (non-REC naming),4122,1,2026-09-16 07:58
03_prompts\extraction_prompts\extraction_01131_Enhancing_UAV_Autonomy_and_Path_Optimiza.txt,DELETED,old extraction prompt (non-REC naming),4660,1,2026-09-16 07:58
03_prompts\extraction_prompts\extraction_01132_Minimalistic_approach_for_monocular_SLAM.txt,DELETED,old extraction prompt (non-REC naming),3655,1,2026-09-16 07:58
03_prompts\extraction_prompts\extraction_01133_UAV_circumnavigating_an_unknown_target_u.txt,DELETED,old extraction prompt (non-REC naming),3530,1,2026-09-16 07:58
03_prompts\extraction_prompts\extraction_01134_A_Decision-Making_Framework_for_Autonomo.txt,DELETED,old extraction prompt (non-REC naming),3917,1,2026-09-16 07:58
03_prompts\extraction_prompts\extraction_01135_UAV_Localization_in_Low-Altitude_GNSS-De.txt,DELETED,old extraction prompt (non-REC naming),4030,1,2026-09-16 07:58
03_prompts\extraction_prompts\extraction_01136_A_Visual-Inertial_Fusion_Mapping_and_Loc.txt,DELETED,old extraction prompt (non-REC naming),3578,1,2026-09-16 07:58
03_prompts\extraction_prompts\extraction_01137_Integrated_guidance__navigation__and_con.txt,DELETED,old extraction prompt (non-REC naming),3344,1,2026-09-16 07:58
03_prompts\extraction_prompts\extraction_01138_Visual_Simultaneous_Localization_and_Map.txt,DELETED,old extraction prompt (non-REC naming),4068,1,2026-09-16 07:58
03_prompts\extraction_prompts\extraction_01139_Vision-controlled_micro_flying_robots__F.txt,DELETED,old extraction prompt (non-REC naming),4855,1,2026-09-16 07:58
03_prompts\extraction_prompts\extraction_01140_UAV_navigation_in_large-scale_GPS-denied.txt,DELETED,old extraction prompt (non-REC naming),3705,1,2026-09-16 07:58
03_prompts\extraction_prompts\extraction_01141_A_ROS_Multi-Tier_UAV_Localization_Module.txt,DELETED,old extraction prompt (non-REC naming),3657,1,2026-09-16 07:58
03_prompts\extraction_prompts\extraction_01142_Dual_Quaternion-Based_Unscented_Kalman_F.txt,DELETED,old extraction prompt (non-REC naming),3587,1,2026-09-16 07:58
03_prompts\extraction_prompts\extraction_01143_Multi-Robot_Cooperative_3D_Frontier_Expl.txt,DELETED,old extraction prompt (non-REC naming),3634,1,2026-09-16 07:58
03_prompts\extraction_prompts\extraction_01144_Mobile_robot_motion_control_and_autonomo.txt,DELETED,old extraction prompt (non-REC naming),4061,1,2026-09-16 07:58
03_prompts\extraction_prompts\extraction_01145_Enhancing_Integrated_Navigation_with_a_S.txt,DELETED,old extraction prompt (non-REC naming),3747,1,2026-09-16 07:58
03_prompts\extraction_prompts\extraction_01146_Micro-radar_and_UWB_aided_UAV_navigation.txt,DELETED,old extraction prompt (non-REC naming),4111,1,2026-09-16 07:58
03_prompts\extraction_prompts\extraction_01147_LiDAR-Based_High-Precision_Mapping_and_G.txt,DELETED,old extraction prompt (non-REC naming),2946,1,2026-09-16 07:58
03_prompts\extraction_prompts\extraction_01148_UAV-Based_Structural_Health_Monitoring_U.txt,DELETED,old extraction prompt (non-REC naming),3892,1,2026-09-16 07:58
03_prompts\extraction_prompts\extraction_01149_Simultaneous_Localization_and_Mapping_us.txt,DELETED,old extraction prompt (non-REC naming),3791,1,2026-09-16 07:58
03_prompts\extraction_prompts\extraction_01150_NaviLoc__Trajectory-Level_Visual_Localiz.txt,DELETED,old extraction prompt (non-REC naming),4259,1,2026-09-16 07:58
03_prompts\extraction_prompts\extraction_01151_A_Heterogeneous_Multirobot_System_for_Au.txt,DELETED,old extraction prompt (non-REC naming),4174,1,2026-09-16 07:58
03_prompts\extraction_prompts\extraction_01152_An_Online_Solution_of_LiDAR_Scan_Matchin.txt,DELETED,old extraction prompt (non-REC naming),3849,1,2026-09-16 07:58
03_prompts\extraction_prompts\extraction_01153_UAV_Sensor_Data_Fusion_for_Localization_.txt,DELETED,old extraction prompt (non-REC naming),4728,1,2026-09-16 07:58
03_prompts\extraction_prompts\extraction_01154_A_Generic_Plug_and_Play_Navigation_Fusio.txt,DELETED,old extraction prompt (non-REC naming),4140,1,2026-09-16 07:58
03_prompts\extraction_prompts\extraction_01155_Relative_Navigation_of_UAV_Swarm_in_a_GP.txt,DELETED,old extraction prompt (non-REC naming),3480,1,2026-09-16 07:58
03_prompts\extraction_prompts\extraction_01156_Georeferenced_UAV_Localization_in_Mounta.txt,DELETED,old extraction prompt (non-REC naming),3897,1,2026-09-16 07:58
03_prompts\extraction_prompts\extraction_01157_Vision-based_heading_estimation_for_navi.txt,DELETED,old extraction prompt (non-REC naming),4224,1,2026-09-16 07:58
03_prompts\extraction_prompts\extraction_01158_Neural_Network-Based_SLAM_GNSS_Fusion_Lo.txt,DELETED,old extraction prompt (non-REC naming),4594,1,2026-09-16 07:58
03_prompts\extraction_prompts\extraction_01159_GPS-Denied_Navigation_Aided_by_Synthetic.txt,DELETED,old extraction prompt (non-REC naming),3511,1,2026-09-16 07:58
03_prompts\extraction_prompts\extraction_01160_Towards_Large-Scale_Relative_Localizatio.txt,DELETED,old extraction prompt (non-REC naming),3783,1,2026-09-16 07:58
03_prompts\extraction_prompts\extraction_01161_Lidar_Inertial_Odometry_and_Mapping_for_.txt,DELETED,old extraction prompt (non-REC naming),4310,1,2026-09-16 07:58
03_prompts\extraction_prompts\extraction_01162_Enhanced_deep_reinforcement_learning_for.txt,DELETED,old extraction prompt (non-REC naming),3866,1,2026-09-16 07:58
03_prompts\extraction_prompts\extraction_01163_A_comparative_study_of_TERCOM-EKF_and_Vi.txt,DELETED,old extraction prompt (non-REC naming),4432,1,2026-09-16 07:58
03_prompts\extraction_prompts\extraction_01164_Lightweight_and_accurate_infrared_rangef.txt,DELETED,old extraction prompt (non-REC naming),3996,1,2026-09-16 07:58
03_prompts\extraction_prompts\extraction_01165_UAV_Localization_in_GPS-Denied_Environme.txt,DELETED,old extraction prompt (non-REC naming),3336,1,2026-09-16 07:58
03_prompts\extraction_prompts\extraction_01166_VIO-UWB-Based_Collaborative_Localization.txt,DELETED,old extraction prompt (non-REC naming),3968,1,2026-09-16 07:58
03_prompts\extraction_prompts\extraction_01167_APF-Driven_Lightweight_UAV_Swarm_Traject.txt,DELETED,old extraction prompt (non-REC naming),4199,1,2026-09-16 07:58
03_prompts\extraction_prompts\extraction_01168_Self-localization_of_tethered_drones_wit.txt,DELETED,old extraction prompt (non-REC naming),3438,1,2026-09-16 07:58
03_prompts\extraction_prompts\extraction_01169_AI-Enhanced_Thermal_Visual_Inertial_Odom.txt,DELETED,old extraction prompt (non-REC naming),4168,1,2026-09-16 07:58
03_prompts\extraction_prompts\extraction_01170_Simultaneous_Localization_and_Mapping__S.txt,DELETED,old extraction prompt (non-REC naming),3734,1,2026-09-16 07:58
03_prompts\extraction_prompts\extraction_01171_LiDAR-Based_Multi-Modal_UAV_Navigation_D.txt,DELETED,old extraction prompt (non-REC naming),3697,1,2026-09-16 07:58
03_prompts\extraction_prompts\extraction_01172_LiDAR_Inertial_Mapping_of_Non-Manhattan_.txt,DELETED,old extraction prompt (non-REC naming),4222,1,2026-09-16 07:58
03_prompts\extraction_prompts\extraction_01173_2D_LIDAR_SLAM_Localization_System_for_a_.txt,DELETED,old extraction prompt (non-REC naming),3643,1,2026-09-16 07:58
03_prompts\extraction_prompts\extraction_01174_TerraSLAM__Towards_GPS-Denied_Localizati.txt,DELETED,old extraction prompt (non-REC naming),3530,1,2026-09-16 07:58
03_prompts\extraction_prompts\extraction_01175_Deep_Learning_for_Autonomous_UAV_Navigat.txt,DELETED,old extraction prompt (non-REC naming),4534,1,2026-09-16 07:58
03_prompts\extraction_prompts\extraction_01176_Road_Semantic-Enhanced_Land_Vehicle_Inte.txt,DELETED,old extraction prompt (non-REC naming),3719,1,2026-09-16 07:58
03_prompts\extraction_prompts\extraction_01177_Monocular_Vision-aided_Depth_Measurement.txt,DELETED,old extraction prompt (non-REC naming),3833,1,2026-09-16 07:58
03_prompts\extraction_prompts\extraction_01178_Aerial-Ground_Robots_Collaborative_3D_Ma.txt,DELETED,old extraction prompt (non-REC naming),3656,1,2026-09-16 07:58
03_prompts\extraction_prompts\extraction_01179_A_comparison_of_SWaP-limited__visual-ine.txt,DELETED,old extraction prompt (non-REC naming),3600,1,2026-09-16 07:58
03_prompts\extraction_prompts\extraction_01180_Error_Modelling_and_Optimal_Estimation_o.txt,DELETED,old extraction prompt (non-REC naming),4097,1,2026-09-16 07:58
03_prompts\extraction_prompts\extraction_01181_Positioning_System_for_UAV_Precision_Tas.txt,DELETED,old extraction prompt (non-REC naming),3518,1,2026-09-16 07:58
03_prompts\extraction_prompts\extraction_01182_An_Aerial_and_Ground_Multi-Agent_Coopera.txt,DELETED,old extraction prompt (non-REC naming),4424,1,2026-09-16 07:58
03_prompts\extraction_prompts\extraction_01183_Co-Operatively_Increasing_Smoothing_and_.txt,DELETED,old extraction prompt (non-REC naming),4293,1,2026-09-16 07:58
03_prompts\extraction_prompts\extraction_01184_GNSS-denied_UAV_localization_with_satell.txt,DELETED,old extraction prompt (non-REC naming),3430,1,2026-09-16 07:58
03_prompts\extraction_prompts\extraction_01185_UAV_swarm_distributed_cooperative_locali.txt,DELETED,old extraction prompt (non-REC naming),3827,1,2026-09-16 07:58
03_prompts\extraction_prompts\extraction_01186_Landmarks_based_path_planning_for_UAVs_i.txt,DELETED,old extraction prompt (non-REC naming),3494,1,2026-09-16 07:58
03_prompts\extraction_prompts\extraction_01187_Group_coordination_and_path_replan_tacti.txt,DELETED,old extraction prompt (non-REC naming),3314,1,2026-09-16 07:58
03_prompts\extraction_prompts\extraction_01188_GPS-Denied_State_Estimation_for_Blue_NDA.txt,DELETED,old extraction prompt (non-REC naming),3737,1,2026-09-16 07:58
03_prompts\extraction_prompts\extraction_01189_Leonardo_Drone_Contest_Autonomous_Drone_.txt,DELETED,old extraction prompt (non-REC naming),3497,1,2026-09-16 07:58
03_prompts\extraction_prompts\extraction_01190_Reduction_of_GNSS-Denied_inertial_naviga.txt,DELETED,old extraction prompt (non-REC naming),3561,1,2026-09-16 07:58
03_prompts\extraction_prompts\extraction_01191_Computationally_Light_Spectrally_Normali.txt,DELETED,old extraction prompt (non-REC naming),3768,1,2026-09-16 07:58
03_prompts\extraction_prompts\extraction_01192_Indoor_UAV_Localization_Using_a_Tether.txt,DELETED,old extraction prompt (non-REC naming),3515,1,2026-09-16 07:58
03_prompts\extraction_prompts\extraction_01193_Adaptive_Navigation_Strategy_for_Low-Cos.txt,DELETED,old extraction prompt (non-REC naming),4109,1,2026-09-16 07:58
03_prompts\extraction_prompts\extraction_01194_A_Unmanned_Aerial_Vehicle__UAV__Unmanned.txt,DELETED,old extraction prompt (non-REC naming),3462,1,2026-09-16 07:58
03_prompts\extraction_prompts\extraction_01195_Autonomous_landing_of_an_UAV_with_a_grou.txt,DELETED,old extraction prompt (non-REC naming),3674,1,2026-09-16 07:58
03_prompts\extraction_prompts\extraction_01196_Precision_Landing_of_a_Quadcopter_Drone_.txt,DELETED,old extraction prompt (non-REC naming),3390,1,2026-09-16 07:58
03_prompts\extraction_prompts\extraction_01197_Autonomous_Systems__Indoor_Drone_Navigat.txt,DELETED,old extraction prompt (non-REC naming),3595,1,2026-09-16 07:58
03_prompts\extraction_prompts\extraction_01198_A_general_purpose_configurable_controlle.txt,DELETED,old extraction prompt (non-REC naming),3744,1,2026-09-16 07:58
03_prompts\extraction_prompts\extraction_01199_Dependable_navigation_in_GPS_denied_envi.txt,DELETED,old extraction prompt (non-REC naming),3265,1,2026-09-16 07:58
03_prompts\extraction_prompts\extraction_01200_RF-Drone__Multi-tag_system_for_RF-ID_ena.txt,DELETED,old extraction prompt (non-REC naming),3753,1,2026-09-16 07:58
03_prompts\extraction_prompts\extraction_01201_A_Vision-Based_Technique_for_Unmanned_Ae.txt,DELETED,old extraction prompt (non-REC naming),3558,1,2026-09-16 07:58
03_prompts\extraction_prompts\extraction_01202_LiDAR-based_3D_SLAM_for_autonomous_navig.txt,DELETED,old extraction prompt (non-REC naming),4748,1,2026-09-16 07:58
03_prompts\extraction_prompts\extraction_01203_LiDAR_scan_matching_aided_inertial_navig.txt,DELETED,old extraction prompt (non-REC naming),4049,1,2026-09-16 07:58
03_prompts\extraction_prompts\extraction_01204_Derivative-Enhanced_Fusion_Approach_of_C.txt,DELETED,old extraction prompt (non-REC naming),3550,1,2026-09-16 07:58
03_prompts\extraction_prompts\extraction_01205_Research_on_visual_autonomous_navigation.txt,DELETED,old extraction prompt (non-REC naming),2973,1,2026-09-16 07:58
03_prompts\extraction_prompts\extraction_01206_Robust_and_Cost-Effective_Vision-Based_I.txt,DELETED,old extraction prompt (non-REC naming),3745,1,2026-09-16 07:58
03_prompts\extraction_prompts\extraction_01207_GPS-denied_indoor_and_outdoor_monocular_.txt,DELETED,old extraction prompt (non-REC naming),4248,1,2026-09-16 07:58
03_prompts\extraction_prompts\extraction_01208_Energy-Aware_Adaptive_Communication_Topo.txt,DELETED,old extraction prompt (non-REC naming),4642,1,2026-09-16 07:58
03_prompts\extraction_prompts\extraction_01209_Immunity-based_framework_for_autonomous_.txt,DELETED,old extraction prompt (non-REC naming),4041,1,2026-09-16 07:58
03_prompts\extraction_prompts\extraction_01210_Experiments_in_Fast__Autonomous__GPS-Den.txt,DELETED,old extraction prompt (non-REC naming),3426,1,2026-09-16 07:58
03_prompts\extraction_prompts\extraction_01211_Onboard_Modular_Control_and_Planning_for.txt,DELETED,old extraction prompt (non-REC naming),3608,1,2026-09-16 07:58
03_prompts\extraction_prompts\extraction_01212_Autonomous_drone_hunter_operating_by_dee.txt,DELETED,old extraction prompt (non-REC naming),3710,1,2026-09-16 07:58
03_prompts\extraction_prompts\extraction_01213_Laser-aided_navigation_with_loop_closure.txt,DELETED,old extraction prompt (non-REC naming),3654,1,2026-09-16 07:58
03_prompts\extraction_prompts\extraction_01214_Vectorizing_earth_elevation_for_image-ba.txt,DELETED,old extraction prompt (non-REC naming),4432,1,2026-09-16 07:58
03_prompts\extraction_prompts\extraction_01215_MiNav__Autonomous_Drone_Navigation_Indoo.txt,DELETED,old extraction prompt (non-REC naming),4153,1,2026-09-16 07:58
03_prompts\extraction_prompts\extraction_01216_A_Two-Stage_Residual_Extended_Kalman_Fil.txt,DELETED,old extraction prompt (non-REC naming),4851,1,2026-09-16 07:58
03_prompts\extraction_prompts\extraction_01217_Vision_based_UAS_navigation_for_RFI_loca.txt,DELETED,old extraction prompt (non-REC naming),6120,1,2026-09-16 07:58
03_prompts\extraction_prompts\extraction_01218_A_Simultaneous_Control__Localization__an.txt,DELETED,old extraction prompt (non-REC naming),3468,1,2026-09-16 07:58
03_prompts\extraction_prompts\extraction_01219_Depth-Based_Safe_Landing_for_Unmanned_Ae.txt,DELETED,old extraction prompt (non-REC naming),4077,1,2026-09-16 07:58
03_prompts\extraction_prompts\extraction_01220_Absolute_velocity_estimation_of_UAVs_bas.txt,DELETED,old extraction prompt (non-REC naming),3931,1,2026-09-16 07:58
03_prompts\extraction_prompts\extraction_01221_City-level_aerial_geo-localization_based.txt,DELETED,old extraction prompt (non-REC naming),4259,1,2026-09-16 07:58
03_prompts\extraction_prompts\extraction_01222_Autonomous_UAV_navigation_in_GPS_denied_.txt,DELETED,old extraction prompt (non-REC naming),3068,1,2026-09-16 07:58
03_prompts\extraction_prompts\extraction_01223_uVGS-2__The_Micro_Video_Guidance_Sensor_.txt,DELETED,old extraction prompt (non-REC naming),3961,1,2026-09-16 07:58
03_prompts\extraction_prompts\extraction_01224_LOFF__LiDAR_and_Optical_Flow_Fusion_Odom.txt,DELETED,old extraction prompt (non-REC naming),3439,1,2026-09-16 07:58
03_prompts\extraction_prompts\extraction_01225_Autonomous_Navigation_for_Drone_Swarms_i.txt,DELETED,old extraction prompt (non-REC naming),3536,1,2026-09-16 07:58
03_prompts\extraction_prompts\extraction_01226_The_development_of_a_mapping_hovercraft_.txt,DELETED,old extraction prompt (non-REC naming),4545,1,2026-09-16 07:58
03_prompts\extraction_prompts\extraction_01227_A_hybrid_localization_approach_for_UAV_i.txt,DELETED,old extraction prompt (non-REC naming),3476,1,2026-09-16 07:58
03_prompts\extraction_prompts\extraction_01228_An_auto-landing_strategy_based_on_pan-ti.txt,DELETED,old extraction prompt (non-REC naming),3848,1,2026-09-16 07:58
03_prompts\extraction_prompts\extraction_01229_A_Visual_Navigation_Algorithm_for_UAV_Ba.txt,DELETED,old extraction prompt (non-REC naming),3824,1,2026-09-16 07:58
03_prompts\extraction_prompts\extraction_01230_ALM-LED__autonomous_LiDAR_mapping_in_und.txt,DELETED,old extraction prompt (non-REC naming),4968,1,2026-09-16 07:58
03_prompts\extraction_prompts\extraction_01231_PSD___probabilistic_algorithm_for_mobile.txt,DELETED,old extraction prompt (non-REC naming),4186,1,2026-09-16 07:58
03_prompts\extraction_prompts\extraction_01232_Range_Visual_Inertial_Odometry_with_Coar.txt,DELETED,old extraction prompt (non-REC naming),3932,1,2026-09-16 07:58
03_prompts\extraction_prompts\extraction_01233_Tightly-Coupled_Air-Ground_Collaborative.txt,DELETED,old extraction prompt (non-REC naming),4721,1,2026-09-16 07:58
03_prompts\extraction_prompts\extraction_01234_Non-visual_Terrain_Navigation_for_UAVs__.txt,DELETED,old extraction prompt (non-REC naming),3991,1,2026-09-16 07:58
03_prompts\extraction_prompts\extraction_01235_Autonomous_Positioning_System_for_UAV_Sc.txt,DELETED,old extraction prompt (non-REC naming),3486,1,2026-09-16 07:58
03_prompts\extraction_prompts\extraction_01236_Multi-sensor_fusion_for_aerial_robots_in.txt,DELETED,old extraction prompt (non-REC naming),3280,1,2026-09-16 07:58
03_prompts\extraction_prompts\extraction_01237_Heterogeneous_Sensor_Information_Fusion_.txt,DELETED,old extraction prompt (non-REC naming),3792,1,2026-09-16 07:58
03_prompts\extraction_prompts\extraction_01238_SpeedNet__dual-channel_CNN-GRU_network_w.txt,DELETED,old extraction prompt (non-REC naming),4512,1,2026-09-16 07:58
03_prompts\extraction_prompts\extraction_01239_Toward_High-Precision_SLAM_Ground_Truth_.txt,DELETED,old extraction prompt (non-REC naming),3486,1,2026-09-16 07:58
03_prompts\extraction_prompts\extraction_01240_Performance_Evaluation_of_High-grade_HRG.txt,DELETED,old extraction prompt (non-REC naming),4211,1,2026-09-16 07:58
03_prompts\extraction_prompts\extraction_01241_Map-aided_visual_SLAM_factor_graph_optim.txt,DELETED,old extraction prompt (non-REC naming),4371,1,2026-09-16 07:58
03_prompts\extraction_prompts\extraction_01242_Towards_autonomous_control_of_quadrotor_.txt,DELETED,old extraction prompt (non-REC naming),3363,1,2026-09-16 07:58
03_prompts\extraction_prompts\extraction_01243_Adaptive_Formation_Control_of_UAVs_near_.txt,DELETED,old extraction prompt (non-REC naming),3866,1,2026-09-16 07:58
03_prompts\extraction_prompts\extraction_01244_Investigation_of_Alternative_Parameters_.txt,DELETED,old extraction prompt (non-REC naming),3027,1,2026-09-16 07:58
03_prompts\extraction_prompts\extraction_01245_Fusion_of_Optical_Flow_and_Dead_Reckonin.txt,DELETED,old extraction prompt (non-REC naming),3494,1,2026-09-16 07:58
03_prompts\extraction_prompts\extraction_01246_Cooperative_Swarm_Geometry_Optimization_.txt,DELETED,old extraction prompt (non-REC naming),3668,1,2026-09-16 07:58
03_prompts\extraction_prompts\extraction_01248_Gradient_perception_approach__Mapless_IN.txt,DELETED,old extraction prompt (non-REC naming),3781,1,2026-09-16 07:58
03_prompts\extraction_prompts\extraction_01249_UAV_Swarm_Cooperative_Navigation_Technol.txt,DELETED,old extraction prompt (non-REC naming),3453,1,2026-09-16 07:58
03_prompts\extraction_prompts\extraction_01250_Long-Distance_GNSS-Denied_Visual_Inertia.txt,DELETED,old extraction prompt (non-REC naming),3829,1,2026-09-16 07:58
03_prompts\extraction_prompts\extraction_01251_Reinforcement_learning_based_UAV_formati.txt,DELETED,old extraction prompt (non-REC naming),4502,1,2026-09-16 07:58
03_prompts\extraction_prompts\extraction_01252_Artificial_Intelligence-Based_Decision_S.txt,DELETED,old extraction prompt (non-REC naming),4194,1,2026-09-16 07:58
03_prompts\extraction_prompts\extraction_01253_Real-Time_Autonomous_UAV_Navigation_with.txt,DELETED,old extraction prompt (non-REC naming),4160,1,2026-09-16 07:58
03_prompts\extraction_prompts\extraction_01254_Sensor_Selection_Tradeoff_for_Robust_C-S.txt,DELETED,old extraction prompt (non-REC naming),3583,1,2026-09-16 07:58
03_prompts\extraction_prompts\extraction_01255_A_Hierarchical_Absolute_Visual_Localizat.txt,DELETED,old extraction prompt (non-REC naming),5758,1,2026-09-16 07:58
03_prompts\extraction_prompts\extraction_01256_Multi-Agent_Distributed_Cooperative_Loca.txt,DELETED,old extraction prompt (non-REC naming),3650,1,2026-09-16 07:58
03_prompts\extraction_prompts\extraction_01257_RFID-based_hybrid_metric-topological_SLA.txt,DELETED,old extraction prompt (non-REC naming),3278,1,2026-09-16 07:58
03_prompts\extraction_prompts\extraction_01258_Image_Matching-Based_Visual-Inertial_Int.txt,DELETED,old extraction prompt (non-REC naming),3391,1,2026-09-16 07:58
03_prompts\extraction_prompts\extraction_01259_Road_Similarity-Based_BEV-Satellite_Imag.txt,DELETED,old extraction prompt (non-REC naming),3786,1,2026-09-16 07:58
03_prompts\extraction_prompts\extraction_01260_UAV_Navigation_Using_EKF-MonoSLAM_Aided_.txt,DELETED,old extraction prompt (non-REC naming),3384,1,2026-09-16 07:58
03_prompts\extraction_prompts\extraction_01261_Fiducial_Marker_Based_Localization_of_Au.txt,DELETED,old extraction prompt (non-REC naming),3917,1,2026-09-16 07:58
03_prompts\extraction_prompts\extraction_01262_Lidar-_and_V2X-Based_Cooperative_Localiz.txt,DELETED,old extraction prompt (non-REC naming),3434,1,2026-09-16 07:58
03_prompts\extraction_prompts\extraction_01263_Navigation_Error_Characteristics_of_LIO-.txt,DELETED,old extraction prompt (non-REC naming),4297,1,2026-09-16 07:58
03_prompts\extraction_prompts\extraction_01264_Gnss-denied_unmanned_aerial_vehicle_navi.txt,DELETED,old extraction prompt (non-REC naming),4061,1,2026-09-16 07:58
03_prompts\extraction_prompts\extraction_01265_Distributed_control_and_navigation_syste.txt,DELETED,old extraction prompt (non-REC naming),2994,1,2026-09-16 07:58
03_prompts\extraction_prompts\extraction_01266_Bearing-only_visual_SLAM_for_small_unman.txt,DELETED,old extraction prompt (non-REC naming),3549,1,2026-09-16 07:58
03_prompts\extraction_prompts\extraction_01267_Field-testing_of_a_UAV-UGV_team_for_GNSS.txt,DELETED,old extraction prompt (non-REC naming),3863,1,2026-09-16 07:58
03_prompts\extraction_prompts\extraction_01268_SOFT-SLAM__Computationally_efficient_ste.txt,DELETED,old extraction prompt (non-REC naming),4289,1,2026-09-16 07:58
03_prompts\extraction_prompts\extraction_01269_Advanced_Air_Mobility_Safety_Challenges_.txt,DELETED,old extraction prompt (non-REC naming),3905,1,2026-09-16 07:58
03_prompts\extraction_prompts\extraction_01270_Navigation_of_UAV_in_GNSS_denied_area.txt,DELETED,old extraction prompt (non-REC naming),2848,1,2026-09-16 07:58
03_prompts\extraction_prompts\extraction_01271_A_Localization_and_Calibration_Method_fo.txt,DELETED,old extraction prompt (non-REC naming),3322,1,2026-09-16 07:58
03_prompts\extraction_prompts\extraction_01272_An_Efficient_Framework_for_Autonomous_UA.txt,DELETED,old extraction prompt (non-REC naming),3674,1,2026-09-16 07:58
03_prompts\extraction_prompts\extraction_01273_UAV_navigation_using_opto-electronic_and.txt,DELETED,old extraction prompt (non-REC naming),2988,1,2026-09-16 07:58
03_prompts\extraction_prompts\extraction_01274_Integrated_Air_Ground_Robotic_System_for.txt,DELETED,old extraction prompt (non-REC naming),4123,1,2026-09-16 07:58
03_prompts\extraction_prompts\extraction_01275_A_DNN-Based_Optical_Aided_Autonomous_Nav.txt,DELETED,old extraction prompt (non-REC naming),3201,1,2026-09-16 07:58
03_prompts\extraction_prompts\extraction_01276_A_UAV_location_method_based_on_aerial-sa.txt,DELETED,old extraction prompt (non-REC naming),4130,1,2026-09-16 07:58
03_prompts\extraction_prompts\extraction_01277_A_Physics-Guided_Aeromagnetic_Interferen.txt,DELETED,old extraction prompt (non-REC naming),4288,1,2026-09-16 07:58
03_prompts\extraction_prompts\extraction_01278_Vision-based_SLAM_system_for_small_UAVs_.txt,DELETED,old extraction prompt (non-REC naming),3525,1,2026-09-16 07:58
03_prompts\extraction_prompts\extraction_01279_KAZE_features_based_SLAM_for_autonomous_.txt,DELETED,old extraction prompt (non-REC naming),4218,1,2026-09-16 07:58
03_prompts\extraction_prompts\extraction_01281_Learning_to_Navigate_and_Track__A_Decent.txt,DELETED,old extraction prompt (non-REC naming),3817,1,2026-09-16 07:58
03_prompts\extraction_prompts\extraction_01282_A_Lidar-Inertial_Navigation_System_for_U.txt,DELETED,old extraction prompt (non-REC naming),3785,1,2026-09-16 07:58
03_prompts\extraction_prompts\extraction_01283_Cooperative_monocular-based_SLAM_for_mul.txt,DELETED,old extraction prompt (non-REC naming),3486,1,2026-09-16 07:58
03_prompts\extraction_prompts\extraction_01284_RANGE-Robust_autonomous_navigation_in_GP.txt,DELETED,old extraction prompt (non-REC naming),4129,1,2026-09-16 07:58
03_prompts\extraction_prompts\extraction_01285_Unmanned_autonomous_aerial_navigation_in.txt,DELETED,old extraction prompt (non-REC naming),3673,1,2026-09-16 07:58
03_prompts\extraction_prompts\extraction_01286_Hybrid_camera_array-based_UAV_auto-landi.txt,DELETED,old extraction prompt (non-REC naming),4104,1,2026-09-16 07:58
03_prompts\extraction_prompts\extraction_01287_Monocular_object_SLAM_using_quadrics_and.txt,DELETED,old extraction prompt (non-REC naming),3641,1,2026-09-16 07:58
03_prompts\extraction_prompts\extraction_01288_Improved-UWB_LiDAR-SLAM_Tightly_Coupled_.txt,DELETED,old extraction prompt (non-REC naming),4540,1,2026-09-16 07:58
03_prompts\extraction_prompts\extraction_01289_A_Global_ArUco-Based_Lidar_Navigation_Sy.txt,DELETED,old extraction prompt (non-REC naming),3799,1,2026-09-16 07:58
03_prompts\extraction_prompts\extraction_01290_An_autonomous_GPS-denied_unmanned_vehicl.txt,DELETED,old extraction prompt (non-REC naming),3506,1,2026-09-16 07:58
03_prompts\extraction_prompts\extraction_01291_Implementation_of_monocular_visual_SLAM_.txt,DELETED,old extraction prompt (non-REC naming),3941,1,2026-09-16 07:58
03_prompts\extraction_prompts\extraction_01292_MVP__Magnetic_vehicular_positioning_syst.txt,DELETED,old extraction prompt (non-REC naming),3382,1,2026-09-16 07:58
03_prompts\extraction_prompts\extraction_01293_Deployable__Data-Driven_Unmanned_Vehicle.txt,DELETED,old extraction prompt (non-REC naming),3781,1,2026-09-16 07:58
03_prompts\extraction_prompts\extraction_01294_Localization_Fusion_for_Aerial_Vehicles_.txt,DELETED,old extraction prompt (non-REC naming),3428,1,2026-09-16 07:58
03_prompts\extraction_prompts\extraction_01295_Digital_Twin_Approach_for_Drift-Free_UAV.txt,DELETED,old extraction prompt (non-REC naming),4310,1,2026-09-16 07:58
03_prompts\extraction_prompts\extraction_01296_A_novel_initialization_method_for_monocu.txt,DELETED,old extraction prompt (non-REC naming),3384,1,2026-09-16 07:58
03_prompts\extraction_prompts\extraction_01297_2-D_UAV_navigation_solution_with_LIDAR_s.txt,DELETED,old extraction prompt (non-REC naming),4511,1,2026-09-16 07:58
03_prompts\extraction_prompts\extraction_01298_Cooperative_Localization_for_GNSS-Denied.txt,DELETED,old extraction prompt (non-REC naming),3861,1,2026-09-16 07:58
03_prompts\extraction_prompts\extraction_01299_Cascade-structured_Visual-Inertial_Navig.txt,DELETED,old extraction prompt (non-REC naming),3961,1,2026-09-16 07:58
03_prompts\extraction_prompts\extraction_01300_Field-validated_VIO-MPC_fusion_for_auton.txt,DELETED,old extraction prompt (non-REC naming),4115,1,2026-09-16 07:58
03_prompts\extraction_prompts\extraction_01301_Collision-free_Autonomous_Navigation_of_.txt,DELETED,old extraction prompt (non-REC naming),3808,1,2026-09-16 07:58
03_prompts\extraction_prompts\extraction_01302_Federated_Energy-Aware_Deep_Reinforcemen.txt,DELETED,old extraction prompt (non-REC naming),4696,1,2026-09-16 07:58
03_prompts\extraction_prompts\extraction_01303_Design_and_implementation_of_a_mini_quad.txt,DELETED,old extraction prompt (non-REC naming),3499,1,2026-09-16 07:58
03_prompts\extraction_prompts\extraction_01304_Formation-Constrained_Cooperative_Locali.txt,DELETED,old extraction prompt (non-REC naming),3904,1,2026-09-16 07:58
03_prompts\extraction_prompts\extraction_01305_Evaluation_of_the_Benefits_of_Zero_Veloc.txt,DELETED,old extraction prompt (non-REC naming),3692,1,2026-09-16 07:58
03_prompts\extraction_prompts\extraction_01306_UAV_Visual_Localization_in_GNSS-Denied_E.txt,DELETED,old extraction prompt (non-REC naming),3832,1,2026-09-16 07:58
03_prompts\extraction_prompts\extraction_01307_An_architecture_for_robust_UAV_navigatio.txt,DELETED,old extraction prompt (non-REC naming),3164,1,2026-09-16 07:58
03_prompts\extraction_prompts\extraction_01308_Multi-sensor_Data_Fusion_for_Autonomous_.txt,DELETED,old extraction prompt (non-REC naming),3732,1,2026-09-16 07:58
03_prompts\extraction_prompts\extraction_01309_Vision-Based_Unmanned_Aerial_Vehicle_Swa.txt,DELETED,old extraction prompt (non-REC naming),5573,1,2026-09-16 07:58
03_prompts\extraction_prompts\extraction_01310_Enhancing_Autonomous_Navigation_in_GNSS-.txt,DELETED,old extraction prompt (non-REC naming),4312,1,2026-09-16 07:58
03_prompts\extraction_prompts\extraction_01311_UAV_Hovering_Control_Based_on_External_V.txt,DELETED,old extraction prompt (non-REC naming),3647,1,2026-09-16 07:58
03_prompts\extraction_prompts\extraction_01312_Adaptive_State-Constrained_Vehicle_Navig.txt,DELETED,old extraction prompt (non-REC naming),4169,1,2026-09-16 07:58
03_prompts\extraction_prompts\extraction_01313_A_smart_hybrid_vision_aided_inertial_nav.txt,DELETED,old extraction prompt (non-REC naming),3485,1,2026-09-16 07:58
03_prompts\extraction_prompts\extraction_01314_Path_Planning_for_Autonomous_Unmanned_Gr.txt,DELETED,old extraction prompt (non-REC naming),3407,1,2026-09-16 07:58
03_prompts\extraction_prompts\extraction_01315_OCC-Based_Positioning_Method_for_Autonom.txt,DELETED,old extraction prompt (non-REC naming),3971,1,2026-09-16 07:58
03_prompts\extraction_prompts\extraction_01316_Automated_Method_for_SLAM_Evaluation_in_.txt,DELETED,old extraction prompt (non-REC naming),4485,1,2026-09-16 07:58
03_prompts\extraction_prompts\extraction_01317_Cooperative_visual-slam_system_for_uav-b.txt,DELETED,old extraction prompt (non-REC naming),3980,1,2026-09-16 07:58
03_prompts\extraction_prompts\extraction_01318_Relative_Navigation_of_Unmanned_Aerial_V.txt,DELETED,old extraction prompt (non-REC naming),3204,1,2026-09-16 07:58
03_prompts\extraction_prompts\extraction_01319_Design_and_implementation_of_an_autonomo.txt,DELETED,old extraction prompt (non-REC naming),3926,1,2026-09-16 07:58
03_prompts\extraction_prompts\extraction_01320_Radar_and_visual_odometry_integrated_sys.txt,DELETED,old extraction prompt (non-REC naming),4110,1,2026-09-16 07:58
03_prompts\extraction_prompts\extraction_01321_A_Localization_and_Mapping_Algorithm_Bas.txt,DELETED,old extraction prompt (non-REC naming),3877,1,2026-09-16 07:58
03_prompts\extraction_prompts\extraction_01322_Indoor_SLAM_for_Micro_Aerial_Vehicles_Co.txt,DELETED,old extraction prompt (non-REC naming),3575,1,2026-09-16 07:58
03_prompts\extraction_prompts\extraction_01323_Robust_and_accurate_deterministic_visual.txt,DELETED,old extraction prompt (non-REC naming),4441,1,2026-09-16 07:58
03_prompts\extraction_prompts\extraction_01324_Phased_Array_Radio_Navigation__UAV_Field.txt,DELETED,old extraction prompt (non-REC naming),3219,1,2026-09-16 07:58
03_prompts\extraction_prompts\extraction_01325_Multi-Agent_Collaborative_Navigation_Bas.txt,DELETED,old extraction prompt (non-REC naming),3757,1,2026-09-16 07:58
03_prompts\extraction_prompts\extraction_01326_Problems_solved_during_AEROBOT-2021_UAV_.txt,DELETED,old extraction prompt (non-REC naming),3167,1,2026-09-16 07:58
03_prompts\extraction_prompts\extraction_01327_Invariant_observer-based_state_estimatio.txt,DELETED,old extraction prompt (non-REC naming),3869,1,2026-09-16 07:58
03_prompts\extraction_prompts\extraction_01328_Multi-Sensor-Fusion_Localization_Assiste.txt,DELETED,old extraction prompt (non-REC naming),4087,1,2026-09-16 07:58
03_prompts\extraction_prompts\extraction_01329_Review_of_Navigation_Methods_for_UAV-Bas.txt,DELETED,old extraction prompt (non-REC naming),4401,1,2026-09-16 07:58
03_prompts\extraction_prompts\extraction_01330_UAV_VISUAL_AUTOLOCALIZATON_BASED_on_AUTO.txt,DELETED,old extraction prompt (non-REC naming),3242,1,2026-09-16 07:58
03_prompts\extraction_prompts\extraction_01331_Model-Based_RL_Decision-Making_for_UAVs_.txt,DELETED,old extraction prompt (non-REC naming),4364,1,2026-09-16 07:58
03_prompts\extraction_prompts\extraction_01332_A_Relative_Infrastructure-less_Localizat.txt,DELETED,old extraction prompt (non-REC naming),3771,1,2026-09-16 07:58
03_prompts\extraction_prompts\extraction_01333_Robust_and_accurate_visual_geo-localizat.txt,DELETED,old extraction prompt (non-REC naming),4144,1,2026-09-16 07:58
03_prompts\extraction_prompts\extraction_01334_An_Autonomous_Relative_Navigation_Algori.txt,DELETED,old extraction prompt (non-REC naming),3642,1,2026-09-16 07:58
03_prompts\extraction_prompts\extraction_01335_Adaptive_Localization_in_Challenging_Env.txt,DELETED,old extraction prompt (non-REC naming),3406,1,2026-09-16 07:58
03_prompts\extraction_prompts\extraction_01336_Multi-sensor_robust_relative_estimation_.txt,DELETED,old extraction prompt (non-REC naming),3201,1,2026-09-16 07:58
03_prompts\extraction_prompts\extraction_01337_CPFL__Resilient_Continuous_UAV_Localizat.txt,DELETED,old extraction prompt (non-REC naming),4194,1,2026-09-16 07:58
03_prompts\extraction_prompts\extraction_01338_Multiple_drone_navigation_and_formation_.txt,DELETED,old extraction prompt (non-REC naming),4053,1,2026-09-16 07:58
03_prompts\extraction_prompts\extraction_01339_Offline_Navigation__Homing__of_Aerial_Ve.txt,DELETED,old extraction prompt (non-REC naming),2847,1,2026-09-16 07:58
03_prompts\extraction_prompts\extraction_01340_Geolocalization_from_Aerial_Sensing_Imag.txt,DELETED,old extraction prompt (non-REC naming),3544,1,2026-09-16 07:58
03_prompts\extraction_prompts\extraction_01341_Consensus_and_Quantum_Particle_Swarm_Opt.txt,DELETED,old extraction prompt (non-REC naming),3646,1,2026-09-16 07:58
03_prompts\extraction_prompts\extraction_01342_A_comparison_of_UWB_and_motion_capture_u.txt,DELETED,old extraction prompt (non-REC naming),3541,1,2026-09-16 07:58
03_prompts\extraction_prompts\extraction_01343_A_Visual-Inertial_Localization_Method_Wi.txt,DELETED,old extraction prompt (non-REC naming),3830,1,2026-09-16 07:58
03_prompts\extraction_prompts\extraction_01344_An_Efficient_Real-Time_Indoor_Autonomous.txt,DELETED,old extraction prompt (non-REC naming),3883,1,2026-09-16 07:58
03_prompts\extraction_prompts\extraction_01345_Monocular_UAV_Localisation_With_Deep_Lea.txt,DELETED,old extraction prompt (non-REC naming),3651,1,2026-09-16 07:58
03_prompts\extraction_prompts\extraction_01346_Tag-based_visual-inertial_localization_o.txt,DELETED,old extraction prompt (non-REC naming),3690,1,2026-09-16 07:58
03_prompts\extraction_prompts\extraction_01347_A_Ground_Moving_Target_Tracking_System_f.txt,DELETED,old extraction prompt (non-REC naming),3710,1,2026-09-16 07:58
03_prompts\extraction_prompts\extraction_01348_LiDAR-odometry_based_UAV_pose_estimation.txt,DELETED,old extraction prompt (non-REC naming),3173,1,2026-09-16 07:58
03_prompts\extraction_prompts\extraction_01349_INS_Odometer_Trackmap-aided_Railway_Trai.txt,DELETED,old extraction prompt (non-REC naming),4061,1,2026-09-16 07:58
03_prompts\extraction_prompts\extraction_01350_GO-SLAM__GPS-Aided_Visual-Inertial_SLAM_.txt,DELETED,old extraction prompt (non-REC naming),3416,1,2026-09-16 07:58
03_prompts\extraction_prompts\extraction_01351_A_UWB-AOA_IMU_Integrated_Navigation_Syst.txt,DELETED,old extraction prompt (non-REC naming),3832,1,2026-09-16 07:58
03_prompts\extraction_prompts\extraction_01352_Visual-Inertial_Method_for_Localizing_Ae.txt,DELETED,old extraction prompt (non-REC naming),3872,1,2026-09-16 07:58
03_prompts\extraction_prompts\extraction_01353_Ultra-wideband_and_odometry-based_cooper.txt,DELETED,old extraction prompt (non-REC naming),3355,1,2026-09-16 07:58
03_prompts\extraction_prompts\extraction_01354_A_Comparison_of_LiDAR-based_SLAM_Systems.txt,DELETED,old extraction prompt (non-REC naming),3189,1,2026-09-16 07:58
03_prompts\extraction_prompts\extraction_01355_A_distributed_approach_for_lidar-based_r.txt,DELETED,old extraction prompt (non-REC naming),3451,1,2026-09-16 07:58
03_prompts\extraction_prompts\extraction_01356_Autonomous_quadrotor_collision_avoidance.txt,DELETED,old extraction prompt (non-REC naming),3480,1,2026-09-16 07:58
03_prompts\extraction_prompts\extraction_01357_Experimental_Validation_of_Autonomous_Se.txt,DELETED,old extraction prompt (non-REC naming),3329,1,2026-09-16 07:58
03_prompts\extraction_prompts\extraction_01358_An_experimental_analysis_of_outdoor_UAV_.txt,DELETED,old extraction prompt (non-REC naming),4229,1,2026-09-16 07:58
03_prompts\extraction_prompts\extraction_01359_Low-Compute_Event-Based_Navigation_for_M.txt,DELETED,old extraction prompt (non-REC naming),3762,1,2026-09-16 07:58
03_prompts\extraction_prompts\extraction_01360_A_comparative_study_of_bug_algorithms_fo.txt,DELETED,old extraction prompt (non-REC naming),3782,1,2026-09-16 07:58
03_prompts\extraction_prompts\extraction_01361_Range-based_collaborative_relative_navig.txt,DELETED,old extraction prompt (non-REC naming),4688,1,2026-09-16 07:58
03_prompts\extraction_prompts\extraction_01362_Unmanned_Aerial_Vehicle_Navigation_in_Co.txt,DELETED,old extraction prompt (non-REC naming),3851,1,2026-09-16 07:58
03_prompts\extraction_prompts\extraction_01363_CSLAM_and_GPS_based_navigation_for_multi.txt,DELETED,old extraction prompt (non-REC naming),3851,1,2026-09-16 07:58
03_prompts\extraction_prompts\extraction_01364_On_the_precision_of_6_DoF_IMU-LiDAR_base.txt,DELETED,old extraction prompt (non-REC naming),4583,1,2026-09-16 07:58
03_prompts\extraction_prompts\extraction_01365_Coordination_and_Planning_Algorithms_for.txt,DELETED,old extraction prompt (non-REC naming),3656,1,2026-09-16 07:58
03_prompts\extraction_prompts\extraction_01366_Cooperative_Localisation_of_a_GPS-Denied.txt,DELETED,old extraction prompt (non-REC naming),3424,1,2026-09-16 07:58
03_prompts\extraction_prompts\extraction_01367_Simulation_and_Experimental_Evaluation_o.txt,DELETED,old extraction prompt (non-REC naming),4453,1,2026-09-16 07:58
03_prompts\extraction_prompts\extraction_01368_Key-Region-Based_UAV_Visual_Navigation.txt,DELETED,old extraction prompt (non-REC naming),3519,1,2026-09-16 07:58
03_prompts\extraction_prompts\extraction_01369_Mobile_Robot_6-D_Localization_Using_3-D_.txt,DELETED,old extraction prompt (non-REC naming),3611,1,2026-09-16 07:58
03_prompts\extraction_prompts\extraction_01370_Cooperative_navigation_for_UAVs_in_GNSS-.txt,DELETED,old extraction prompt (non-REC naming),3461,1,2026-09-16 07:58
03_prompts\extraction_prompts\extraction_01372_Accuracy_evaluation_of_selected_mobile_i.txt,DELETED,old extraction prompt (non-REC naming),4012,1,2026-09-16 07:58
03_prompts\extraction_prompts\extraction_01373_Enabling_UAV_navigation_with_sensor_and_.txt,DELETED,old extraction prompt (non-REC naming),4014,1,2026-09-16 07:58
03_prompts\extraction_prompts\extraction_01374_Monocular_visual_slam_based_on_a_coopera.txt,DELETED,old extraction prompt (non-REC naming),4418,1,2026-09-16 07:58
03_prompts\extraction_prompts\extraction_01375_Adaptive_and_Resilient_Consensus_for_UAV.txt,DELETED,old extraction prompt (non-REC naming),3493,1,2026-09-16 07:58
03_prompts\extraction_prompts\extraction_01376_Efficient_visual_odometry_and_mapping_fo.txt,DELETED,old extraction prompt (non-REC naming),3662,1,2026-09-16 07:58
03_prompts\extraction_prompts\extraction_01377_Ultra-Wideband-Based_Precise_Localizatio.txt,DELETED,old extraction prompt (non-REC naming),3087,1,2026-09-16 07:58
03_prompts\extraction_prompts\extraction_01378_Optical_Flow_Sensor_INS_Magnetometer_Int.txt,DELETED,old extraction prompt (non-REC naming),3446,1,2026-09-16 07:58
03_prompts\extraction_prompts\extraction_01379_VLM-Guided_and_Spatially_Consistent_Cros.txt,DELETED,old extraction prompt (non-REC naming),4841,1,2026-09-16 07:58
03_prompts\extraction_prompts\extraction_01380_A_Real-World_Benchmark_of_Monte_Carlo-As.txt,DELETED,old extraction prompt (non-REC naming),4311,1,2026-09-16 07:58
03_prompts\extraction_prompts\extraction_01381_Perception-and-Energy-aware_Motion_Plann.txt,DELETED,old extraction prompt (non-REC naming),3658,1,2026-09-16 07:58
03_prompts\extraction_prompts\extraction_01382_Monocular_Vision_Aided_Inertial_Position.txt,DELETED,old extraction prompt (non-REC naming),3559,1,2026-09-16 07:58
03_prompts\extraction_prompts\extraction_01383_AIM__Acoustic_Inertial_Measurement_for_I.txt,DELETED,old extraction prompt (non-REC naming),3678,1,2026-09-16 07:58
03_prompts\extraction_prompts\extraction_01384_Combined_laser_and_vision-aided_inertial.txt,DELETED,old extraction prompt (non-REC naming),3569,1,2026-09-16 07:58
03_prompts\extraction_prompts\extraction_01385_GRAPPE__Game-Theoretic_Approach_for_Prec.txt,DELETED,old extraction prompt (non-REC naming),3651,1,2026-09-16 07:58
03_prompts\extraction_prompts\extraction_01386_LightdenseYOLO__A_fast_and_accurate_mark.txt,DELETED,old extraction prompt (non-REC naming),3833,1,2026-09-16 07:58
03_prompts\extraction_prompts\extraction_01387_An_Integrated_RF_Sensor_Design_for_Ancho.txt,DELETED,old extraction prompt (non-REC naming),4152,1,2026-09-16 07:58
03_prompts\extraction_prompts\extraction_01388_Design_and_Performance_Validation_of_Int.txt,DELETED,old extraction prompt (non-REC naming),3862,1,2026-09-16 07:58
03_prompts\extraction_prompts\extraction_01389_Rapid_Radio_Map_Construction_via_Vehicle.txt,DELETED,old extraction prompt (non-REC naming),3866,1,2026-09-16 07:58
03_prompts\extraction_prompts\extraction_01390_GTS-SLAM__A_Tightly-Coupled_GICP_and_3D_.txt,DELETED,old extraction prompt (non-REC naming),4002,1,2026-09-16 07:58
03_prompts\extraction_prompts\extraction_01391_Rapid_development_methodology_of_agricul.txt,DELETED,old extraction prompt (non-REC naming),4405,1,2026-09-16 07:58
03_prompts\extraction_prompts\extraction_01392_A_Vision_Map_Attitude_Matrix_Aided_IMU_O.txt,DELETED,old extraction prompt (non-REC naming),4057,1,2026-09-16 07:58
03_prompts\extraction_prompts\extraction_01393_ST-DCL__A_Spatio-Temporally_Decoupled_Co.txt,DELETED,old extraction prompt (non-REC naming),5706,1,2026-09-16 07:58
03_prompts\extraction_prompts\extraction_01394_Infrared-inertial_navigation_for_commerc.txt,DELETED,old extraction prompt (non-REC naming),3813,1,2026-09-16 07:58
03_prompts\extraction_prompts\extraction_01395_Fast_Monocular_Visual-Inertial_Odometry_.txt,DELETED,old extraction prompt (non-REC naming),3782,1,2026-09-16 07:58
03_prompts\extraction_prompts\extraction_01396_A_study_on_cooperative_navigation_algori.txt,DELETED,old extraction prompt (non-REC naming),3744,1,2026-09-16 07:58
03_prompts\extraction_prompts\extraction_01397_Bio-inspired_monocular_drone_SLAM.txt,DELETED,old extraction prompt (non-REC naming),3094,1,2026-09-16 07:58
03_prompts\extraction_prompts\extraction_01398_Autonomous_lighting_audits__Part_1_-_Bui.txt,DELETED,old extraction prompt (non-REC naming),3651,1,2026-09-16 07:58
03_prompts\extraction_prompts\extraction_01399_Adaptive_Texture-Aware_Pixel_Selection_f.txt,DELETED,old extraction prompt (non-REC naming),4048,1,2026-09-16 07:58
03_prompts\extraction_prompts\extraction_01400_Indoor_SLAM_for_micro_aerial_vehicles_us.txt,DELETED,old extraction prompt (non-REC naming),3700,1,2026-09-16 07:58
03_prompts\extraction_prompts\extraction_01401_TSFNet__A_Two-Stage_Fusion_Network_for_V.txt,DELETED,old extraction prompt (non-REC naming),4424,1,2026-09-16 07:58
03_prompts\extraction_prompts\extraction_01402_Oxpecker__A_Tethered_UAV_for_Inspection_.txt,DELETED,old extraction prompt (non-REC naming),3970,1,2026-09-16 07:58
03_prompts\extraction_prompts\extraction_01403_Simless_GSM_positioning_for_navigation_i.txt,DELETED,old extraction prompt (non-REC naming),4368,1,2026-09-16 07:58
03_prompts\extraction_prompts\extraction_01404_Autonomous_Navigation_of_Unmanned_Aircra.txt,DELETED,old extraction prompt (non-REC naming),3825,1,2026-09-16 07:58
03_prompts\extraction_prompts\extraction_01405_Angle_Robustness_Unmanned_Aerial_Vehicle.txt,DELETED,old extraction prompt (non-REC naming),3890,1,2026-09-16 07:58
03_prompts\extraction_prompts\extraction_01406_UniPilot__Enabling_GPS-Denied_Autonomy_A.txt,DELETED,old extraction prompt (non-REC naming),3389,1,2026-09-16 07:58
03_prompts\extraction_prompts\extraction_01408_SLAM_navigation_algorithm_for_lightweigh.txt,DELETED,old extraction prompt (non-REC naming),4399,1,2026-09-16 07:58
03_prompts\extraction_prompts\extraction_01409_Invariant_observer_design_of_a_RGB-D_aid.txt,DELETED,old extraction prompt (non-REC naming),3590,1,2026-09-16 07:58
03_prompts\extraction_prompts\extraction_01410_Train_of_Autonomous_Aerial_Vehicles_for_.txt,DELETED,old extraction prompt (non-REC naming),3440,1,2026-09-16 07:58
03_prompts\extraction_prompts\extraction_01411_Detecting_and_Localizing_Objects_on_an_U.txt,DELETED,old extraction prompt (non-REC naming),3055,1,2026-09-16 07:58
03_prompts\extraction_prompts\extraction_01412_Collision_Avoidance_for_a_Hexacopter_Usi.txt,DELETED,old extraction prompt (non-REC naming),3647,1,2026-09-16 07:58
03_prompts\extraction_prompts\extraction_01413_GeoRVLF__A_Robust_Drone-Satellite_Visual.txt,DELETED,old extraction prompt (non-REC naming),3800,1,2026-09-16 07:58
03_prompts\extraction_prompts\extraction_01414_RAIL__Robust_Acoustic_Indoor_Localizatio.txt,DELETED,old extraction prompt (non-REC naming),3389,1,2026-09-16 07:58
03_prompts\extraction_prompts\extraction_01415_Review_of_vision-based_reinforcement_lea.txt,DELETED,old extraction prompt (non-REC naming),4234,1,2026-09-16 07:58
03_prompts\extraction_prompts\extraction_01416_Convergence_analysis_of_state_estimation.txt,DELETED,old extraction prompt (non-REC naming),3610,1,2026-09-16 07:58
03_prompts\extraction_prompts\extraction_01417_Cellular_Communication-Based_Autonomous_.txt,DELETED,old extraction prompt (non-REC naming),3488,1,2026-09-16 07:58
03_prompts\extraction_prompts\extraction_01418_Real-time_parallel-serial_LiDAR-based_lo.txt,DELETED,old extraction prompt (non-REC naming),3838,1,2026-09-16 07:58
03_prompts\extraction_prompts\extraction_01419_Vision_INS_Altimeter-Based_Navigation_an.txt,DELETED,old extraction prompt (non-REC naming),3179,1,2026-09-16 07:58
03_prompts\extraction_prompts\extraction_01420_SLAM_technology_in_unmanned_aerial_vehic.txt,DELETED,old extraction prompt (non-REC naming),3344,1,2026-09-16 07:58
03_prompts\extraction_prompts\extraction_01421_Efficient_Three_Dimensional_Formation_Co.txt,DELETED,old extraction prompt (non-REC naming),3819,1,2026-09-16 07:58
03_prompts\extraction_prompts\extraction_01422_Improved_UKF-SLAM_with_Lie_Group_Operati.txt,DELETED,old extraction prompt (non-REC naming),3614,1,2026-09-16 07:58
03_prompts\extraction_prompts\extraction_01423_A_robust_real-time_vision_based_GPS-deni.txt,DELETED,old extraction prompt (non-REC naming),3206,1,2026-09-16 07:58
03_prompts\extraction_prompts\extraction_01424_An_Adaptive_GNSS_Visual_Integrated_Navig.txt,DELETED,old extraction prompt (non-REC naming),4223,1,2026-09-16 07:58
03_prompts\extraction_prompts\extraction_01425_Monocular_vision_and_IMU_based_navigatio.txt,DELETED,old extraction prompt (non-REC naming),3108,1,2026-09-16 07:58
03_prompts\extraction_prompts\extraction_01426_Enhanced_adaptability_of_UWB_INS_for_unm.txt,DELETED,old extraction prompt (non-REC naming),4030,1,2026-09-16 07:58
03_prompts\extraction_prompts\extraction_01427_Cooperative_navigation_using_pairwise_co.txt,DELETED,old extraction prompt (non-REC naming),3965,1,2026-09-16 07:58
03_prompts\extraction_prompts\extraction_01428_Sensor_Fusion_Using_LiDAR_and_Visual_Sen.txt,DELETED,old extraction prompt (non-REC naming),3467,1,2026-09-16 07:58
03_prompts\extraction_prompts\extraction_01429_Modelling_and_Simulation_of_Fast_Autonom.txt,DELETED,old extraction prompt (non-REC naming),3888,1,2026-09-16 07:58
03_prompts\extraction_prompts\extraction_01430_Self-Localization_of_Anonymous_UGVs_Usin.txt,DELETED,old extraction prompt (non-REC naming),3311,1,2026-09-16 07:58
03_prompts\extraction_prompts\extraction_01431_Advancing_Autonomous_UAV_Target_Localiza.txt,DELETED,old extraction prompt (non-REC naming),3615,1,2026-09-16 07:58
03_prompts\extraction_prompts\extraction_01432_GNSS_INS_VO_fusion_using_Gated_Recurrent.txt,DELETED,old extraction prompt (non-REC naming),3776,1,2026-09-16 07:58
03_prompts\extraction_prompts\extraction_01433_UAV_autonomous_localization_using_macro-.txt,DELETED,old extraction prompt (non-REC naming),3675,1,2026-09-16 07:58
03_prompts\extraction_prompts\extraction_01434_Design__Localization__Perception__and_Co.txt,DELETED,old extraction prompt (non-REC naming),3632,1,2026-09-16 07:58
03_prompts\extraction_prompts\extraction_01435_UAV-Assisted_Collaborative_Positioning_i.txt,DELETED,old extraction prompt (non-REC naming),4658,1,2026-09-16 07:58
03_prompts\extraction_prompts\extraction_01436_Real-Time_Geo-Localization_for_Land_Vehi.txt,DELETED,old extraction prompt (non-REC naming),4547,1,2026-09-16 07:58
03_prompts\extraction_prompts\extraction_01437_Absolute_Visual_Localization_for_Aerial_.txt,DELETED,old extraction prompt (non-REC naming),4569,1,2026-09-16 07:58
03_prompts\extraction_prompts\extraction_01438_3D_motion_planning_for_UAVs_in_GPS-denie.txt,DELETED,old extraction prompt (non-REC naming),2982,1,2026-09-16 07:58
03_prompts\extraction_prompts\extraction_01439_3D_map_and_mmWave_radar-based_self-local.txt,DELETED,old extraction prompt (non-REC naming),3631,1,2026-09-16 07:58
03_prompts\extraction_prompts\extraction_01440_A_Review_of_Navigation_Algorithms_for_Un.txt,DELETED,old extraction prompt (non-REC naming),3094,1,2026-09-16 07:58
03_prompts\extraction_prompts\extraction_01441_A_semantic_vector_map-based_approach_for.txt,DELETED,old extraction prompt (non-REC naming),3789,1,2026-09-16 07:58
03_prompts\extraction_prompts\extraction_01442_GPS_Denied_Localization_and_Magnetometer.txt,DELETED,old extraction prompt (non-REC naming),3447,1,2026-09-16 07:58
03_prompts\extraction_prompts\extraction_01443_Study_on_angle-only_relative_navigation_.txt,DELETED,old extraction prompt (non-REC naming),3964,1,2026-09-16 07:58
03_prompts\extraction_prompts\extraction_01444_Master_Mix_Localization_Algorithm_for_Au.txt,DELETED,old extraction prompt (non-REC naming),5029,1,2026-09-16 07:58
03_prompts\extraction_prompts\extraction_01445_Multi-Source_Data_Integration_for_Naviga.txt,DELETED,old extraction prompt (non-REC naming),3423,1,2026-09-16 07:58
03_prompts\extraction_prompts\extraction_01446_Development_of_UAV_Localization_and_Navi.txt,DELETED,old extraction prompt (non-REC naming),3266,1,2026-09-16 07:58
03_prompts\extraction_prompts\extraction_01447_AN_ACOUSTIC_BASED_LOCAL_POSITIONING_SYST.txt,DELETED,old extraction prompt (non-REC naming),3612,1,2026-09-16 07:58
03_prompts\extraction_prompts\extraction_01448_The_usefulness_of_sensor_fusion_for_unma.txt,DELETED,old extraction prompt (non-REC naming),4563,1,2026-09-16 07:58
03_prompts\extraction_prompts\extraction_01449_Real-time_multiple_damage_mapping_using_.txt,DELETED,old extraction prompt (non-REC naming),3481,1,2026-09-16 07:58
03_prompts\extraction_prompts\extraction_01450_Evaluation_of_LiDAR_Inertial_Odometry_me.txt,DELETED,old extraction prompt (non-REC naming),3839,1,2026-09-16 07:58
03_prompts\extraction_prompts\extraction_01451_Vision_Model-Based_Real-Time_Localizatio.txt,DELETED,old extraction prompt (non-REC naming),3475,1,2026-09-16 07:58
03_prompts\extraction_prompts\extraction_01452_Monocular_Vision-Based_Navigation_for_UA.txt,DELETED,old extraction prompt (non-REC naming),3700,1,2026-09-16 07:58
03_prompts\extraction_prompts\extraction_01453_A_Graph-Optimization-Based_tightly_coupl.txt,DELETED,old extraction prompt (non-REC naming),4247,1,2026-09-16 07:58
03_prompts\extraction_prompts\extraction_01454_Adaptive_UAV_Visual_Localisation_Based_o.txt,DELETED,old extraction prompt (non-REC naming),3892,1,2026-09-16 07:58
03_prompts\extraction_prompts\extraction_01455_Cross-Modal_Images_Matching_Based_Enhanc.txt,DELETED,old extraction prompt (non-REC naming),3566,1,2026-09-16 07:58
03_prompts\extraction_prompts\extraction_01456_ANROLA__Autonomous_Navigation_with_ROS_a.txt,DELETED,old extraction prompt (non-REC naming),3413,1,2026-09-16 07:58
03_prompts\extraction_prompts\extraction_01458_LSVL__Large-scale_season-invariant_visua.txt,DELETED,old extraction prompt (non-REC naming),4087,1,2026-09-16 07:58
03_prompts\extraction_prompts\extraction_01459_Automatic_UAV_Inspection_of_Tunnel_Infra.txt,DELETED,old extraction prompt (non-REC naming),3855,1,2026-09-16 07:58
03_prompts\extraction_prompts\extraction_01460_GLO-SLAM__a_slam_system_optimally_combin.txt,DELETED,old extraction prompt (non-REC naming),4181,1,2026-09-16 07:58
03_prompts\extraction_prompts\extraction_01461_Indoor_GPS-denied_context_based_SLAM_aid.txt,DELETED,old extraction prompt (non-REC naming),3628,1,2026-09-16 07:58
03_prompts\extraction_prompts\extraction_01462_CBF-Based_Collision_Avoidance_Approach_o.txt,DELETED,old extraction prompt (non-REC naming),3973,1,2026-09-16 07:58
03_prompts\extraction_prompts\extraction_01463_Decentralised_Multi-UAV_Cooperative_Sear.txt,DELETED,old extraction prompt (non-REC naming),4268,1,2026-09-16 07:58
03_prompts\extraction_prompts\extraction_01464_Vision_based_Autonomous_QuadCopter_Navig.txt,DELETED,old extraction prompt (non-REC naming),3671,1,2026-09-16 07:58
03_prompts\extraction_prompts\extraction_01465_Computer_vision_based_general_object_fol.txt,DELETED,old extraction prompt (non-REC naming),3831,1,2026-09-16 07:58
03_prompts\extraction_prompts\extraction_01466_PILOT__High-Precision_Indoor_Localizatio.txt,DELETED,old extraction prompt (non-REC naming),3950,1,2026-09-16 07:58
03_prompts\extraction_prompts\extraction_01467_Tightly-Coupled_EKF-Based_Radar-Inertial.txt,DELETED,old extraction prompt (non-REC naming),3599,1,2026-09-16 07:58
03_prompts\extraction_prompts\extraction_01468_Design_and_Implementation_of_a_Low-Cost_.txt,DELETED,old extraction prompt (non-REC naming),3126,1,2026-09-16 07:58
03_prompts\extraction_prompts\extraction_01469_A_Study_on_a_High-Precision_3D_Position_.txt,DELETED,old extraction prompt (non-REC naming),4850,1,2026-09-16 07:58
03_prompts\extraction_prompts\extraction_01470_A_Coarse-to-Fine_Localization_Algorithm_.txt,DELETED,old extraction prompt (non-REC naming),3769,1,2026-09-16 07:58
03_prompts\extraction_prompts\extraction_01471_Point_Cloud_Map-Constrained_LiDAR_Inerti.txt,DELETED,old extraction prompt (non-REC naming),3646,1,2026-09-16 07:58
03_prompts\extraction_prompts\extraction_01472_Demonstration_of_UAV-Based_GPS_jammer_lo.txt,DELETED,old extraction prompt (non-REC naming),3749,1,2026-09-16 07:58
03_prompts\extraction_prompts\extraction_01473_Deep_Learning-Based_Vehicle_Speed_Estima.txt,DELETED,old extraction prompt (non-REC naming),3985,1,2026-09-16 07:58
03_prompts\extraction_prompts\extraction_01474_Robust_UAV-Satellite_Imagery_Alignment_v.txt,DELETED,old extraction prompt (non-REC naming),4097,1,2026-09-16 07:58
03_prompts\extraction_prompts\extraction_01475_LiDAR-Aided_Relative_and_Absolute_Locali.txt,DELETED,old extraction prompt (non-REC naming),4230,1,2026-09-16 07:58
03_prompts\extraction_prompts\extraction_01476_Comparative_study_of_indoor_navigation_s.txt,DELETED,old extraction prompt (non-REC naming),3571,1,2026-09-16 07:58
03_prompts\extraction_prompts\extraction_01477_UAVD4L__A_Large-Scale_Dataset_for_UAV_6-.txt,DELETED,old extraction prompt (non-REC naming),3219,1,2026-09-16 07:58
03_prompts\extraction_prompts\extraction_01478_Vision-based_K-Nearest_Neighbor_Approach.txt,DELETED,old extraction prompt (non-REC naming),3755,1,2026-09-16 07:58
03_prompts\extraction_prompts\extraction_01479_Lidar_SLAM-Aided_Vehicular_Navigation_Sy.txt,DELETED,old extraction prompt (non-REC naming),3464,1,2026-09-16 07:58
03_prompts\extraction_prompts\extraction_01480_Pose_estimation_for_an_autonomous_vehicl.txt,DELETED,old extraction prompt (non-REC naming),3620,1,2026-09-16 07:58
03_prompts\extraction_prompts\extraction_01481_OpenLiDARMap__Zero-Drift_Point_Cloud_Map.txt,DELETED,old extraction prompt (non-REC naming),3755,1,2026-09-16 07:58
03_prompts\extraction_prompts\extraction_01482_Vision-based_Autonomous_Landing_of_UAV_o.txt,DELETED,old extraction prompt (non-REC naming),4266,1,2026-09-16 07:58
03_prompts\extraction_prompts\extraction_01483_Optimal_motion_planning_in_gps-denied_en.txt,DELETED,old extraction prompt (non-REC naming),3723,1,2026-09-16 07:58
03_prompts\extraction_prompts\extraction_01484_Preserving_Relative_Localization_of_FoV-.txt,DELETED,old extraction prompt (non-REC naming),3632,1,2026-09-16 07:58
03_prompts\extraction_prompts\extraction_01485_Ultra-wideband_Based_Robot_Swarm_Coordin.txt,DELETED,old extraction prompt (non-REC naming),3650,1,2026-09-16 07:58
03_prompts\extraction_prompts\extraction_01486_Scene_Matching_in_GPS_Denied_Environment.txt,DELETED,old extraction prompt (non-REC naming),3685,1,2026-09-16 07:58
03_prompts\extraction_prompts\extraction_01487_TileLoc__Sequential_Visual_Place_Recogni.txt,DELETED,old extraction prompt (non-REC naming),3647,1,2026-09-16 07:58
03_prompts\extraction_prompts\extraction_01488_Distributed_Relative_Pose_Estimation_for.txt,DELETED,old extraction prompt (non-REC naming),4020,1,2026-09-16 07:58
03_prompts\extraction_prompts\extraction_01489_Omni_Point_Air__LiDAR_and_Point_Cloud_Ma.txt,DELETED,old extraction prompt (non-REC naming),4010,1,2026-09-16 07:58
03_prompts\extraction_prompts\extraction_01490_Obtaining_world_coordinate_information_o.txt,DELETED,old extraction prompt (non-REC naming),4192,1,2026-09-16 07:58
03_prompts\extraction_prompts\extraction_01491_Deep_convolutional_neural_network_based_.txt,DELETED,old extraction prompt (non-REC naming),3628,1,2026-09-16 07:58
03_prompts\extraction_prompts\extraction_01492_Sensitivity_study_of_fiducial-aided_navi.txt,DELETED,old extraction prompt (non-REC naming),3516,1,2026-09-16 07:58
03_prompts\extraction_prompts\extraction_01493_Real-time_UAV_autonomous_localization_ba.txt,DELETED,old extraction prompt (non-REC naming),3454,1,2026-09-16 07:58
03_prompts\extraction_prompts\extraction_01494_Design_and_Implementation_of_a_Low_Cost_.txt,DELETED,old extraction prompt (non-REC naming),3271,1,2026-09-16 07:58
03_prompts\extraction_prompts\extraction_01495_Slam-Based_Multi-Sensor_Backpack_Lidar_S.txt,DELETED,old extraction prompt (non-REC naming),3221,1,2026-09-16 07:58
03_prompts\extraction_prompts\extraction_01496_Autonomous_State_Estimation_and_Mapping_.txt,DELETED,old extraction prompt (non-REC naming),3590,1,2026-09-16 07:58
03_prompts\extraction_prompts\extraction_01497_GPS-DENIED_GEO-LOCALISATION_USING_VISUAL.txt,DELETED,old extraction prompt (non-REC naming),3591,1,2026-09-16 07:58
03_prompts\extraction_prompts\extraction_01498_Wearable_SLAM_System_in_GPS-Denied_Envir.txt,DELETED,old extraction prompt (non-REC naming),3265,1,2026-09-16 07:58
03_prompts\extraction_prompts\extraction_01499_INS_UWB_Cooperative_Navigation_Based_on_.txt,DELETED,old extraction prompt (non-REC naming),3358,1,2026-09-16 07:58
03_prompts\extraction_prompts\extraction_01500_Approximating_UAV_and_vision_feature_poi.txt,DELETED,old extraction prompt (non-REC naming),3466,1,2026-09-16 07:58
03_prompts\extraction_prompts\extraction_01501_Ultra-Wideband_Localization_and_Deep-Lea.txt,DELETED,old extraction prompt (non-REC naming),3780,1,2026-09-16 07:58
03_prompts\extraction_prompts\extraction_01502_A_UAV-based_explore-then-exploit_system_.txt,DELETED,old extraction prompt (non-REC naming),4035,1,2026-09-16 07:58
03_prompts\extraction_prompts\extraction_01503_WAVN__Wide_Area_Visual_Navigation_for_La.txt,DELETED,old extraction prompt (non-REC naming),3560,1,2026-09-16 07:58
03_prompts\extraction_prompts\extraction_01504_Robust_UAV_Path_Planning_Using_RSS_in_GP.txt,DELETED,old extraction prompt (non-REC naming),3820,1,2026-09-16 07:58
03_prompts\extraction_prompts\extraction_01505_Autonomous_routing_and_power_management_.txt,DELETED,old extraction prompt (non-REC naming),3646,1,2026-09-16 07:58
03_prompts\extraction_prompts\extraction_01506_UAV_Position_Estimation_Using_a_LiDAR-ba.txt,DELETED,old extraction prompt (non-REC naming),3193,1,2026-09-16 07:58
03_prompts\extraction_prompts\extraction_01507_Information_of_Opportunity-Aided_VI-SLAM.txt,DELETED,old extraction prompt (non-REC naming),4269,1,2026-09-16 07:58
03_prompts\extraction_prompts\extraction_01508_Online_Multi-Sensor_Calibration_Method_f.txt,DELETED,old extraction prompt (non-REC naming),5597,1,2026-09-16 07:58
03_prompts\extraction_prompts\extraction_01509_Radar_Based_Autonomous_Precision_Takeoff.txt,DELETED,old extraction prompt (non-REC naming),3957,1,2026-09-16 07:58
03_prompts\extraction_prompts\extraction_01510_A_SIMULTANEOUS_PATH_PLANNING_AND_POSITIO.txt,DELETED,old extraction prompt (non-REC naming),3683,1,2026-09-16 07:58
03_prompts\extraction_prompts\extraction_01511_5G_Based_Vehicle_Localization_in_GNSS_De.txt,DELETED,old extraction prompt (non-REC naming),3877,1,2026-09-16 07:58
03_prompts\extraction_prompts\extraction_01512_Hierarchical_Multi-Agent_Navigation_Thro.txt,DELETED,old extraction prompt (non-REC naming),3940,1,2026-09-16 07:58
03_prompts\extraction_prompts\extraction_01513_Performance_evaluation_of_neural-network.txt,DELETED,old extraction prompt (non-REC naming),4034,1,2026-09-16 07:58
03_prompts\extraction_prompts\extraction_01514_SLAM-based_Pseudo-GNSS_INS_localization_.txt,DELETED,old extraction prompt (non-REC naming),4895,1,2026-09-16 07:58
03_prompts\extraction_prompts\extraction_01515_Geometric_Optimization_Based_Visual_Odom.txt,DELETED,old extraction prompt (non-REC naming),3628,1,2026-09-16 07:58
03_prompts\extraction_prompts\extraction_01516_ANROL__Autonomous_Navigation_based_on_RO.txt,DELETED,old extraction prompt (non-REC naming),3419,1,2026-09-16 07:58
03_prompts\extraction_prompts\extraction_01517_Ultra-Wideband_Implementation_of_Object_.txt,DELETED,old extraction prompt (non-REC naming),4303,1,2026-09-16 07:58
03_prompts\extraction_prompts\extraction_01518_Visual_target_tracking_and_relative_navi.txt,DELETED,old extraction prompt (non-REC naming),3218,1,2026-09-16 07:58
03_prompts\extraction_prompts\extraction_01519_Employing_smartphone_as_on-board_navigat.txt,DELETED,old extraction prompt (non-REC naming),3931,1,2026-09-16 07:58
03_prompts\extraction_prompts\extraction_01520_Automated_SLAM_GPR_integration_for_robot.txt,DELETED,old extraction prompt (non-REC naming),3852,1,2026-09-16 07:58
03_prompts\extraction_prompts\extraction_01521_Vision-based_autonomous_navigation_for_q.txt,DELETED,old extraction prompt (non-REC naming),3892,1,2026-09-16 07:58
03_prompts\extraction_prompts\extraction_01522_A_Real-Time_Monocular_Vision-Aided_Targe.txt,DELETED,old extraction prompt (non-REC naming),3842,1,2026-09-16 07:58
03_prompts\extraction_prompts\extraction_01523_Swarm_robotics_localization__comparing_m.txt,DELETED,old extraction prompt (non-REC naming),3735,1,2026-09-16 07:58
03_prompts\extraction_prompts\extraction_01524_Combining_SLAM__GDM__and_Anemotaxis_for_.txt,DELETED,old extraction prompt (non-REC naming),3969,1,2026-09-16 07:58
03_prompts\extraction_prompts\extraction_01525_Drone_carrier__An_integrated_unmanned_su.txt,DELETED,old extraction prompt (non-REC naming),4248,1,2026-09-16 07:58
03_prompts\extraction_prompts\extraction_01526_Multimodal_Absolute_Visual_Localization_.txt,DELETED,old extraction prompt (non-REC naming),3801,1,2026-09-16 07:58
03_prompts\extraction_prompts\extraction_01527_Federated_Meta_Learning_for_Visual_Navig.txt,DELETED,old extraction prompt (non-REC naming),4805,1,2026-09-16 07:58
03_prompts\extraction_prompts\extraction_01528_ROS-based_multi-sensor_integrated_locali.txt,DELETED,old extraction prompt (non-REC naming),4034,1,2026-09-16 07:58
03_prompts\extraction_prompts\extraction_01529_Machine_vision_based_perception_for_vehi.txt,DELETED,old extraction prompt (non-REC naming),3806,1,2026-09-16 07:58
03_prompts\extraction_prompts\extraction_01530_Simulation-Based_Assessment_of_UWB_Ancho.txt,DELETED,old extraction prompt (non-REC naming),3533,1,2026-09-16 07:58
03_prompts\extraction_prompts\extraction_01531_Indoor_Drone_Localization_and_Tracking_B.txt,DELETED,old extraction prompt (non-REC naming),3792,1,2026-09-16 07:58
03_prompts\extraction_prompts\extraction_01532_Robust_Localization_in_Degenerate_Enviro.txt,DELETED,old extraction prompt (non-REC naming),3602,1,2026-09-16 07:58
03_prompts\extraction_prompts\extraction_01533_Real-Time_Autonomous_Localization_in_Mul.txt,DELETED,old extraction prompt (non-REC naming),3119,1,2026-09-16 07:58
03_prompts\extraction_prompts\extraction_01534_Edge_Device-Optimized_LiDAR_SLAM_for_Rea.txt,DELETED,old extraction prompt (non-REC naming),4437,1,2026-09-16 07:58
03_prompts\extraction_prompts\extraction_01535_CODE__COllaborative_Visual-UWB_SLAM_for_.txt,DELETED,old extraction prompt (non-REC naming),4129,1,2026-09-16 07:58
03_prompts\extraction_prompts\extraction_01536_Autonomous_Crack_Detection_for_Mountaino.txt,DELETED,old extraction prompt (non-REC naming),4697,1,2026-09-16 07:58
03_prompts\extraction_prompts\extraction_01537_Towards_precise_positioning_and_movement.txt,DELETED,old extraction prompt (non-REC naming),3555,1,2026-09-16 07:58
03_prompts\extraction_prompts\extraction_01538_Vision_and_UWB-Based_Anchor_Self-Localis.txt,DELETED,old extraction prompt (non-REC naming),3447,1,2026-09-16 07:58
03_prompts\extraction_prompts\extraction_01539_3D_mapping_for_autonomous_quadrotor_airc.txt,DELETED,old extraction prompt (non-REC naming),3273,1,2026-09-16 07:58
03_prompts\extraction_prompts\extraction_01540_Framework_for_Autonomous_UAV_Navigation_.txt,DELETED,old extraction prompt (non-REC naming),4489,1,2026-09-16 07:58
03_prompts\extraction_prompts\extraction_01541_Visual-Thermal_Landmarks_and_Inertial_Fu.txt,DELETED,old extraction prompt (non-REC naming),4866,1,2026-09-16 07:58
03_prompts\extraction_prompts\extraction_01542_An_Investigation_of_GPS-Denied_Navigatio.txt,DELETED,old extraction prompt (non-REC naming),3276,1,2026-09-16 07:58
03_prompts\extraction_prompts\extraction_01543_Relative_visual_localization__RVL__for_U.txt,DELETED,old extraction prompt (non-REC naming),3880,1,2026-09-16 07:58
03_prompts\extraction_prompts\extraction_01544_Pioneer__Positioning_of_Targets_in_Featu.txt,DELETED,old extraction prompt (non-REC naming),3600,1,2026-09-16 07:58
03_prompts\extraction_prompts\extraction_01545_Cascaded_transformer-LSTM_architecture_f.txt,DELETED,old extraction prompt (non-REC naming),4374,1,2026-09-16 07:58
03_prompts\extraction_prompts\extraction_01546_A_Review_of_Indoor_Positioning_Systems_f.txt,DELETED,old extraction prompt (non-REC naming),3668,1,2026-09-16 07:58
03_prompts\extraction_prompts\extraction_01547_Fisher-Information-Based_Cooperative_Sen.txt,DELETED,old extraction prompt (non-REC naming),4432,1,2026-09-16 07:58
03_prompts\extraction_prompts\extraction_01548_Tethered_Multicopter_Guidance_in_GPS-Den.txt,DELETED,old extraction prompt (non-REC naming),3069,1,2026-09-16 07:58
03_prompts\extraction_prompts\extraction_01549_A_real-time_monocular_vision-based_front.txt,DELETED,old extraction prompt (non-REC naming),3147,1,2026-09-16 07:58
03_prompts\extraction_prompts\extraction_01550_Robust_Spatial_Georeferencing_for_UAV-UG.txt,DELETED,old extraction prompt (non-REC naming),4198,1,2026-09-16 07:58
03_prompts\extraction_prompts\extraction_01551_Pitch_Angle_Estimation_from_a_Single_Dro.txt,DELETED,old extraction prompt (non-REC naming),3064,1,2026-09-16 07:58
03_prompts\extraction_prompts\extraction_01552_Preliminary_Study_on_Drone_Navigation_in.txt,DELETED,old extraction prompt (non-REC naming),3791,1,2026-09-16 07:58
03_prompts\extraction_prompts\extraction_01553_Real-Time_Monocular_Vision-Based_UAV_Obs.txt,DELETED,old extraction prompt (non-REC naming),4139,1,2026-09-16 07:58
03_prompts\extraction_prompts\extraction_01554_Radar-Based_Multisensor_Fusion_for_Unint.txt,DELETED,old extraction prompt (non-REC naming),4744,1,2026-09-16 07:58
03_prompts\extraction_prompts\extraction_01555_Bounding_visual_odometry_drift_with_radi.txt,DELETED,old extraction prompt (non-REC naming),3537,1,2026-09-16 07:58
03_prompts\extraction_prompts\extraction_01556_EMS-SLAM__Dynamic_RGB-D_SLAM_with_Semant.txt,DELETED,old extraction prompt (non-REC naming),3746,1,2026-09-16 07:58
03_prompts\extraction_prompts\extraction_01557_Model-Based_Cooperative_Navigation_for_a.txt,DELETED,old extraction prompt (non-REC naming),3344,1,2026-09-16 07:58
03_prompts\extraction_prompts\extraction_01558_Waypoint-Informed_Localization__WiL___A_.txt,DELETED,old extraction prompt (non-REC naming),3631,1,2026-09-16 07:58
03_prompts\extraction_prompts\extraction_01559_Lane_detection_aided_online_dead_reckoni.txt,DELETED,old extraction prompt (non-REC naming),3651,1,2026-09-16 07:58
03_prompts\extraction_prompts\extraction_01561_Characterization_of_mountain_drainage_pa.txt,DELETED,old extraction prompt (non-REC naming),3824,1,2026-09-16 07:58
03_prompts\extraction_prompts\extraction_01562_A_ubiquitous_positioning_solution_of_int.txt,DELETED,old extraction prompt (non-REC naming),4803,1,2026-09-16 07:58
03_prompts\extraction_prompts\extraction_01563_Vision-Only_Localization_of_Drones_with_.txt,DELETED,old extraction prompt (non-REC naming),3866,1,2026-09-16 07:58
03_prompts\extraction_prompts\extraction_01564_Ultra-wideband_based_cooperative_relativ.txt,DELETED,old extraction prompt (non-REC naming),3907,1,2026-09-16 07:58
03_prompts\extraction_prompts\extraction_01565_Long-range_GPS-denied_aerial_inertial_na.txt,DELETED,old extraction prompt (non-REC naming),3637,1,2026-09-16 07:58
03_prompts\extraction_prompts\extraction_01566_Qualitative_place_maps_for_landmark-base.txt,DELETED,old extraction prompt (non-REC naming),3858,1,2026-09-16 07:58
03_prompts\extraction_prompts\extraction_01567_Deep_Learning_Models_for_GNSS-Denied_Tar.txt,DELETED,old extraction prompt (non-REC naming),3732,1,2026-09-16 07:58
03_prompts\extraction_prompts\extraction_01568_HD-Maps_as_Prior_Information_for_Globall.txt,DELETED,old extraction prompt (non-REC naming),3740,1,2026-09-16 07:58
03_prompts\extraction_prompts\extraction_01569_From_Anywhere_to_the_Destination__Visual.txt,DELETED,old extraction prompt (non-REC naming),4162,1,2026-09-16 07:58
03_prompts\extraction_prompts\extraction_01570_GPS-denied_navigation_using_SAR_images_a.txt,DELETED,old extraction prompt (non-REC naming),3243,1,2026-09-16 07:58
03_prompts\extraction_prompts\extraction_01571_Relative_Localization_with_Application_t.txt,DELETED,old extraction prompt (non-REC naming),3652,1,2026-09-16 07:58
03_prompts\extraction_prompts\extraction_01572_Resilient_Ground_Vehicle_Autonomous_Navi.txt,DELETED,old extraction prompt (non-REC naming),3379,1,2026-09-16 07:58
03_prompts\extraction_prompts\extraction_01573_Visual-based_localization_methods_for_un.txt,DELETED,old extraction prompt (non-REC naming),4320,1,2026-09-16 07:58
03_prompts\extraction_prompts\extraction_01574_Multi-modal_mapping_and_localization_of_.txt,DELETED,old extraction prompt (non-REC naming),3179,1,2026-09-16 07:58
03_prompts\extraction_prompts\extraction_01575_RGB-D_camera-based_quadrotor_navigation_.txt,DELETED,old extraction prompt (non-REC naming),3477,1,2026-09-16 07:58
03_prompts\extraction_prompts\extraction_01576_Autonomous_dynamic_docking_of_UAV_based_.txt,DELETED,old extraction prompt (non-REC naming),3639,1,2026-09-16 07:58
03_prompts\extraction_prompts\extraction_01577_Mobile_robot_localization_system_in_freq.txt,DELETED,old extraction prompt (non-REC naming),3665,1,2026-09-16 07:58
03_prompts\extraction_prompts\extraction_01578_Condition-Based_LSTM_for_Residual_Calcul.txt,DELETED,old extraction prompt (non-REC naming),4102,1,2026-09-16 07:58
03_prompts\extraction_prompts\extraction_01579_Fusing_denoised_stereo_visual_odometry__.txt,DELETED,old extraction prompt (non-REC naming),4238,1,2026-09-16 07:58
03_prompts\extraction_prompts\extraction_01580_A_Lightweight_Framework_for_Neighborhood.txt,DELETED,old extraction prompt (non-REC naming),3578,1,2026-09-16 07:58
03_prompts\extraction_prompts\extraction_01581_Accelerometer_Bias_Estimation_for_Unmann.txt,DELETED,old extraction prompt (non-REC naming),3659,1,2026-09-16 07:58
03_prompts\extraction_prompts\extraction_01582_Overview_of_Mutual_Localization_Techniqu.txt,DELETED,old extraction prompt (non-REC naming),4258,1,2026-09-16 07:58
03_prompts\extraction_prompts\extraction_01583_Autonomous_Robust_Navigation_System_for_.txt,DELETED,old extraction prompt (non-REC naming),3687,1,2026-09-16 07:58
03_prompts\extraction_prompts\extraction_01584_Performance_Analysis_of_Visual_Inertial_.txt,DELETED,old extraction prompt (non-REC naming),3780,1,2026-09-16 07:58
03_prompts\extraction_prompts\extraction_01585_Sensitivity_of_unmanned_aerial_vehicle_m.txt,DELETED,old extraction prompt (non-REC naming),4087,1,2026-09-16 07:58
03_prompts\extraction_prompts\extraction_01586_Multi-vehicle_Collaborative_Navigation_M.txt,DELETED,old extraction prompt (non-REC naming),3676,1,2026-09-16 07:58
03_prompts\extraction_prompts\extraction_01587_Landmark-Based_Scale_Estimation_and_Corr.txt,DELETED,old extraction prompt (non-REC naming),4339,1,2026-09-16 07:58
03_prompts\extraction_prompts\extraction_01588_An_IMU_Aided_Robust_LiDAR_SLAM_Method_fo.txt,DELETED,old extraction prompt (non-REC naming),3227,1,2026-09-16 07:58
03_prompts\extraction_prompts\extraction_01589_Vision-based_Guidance_and_Navigation_for.txt,DELETED,old extraction prompt (non-REC naming),3385,1,2026-09-16 07:58
03_prompts\extraction_prompts\extraction_01591_Expediting_the_Convergence_of_Global_Loc.txt,DELETED,old extraction prompt (non-REC naming),4244,1,2026-09-16 07:58
03_prompts\extraction_prompts\extraction_01592_Goal-aware_navigation_of_quadrotor_uav_f.txt,DELETED,old extraction prompt (non-REC naming),3196,1,2026-09-16 07:58
03_prompts\extraction_prompts\extraction_01593_Indoor_outdoor_scan-matching_based_mappi.txt,DELETED,old extraction prompt (non-REC naming),3574,1,2026-09-16 07:58
03_prompts\extraction_prompts\extraction_01594_UVL__UAV_Visual_Localization_Method_with.txt,DELETED,old extraction prompt (non-REC naming),3647,1,2026-09-16 07:58
03_prompts\extraction_prompts\extraction_01595_Overview_of_anti-interference_technology.txt,DELETED,old extraction prompt (non-REC naming),4940,1,2026-09-16 07:58
03_prompts\extraction_prompts\extraction_01596_The_development_of_distributed_cooperati.txt,DELETED,old extraction prompt (non-REC naming),3230,1,2026-09-16 07:58
03_prompts\extraction_prompts\extraction_01597_A_Framework_for_Autonomous_UAV_Navigatio.txt,DELETED,old extraction prompt (non-REC naming),4615,1,2026-09-16 07:58
03_prompts\extraction_prompts\extraction_01598_Streamlined_Indoor_UAVs_Localization_Usi.txt,DELETED,old extraction prompt (non-REC naming),3299,1,2026-09-16 07:58
03_prompts\extraction_prompts\extraction_01599_Study_of_Utilizing_Multiple_IMUs_for_Ine.txt,DELETED,old extraction prompt (non-REC naming),3230,1,2026-09-16 07:58
03_prompts\extraction_prompts\extraction_01601_Cooperative_Navigation_Framework_for_UAV.txt,DELETED,old extraction prompt (non-REC naming),4702,1,2026-09-16 07:58
03_prompts\extraction_prompts\extraction_01602_Cooperative_localisation_of_UAV_swarm_ba.txt,DELETED,old extraction prompt (non-REC naming),3620,1,2026-09-16 07:58
03_prompts\extraction_prompts\extraction_01603_Vision-aided_inertial_navigation_for_sma.txt,DELETED,old extraction prompt (non-REC naming),3581,1,2026-09-16 07:58
03_prompts\extraction_prompts\extraction_01604_Target-Tracking-Based_Multi-UAV_Visual_S.txt,DELETED,old extraction prompt (non-REC naming),4935,1,2026-09-16 07:58
03_prompts\extraction_prompts\extraction_01605_A_Multi-Drone_System_Proof_of_Concept_fo.txt,DELETED,old extraction prompt (non-REC naming),3773,1,2026-09-16 07:58
03_prompts\extraction_prompts\extraction_01606_Wide-Beam_Optical_Beacon-Based_UAV_Self-.txt,DELETED,old extraction prompt (non-REC naming),3279,1,2026-09-16 07:58
03_prompts\extraction_prompts\extraction_01607_Accurate_IMU_Preintegration_Using_Switch.txt,DELETED,old extraction prompt (non-REC naming),3410,1,2026-09-16 07:58
03_prompts\extraction_prompts\extraction_01608_Long-term_aerial_robot_localization_base.txt,DELETED,old extraction prompt (non-REC naming),3257,1,2026-09-16 07:58
03_prompts\extraction_prompts\extraction_01609_GPS_Denied_UAV_Routing_with_Communicatio.txt,DELETED,old extraction prompt (non-REC naming),3315,1,2026-09-16 07:58
03_prompts\extraction_prompts\extraction_01610_Adaptive_sliding_window_factor_graph_opt.txt,DELETED,old extraction prompt (non-REC naming),4501,1,2026-09-16 07:58
03_prompts\extraction_prompts\extraction_01611_Relative_navigation_of_autonomous_GPS-de.txt,DELETED,old extraction prompt (non-REC naming),3686,1,2026-09-16 07:58
03_prompts\extraction_prompts\extraction_01612_Visual_GPS-denied_multi-agent_localizati.txt,DELETED,old extraction prompt (non-REC naming),4732,1,2026-09-16 07:58
03_prompts\extraction_prompts\extraction_01613_Efficient_WiFi_LiDAR_SLAM_for_Autonomous.txt,DELETED,old extraction prompt (non-REC naming),3744,1,2026-09-16 07:58
03_prompts\extraction_prompts\extraction_01614_Control_and_monocular_visual_SLAM_of_non.txt,DELETED,old extraction prompt (non-REC naming),3454,1,2026-09-16 07:58
03_prompts\extraction_prompts\extraction_01615_An_Optimization-Based_Method_for_Relativ.txt,DELETED,old extraction prompt (non-REC naming),5407,1,2026-09-16 07:58
03_prompts\extraction_prompts\extraction_01616_Characterizing_the_Operating_Envelope_of.txt,DELETED,old extraction prompt (non-REC naming),4389,1,2026-09-16 07:58
03_prompts\extraction_prompts\extraction_01617_Relative_multiplicative_extended_Kalman_.txt,DELETED,old extraction prompt (non-REC naming),4235,1,2026-09-16 07:58
03_prompts\extraction_prompts\extraction_01618_Performance_comparison_of_inertial_measu.txt,DELETED,old extraction prompt (non-REC naming),3731,1,2026-09-16 07:58
03_prompts\extraction_prompts\extraction_01619_Robust_Autonomous_Flight_in_Constrained_.txt,DELETED,old extraction prompt (non-REC naming),4319,1,2026-09-16 07:58
03_prompts\extraction_prompts\extraction_01620_Research_and_Design_of_Precision-Landing.txt,DELETED,old extraction prompt (non-REC naming),3843,1,2026-09-16 07:58
03_prompts\extraction_prompts\extraction_01621_Distributed_UAV_Swarm_Collaborative_SLAM.txt,DELETED,old extraction prompt (non-REC naming),3871,1,2026-09-16 07:58
03_prompts\extraction_prompts\extraction_01622_Distance-Based_Cooperative_Relative_Loca.txt,DELETED,old extraction prompt (non-REC naming),3371,1,2026-09-16 07:58
03_prompts\extraction_prompts\extraction_01623_Multi-sensor_three-dimensional_monte_car.txt,DELETED,old extraction prompt (non-REC naming),3242,1,2026-09-16 07:58
03_prompts\extraction_prompts\extraction_01624_Precision_mapping_through_the_stereo_vis.txt,DELETED,old extraction prompt (non-REC naming),4690,1,2026-09-16 07:58
03_prompts\extraction_prompts\extraction_01625_Detecting_GNSS_spoofing_and_Re-localizat.txt,DELETED,old extraction prompt (non-REC naming),4114,1,2026-09-16 07:58
03_prompts\extraction_prompts\extraction_01626_AprilTag-Guided_Autonomous_Precision_Lan.txt,DELETED,old extraction prompt (non-REC naming),3832,1,2026-09-16 07:58
03_prompts\extraction_prompts\extraction_01627_Disturbance-observer-based_Finite-time_F.txt,DELETED,old extraction prompt (non-REC naming),3808,1,2026-09-16 07:58
03_prompts\extraction_prompts\extraction_01628_Optical_Flow-Based_Visual_Estimation_of_.txt,DELETED,old extraction prompt (non-REC naming),3259,1,2026-09-16 07:58
03_prompts\extraction_prompts\extraction_01629_Probabilistic_graphical_fusion_of_LiDAR_.txt,DELETED,old extraction prompt (non-REC naming),3268,1,2026-09-16 07:58
03_prompts\extraction_prompts\extraction_01630_Integrated_navigation_design_using_a_gim.txt,DELETED,old extraction prompt (non-REC naming),3812,1,2026-09-16 07:58
03_prompts\extraction_prompts\extraction_01631_Performance_Evaluation_of_AI-Enabled_Aut.txt,DELETED,old extraction prompt (non-REC naming),5479,1,2026-09-16 07:58
03_prompts\extraction_prompts\extraction_01632_A_GPS-Free_Air_Vehicle_On-Board_Position.txt,DELETED,old extraction prompt (non-REC naming),4006,1,2026-09-16 07:58
03_prompts\extraction_prompts\extraction_01633_Effects_of_velocity_and_known_pose_injec.txt,DELETED,old extraction prompt (non-REC naming),3862,1,2026-09-16 07:58
03_prompts\extraction_prompts\extraction_01634_Landmark-based_distributed_topological_m.txt,DELETED,old extraction prompt (non-REC naming),4552,1,2026-09-16 07:58
03_prompts\extraction_prompts\extraction_01635_Kalman_Filter-Based_Drift_Detection_and_.txt,DELETED,old extraction prompt (non-REC naming),3698,1,2026-09-16 07:58
03_prompts\extraction_prompts\extraction_01636_Comparative_analysis_of_ros-based_centra.txt,DELETED,old extraction prompt (non-REC naming),3716,1,2026-09-16 07:58
03_prompts\extraction_prompts\extraction_01637_Virtual_testbed_for_monocular_visual_nav.txt,DELETED,old extraction prompt (non-REC naming),3706,1,2026-09-16 07:58
03_prompts\extraction_prompts\extraction_01638_A_GNSS_INS_LiDAR_Integration_Scheme_for_.txt,DELETED,old extraction prompt (non-REC naming),4418,1,2026-09-16 07:58
03_prompts\extraction_prompts\extraction_01639_Adaptive_Data-Driven_Estimation_for_Simu.txt,DELETED,old extraction prompt (non-REC naming),3607,1,2026-09-16 07:58
03_prompts\extraction_prompts\extraction_01640_Automatic_landing_of_a_low-cost_quadroto.txt,DELETED,old extraction prompt (non-REC naming),3683,1,2026-09-16 07:58
03_prompts\extraction_prompts\extraction_01641_Landmark_Aided_GPS-Denied_Navigation_for.txt,DELETED,old extraction prompt (non-REC naming),3049,1,2026-09-16 07:58
03_prompts\extraction_prompts\extraction_01642_UAV_based_target_finding_and_tracking_in.txt,DELETED,old extraction prompt (non-REC naming),3080,1,2026-09-16 07:58
03_prompts\extraction_prompts\extraction_01643_Visual_Odometry_Using_Pixel_Processor_Ar.txt,DELETED,old extraction prompt (non-REC naming),4699,1,2026-09-16 07:58
03_prompts\extraction_prompts\extraction_01644_A_direct_visual_servoing-based_framework.txt,DELETED,old extraction prompt (non-REC naming),3577,1,2026-09-16 07:58
03_prompts\extraction_prompts\extraction_01645_Cooperative_Navigation_for_Cross-Platfor.txt,DELETED,old extraction prompt (non-REC naming),3943,1,2026-09-16 07:58
03_prompts\extraction_prompts\extraction_01646_Adaptive_Visual-Inertial_Navigation_for_.txt,DELETED,old extraction prompt (non-REC naming),3545,1,2026-09-16 07:58
03_prompts\extraction_prompts\extraction_01647_UAV_Positioning_Using_GNSS__A_Review_of_.txt,DELETED,old extraction prompt (non-REC naming),4983,1,2026-09-16 07:58
03_prompts\extraction_prompts\extraction_01648_IoT-based_Vehicle_Localization_in_GNSS-d.txt,DELETED,old extraction prompt (non-REC naming),3335,1,2026-09-16 07:58
03_prompts\extraction_prompts\extraction_01649_SLAM-Enabled_Autonomous_Blimp_for_UAV_Ap.txt,DELETED,old extraction prompt (non-REC naming),3302,1,2026-09-16 07:58
03_prompts\extraction_prompts\extraction_01650_Autonomous_Robotic_System_for_Power_Cabl.txt,DELETED,old extraction prompt (non-REC naming),3590,1,2026-09-16 07:58
03_prompts\extraction_prompts\extraction_01651_Fusing_stereo_camera_and_low-cost_inerti.txt,DELETED,old extraction prompt (non-REC naming),3710,1,2026-09-16 07:58
03_prompts\extraction_prompts\extraction_01652_Development_of_test_method_for_evaluatio.txt,DELETED,old extraction prompt (non-REC naming),3843,1,2026-09-16 07:58
03_prompts\extraction_prompts\extraction_01653_A_Novel_Scene_Matching_Algorithm_via_Dee.txt,DELETED,old extraction prompt (non-REC naming),3676,1,2026-09-16 07:58
03_prompts\extraction_prompts\extraction_01654_Relative_navigation_of_fixed-wing_aircra.txt,DELETED,old extraction prompt (non-REC naming),3523,1,2026-09-16 07:58
03_prompts\extraction_prompts\extraction_01655_Centralized_UAV_Swarm_Formation_Estimati.txt,DELETED,old extraction prompt (non-REC naming),3870,1,2026-09-16 07:58
03_prompts\extraction_prompts\extraction_01656_Deep_Learning-Based_Navigation_System_fo.txt,DELETED,old extraction prompt (non-REC naming),4179,1,2026-09-16 07:58
03_prompts\extraction_prompts\extraction_01657_SafeNav__Safe_Path_Navigation_using_Land.txt,DELETED,old extraction prompt (non-REC naming),3921,1,2026-09-16 07:58
03_prompts\extraction_prompts\extraction_01658_Rapid_Initialization_Method_of_Unmanned_.txt,DELETED,old extraction prompt (non-REC naming),4598,1,2026-09-16 07:58
03_prompts\extraction_prompts\extraction_01659_Drone-in-a-Box__A_Precise_Indoor_Autonom.txt,DELETED,old extraction prompt (non-REC naming),4041,1,2026-09-16 07:58
03_prompts\extraction_prompts\extraction_01660_A_Novel_Ranging_and_IMU-Based_Method_for.txt,DELETED,old extraction prompt (non-REC naming),4070,1,2026-09-16 07:58
03_prompts\extraction_prompts\extraction_01662_NLOS-Aware_LiDAR_UWB_Fusion_Localization.txt,DELETED,old extraction prompt (non-REC naming),4166,1,2026-09-16 07:58
03_prompts\extraction_prompts\extraction_01663_Deep_learning_enabled_localization_for_U.txt,DELETED,old extraction prompt (non-REC naming),3593,1,2026-09-16 07:58
03_prompts\extraction_prompts\extraction_01664_Bridging_GPS_outages_for_fixed-wing_Unma.txt,DELETED,old extraction prompt (non-REC naming),3249,1,2026-09-16 07:58
03_prompts\extraction_prompts\extraction_01665_An_Extended_Kalman_Filter-Based_Simultan.txt,DELETED,old extraction prompt (non-REC naming),3966,1,2026-09-16 07:58
03_prompts\extraction_prompts\extraction_01666_Vision-Based_Formation_Control_for_an_Ou.txt,DELETED,old extraction prompt (non-REC naming),3653,1,2026-09-16 07:58
03_prompts\extraction_prompts\extraction_01667_Autonomous_Mapping_and_Navigation_Unit_f.txt,DELETED,old extraction prompt (non-REC naming),3585,1,2026-09-16 07:58
03_prompts\extraction_prompts\extraction_01668_A_Semantic-Aided_Fusion_Localization_Met.txt,DELETED,old extraction prompt (non-REC naming),3800,1,2026-09-16 07:58
03_prompts\extraction_prompts\extraction_01669_Toward_autonomous_uav_localization_via_a.txt,DELETED,old extraction prompt (non-REC naming),3300,1,2026-09-16 07:58
03_prompts\extraction_prompts\extraction_01670_A_pose_estimation_method_for_unmanned_gr.txt,DELETED,old extraction prompt (non-REC naming),3695,1,2026-09-16 07:58
03_prompts\extraction_prompts\extraction_01671_Real-Time_Cross-View_Image_Matching_and_.txt,DELETED,old extraction prompt (non-REC naming),3555,1,2026-09-16 07:58
03_prompts\extraction_prompts\extraction_01672_Radar-Aided_Navigation_System_for_Small_.txt,DELETED,old extraction prompt (non-REC naming),3203,1,2026-09-16 07:58
03_prompts\extraction_prompts\extraction_01673_A_3_points_vision_based_approach_for_MAV.txt,DELETED,old extraction prompt (non-REC naming),3346,1,2026-09-16 07:58
03_prompts\extraction_prompts\extraction_01674_A_Low-Cost_Doppler-Based_Spectrum_Monito.txt,DELETED,old extraction prompt (non-REC naming),3999,1,2026-09-16 07:58
03_prompts\extraction_prompts\extraction_01675_Research_on_Initial_Relative_Position_De.txt,DELETED,old extraction prompt (non-REC naming),4099,1,2026-09-16 07:58
03_prompts\extraction_prompts\extraction_01676_More_Robust_Features_for_Adaptive_Visual.txt,DELETED,old extraction prompt (non-REC naming),3143,1,2026-09-16 07:58
03_prompts\extraction_prompts\extraction_01677_Use_of_Information_From_the_Digital_Elev.txt,DELETED,old extraction prompt (non-REC naming),3833,1,2026-09-16 07:58
03_prompts\extraction_prompts\extraction_01678_Position_and_Orientation_from_Asynchrono.txt,DELETED,old extraction prompt (non-REC naming),3576,1,2026-09-16 07:58
03_prompts\extraction_prompts\extraction_01679_Self-localization_of_unmanned_aerial_veh.txt,DELETED,old extraction prompt (non-REC naming),4653,1,2026-09-16 07:58
03_prompts\extraction_prompts\extraction_01680_Adaptive_Visual-Inertial_Fusion_for_GNSS.txt,DELETED,old extraction prompt (non-REC naming),3323,1,2026-09-16 07:58
03_prompts\extraction_prompts\extraction_01681_Cooperative_relative_navigation_of_multi.txt,DELETED,old extraction prompt (non-REC naming),3947,1,2026-09-16 07:58
03_prompts\extraction_prompts\extraction_01682_Indoor_Pedestrian-Following_System_by_a_.txt,DELETED,old extraction prompt (non-REC naming),3260,1,2026-09-16 07:58
03_prompts\extraction_prompts\extraction_01683_LIWO-SLAM__A_LiDAR__IMU__and_Wheel_Odome.txt,DELETED,old extraction prompt (non-REC naming),3364,1,2026-09-16 07:58
03_prompts\extraction_prompts\extraction_01684_Helicopter_GNC_system_for_autonomous_lan.txt,DELETED,old extraction prompt (non-REC naming),2932,1,2026-09-16 07:58
03_prompts\extraction_prompts\extraction_01685_UWB_INS_Positioning_for_USVs_in_Complex_.txt,DELETED,old extraction prompt (non-REC naming),3973,1,2026-09-16 07:58
03_prompts\extraction_prompts\extraction_01686_A_Rotation_and_Scale_Invariant_Map_Match.txt,DELETED,old extraction prompt (non-REC naming),3876,1,2026-09-16 07:58
03_prompts\extraction_prompts\extraction_01687_Camera-based_indoor_navigation_for_servi.txt,DELETED,old extraction prompt (non-REC naming),3423,1,2026-09-16 07:58
03_prompts\extraction_prompts\extraction_01688_Pose_estimation_based_on_laser_range_fin.txt,DELETED,old extraction prompt (non-REC naming),3012,1,2026-09-16 07:58
03_prompts\extraction_prompts\extraction_01689_Mobile_robot_loop_closing_using_monocula.txt,DELETED,old extraction prompt (non-REC naming),3269,1,2026-09-16 07:58
03_prompts\extraction_prompts\extraction_01690_High_Accuracy_Robot_Indoor_Navigation_Us.txt,DELETED,old extraction prompt (non-REC naming),2578,1,2026-09-16 07:58
03_prompts\extraction_prompts\extraction_01691_A_novel_terrain_information_measure_for_.txt,DELETED,old extraction prompt (non-REC naming),3219,1,2026-09-16 07:58
03_prompts\extraction_prompts\extraction_01692_Cooperative_pedestrian_tracking_by_multi.txt,DELETED,old extraction prompt (non-REC naming),3552,1,2026-09-16 07:58
03_prompts\extraction_prompts\extraction_01693_Vision-based_corridor_path_search_of_a_m.txt,DELETED,old extraction prompt (non-REC naming),3515,1,2026-09-16 07:58
03_prompts\extraction_prompts\extraction_01694_Deep_reinforcement_learning_based_intell.txt,DELETED,old extraction prompt (non-REC naming),3338,1,2026-09-16 07:58
03_prompts\extraction_prompts\extraction_01695_Application_of_vision-based_particle_fil.txt,DELETED,old extraction prompt (non-REC naming),3547,1,2026-09-16 07:58
03_prompts\extraction_prompts\extraction_01696_Enabling_Autonomous_Navigation_with_Rada.txt,DELETED,old extraction prompt (non-REC naming),4084,1,2026-09-16 07:58
03_prompts\extraction_prompts\extraction_01697_Automation_of_UAV_Navigation_Support_Bas.txt,DELETED,old extraction prompt (non-REC naming),3311,1,2026-09-16 07:58
03_prompts\extraction_prompts\extraction_01698_Autonomous_UAV_navigation_in_post-disast.txt,DELETED,old extraction prompt (non-REC naming),4446,1,2026-09-16 07:58
03_prompts\extraction_prompts\extraction_01699_GNSS-independent_navigation_solution_usi.txt,DELETED,old extraction prompt (non-REC naming),3198,1,2026-09-16 07:58
03_prompts\extraction_prompts\extraction_01700_Autonomous_navigation_of_UAV_through_GPS.txt,DELETED,old extraction prompt (non-REC naming),4017,1,2026-09-16 07:58
03_prompts\extraction_prompts\extraction_01701_Development_of_an_Indoor_VIO-Based_Navig.txt,DELETED,old extraction prompt (non-REC naming),3581,1,2026-09-16 07:58
03_prompts\extraction_prompts\extraction_01702_An_integrated_MEMS_IMU_camera_system_for.txt,DELETED,old extraction prompt (non-REC naming),3947,1,2026-09-16 07:58
03_prompts\extraction_prompts\extraction_01703_VISION-BASED_LOCALISATION_FOR_AUTONOMOUS.txt,DELETED,old extraction prompt (non-REC naming),3437,1,2026-09-16 07:58
03_prompts\extraction_prompts\extraction_01704_Cooperative_Tracking_and_Navigation_of_M.txt,DELETED,old extraction prompt (non-REC naming),3532,1,2026-09-16 07:58
03_prompts\extraction_prompts\extraction_01705_Autocalibration_of_a_mobile_UWB_localiza.txt,DELETED,old extraction prompt (non-REC naming),3791,1,2026-09-16 07:58
03_prompts\extraction_prompts\extraction_01706_GPS_DENIED_-_THE_NEXT_LEVEL_IN_AUTONOMOU.txt,DELETED,old extraction prompt (non-REC naming),3349,1,2026-09-16 07:58
03_prompts\extraction_prompts\extraction_01707_Evaluation_of_a_Complementary_Navigation.txt,DELETED,old extraction prompt (non-REC naming),4137,1,2026-09-16 07:58
03_prompts\extraction_prompts\extraction_01708_An_incremental_slam_algorithm_for_indoor.txt,DELETED,old extraction prompt (non-REC naming),3103,1,2026-09-16 07:58
03_prompts\extraction_prompts\extraction_01709_UAV_circumnavigation_under_a_GPS-denied_.txt,DELETED,old extraction prompt (non-REC naming),3364,1,2026-09-16 07:58
03_prompts\extraction_prompts\extraction_01710_Autonomous_marine_navigation_in_Global_N.txt,DELETED,old extraction prompt (non-REC naming),3133,1,2026-09-16 07:58
03_prompts\extraction_prompts\extraction_01711_A_recovery_system_for_SUAV_operations_in.txt,DELETED,old extraction prompt (non-REC naming),3802,1,2026-09-16 07:58
03_prompts\extraction_prompts\extraction_01712_Location_determination_of_an_unmanned_ae.txt,DELETED,old extraction prompt (non-REC naming),3109,1,2026-09-16 07:58
03_prompts\extraction_prompts\extraction_01713_Multisensor_concept_for_autonomous_navig.txt,DELETED,old extraction prompt (non-REC naming),3945,1,2026-09-16 07:58
03_prompts\extraction_prompts\extraction_01714_Performance_analysis_and_flight_data_res.txt,DELETED,old extraction prompt (non-REC naming),6456,1,2026-09-16 07:58
03_prompts\extraction_prompts\extraction_01715_Autonomous_targeted_flight_of_a_rotary-w.txt,DELETED,old extraction prompt (non-REC naming),3333,1,2026-09-16 07:58
03_prompts\extraction_prompts\extraction_01716_Vision-based_autonomous_guidance_approac.txt,DELETED,old extraction prompt (non-REC naming),3223,1,2026-09-16 07:58
03_prompts\extraction_prompts\extraction_01717_Inertial-aided_vision-based_localization.txt,DELETED,old extraction prompt (non-REC naming),3383,1,2026-09-16 07:58
03_prompts\extraction_prompts\extraction_01718_On_the_consistency_analyzing_of_A-SLAM_f.txt,DELETED,old extraction prompt (non-REC naming),3656,1,2026-09-16 07:58
03_prompts\extraction_prompts\extraction_01719_Trajectory_Recovery_of_Visual_Odometry_a.txt,DELETED,old extraction prompt (non-REC naming),4558,1,2026-09-16 07:58
AGENT_RUNBOOK.md,DELETED,superseded by MASTER_PROMPT_FINAL.md,11429,1,2026-09-16 07:58
MASTER_WORKFLOW_TRACKER.md,DELETED,superseded by CHANGELOG.md,6981,1,2026-09-16 07:58
PROJECT_STATUS.md,DELETED,superseded by CHANGELOG.md,2197,1,2026-09-16 07:58
REMAINING_PHASES_AND_VERIFICATION_GUIDE.md,DELETED,superseded by MASTER_PROMPT_FINAL.md,7821,1,2026-09-16 07:58
09_prompts/MASTER_PROMPT.md,DELETED,superseded by MASTER_PROMPT_FINAL.md,907,1,2026-09-16 07:58
09_prompts/MASTER_PROMPT_v2.md,DELETED,superseded by MASTER_PROMPT_FINAL.md,30441,1,2026-09-16 07:58
phase4_prompts.py,DELETED,stale/superseded root script,3056,1,2026-09-16 07:58
verify_phase2.py,DELETED,stale/superseded root script,1903,1,2026-09-16 07:58
verify_phase3.py,DELETED,stale/superseded root script,2162,1,2026-09-16 07:58
assemble_agent_task.py,DELETED,stale/superseded root script,1064,1,2026-09-16 07:58
check_screening_progress.py,DELETED,stale/superseded root script,2970,1,2026-09-16 07:58
setup_screening.py,DELETED,stale/superseded root script,1047,1,2026-09-16 07:58
search_setup.py,DELETED,stale/superseded root script,3264,1,2026-09-16 07:58
update_screening_range.py,DELETED,stale/superseded root script,4498,1,2026-09-16 07:58
urgent_setup.py,DELETED,stale/superseded root script,6225,1,2026-09-16 07:58
normalize_raw_csvs.py,DELETED,stale/superseded root script,3311,1,2026-09-16 07:58
deduplicate.py,DELETED,stale/superseded root script,4392,1,2026-09-16 07:58
phase3_dedup.py,DELETED,stale/superseded root script,12246,1,2026-09-16 07:58
scratch_audit.csv,DELETED,stale/superseded root script,1359330,1,2026-09-16 07:58
check_state.py,DELETED,temp session script — output already used,2169,1,2026-09-16 07:58
fill_human_review.py,DELETED,temp session script — output already used,6814,1,2026-09-16 07:58
phase6_audit.py,DELETED,temp session script — output already used,2645,1,2026-09-16 07:58
verify_5k.py,DELETED,temp session script — output already used,799,1,2026-09-16 07:58
verify_methodology.py,DELETED,temp session script — output already used,4580,1,2026-09-16 07:58
audit_findings.py,DELETED,temp session script — output already used,1262,1,2026-09-16 07:58
audit_phase7.py,DELETED,temp session script — output already used,5473,1,2026-09-16 07:58
gap_audit.py,DELETED,temp session script — output already used,1293,1,2026-09-16 07:58
audit_results.json,DELETED,temp session script — output already used,3005489,1,2026-09-16 07:58
full_project_audit.py,DELETED,temp session script — output already used,7930,1,2026-09-16 07:58
00_scope/60min_plan.txt,DELETED,"early planning note, superseded",2159,1,2026-09-16 07:58
00_scope/checklist.txt,DELETED,superseded by METHODOLOGY.md §11,955,1,2026-09-16 07:58
00_scope/search_strings_short.txt,DELETED,duplicate of search_strings.txt,627,1,2026-09-16 07:58
