priority,id,filename,title,year,source,doi,bucket,ieee_link,doi_link,scholar_link,done_Y_N,notes
1,REC_0001,REC_0001.pdf,BIM-Assisted UAV Topological Localization and Navigation Method for GPS-Denied Indoor Environments,2026,IEEE_Xplore,10.1109/ICCIR70228.2026.11633308,recent,https://ieeexplore.ieee.org/search/searchresult.jsp?queryText=10.1109%2FICCIR70228.2026.11633308,https://doi.org/10.1109/ICCIR70228.2026.11633308,https://scholar.google.com/scholar?q=BIM-Assisted+UAV+Topological+Localization+and+Navigation+Method+for+GPS-Denied+Indoor+Environments,Y,
2,REC_0003,REC_0003.pdf,Autonomous Navigation in GPS-Denied Environments Using Visual SLAM,2026,IEEE_Xplore,10.1109/ICTP67998.2026.11485150,recent,https://ieeexplore.ieee.org/search/searchresult.jsp?queryText=10.1109%2FICTP67998.2026.11485150,https://doi.org/10.1109/ICTP67998.2026.11485150,https://scholar.google.com/scholar?q=Autonomous+Navigation+in+GPS-Denied+Environments+Using+Visual+SLAM,Y,
3,REC_0006,REC_0006.pdf,A Multi-Sensor Fusion Framework for Unmanned Aerial Vehicle (UAV) Navigation and Inspection in GPS-Denied and Degraded Environments,2026,IEEE_Xplore,10.1109/APSCON68325.2026.11497125,recent,https://ieeexplore.ieee.org/search/searchresult.jsp?queryText=10.1109%2FAPSCON68325.2026.11497125,https://doi.org/10.1109/APSCON68325.2026.11497125,https://scholar.google.com/scholar?q=A+Multi-Sensor+Fusion+Framework+for+Unmanned+Aerial+Vehicle+%28UAV%29+Navigation+and+Inspection+in+GPS-Denied+and+Degraded+Environments,Y,
4,REC_0013,REC_0013.pdf,Quantum-Enhanced Drone Swarm Localization in GPS-Denied Environment,2026,IEEE_Xplore,10.1109/ICoECIT68303.2026.11497954,recent,https://ieeexplore.ieee.org/search/searchresult.jsp?queryText=10.1109%2FICoECIT68303.2026.11497954,https://doi.org/10.1109/ICoECIT68303.2026.11497954,https://scholar.google.com/scholar?q=Quantum-Enhanced+Drone+Swarm+Localization+in+GPS-Denied+Environment,Y,
5,REC_0037,REC_0037.pdf,Deep Visual Localization for UAVs in GNSS-Denied Environments Using Satellite Imagery,2026,IEEE_Xplore,10.1109/SIU71813.2026.11636724,recent,https://ieeexplore.ieee.org/search/searchresult.jsp?queryText=10.1109%2FSIU71813.2026.11636724,https://doi.org/10.1109/SIU71813.2026.11636724,https://scholar.google.com/scholar?q=Deep+Visual+Localization+for+UAVs+in+GNSS-Denied+Environments+Using+Satellite+Imagery,Y,
6,REC_0077,REC_0077.pdf,3D Path Planning for Autonomous UAV Navigation in GPS-Denied Environments,2026,IEEE_Xplore,10.1109/ICUAS69441.2026.11598675,recent,https://ieeexplore.ieee.org/search/searchresult.jsp?queryText=10.1109%2FICUAS69441.2026.11598675,https://doi.org/10.1109/ICUAS69441.2026.11598675,https://scholar.google.com/scholar?q=3D+Path+Planning+for+Autonomous+UAV+Navigation+in+GPS-Denied+Environments,Y,
7,REC_0102,REC_0102.pdf,Quantum-Enhanced Multi-Sensor Fusion for UAV Navigation in GPS-Denied Environments,2026,IEEE_Xplore,10.1109/FET68771.2026.11601505,recent,https://ieeexplore.ieee.org/search/searchresult.jsp?queryText=10.1109%2FFET68771.2026.11601505,https://doi.org/10.1109/FET68771.2026.11601505,https://scholar.google.com/scholar?q=Quantum-Enhanced+Multi-Sensor+Fusion+for+UAV+Navigation+in+GPS-Denied+Environments,Y,
8,REC_0131,REC_0131.pdf,Digital Twin for Drone Indoor Autonomous Navigation,2026,IEEE_Xplore,10.1109/LSENS.2025.3642424,recent,https://ieeexplore.ieee.org/search/searchresult.jsp?queryText=10.1109%2FLSENS.2025.3642424,https://doi.org/10.1109/LSENS.2025.3642424,https://scholar.google.com/scholar?q=Digital+Twin+for+Drone+Indoor+Autonomous+Navigation,Y,
9,REC_0149,REC_0149.pdf,Vision-Based Global Localization for UAVs Using Deep Convolutional Neural Networks,2026,IEEE_Xplore,10.1109/IPCS69631.2026.11604264,recent,https://ieeexplore.ieee.org/search/searchresult.jsp?queryText=10.1109%2FIPCS69631.2026.11604264,https://doi.org/10.1109/IPCS69631.2026.11604264,https://scholar.google.com/scholar?q=Vision-Based+Global+Localization+for+UAVs+Using+Deep+Convolutional+Neural+Networks,Y,
10,REC_0165,REC_0165.pdf,UAV Cross-View Image Retrieval and Visual Geo-Localization in GNSS-Denied Environments,2026,IEEE_Xplore,10.1109/ICCE-Taiwan71481.2026.11652687,recent,https://ieeexplore.ieee.org/search/searchresult.jsp?queryText=10.1109%2FICCE-Taiwan71481.2026.11652687,https://doi.org/10.1109/ICCE-Taiwan71481.2026.11652687,https://scholar.google.com/scholar?q=UAV+Cross-View+Image+Retrieval+and+Visual+Geo-Localization+in+GNSS-Denied+Environments,Y,
11,REC_0195,REC_0195.pdf,An Autonomous Continuous Positioning Method for Low-Altitude UAVs Based on Image Recognition in GNSS-Denied Environments,2026,IEEE_Xplore,10.1109/RAITS68656.2026.11580149,recent,https://ieeexplore.ieee.org/search/searchresult.jsp?queryText=10.1109%2FRAITS68656.2026.11580149,https://doi.org/10.1109/RAITS68656.2026.11580149,https://scholar.google.com/scholar?q=An+Autonomous+Continuous+Positioning+Method+for+Low-Altitude+UAVs+Based+on+Image+Recognition+in+GNSS-Denied+Environments,Y,
12,REC_0211,REC_0211.pdf,SIA-KalmanNet: A Structurally Integrated Attention Kalman Filter for Multi-UAV Localization in Partially GNSS-Denied Environments,2026,IEEE_Xplore,10.1109/JIOT.2025.3650118,recent,https://ieeexplore.ieee.org/search/searchresult.jsp?queryText=10.1109%2FJIOT.2025.3650118,https://doi.org/10.1109/JIOT.2025.3650118,https://scholar.google.com/scholar?q=SIA-KalmanNet%3A+A+Structurally+Integrated+Attention+Kalman+Filter+for+Multi-UAV+Localization+in+Partially+GNSS-Denied+Environments,Y,
13,REC_0218,REC_0218.pdf,A Unified Error-State Kalman Filtering Framework for Multi-Sensor Navigation of Fixed-Wing UAVS in GNSS-Denied Scenarios,2026,IEEE_Xplore,10.1109/ICUAS69441.2026.11598562,recent,https://ieeexplore.ieee.org/search/searchresult.jsp?queryText=10.1109%2FICUAS69441.2026.11598562,https://doi.org/10.1109/ICUAS69441.2026.11598562,https://scholar.google.com/scholar?q=A+Unified+Error-State+Kalman+Filtering+Framework+for+Multi-Sensor+Navigation+of+Fixed-Wing+UAVS+in+GNSS-Denied+Scenarios,Y,
14,REC_0278,REC_0278.pdf,Navigation Methods for UAVs in GNSS-Denied Environments Using Artificial Intelligence,2026,IEEE_Xplore,10.1109/ICCE70609.2026.11658445,recent,https://ieeexplore.ieee.org/search/searchresult.jsp?queryText=10.1109%2FICCE70609.2026.11658445,https://doi.org/10.1109/ICCE70609.2026.11658445,https://scholar.google.com/scholar?q=Navigation+Methods+for+UAVs+in+GNSS-Denied+Environments+Using+Artificial+Intelligence,Y,
15,REC_0289,REC_0289.pdf,Development of a Simulated UAV Platform for Sensor-Fusion-Based SLAM,2026,IEEE_Xplore,10.1109/ICAIIC68212.2026.11454340,recent,https://ieeexplore.ieee.org/search/searchresult.jsp?queryText=10.1109%2FICAIIC68212.2026.11454340,https://doi.org/10.1109/ICAIIC68212.2026.11454340,https://scholar.google.com/scholar?q=Development+of+a+Simulated+UAV+Platform+for+Sensor-Fusion-Based+SLAM,Y,
16,REC_0388,REC_0388.pdf,Multi-UAV Cooperative Navigation Based on Multisource Information Fusion: A Review,2026,IEEE_Xplore,10.1109/JSEN.2025.3646302,recent,https://ieeexplore.ieee.org/search/searchresult.jsp?queryText=10.1109%2FJSEN.2025.3646302,https://doi.org/10.1109/JSEN.2025.3646302,https://scholar.google.com/scholar?q=Multi-UAV+Cooperative+Navigation+Based+on+Multisource+Information+Fusion%3A+A+Review,Y,
17,REC_0409,REC_0409.pdf,Dust-Resilient Autonomous Navigation and Mapping for UAVs in GNSS-Denied Underground Tunnels,2026,IEEE_Xplore,10.1109/ICUAS69441.2026.11598747,recent,https://ieeexplore.ieee.org/search/searchresult.jsp?queryText=10.1109%2FICUAS69441.2026.11598747,https://doi.org/10.1109/ICUAS69441.2026.11598747,https://scholar.google.com/scholar?q=Dust-Resilient+Autonomous+Navigation+and+Mapping+for+UAVs+in+GNSS-Denied+Underground+Tunnels,Y,
18,REC_0481,REC_0481.pdf,An Onboard Transformer-Based Physics-Informed System for UAV Trajectory Prediction and State Classification in GNSS-Denied Environments,2026,IEEE_Xplore,10.1109/ICUAS69441.2026.11598599,recent,https://ieeexplore.ieee.org/search/searchresult.jsp?queryText=10.1109%2FICUAS69441.2026.11598599,https://doi.org/10.1109/ICUAS69441.2026.11598599,https://scholar.google.com/scholar?q=An+Onboard+Transformer-Based+Physics-Informed+System+for+UAV+Trajectory+Prediction+and+State+Classification+in+GNSS-Denied+Environments,Y,
19,REC_0502,REC_0502.pdf,LD3DGS-SLAM: Long-Distance Monocular SLAM With 3-D Gaussian Splatting and GNSS-Aided Localization for UAVs,2026,IEEE_Xplore,10.1109/JIOT.2025.3638876,recent,https://ieeexplore.ieee.org/search/searchresult.jsp?queryText=10.1109%2FJIOT.2025.3638876,https://doi.org/10.1109/JIOT.2025.3638876,https://scholar.google.com/scholar?q=LD3DGS-SLAM%3A+Long-Distance+Monocular+SLAM+With+3-D+Gaussian+Splatting+and+GNSS-Aided+Localization+for+UAVs,Y,
20,REC_0537,REC_0537.pdf,Indoor Navigation and Attitude Estimation for Uas Using Inertial Sensors and Extended Kalman Filtering,2026,IEEE_Xplore,10.1109/MetroAeroSpace69299.2026.11646697,recent,https://ieeexplore.ieee.org/search/searchresult.jsp?queryText=10.1109%2FMetroAeroSpace69299.2026.11646697,https://doi.org/10.1109/MetroAeroSpace69299.2026.11646697,https://scholar.google.com/scholar?q=Indoor+Navigation+and+Attitude+Estimation+for+Uas+Using+Inertial+Sensors+and+Extended+Kalman+Filtering,Y,
21,REC_0644,REC_0644.pdf,Autonomous Localization and Navigation for Drones Over Rivers,2026,IEEE_Xplore,10.1109/ACCESS.2025.3650454,recent,https://ieeexplore.ieee.org/search/searchresult.jsp?queryText=10.1109%2FACCESS.2025.3650454,https://doi.org/10.1109/ACCESS.2025.3650454,https://scholar.google.com/scholar?q=Autonomous+Localization+and+Navigation+for+Drones+Over+Rivers,Y,
22,REC_0652,REC_0652.pdf,Reinforcement Learning-Based Autonomous UAV Navigation in Indoor Environments Towards Human Detection,2026,IEEE_Xplore,10.1109/ICIPRoB69625.2026.11497788,recent,https://ieeexplore.ieee.org/search/searchresult.jsp?queryText=10.1109%2FICIPRoB69625.2026.11497788,https://doi.org/10.1109/ICIPRoB69625.2026.11497788,https://scholar.google.com/scholar?q=Reinforcement+Learning-Based+Autonomous+UAV+Navigation+in+Indoor+Environments+Towards+Human+Detection,Y,
23,REC_0656,REC_0656.pdf,Vision-Based UAV Localization by Aerial and Satellite Image Matching,2026,IEEE_Xplore,10.1109/ACCESS.2026.3684630,recent,https://ieeexplore.ieee.org/search/searchresult.jsp?queryText=10.1109%2FACCESS.2026.3684630,https://doi.org/10.1109/ACCESS.2026.3684630,https://scholar.google.com/scholar?q=Vision-Based+UAV+Localization+by+Aerial+and+Satellite+Image+Matching,Y,
24,REC_0701,REC_0701.pdf,Vision-Based Autonomous Drone Navigation Using Deep Reinforcement Learning,2026,IEEE_Xplore,10.1109/ESCI68015.2026.11493377,recent,https://ieeexplore.ieee.org/search/searchresult.jsp?queryText=10.1109%2FESCI68015.2026.11493377,https://doi.org/10.1109/ESCI68015.2026.11493377,https://scholar.google.com/scholar?q=Vision-Based+Autonomous+Drone+Navigation+Using+Deep+Reinforcement+Learning,Y,
25,REC_0705,REC_0705.pdf,Recursive Extended Finite-Memory Positioning Algorithm for Robust UAV Positioning in GNSS-Denied Environment,2026,IEEE_Xplore,10.1109/JIOT.2025.3629868,recent,https://ieeexplore.ieee.org/search/searchresult.jsp?queryText=10.1109%2FJIOT.2025.3629868,https://doi.org/10.1109/JIOT.2025.3629868,https://scholar.google.com/scholar?q=Recursive+Extended+Finite-Memory+Positioning+Algorithm+for+Robust+UAV+Positioning+in+GNSS-Denied+Environment,Y,
26,REC_0713,REC_0713.pdf,Autonomous UAV Pipeline Landing via Depth-LiDAR Fusion in GNSS-Denied Refineries,2026,IEEE_Xplore,10.1109/LRA.2026.3662655,recent,https://ieeexplore.ieee.org/search/searchresult.jsp?queryText=10.1109%2FLRA.2026.3662655,https://doi.org/10.1109/LRA.2026.3662655,https://scholar.google.com/scholar?q=Autonomous+UAV+Pipeline+Landing+via+Depth-LiDAR+Fusion+in+GNSS-Denied+Refineries,Y,
27,REC_0816,REC_0816.pdf,Feature 3D Gaussian Splatting for UAV-to-Ship Pose Estimation in GNSS-Denied Environments,2026,IEEE_Xplore,10.1109/ICUAS69441.2026.11598627,recent,https://ieeexplore.ieee.org/search/searchresult.jsp?queryText=10.1109%2FICUAS69441.2026.11598627,https://doi.org/10.1109/ICUAS69441.2026.11598627,https://scholar.google.com/scholar?q=Feature+3D+Gaussian+Splatting+for+UAV-to-Ship+Pose+Estimation+in+GNSS-Denied+Environments,Y,
28,REC_0840,REC_0840.pdf,GPS-Denied Drone Navigation via Cross-Domain Keypoint Matching,2026,IEEE_Xplore,10.1109/ICIP61757.2026.11630202,recent,https://ieeexplore.ieee.org/search/searchresult.jsp?queryText=10.1109%2FICIP61757.2026.11630202,https://doi.org/10.1109/ICIP61757.2026.11630202,https://scholar.google.com/scholar?q=GPS-Denied+Drone+Navigation+via+Cross-Domain+Keypoint+Matching,Y,
29,REC_0857,REC_0857.pdf,SwarmRaft: Leveraging Consensus for Robust Drone Swarm Coordination in GNSS-Degraded Environments,2026,IEEE_Xplore,10.1109/JIOT.2025.3645453,recent,https://ieeexplore.ieee.org/search/searchresult.jsp?queryText=10.1109%2FJIOT.2025.3645453,https://doi.org/10.1109/JIOT.2025.3645453,https://scholar.google.com/scholar?q=SwarmRaft%3A+Leveraging+Consensus+for+Robust+Drone+Swarm+Coordination+in+GNSS-Degraded+Environments,Y,
30,REC_0870,REC_0870.pdf,"Recent Trends, Techniques, and Applications of AI Based Autonomous Drones",2026,IEEE_Xplore,10.1109/ICEI65890.2026.11447876,recent,https://ieeexplore.ieee.org/search/searchresult.jsp?queryText=10.1109%2FICEI65890.2026.11447876,https://doi.org/10.1109/ICEI65890.2026.11447876,https://scholar.google.com/scholar?q=Recent+Trends%2C+Techniques%2C+and+Applications+of+AI+Based+Autonomous+Drones,Y,
31,REC_0951,REC_0951.pdf,PSS-LIO A Computationally Efficient LiDAR-Inertial Odometry Framework for UAV Building Inspection via Geometric Predictability and Structure Prior Learning,2026,IEEE_Xplore,10.1109/TIM.2026.3709427,recent,https://ieeexplore.ieee.org/search/searchresult.jsp?queryText=10.1109%2FTIM.2026.3709427,https://doi.org/10.1109/TIM.2026.3709427,https://scholar.google.com/scholar?q=PSS-LIO+A+Computationally+Efficient+LiDAR-Inertial+Odometry+Framework+for+UAV+Building+Inspection+via+Geometric+Predictability+and+Structure+Prior+Learning,Y,
32,REC_1006,REC_1006.pdf,A comprehensive survey on autonomous UAV navigation and control systems,2026,Scopus,10.1007/s40435-026-02068-3,recent,https://www.scopus.com/pages/publications/105035855485?origin=resultslist,https://doi.org/10.1007/s40435-026-02068-3,https://scholar.google.com/scholar?q=A+comprehensive+survey+on+autonomous+UAV+navigation+and+control+systems,,
33,REC_1007,REC_1007.pdf,Robust geo-localization of UAVSAR in GPS-Denied environments using deep cross-modality matching with google Earth imagery,2026,Scopus,10.1007/s12518-026-00694-2,recent,https://www.scopus.com/pages/publications/105029594437?origin=resultslist,https://doi.org/10.1007/s12518-026-00694-2,https://scholar.google.com/scholar?q=Robust+geo-localization+of+UAVSAR+in+GPS-Denied+environments+using+deep+cross-modality+matching+with+google+Earth+imagery,,
34,REC_1014,REC_1014.pdf,Cooperative UAV Swarm Communication Networks for Rapid Disaster Assessment in GPS-Denied Environments,2026,Scopus,10.3390/drones10050355,recent,https://www.scopus.com/pages/publications/105040210034?origin=resultslist,https://doi.org/10.3390/drones10050355,https://scholar.google.com/scholar?q=Cooperative+UAV+Swarm+Communication+Networks+for+Rapid+Disaster+Assessment+in+GPS-Denied+Environments,,
35,REC_1018,REC_1018.pdf,OPsCV: A Robust Framework for Aerial Navigation under Global Positioning System Denied Conditions,2026,Scopus,10.1590/jatm.v18.1413,recent,https://www.scopus.com/pages/publications/105030650208?origin=resultslist,https://doi.org/10.1590/jatm.v18.1413,https://scholar.google.com/scholar?q=OPsCV%3A+A+Robust+Framework+for+Aerial+Navigation+under+Global+Positioning+System+Denied+Conditions,,
36,REC_1019,REC_1019.pdf,Multi-Sensor Fusion SLAM for Interceptor UAVs in GNSS-Denied Environments: A Review,2026,Scopus,10.1109/JSEN.2026.3720978,recent,https://www.scopus.com/pages/publications/105048552810?origin=resultslist,https://doi.org/10.1109/JSEN.2026.3720978,https://scholar.google.com/scholar?q=Multi-Sensor+Fusion+SLAM+for+Interceptor+UAVs+in+GNSS-Denied+Environments%3A+A+Review,,
37,REC_1023,REC_1023.pdf,A Hybrid Drone SINS/GNSS Information Fusion Method Based on Attention-Augmented TCN in GNSS-Denied Environments,2026,Scopus,10.3390/rs18091379,recent,https://www.scopus.com/pages/publications/105038771934?origin=resultslist,https://doi.org/10.3390/rs18091379,https://scholar.google.com/scholar?q=A+Hybrid+Drone+SINS%2FGNSS+Information+Fusion+Method+Based+on+Attention-Augmented+TCN+in+GNSS-Denied+Environments,,
38,REC_1026,REC_1026.pdf,Indoor UAV Localization via Multi-Anchor One-Shot Calibration and Factor Graph Fusion,2026,Scopus,10.3390/rs18091407,recent,https://www.scopus.com/pages/publications/105038413467?origin=resultslist,https://doi.org/10.3390/rs18091407,https://scholar.google.com/scholar?q=Indoor+UAV+Localization+via+Multi-Anchor+One-Shot+Calibration+and+Factor+Graph+Fusion,,
39,REC_1029,REC_1029.pdf,A Localization Strategy for Low-cost UAVs Sewers Inspection,2026,Scopus,10.1109/SII64115.2026.11404663,recent,https://www.scopus.com/pages/publications/105035767676?origin=resultslist,https://doi.org/10.1109/SII64115.2026.11404663,https://scholar.google.com/scholar?q=A+Localization+Strategy+for+Low-cost+UAVs+Sewers+Inspection,,
40,REC_1032,REC_1032.pdf,Synchronized Multi-Directional FMCW mmWave Radar–Inertial Odometry: Robust Positioning and Autonomous Navigation Experiments for UAVs in Low-Light Indoor Environments,2026,Scopus,10.3390/drones10020120,recent,https://www.scopus.com/pages/publications/105031153533?origin=resultslist,https://doi.org/10.3390/drones10020120,https://scholar.google.com/scholar?q=Synchronized+Multi-Directional+FMCW+mmWave+Radar%E2%80%93Inertial+Odometry%3A+Robust+Positioning+and+Autonomous+Navigation+Experiments+for+UAVs+in+Low-Light+Indoor+Environments,,
41,REC_1035,REC_1035.pdf,An improved selective correction adaptive particle filter-based cooperative navigation algorithm for UAV swarms in GNSS-denied areas,2026,Scopus,10.1088/1361-6501/ae65bc,recent,https://www.scopus.com/pages/publications/105040256436?origin=resultslist,https://doi.org/10.1088/1361-6501/ae65bc,https://scholar.google.com/scholar?q=An+improved+selective+correction+adaptive+particle+filter-based+cooperative+navigation+algorithm+for+UAV+swarms+in+GNSS-denied+areas,,
42,REC_1043,REC_1043.pdf,Consistent-Innovation-Aided Distributed Cooperative Localization for Multi-UAV Navigation in GNSS-Denied Environments,2026,Scopus,10.3390/rs18142286,recent,https://www.scopus.com/pages/publications/105045695200?origin=resultslist,https://doi.org/10.3390/rs18142286,https://scholar.google.com/scholar?q=Consistent-Innovation-Aided+Distributed+Cooperative+Localization+for+Multi-UAV+Navigation+in+GNSS-Denied+Environments,,
43,REC_1044,REC_1044.pdf,Magnetometer-based enhanced visual-inertial odometry for reliable long-range navigation in GNSS-denied high-altitude environment,2026,Scopus,10.1016/j.ast.2026.112673,recent,https://www.scopus.com/pages/publications/105039694002?origin=resultslist,https://doi.org/10.1016/j.ast.2026.112673,https://scholar.google.com/scholar?q=Magnetometer-based+enhanced+visual-inertial+odometry+for+reliable+long-range+navigation+in+GNSS-denied+high-altitude+environment,,
44,REC_1046,REC_1046.pdf,A UAV scene matching method based on triplet relationship and sliding mode control for GPS-denied environments,2026,Scopus,10.1016/j.measurement.2026.120581,recent,https://www.scopus.com/pages/publications/105028606369?origin=resultslist,https://doi.org/10.1016/j.measurement.2026.120581,https://scholar.google.com/scholar?q=A+UAV+scene+matching+method+based+on+triplet+relationship+and+sliding+mode+control+for+GPS-denied+environments,,
45,REC_1051,REC_1051.pdf,Autonomous vision-based UAV localization and optimization-based path planning in GPS-denied environments: a review,2026,Scopus,10.1088/2631-8695/ae305b,recent,https://www.scopus.com/pages/publications/105027177299?origin=resultslist,https://doi.org/10.1088/2631-8695/ae305b,https://scholar.google.com/scholar?q=Autonomous+vision-based+UAV+localization+and+optimization-based+path+planning+in+GPS-denied+environments%3A+a+review,,
46,REC_1069,REC_1069.pdf,UAV–UGV Collaborative Localization in GNSS-Denied Large-Scale Environments: An Anchor-Free VIO–UWB Fusion with Adaptive Weighting and Outlier Suppression,2026,Scopus,10.3390/drones10030175,recent,https://www.scopus.com/pages/publications/105033909066?origin=resultslist,https://doi.org/10.3390/drones10030175,https://scholar.google.com/scholar?q=UAV%E2%80%93UGV+Collaborative+Localization+in+GNSS-Denied+Large-Scale+Environments%3A+An+Anchor-Free+VIO%E2%80%93UWB+Fusion+with+Adaptive+Weighting+and+Outlier+Suppression,,
47,REC_1080,REC_1080.pdf,Adaptive neural pose regression enabled by updatable graphics-based digital twin for robust UAV localization in GPS-denied civil infrastructure,2026,Scopus,10.1016/j.robot.2026.105570,recent,https://www.scopus.com/pages/publications/105041281487?origin=resultslist,https://doi.org/10.1016/j.robot.2026.105570,https://scholar.google.com/scholar?q=Adaptive+neural+pose+regression+enabled+by+updatable+graphics-based+digital+twin+for+robust+UAV+localization+in+GPS-denied+civil+infrastructure,,
48,REC_1083,REC_1083.pdf,GNSS-Denied UAV Terrain Matching Navigation Based on the Autoencoder Network with Contrastive Learning,2026,Scopus,10.3390/drones10050339,recent,https://www.scopus.com/pages/publications/105040241814?origin=resultslist,https://doi.org/10.3390/drones10050339,https://scholar.google.com/scholar?q=GNSS-Denied+UAV+Terrain+Matching+Navigation+Based+on+the+Autoencoder+Network+with+Contrastive+Learning,,
49,REC_1084,REC_1084.pdf,CLAK:CNN-LSTM-Attention and Kolmogorov-Arnold Networks for non-visual UAV localization in GNSS-denied environments,2026,Scopus,10.1186/s43020-026-00192-1,recent,https://www.scopus.com/pages/publications/105034388649?origin=resultslist,https://doi.org/10.1186/s43020-026-00192-1,https://scholar.google.com/scholar?q=CLAK%3ACNN-LSTM-Attention+and+Kolmogorov-Arnold+Networks+for+non-visual+UAV+localization+in+GNSS-denied+environments,,
50,REC_1092,REC_1092.pdf,Efficient SLAM Algorithm Based on Quaternions for Real-Time Navigation of Unmanned Aerial Vehicles,2026,Scopus,10.1002/ett.70386,recent,https://www.scopus.com/pages/publications/105031481355?origin=resultslist,https://doi.org/10.1002/ett.70386,https://scholar.google.com/scholar?q=Efficient+SLAM+Algorithm+Based+on+Quaternions+for+Real-Time+Navigation+of+Unmanned+Aerial+Vehicles,,
51,REC_1096,REC_1096.pdf,DTVIRM-Swarm: A Distributed and Tightly Integrated Visual-Inertial-UWB-Magnetic System for Anchor Free Swarm Cooperative Localization,2026,Scopus,10.3390/drones10010049,recent,https://www.scopus.com/pages/publications/105028702188?origin=resultslist,https://doi.org/10.3390/drones10010049,https://scholar.google.com/scholar?q=DTVIRM-Swarm%3A+A+Distributed+and+Tightly+Integrated+Visual-Inertial-UWB-Magnetic+System+for+Anchor+Free+Swarm+Cooperative+Localization,,
52,REC_1099,REC_1099.pdf,Machine Learning-Based UAV Localization for Under-Structure Sensor Deployment in GPS-Denied Environments,2026,Scopus,10.1117/12.3089966,recent,https://www.scopus.com/pages/publications/105040245069?origin=resultslist,https://doi.org/10.1117/12.3089966,https://scholar.google.com/scholar?q=Machine+Learning-Based+UAV+Localization+for+Under-Structure+Sensor+Deployment+in+GPS-Denied+Environments,,
53,REC_1106,REC_1106.pdf,Adaptive Particle Filter-Neural Network Fusion for Cooperative Localization of Multi-UAV Systems in GNSS-Denied Indoor Environments,2026,Scopus,10.3390/computers15030172,recent,https://www.scopus.com/pages/publications/105033865528?origin=resultslist,https://doi.org/10.3390/computers15030172,https://scholar.google.com/scholar?q=Adaptive+Particle+Filter-Neural+Network+Fusion+for+Cooperative+Localization+of+Multi-UAV+Systems+in+GNSS-Denied+Indoor+Environments,,
54,REC_1107,REC_1107.pdf,Multi-UAV Cooperative Localization in Pseudolite-Augmented GNSS-Denied Regions: An Anomaly-Resilient Adaptive Kalman Filter with Group Covariance Compensation,2026,Scopus,10.3390/drones10060460,recent,https://www.scopus.com/pages/publications/105042994840?origin=resultslist,https://doi.org/10.3390/drones10060460,https://scholar.google.com/scholar?q=Multi-UAV+Cooperative+Localization+in+Pseudolite-Augmented+GNSS-Denied+Regions%3A+An+Anomaly-Resilient+Adaptive+Kalman+Filter+with+Group+Covariance+Compensation,,
55,REC_1110,REC_1110.pdf,Cross-Session 3D LiDAR and Camera Fusion for Robust Localization of Unmanned Aerial Vehicles in GPS-Denied Environments,2026,Scopus,10.1155/joro/9948104,recent,https://www.scopus.com/pages/publications/105043187500?origin=resultslist,https://doi.org/10.1155/joro/9948104,https://scholar.google.com/scholar?q=Cross-Session+3D+LiDAR+and+Camera+Fusion+for+Robust+Localization+of+Unmanned+Aerial+Vehicles+in+GPS-Denied+Environments,,
56,REC_1114,REC_1114.pdf,I-NAV: Inverse Navigation for questionnaire-based geolocation in GPS-denied environments,2026,Scopus,10.1016/j.array.2026.100978,recent,https://www.scopus.com/pages/publications/105042649186?origin=resultslist,https://doi.org/10.1016/j.array.2026.100978,https://scholar.google.com/scholar?q=I-NAV%3A+Inverse+Navigation+for+questionnaire-based+geolocation+in+GPS-denied+environments,,
57,REC_1115,REC_1115.pdf,SWA-PF: Semantic-weighted adaptive particle filter for memory-efficient 4-DoF UAV localization in GNSS-denied environments,2026,Scopus,10.1016/j.patcog.2026.114522,recent,https://www.scopus.com/pages/publications/105045713651?origin=resultslist,https://doi.org/10.1016/j.patcog.2026.114522,https://scholar.google.com/scholar?q=SWA-PF%3A+Semantic-weighted+adaptive+particle+filter+for+memory-efficient+4-DoF+UAV+localization+in+GNSS-denied+environments,,
58,REC_1116,REC_1116.pdf,Development of a Visual SLAM-Based Autonomous UAV System for Greenhouse Plant Monitoring,2026,Scopus,10.3390/drones10030205,recent,https://www.scopus.com/pages/publications/105033949830?origin=resultslist,https://doi.org/10.3390/drones10030205,https://scholar.google.com/scholar?q=Development+of+a+Visual+SLAM-Based+Autonomous+UAV+System+for+Greenhouse+Plant+Monitoring,,
59,REC_1123,REC_1123.pdf,A Novel Scene-Matching Positioning Approach for Low-Altitude UAVs Considering Elevation Differences in Satellite Images,2026,Scopus,10.1109/JIOT.2026.3664077,recent,https://www.scopus.com/pages/publications/105030190770?origin=resultslist,https://doi.org/10.1109/JIOT.2026.3664077,https://scholar.google.com/scholar?q=A+Novel+Scene-Matching+Positioning+Approach+for+Low-Altitude+UAVs+Considering+Elevation+Differences+in+Satellite+Images,,
60,REC_1124,REC_1124.pdf,Real-Time Elevation and Orientation-Aware Visual Localization for GNSS-Denied Drone Navigation,2026,Scopus,10.3390/drones10060445,recent,https://www.scopus.com/pages/publications/105042771790?origin=resultslist,https://doi.org/10.3390/drones10060445,https://scholar.google.com/scholar?q=Real-Time+Elevation+and+Orientation-Aware+Visual+Localization+for+GNSS-Denied+Drone+Navigation,,
61,REC_1131,REC_1131.pdf,Enhancing UAV Autonomy and Path Optimization Through SBAS and Visual-Inertial Odometry; [Mejora de la autonomía de UAV y optimización de trayectorias mediante odometría visual–inercial integrada con SBAS],2026,Scopus,10.15446/ing.investig.119122,recent,https://www.scopus.com/pages/publications/105033716526?origin=resultslist,https://doi.org/10.15446/ing.investig.119122,https://scholar.google.com/scholar?q=Enhancing+UAV+Autonomy+and+Path+Optimization+Through+SBAS+and+Visual-Inertial+Odometry%3B+%5BMejora+de+la+autonom%C3%ADa+de+UAV+y+optimizaci%C3%B3n+de+trayectorias+mediante+odometr%C3%ADa+visual%E2%80%93inercial+integrada+con+SBAS%5D,,
62,REC_1134,REC_1134.pdf,A Decision-Making Framework for Autonomous Aerial Vehicles in Responding to GPS Loss,2026,Scopus,10.2514/6.2026-1992,recent,https://www.scopus.com/pages/publications/105031135869?origin=resultslist,https://doi.org/10.2514/6.2026-1992,https://scholar.google.com/scholar?q=A+Decision-Making+Framework+for+Autonomous+Aerial+Vehicles+in+Responding+to+GPS+Loss,,
63,REC_1142,REC_1142.pdf,Dual Quaternion-Based Unscented Kalman Filter with Visual Inertial Odometry for navigation in GPS-denied environments,2026,Scopus,10.1016/j.measurement.2026.121964,recent,https://www.scopus.com/pages/publications/105041395472?origin=resultslist,https://doi.org/10.1016/j.measurement.2026.121964,https://scholar.google.com/scholar?q=Dual+Quaternion-Based+Unscented+Kalman+Filter+with+Visual+Inertial+Odometry+for+navigation+in+GPS-denied+environments,,
64,REC_1143,REC_1143.pdf,Multi-Robot Cooperative 3D Frontier Exploration Using Stereo Camera Based Mapping in GPS-Denied Environments,2026,Scopus,10.2514/6.2026-0859,recent,https://www.scopus.com/pages/publications/105031187258?origin=resultslist,https://doi.org/10.2514/6.2026-0859,https://scholar.google.com/scholar?q=Multi-Robot+Cooperative+3D+Frontier+Exploration+Using+Stereo+Camera+Based+Mapping+in+GPS-Denied+Environments,,
65,REC_1149,REC_1149.pdf,Simultaneous Localization and Mapping using Sensor Fusion for UAV Navigation in GPS-Denied Environments,2026,Scopus,10.2514/6.2026-0855,recent,https://www.scopus.com/pages/publications/105031153399?origin=resultslist,https://doi.org/10.2514/6.2026-0855,https://scholar.google.com/scholar?q=Simultaneous+Localization+and+Mapping+using+Sensor+Fusion+for+UAV+Navigation+in+GPS-Denied+Environments,,
66,REC_1150,REC_1150.pdf,NaviLoc: Trajectory-Level Visual Localization for GNSS-Denied UAV Navigation,2026,Scopus,10.3390/drones10020097,recent,https://www.scopus.com/pages/publications/105031282340?origin=resultslist,https://doi.org/10.3390/drones10020097,https://scholar.google.com/scholar?q=NaviLoc%3A+Trajectory-Level+Visual+Localization+for+GNSS-Denied+UAV+Navigation,,
67,REC_1163,REC_1163.pdf,A comparative study of TERCOM-EKF and ViSensorRF for UAV localization in GNSS-denied environments,2026,Scopus,10.1016/j.rineng.2025.108279,recent,https://www.scopus.com/pages/publications/105023854025?origin=resultslist,https://doi.org/10.1016/j.rineng.2025.108279,https://scholar.google.com/scholar?q=A+comparative+study+of+TERCOM-EKF+and+ViSensorRF+for+UAV+localization+in+GNSS-denied+environments,,
68,REC_1164,REC_1164.pdf,Lightweight and accurate infrared rangefinder-fused LiDAR-inertial localization for UAV-based bridge inspection in GPS-denied environments,2026,Scopus,10.1016/j.measurement.2025.118983,recent,https://www.scopus.com/pages/publications/105016309253?origin=resultslist,https://doi.org/10.1016/j.measurement.2025.118983,https://scholar.google.com/scholar?q=Lightweight+and+accurate+infrared+rangefinder-fused+LiDAR-inertial+localization+for+UAV-based+bridge+inspection+in+GPS-denied+environments,,
69,REC_1165,REC_1165.pdf,UAV Localization in GPS-Denied Environments: A Review,2026,Scopus,10.1109/TSMC.2026.3708505,recent,https://www.scopus.com/pages/publications/105044809424?origin=resultslist,https://doi.org/10.1109/TSMC.2026.3708505,https://scholar.google.com/scholar?q=UAV+Localization+in+GPS-Denied+Environments%3A+A+Review,,
70,REC_1167,REC_1167.pdf,APF-Driven Lightweight UAV Swarm Trajectory Optimization in GNSS-Denied Air–Terrestrial Navigation,2026,Scopus,10.3390/electronics15061207,recent,https://www.scopus.com/pages/publications/105034263672?origin=resultslist,https://doi.org/10.3390/electronics15061207,https://scholar.google.com/scholar?q=APF-Driven+Lightweight+UAV+Swarm+Trajectory+Optimization+in+GNSS-Denied+Air%E2%80%93Terrestrial+Navigation,,
71,REC_1171,REC_1171.pdf,"LiDAR-Based Multi-Modal UAV Navigation Dataset for Robust Benchmarking in Complex-Structured, GNSS-Denied Industrial Environments",2026,Scopus,10.3390/drones10080611,recent,https://www.scopus.com/pages/publications/105048346246?origin=resultslist,https://doi.org/10.3390/drones10080611,https://scholar.google.com/scholar?q=LiDAR-Based+Multi-Modal+UAV+Navigation+Dataset+for+Robust+Benchmarking+in+Complex-Structured%2C+GNSS-Denied+Industrial+Environments,,
72,REC_1175,REC_1175.pdf,Deep Learning for Autonomous UAV Navigation: Multi-Modal Visual-Inertial Pose Estimation in GPS-Denied Environments,2026,Scopus,10.5194/isprs-annals-X-4-W8-2025-389-2026,recent,https://www.scopus.com/pages/publications/105041256239?origin=resultslist,https://doi.org/10.5194/isprs-annals-X-4-W8-2025-389-2026,https://scholar.google.com/scholar?q=Deep+Learning+for+Autonomous+UAV+Navigation%3A+Multi-Modal+Visual-Inertial+Pose+Estimation+in+GPS-Denied+Environments,,
73,REC_1185,REC_1185.pdf,UAV swarm distributed cooperative localization in GNSS-denied environments: an ICMC and ACPM Fusion approach,2026,Scopus,10.1016/j.adhoc.2026.104363,recent,https://www.scopus.com/pages/publications/105046510686?origin=resultslist,https://doi.org/10.1016/j.adhoc.2026.104363,https://scholar.google.com/scholar?q=UAV+swarm+distributed+cooperative+localization+in+GNSS-denied+environments%3A+an+ICMC+and+ACPM+Fusion+approach,,
74,REC_1208,REC_1208.pdf,Energy-Aware Adaptive Communication Topology with Edge-AI Navigation for UAV Swarms in GNSS-Denied Environments,2026,Scopus,10.3390/drones10040273,recent,https://www.scopus.com/pages/publications/105037061945?origin=resultslist,https://doi.org/10.3390/drones10040273,https://scholar.google.com/scholar?q=Energy-Aware+Adaptive+Communication+Topology+with+Edge-AI+Navigation+for+UAV+Swarms+in+GNSS-Denied+Environments,,
75,REC_1216,REC_1216.pdf,A Two-Stage Residual Extended Kalman Filter using Extreme Gradient Boosting and Kolmogorov–Arnold Networks for terrain-aided Unmanned Aerial Vehicle Localization in Global Navigation Satellite System-denied environments,2026,Scopus,10.1016/j.engappai.2026.114430,recent,https://www.scopus.com/pages/publications/105032198406?origin=resultslist,https://doi.org/10.1016/j.engappai.2026.114430,https://scholar.google.com/scholar?q=A+Two-Stage+Residual+Extended+Kalman+Filter+using+Extreme+Gradient+Boosting+and+Kolmogorov%E2%80%93Arnold+Networks+for+terrain-aided+Unmanned+Aerial+Vehicle+Localization+in+Global+Navigation+Satellite+System-denied+environments,,
76,REC_1223,REC_1223.pdf,"uVGS-2: The Micro Video Guidance Sensor: A 6-DoF Robust Pose Estimator for Autonomous Proximity Maneuvers in Drones, Spacecraft and Mobile Robot Navigation",2026,Scopus,10.3390/drones10070535,recent,https://www.scopus.com/pages/publications/105045826677?origin=resultslist,https://doi.org/10.3390/drones10070535,https://scholar.google.com/scholar?q=uVGS-2%3A+The+Micro+Video+Guidance+Sensor%3A+A+6-DoF+Robust+Pose+Estimator+for+Autonomous+Proximity+Maneuvers+in+Drones%2C+Spacecraft+and+Mobile+Robot+Navigation,,
77,REC_1235,REC_1235.pdf,Autonomous Positioning System for UAV Scene Matching Under GNSS-Denied Environments,2026,Scopus,10.3233/ATDE260245,recent,https://www.scopus.com/pages/publications/105035213853?origin=resultslist,https://doi.org/10.3233/ATDE260245,https://scholar.google.com/scholar?q=Autonomous+Positioning+System+for+UAV+Scene+Matching+Under+GNSS-Denied+Environments,,
78,REC_1243,REC_1243.pdf,Adaptive Formation Control of UAVs near Structures for Robust Localization and Efficient Task Execution,2026,Scopus,10.20965/jrm.2026.p0907,recent,https://www.scopus.com/pages/publications/105047093356?origin=resultslist,https://doi.org/10.20965/jrm.2026.p0907,https://scholar.google.com/scholar?q=Adaptive+Formation+Control+of+UAVs+near+Structures+for+Robust+Localization+and+Efficient+Task+Execution,,
79,REC_1248,REC_1248.pdf,Gradient perception approach: Mapless INS/geomagnetic combined navigation in GPS-denied environments,2026,Scopus,10.1016/j.measurement.2026.122761,recent,https://www.scopus.com/pages/publications/105046904160?origin=resultslist,https://doi.org/10.1016/j.measurement.2026.122761,https://scholar.google.com/scholar?q=Gradient+perception+approach%3A+Mapless+INS%2Fgeomagnetic+combined+navigation+in+GPS-denied+environments,,
80,REC_1252,REC_1252.pdf,Artificial Intelligence-Based Decision Support System for UAV Control in a Simulated Environment,2026,Scopus,10.3390/s26082436,recent,https://www.scopus.com/pages/publications/105037069864?origin=resultslist,https://doi.org/10.3390/s26082436,https://scholar.google.com/scholar?q=Artificial+Intelligence-Based+Decision+Support+System+for+UAV+Control+in+a+Simulated+Environment,,
81,REC_1253,REC_1253.pdf,Real-Time Autonomous UAV Navigation with SLAM-Based Mapping and Direction-Oriented Exploration in Forest-like GNSS-Denied Scenarios,2026,Scopus,10.3390/drones10060399,recent,https://www.scopus.com/pages/publications/105042835268?origin=resultslist,https://doi.org/10.3390/drones10060399,https://scholar.google.com/scholar?q=Real-Time+Autonomous+UAV+Navigation+with+SLAM-Based+Mapping+and+Direction-Oriented+Exploration+in+Forest-like+GNSS-Denied+Scenarios,,
82,REC_1274,REC_1274.pdf,Integrated Air–Ground Robotic System for Autonomous Post-Blast Operations in GNSS-Denied Tunnels,2026,Scopus,10.3390/rs18081133,recent,https://www.scopus.com/pages/publications/105037021457?origin=resultslist,https://doi.org/10.3390/rs18081133,https://scholar.google.com/scholar?q=Integrated+Air%E2%80%93Ground+Robotic+System+for+Autonomous+Post-Blast+Operations+in+GNSS-Denied+Tunnels,,
83,REC_1277,REC_1277.pdf,A Physics-Guided Aeromagnetic Interference Compensation Method for Geomagnetic Sensing in GNSS-Denied UAV Swarm Systems,2026,Scopus,10.3390/drones10040252,recent,https://www.scopus.com/pages/publications/105036880261?origin=resultslist,https://doi.org/10.3390/drones10040252,https://scholar.google.com/scholar?q=A+Physics-Guided+Aeromagnetic+Interference+Compensation+Method+for+Geomagnetic+Sensing+in+GNSS-Denied+UAV+Swarm+Systems,,
84,REC_1281,REC_1281.pdf,Learning to Navigate and Track: A Decentralized RL Framework for UAV Operations in GNSS-Denied Terrain,2026,Scopus,10.1007/978-3-032-11402-0_23,recent,https://www.scopus.com/pages/publications/105023511047?origin=resultslist,https://doi.org/10.1007/978-3-032-11402-0_23,https://scholar.google.com/scholar?q=Learning+to+Navigate+and+Track%3A+A+Decentralized+RL+Framework+for+UAV+Operations+in+GNSS-Denied+Terrain,,
85,REC_1295,REC_1295.pdf,Digital Twin Approach for Drift-Free UAV Localization in GPS-Denied Environments,2026,Scopus,10.1061/JCCEE5.CPENG-7010,recent,https://www.scopus.com/pages/publications/105017550961?origin=resultslist,https://doi.org/10.1061/JCCEE5.CPENG-7010,https://scholar.google.com/scholar?q=Digital+Twin+Approach+for+Drift-Free+UAV+Localization+in+GPS-Denied+Environments,,
86,REC_1302,REC_1302.pdf,Federated Energy-Aware Deep Reinforcement Learning for GNSS-Independent Swarm UAV Autonomy †,2026,Scopus,10.3390/electronics15143064,recent,https://www.scopus.com/pages/publications/105045981017?origin=resultslist,https://doi.org/10.3390/electronics15143064,https://scholar.google.com/scholar?q=Federated+Energy-Aware+Deep+Reinforcement+Learning+for+GNSS-Independent+Swarm+UAV+Autonomy+%E2%80%A0,,
87,REC_1304,REC_1304.pdf,Formation-Constrained Cooperative Localization for UAV Swarms in GNSS-Denied Environments,2026,Scopus,10.3390/s26061984,recent,https://www.scopus.com/pages/publications/105033988652?origin=resultslist,https://doi.org/10.3390/s26061984,https://scholar.google.com/scholar?q=Formation-Constrained+Cooperative+Localization+for+UAV+Swarms+in+GNSS-Denied+Environments,,
88,REC_1309,REC_1309.pdf,Vision-Based Unmanned Aerial Vehicle Swarm Cooperation and Online Point-Cloud Registration for Global Localization in Global Navigation Satellite System-Intermittent Environments,2026,Scopus,10.3390/drones10010065,recent,https://www.scopus.com/pages/publications/105028796174?origin=resultslist,https://doi.org/10.3390/drones10010065,https://scholar.google.com/scholar?q=Vision-Based+Unmanned+Aerial+Vehicle+Swarm+Cooperation+and+Online+Point-Cloud+Registration+for+Global+Localization+in+Global+Navigation+Satellite+System-Intermittent+Environments,,
89,REC_1341,REC_1341.pdf,Consensus and Quantum Particle Swarm Optimization-Based Cooperative Navigation Method,2026,Scopus,10.1007/978-981-95-3025-0_38,recent,https://www.scopus.com/pages/publications/105022741116?origin=resultslist,https://doi.org/10.1007/978-981-95-3025-0_38,https://scholar.google.com/scholar?q=Consensus+and+Quantum+Particle+Swarm+Optimization-Based+Cooperative+Navigation+Method,,
90,REC_1365,REC_1365.pdf,Coordination and Planning Algorithms for a UAS Fleet in GPS-Denied Environments,2026,Scopus,10.2514/6.2026-1091,recent,https://www.scopus.com/pages/publications/105031186238?origin=resultslist,https://doi.org/10.2514/6.2026-1091,https://scholar.google.com/scholar?q=Coordination+and+Planning+Algorithms+for+a+UAS+Fleet+in+GPS-Denied+Environments,,
91,REC_1393,REC_1393.pdf,ST-DCL: A Spatio-Temporally Decoupled Cooperative Localization Method for Dynamic Drone Swarms,2026,Scopus,10.3390/drones10010069,recent,https://www.scopus.com/pages/publications/105028743165?origin=resultslist,https://doi.org/10.3390/drones10010069,https://scholar.google.com/scholar?q=ST-DCL%3A+A+Spatio-Temporally+Decoupled+Cooperative+Localization+Method+for+Dynamic+Drone+Swarms,,
92,REC_1399,REC_1399.pdf,Adaptive Texture-Aware Pixel Selection for Robust Direct Visual Odometry in UAV Navigation,2026,Scopus,10.1109/ICUAS69441.2026.11598726,recent,https://www.scopus.com/pages/publications/105045619708?origin=resultslist,https://doi.org/10.1109/ICUAS69441.2026.11598726,https://scholar.google.com/scholar?q=Adaptive+Texture-Aware+Pixel+Selection+for+Robust+Direct+Visual+Odometry+in+UAV+Navigation,,
93,REC_1412,REC_1412.pdf,Collision Avoidance for a Hexacopter Using Deep Learning and IMU in a GPS-Denied Environment,2026,Scopus,10.1007/s12555-026-00052-3,recent,https://www.scopus.com/pages/publications/105033455577?origin=resultslist,https://doi.org/10.1007/s12555-026-00052-3,https://scholar.google.com/scholar?q=Collision+Avoidance+for+a+Hexacopter+Using+Deep+Learning+and+IMU+in+a+GPS-Denied+Environment,,
94,REC_1435,REC_1435.pdf,UAV-Assisted Collaborative Positioning in GNSS-Denied Environments,2026,Scopus,10.5194/isprs-archives-XLIX-B1-2026-41-2026,recent,https://www.scopus.com/pages/publications/105046331613?origin=resultslist,https://doi.org/10.5194/isprs-archives-XLIX-B1-2026-41-2026,https://scholar.google.com/scholar?q=UAV-Assisted+Collaborative+Positioning+in+GNSS-Denied+Environments,,
95,REC_1439,REC_1439.pdf,3D map and mmWave radar-based self-localization for UAVs in GNSS-denied environments,2026,Scopus,10.1016/j.vehcom.2025.100986,recent,https://www.scopus.com/pages/publications/105021670121?origin=resultslist,https://doi.org/10.1016/j.vehcom.2025.100986,https://scholar.google.com/scholar?q=3D+map+and+mmWave+radar-based+self-localization+for+UAVs+in+GNSS-denied+environments,,
96,REC_1452,REC_1452.pdf,Monocular Vision-Based Navigation for UAVs in Dynamic Environments,2026,Scopus,10.2514/6.2026-1960,recent,https://www.scopus.com/pages/publications/105031057080?origin=resultslist,https://doi.org/10.2514/6.2026-1960,https://scholar.google.com/scholar?q=Monocular+Vision-Based+Navigation+for+UAVs+in+Dynamic+Environments,,
97,REC_1453,REC_1453.pdf,A Graph-Optimization-Based tightly coupled Multi-Source positioning method for UAVs in GNSS-Denied environments,2026,Scopus,10.1016/j.measurement.2026.121787,recent,https://www.scopus.com/pages/publications/105039222132?origin=resultslist,https://doi.org/10.1016/j.measurement.2026.121787,https://scholar.google.com/scholar?q=A+Graph-Optimization-Based+tightly+coupled+Multi-Source+positioning+method+for+UAVs+in+GNSS-Denied+environments,,
98,REC_1454,REC_1454.pdf,Adaptive UAV Visual Localisation Based on Improved Gradient-Damping Newton Method,2026,Scopus,10.3390/electronics15101974,recent,https://www.scopus.com/pages/publications/105040052818?origin=resultslist,https://doi.org/10.3390/electronics15101974,https://scholar.google.com/scholar?q=Adaptive+UAV+Visual+Localisation+Based+on+Improved+Gradient-Damping+Newton+Method,,
99,REC_1474,REC_1474.pdf,Robust UAV-Satellite Imagery Alignment via Cross-Domain Descriptor Learning and Homography Optimization,2026,Scopus,10.1109/TGRS.2026.3689254,recent,https://www.scopus.com/pages/publications/105037624810?origin=resultslist,https://doi.org/10.1109/TGRS.2026.3689254,https://scholar.google.com/scholar?q=Robust+UAV-Satellite+Imagery+Alignment+via+Cross-Domain+Descriptor+Learning+and+Homography+Optimization,,
100,REC_1512,REC_1512.pdf,Hierarchical Multi-Agent Navigation Through the 72-h Thermal Drift Cliff,2026,Scopus,10.3390/drones10080561,recent,https://www.scopus.com/pages/publications/105048338625?origin=resultslist,https://doi.org/10.3390/drones10080561,https://scholar.google.com/scholar?q=Hierarchical+Multi-Agent+Navigation+Through+the+72-h+Thermal+Drift+Cliff,,
101,REC_0041,REC_0041.pdf,UAV Navigation With Monocular Visual Inertial Odometry Under GNSS-Denied Environment,2023,IEEE_Xplore,10.1109/TGRS.2023.3323519,mid,https://ieeexplore.ieee.org/search/searchresult.jsp?queryText=10.1109%2FTGRS.2023.3323519,https://doi.org/10.1109/TGRS.2023.3323519,https://scholar.google.com/scholar?q=UAV+Navigation+With+Monocular+Visual+Inertial+Odometry+Under+GNSS-Denied+Environment,Y,
102,REC_0065,REC_0065.pdf,Autonomous Drones in GNSS-Denied Environments: Results from the Leonardo Drone Contest,2023,IEEE_Xplore,10.1109/MetroAeroSpace57412.2023.10190003,mid,https://ieeexplore.ieee.org/search/searchresult.jsp?queryText=10.1109%2FMetroAeroSpace57412.2023.10190003,https://doi.org/10.1109/MetroAeroSpace57412.2023.10190003,https://scholar.google.com/scholar?q=Autonomous+Drones+in+GNSS-Denied+Environments%3A+Results+from+the+Leonardo+Drone+Contest,Y,
103,REC_0066,REC_0066.pdf,Real Time Vision Based Obstacle Avoidance for UAV using YOLO in GPS Denied Environment,2023,IEEE_Xplore,10.1109/OCIT59427.2023.10431039,mid,https://ieeexplore.ieee.org/search/searchresult.jsp?queryText=10.1109%2FOCIT59427.2023.10431039,https://doi.org/10.1109/OCIT59427.2023.10431039,https://scholar.google.com/scholar?q=Real+Time+Vision+Based+Obstacle+Avoidance+for+UAV+using+YOLO+in+GPS+Denied+Environment,Y,
104,REC_0123,REC_0123.pdf,Visual-based landing system of a multirotor UAV in GNSS denied environment,2023,IEEE_Xplore,10.1109/MetroAeroSpace57412.2023.10190013,mid,https://ieeexplore.ieee.org/search/searchresult.jsp?queryText=10.1109%2FMetroAeroSpace57412.2023.10190013,https://doi.org/10.1109/MetroAeroSpace57412.2023.10190013,https://scholar.google.com/scholar?q=Visual-based+landing+system+of+a+multirotor+UAV+in+GNSS+denied+environment,Y,
105,REC_0161,REC_0161.pdf,Sensor Fusion for Autonomous Indoor UAV Navigation in Confined Spaces,2023,IEEE_Xplore,10.1109/ICST59744.2023.10460820,mid,https://ieeexplore.ieee.org/search/searchresult.jsp?queryText=10.1109%2FICST59744.2023.10460820,https://doi.org/10.1109/ICST59744.2023.10460820,https://scholar.google.com/scholar?q=Sensor+Fusion+for+Autonomous+Indoor+UAV+Navigation+in+Confined+Spaces,Y,
106,REC_0215,REC_0215.pdf,GPS-Denied UAV-UGV Relative Positioning System via Vision-UWB Fusion,2023,IEEE_Xplore,10.1109/ICIEA58696.2023.10241577,mid,https://ieeexplore.ieee.org/search/searchresult.jsp?queryText=10.1109%2FICIEA58696.2023.10241577,https://doi.org/10.1109/ICIEA58696.2023.10241577,https://scholar.google.com/scholar?q=GPS-Denied+UAV-UGV+Relative+Positioning+System+via+Vision-UWB+Fusion,Y,
107,REC_0264,REC_0264.pdf,Autonomous UAV Navigation for Target Detection in Visually Degraded and GPS Denied Environments,2023,IEEE_Xplore,10.1109/AERO55745.2023.10115544,mid,https://ieeexplore.ieee.org/search/searchresult.jsp?queryText=10.1109%2FAERO55745.2023.10115544,https://doi.org/10.1109/AERO55745.2023.10115544,https://scholar.google.com/scholar?q=Autonomous+UAV+Navigation+for+Target+Detection+in+Visually+Degraded+and+GPS+Denied+Environments,Y,
108,REC_0281,REC_0281.pdf,UAV Tracking with Lidar as a Camera Sensor in GNSS-Denied Environments,2023,IEEE_Xplore,10.1109/ICL-GNSS57829.2023.10148919,mid,https://ieeexplore.ieee.org/search/searchresult.jsp?queryText=10.1109%2FICL-GNSS57829.2023.10148919,https://doi.org/10.1109/ICL-GNSS57829.2023.10148919,https://scholar.google.com/scholar?q=UAV+Tracking+with+Lidar+as+a+Camera+Sensor+in+GNSS-Denied+Environments,Y,
109,REC_0305,REC_0305.pdf,A method based on CNN-BiLSTM for UAV navigation error compensation in GNSS denied environment,2023,IEEE_Xplore,10.1109/ICCC59590.2023.10507546,mid,https://ieeexplore.ieee.org/search/searchresult.jsp?queryText=10.1109%2FICCC59590.2023.10507546,https://doi.org/10.1109/ICCC59590.2023.10507546,https://scholar.google.com/scholar?q=A+method+based+on+CNN-BiLSTM+for+UAV+navigation+error+compensation+in+GNSS+denied+environment,Y,
110,REC_0347,REC_0347.pdf,A Novel Three-Stage Robust Adaptive Filtering Algorithm for Visual-Inertial Odometry in GNSS-Denied Environments,2023,IEEE_Xplore,10.1109/JSEN.2023.3289313,mid,https://ieeexplore.ieee.org/search/searchresult.jsp?queryText=10.1109%2FJSEN.2023.3289313,https://doi.org/10.1109/JSEN.2023.3289313,https://scholar.google.com/scholar?q=A+Novel+Three-Stage+Robust+Adaptive+Filtering+Algorithm+for+Visual-Inertial+Odometry+in+GNSS-Denied+Environments,,
111,REC_0503,REC_0503.pdf,Decimeter-Accuracy Positioning for Drones Using Two-Stage Trilateration in a GPS-Denied Environment,2023,IEEE_Xplore,10.1109/JIOT.2022.3231704,mid,https://ieeexplore.ieee.org/search/searchresult.jsp?queryText=10.1109%2FJIOT.2022.3231704,https://doi.org/10.1109/JIOT.2022.3231704,https://scholar.google.com/scholar?q=Decimeter-Accuracy+Positioning+for+Drones+Using+Two-Stage+Trilateration+in+a+GPS-Denied+Environment,Y,
112,REC_0622,REC_0622.pdf,Micro-Drone Ego-Velocity and Height Estimation in GPS-Denied Environments Using an FMCW MIMO Radar,2023,IEEE_Xplore,10.1109/JSEN.2022.3229421,mid,https://ieeexplore.ieee.org/search/searchresult.jsp?queryText=10.1109%2FJSEN.2022.3229421,https://doi.org/10.1109/JSEN.2022.3229421,https://scholar.google.com/scholar?q=Micro-Drone+Ego-Velocity+and+Height+Estimation+in+GPS-Denied+Environments+Using+an+FMCW+MIMO+Radar,Y,
113,REC_0639,REC_0639.pdf,A Vision-Based Approach to Autonomous Landing of an eVTOL Aircraft in GPS-Denied Environments,2023,IEEE_Xplore,10.1109/DASC58513.2023.10311329,mid,https://ieeexplore.ieee.org/search/searchresult.jsp?queryText=10.1109%2FDASC58513.2023.10311329,https://doi.org/10.1109/DASC58513.2023.10311329,https://scholar.google.com/scholar?q=A+Vision-Based+Approach+to+Autonomous+Landing+of+an+eVTOL+Aircraft+in+GPS-Denied+Environments,Y,
114,REC_0687,REC_0687.pdf,On the scalability of experimentally determined aerodynamic model for model-based navigation on a delta-wing UAV,2023,IEEE_Xplore,10.1109/MetroAeroSpace57412.2023.10189996,mid,https://ieeexplore.ieee.org/search/searchresult.jsp?queryText=10.1109%2FMetroAeroSpace57412.2023.10189996,https://doi.org/10.1109/MetroAeroSpace57412.2023.10189996,https://scholar.google.com/scholar?q=On+the+scalability+of+experimentally+determined+aerodynamic+model+for+model-based+navigation+on+a+delta-wing+UAV,Y,
115,REC_0706,REC_0706.pdf,Towards Robust UAV Tracking in GNSS-Denied Environments: A Multi-LiDAR Multi-UAV Dataset,2023,IEEE_Xplore,10.1109/ROBIO58561.2023.10354788,mid,https://ieeexplore.ieee.org/search/searchresult.jsp?queryText=10.1109%2FROBIO58561.2023.10354788,https://doi.org/10.1109/ROBIO58561.2023.10354788,https://scholar.google.com/scholar?q=Towards+Robust+UAV+Tracking+in+GNSS-Denied+Environments%3A+A+Multi-LiDAR+Multi-UAV+Dataset,Y,
116,REC_0824,REC_0824.pdf,A Homography-Based Visual Servo Control Approach for an Underactuated Unmanned Aerial Vehicle in GPS-Denied Environments,2023,IEEE_Xplore,10.1109/TIV.2022.3163315,mid,https://ieeexplore.ieee.org/search/searchresult.jsp?queryText=10.1109%2FTIV.2022.3163315,https://doi.org/10.1109/TIV.2022.3163315,https://scholar.google.com/scholar?q=A+Homography-Based+Visual+Servo+Control+Approach+for+an+Underactuated+Unmanned+Aerial+Vehicle+in+GPS-Denied+Environments,Y,
117,REC_0866,REC_0866.pdf,Autonomous Aerial Robots for Search and Rescue Missions,2023,IEEE_Xplore,10.1109/UPCON59197.2023.10434325,mid,https://ieeexplore.ieee.org/search/searchresult.jsp?queryText=10.1109%2FUPCON59197.2023.10434325,https://doi.org/10.1109/UPCON59197.2023.10434325,https://scholar.google.com/scholar?q=Autonomous+Aerial+Robots+for+Search+and+Rescue+Missions,,
118,REC_0961,REC_0961.pdf,Multimodal Image Registration for GPS-denied UAV Navigation Based on Disentangled Representations,2023,IEEE_Xplore,10.1109/ICRA48891.2023.10161567,mid,https://ieeexplore.ieee.org/search/searchresult.jsp?queryText=10.1109%2FICRA48891.2023.10161567,https://doi.org/10.1109/ICRA48891.2023.10161567,https://scholar.google.com/scholar?q=Multimodal+Image+Registration+for+GPS-denied+UAV+Navigation+Based+on+Disentangled+Representations,,
119,REC_0981,REC_0981.pdf,Multi-sensor Data Analysis in Terms of Autonomous Drone Flight without GPS,2023,IEEE_Xplore,10.1109/PIERS59004.2023.10221335,mid,https://ieeexplore.ieee.org/search/searchresult.jsp?queryText=10.1109%2FPIERS59004.2023.10221335,https://doi.org/10.1109/PIERS59004.2023.10221335,https://scholar.google.com/scholar?q=Multi-sensor+Data+Analysis+in+Terms+of+Autonomous+Drone+Flight+without+GPS,,
120,REC_0995,REC_0995.pdf,Experimentation of Monocular Visual-Aided Inertial Navigation on Fixed-Wing Unmanned Aerial Vehicle †,2023,Scopus,10.3390/ENC2023-15476,mid,https://www.scopus.com/pages/publications/85186546612?origin=resultslist,https://doi.org/10.3390/ENC2023-15476,https://scholar.google.com/scholar?q=Experimentation+of+Monocular+Visual-Aided+Inertial+Navigation+on+Fixed-Wing+Unmanned+Aerial+Vehicle+%E2%80%A0,,
121,REC_0997,REC_0997.pdf,Autonomous Flight for Multi-UAV in GPS-Denied Environment,2023,Scopus,10.1007/978-981-19-3998-3_85,mid,https://www.scopus.com/pages/publications/85135773632?origin=resultslist,https://doi.org/10.1007/978-981-19-3998-3_85,https://scholar.google.com/scholar?q=Autonomous+Flight+for+Multi-UAV+in+GPS-Denied+Environment,,
122,REC_1017,REC_1017.pdf,A Real-Time Simulator for Navigation in GNSS-Denied Environments of UAV Swarms,2023,Scopus,10.3390/app132011278,mid,https://www.scopus.com/pages/publications/85192387655?origin=resultslist,https://doi.org/10.3390/app132011278,https://scholar.google.com/scholar?q=A+Real-Time+Simulator+for+Navigation+in+GNSS-Denied+Environments+of+UAV+Swarms,,
123,REC_1067,REC_1067.pdf,GPS-denied navigation using location estimation and texel image correction,2023,Scopus,10.1117/12.2664119,mid,https://www.scopus.com/pages/publications/85170645151?origin=resultslist,https://doi.org/10.1117/12.2664119,https://scholar.google.com/scholar?q=GPS-denied+navigation+using+location+estimation+and+texel+image+correction,,
124,REC_1085,REC_1085.pdf,GNSS-Denied Semi-Direct Visual Navigation for Autonomous UAVs Aided by PI-Inspired Inertial Priors,2023,Scopus,10.3390/aerospace10030220,mid,https://www.scopus.com/pages/publications/85151545059?origin=resultslist,https://doi.org/10.3390/aerospace10030220,https://scholar.google.com/scholar?q=GNSS-Denied+Semi-Direct+Visual+Navigation+for+Autonomous+UAVs+Aided+by+PI-Inspired+Inertial+Priors,,
125,REC_1118,REC_1118.pdf,GNSS-denied UAV indoor navigation with UWB incorporated visual inertial odometry,2023,Scopus,10.1016/j.measurement.2022.112256,mid,https://www.scopus.com/pages/publications/85145561846?origin=resultslist,https://doi.org/10.1016/j.measurement.2022.112256,https://scholar.google.com/scholar?q=GNSS-denied+UAV+indoor+navigation+with+UWB+incorporated+visual+inertial+odometry,,
126,REC_1135,REC_1135.pdf,UAV Localization in Low-Altitude GNSS-Denied Environments Based on POI and Store Signage Text Matching in UAV Images,2023,Scopus,10.3390/drones7070451,mid,https://www.scopus.com/pages/publications/85166313972?origin=resultslist,https://doi.org/10.3390/drones7070451,https://scholar.google.com/scholar?q=UAV+Localization+in+Low-Altitude+GNSS-Denied+Environments+Based+on+POI+and+Store+Signage+Text+Matching+in+UAV+Images,,
127,REC_1140,REC_1140.pdf,UAV navigation in large-scale GPS-denied bridge environments using fiducial marker-corrected stereo visual-inertial localisation,2023,Scopus,10.1016/j.autcon.2023.105139,mid,https://www.scopus.com/pages/publications/85174707894?origin=resultslist,https://doi.org/10.1016/j.autcon.2023.105139,https://scholar.google.com/scholar?q=UAV+navigation+in+large-scale+GPS-denied+bridge+environments+using+fiducial+marker-corrected+stereo+visual-inertial+localisation,,
128,REC_1147,REC_1147.pdf,LiDAR-Based High-Precision Mapping and GNSS-Denied Localiztion for UAV,2023,Scopus,10.1007/978-981-99-0479-2_275,mid,https://www.scopus.com/pages/publications/85151056241?origin=resultslist,https://doi.org/10.1007/978-981-99-0479-2_275,https://scholar.google.com/scholar?q=LiDAR-Based+High-Precision+Mapping+and%C2%A0GNSS-Denied+Localiztion+for%C2%A0UAV,,
129,REC_1155,REC_1155.pdf,Relative Navigation of UAV Swarm in a GPS Denied Environment1,2023,Scopus,10.1117/12.2664917,mid,https://www.scopus.com/pages/publications/85171150356?origin=resultslist,https://doi.org/10.1117/12.2664917,https://scholar.google.com/scholar?q=Relative+Navigation+of+UAV+Swarm+in+a+GPS+Denied+Environment1,,
130,REC_1188,REC_1188.pdf,GPS-Denied State Estimation for Blue/NDAA Unmanned Multi-Rotor Vehicles,2023,Scopus,10.2514/6.2023-2666,mid,https://www.scopus.com/pages/publications/85165979903?origin=resultslist,https://doi.org/10.2514/6.2023-2666,https://scholar.google.com/scholar?q=GPS-Denied+State+Estimation+for+Blue%2FNDAA+Unmanned+Multi-Rotor+Vehicles,,
131,REC_1189,REC_1189.pdf,"Leonardo Drone Contest Autonomous Drone Competition: Overview, Results, and Lessons Learned from Politecnico di Milano Team",2023,Scopus,10.1007/s10846-023-01855-w,mid,https://www.scopus.com/pages/publications/85161828006?origin=resultslist,https://doi.org/10.1007/s10846-023-01855-w,https://scholar.google.com/scholar?q=Leonardo+Drone+Contest+Autonomous+Drone+Competition%3A+Overview%2C+Results%2C+and+Lessons+Learned+from+Politecnico+di+Milano+Team,,
132,REC_1191,REC_1191.pdf,Computationally Light Spectrally Normalized Memory Neuron Network based Estimator for GPS-denied operation of Micro-UAV,2023,Scopus,10.1109/CoDIT58514.2023.10284327,mid,https://www.scopus.com/pages/publications/85177476562?origin=resultslist,https://doi.org/10.1109/CoDIT58514.2023.10284327,https://scholar.google.com/scholar?q=Computationally+Light+Spectrally+Normalized+Memory+Neuron+Network+based+Estimator+for+GPS-denied+operation+of+Micro-UAV,,
133,REC_1194,REC_1194.pdf,A Unmanned Aerial Vehicle (UAV)/Unmanned Ground Vehicle (UGV) Dynamic Autonomous Docking Scheme in GPS-Denied Environments,2023,Scopus,10.3390/drones7100613,mid,https://www.scopus.com/pages/publications/85175459750?origin=resultslist,https://doi.org/10.3390/drones7100613,https://scholar.google.com/scholar?q=A+Unmanned+Aerial+Vehicle+%28UAV%29%2FUnmanned+Ground+Vehicle+%28UGV%29+Dynamic+Autonomous+Docking+Scheme+in+GPS-Denied+Environments,,
134,REC_1196,REC_1196.pdf,Precision Landing of a Quadcopter Drone by Smartphone Video Guidance Sensor in a GPS-Denied Environment,2023,Scopus,10.3390/s23041934,mid,https://www.scopus.com/pages/publications/85148969285?origin=resultslist,https://doi.org/10.3390/s23041934,https://scholar.google.com/scholar?q=Precision+Landing+of+a+Quadcopter+Drone+by+Smartphone+Video+Guidance+Sensor+in+a+GPS-Denied+Environment,,
135,REC_1222,REC_1222.pdf,Autonomous UAV navigation in GPS denied environments using Lidar Point Clouds,2023,Scopus,10.2514/6.2023-3626,mid,https://www.scopus.com/pages/publications/85198693698?origin=resultslist,https://doi.org/10.2514/6.2023-3626,https://scholar.google.com/scholar?q=Autonomous+UAV+navigation+in+GPS+denied+environments+using+Lidar+Point+Clouds,,
136,REC_1232,REC_1232.pdf,Range–Visual–Inertial Odometry with Coarse-to-Fine Image Registration Fusion for UAV Localization,2023,Scopus,10.3390/drones7080540,mid,https://www.scopus.com/pages/publications/85169155084?origin=resultslist,https://doi.org/10.3390/drones7080540,https://scholar.google.com/scholar?q=Range%E2%80%93Visual%E2%80%93Inertial+Odometry+with+Coarse-to-Fine+Image+Registration+Fusion+for+UAV+Localization,,
137,REC_1250,REC_1250.pdf,Long-Distance GNSS-Denied Visual Inertial Navigation for Autonomous Fixed-Wing Unmanned Air Vehicles: SO(3) Manifold Filter Based on Virtual Vision Sensor,2023,Scopus,10.3390/aerospace10080708,mid,https://www.scopus.com/pages/publications/85168701852?origin=resultslist,https://doi.org/10.3390/aerospace10080708,https://scholar.google.com/scholar?q=Long-Distance+GNSS-Denied+Visual+Inertial+Navigation+for+Autonomous+Fixed-Wing+Unmanned+Air+Vehicles%3A+SO%283%29+Manifold+Filter+Based+on+Virtual+Vision+Sensor,,
138,REC_1251,REC_1251.pdf,Reinforcement learning based UAV formation control in GPS-denied environment,2023,Scopus,10.1016/j.cja.2023.07.006,mid,https://www.scopus.com/pages/publications/85174723218?origin=resultslist,https://doi.org/10.1016/j.cja.2023.07.006,https://scholar.google.com/scholar?q=Reinforcement+learning+based+UAV+formation+control+in+GPS-denied+environment,,
139,REC_1272,REC_1272.pdf,An Efficient Framework for Autonomous UAV Missions in Partially-Unknown GNSS-Denied Environments,2023,Scopus,10.3390/drones7070471,mid,https://www.scopus.com/pages/publications/85166361146?origin=resultslist,https://doi.org/10.3390/drones7070471,https://scholar.google.com/scholar?q=An+Efficient+Framework+for+Autonomous+UAV+Missions+in+Partially-Unknown+GNSS-Denied+Environments,,
140,REC_1275,REC_1275.pdf,A DNN-Based Optical Aided Autonomous Navigation System for UAV Under GNSS-denied Environment,2023,Scopus,10.1007/978-981-99-0479-2_326,mid,https://www.scopus.com/pages/publications/85151054813?origin=resultslist,https://doi.org/10.1007/978-981-99-0479-2_326,https://scholar.google.com/scholar?q=A+DNN-Based+Optical+Aided+Autonomous+Navigation+System+for%C2%A0UAV+Under+GNSS-denied+Environment,,
141,REC_1282,REC_1282.pdf,A Lidar-Inertial Navigation System for UAVs in GNSS-Denied Environment with Spatial Grid Structures,2023,Scopus,10.3390/app13010414,mid,https://www.scopus.com/pages/publications/85145708987?origin=resultslist,https://doi.org/10.3390/app13010414,https://scholar.google.com/scholar?q=A+Lidar-Inertial+Navigation+System+for+UAVs+in+GNSS-Denied+Environment+with+Spatial+Grid+Structures,,
142,REC_1316,REC_1316.pdf,Automated Method for SLAM Evaluation in GNSS-Denied Areas,2023,Scopus,10.3390/rs15215141,mid,https://www.scopus.com/pages/publications/85176229291?origin=resultslist,https://doi.org/10.3390/rs15215141,https://scholar.google.com/scholar?q=Automated+Method+for+SLAM+Evaluation+in+GNSS-Denied+Areas,,
143,REC_1332,REC_1332.pdf,A Relative Infrastructure-less Localization Algorithm for Decentralized and Autonomous Swarm Formation,2023,Scopus,10.1109/IROS55552.2023.10342168,mid,https://www.scopus.com/pages/publications/85182524698?origin=resultslist,https://doi.org/10.1109/IROS55552.2023.10342168,https://scholar.google.com/scholar?q=A+Relative+Infrastructure-less+Localization+Algorithm+for+Decentralized+and+Autonomous+Swarm+Formation,,
144,REC_1402,REC_1402.pdf,Oxpecker: A Tethered UAV for Inspection of Stone-Mine Pillars,2023,Scopus,10.3390/drones7020073,mid,https://www.scopus.com/pages/publications/85149123474?origin=resultslist,https://doi.org/10.3390/drones7020073,https://scholar.google.com/scholar?q=Oxpecker%3A+A+Tethered+UAV+for+Inspection+of+Stone-Mine+Pillars,,
145,REC_1431,REC_1431.pdf,Advancing Autonomous UAV Target Localization in GPS-Denied Environments,2023,Scopus,10.1109/CoDIT58514.2023.10284425,mid,https://www.scopus.com/pages/publications/85177464193?origin=resultslist,https://doi.org/10.1109/CoDIT58514.2023.10284425,https://scholar.google.com/scholar?q=Advancing+Autonomous+UAV+Target+Localization+in+GPS-Denied+Environments,,
146,REC_1432,REC_1432.pdf,GNSS/INS/VO fusion using Gated Recurrent Unit in GNSS denied environments,2023,Scopus,10.2514/6.2023-2226,mid,https://www.scopus.com/pages/publications/85162085365?origin=resultslist,https://doi.org/10.2514/6.2023-2226,https://scholar.google.com/scholar?q=GNSS%2FINS%2FVO+fusion+using+Gated+Recurrent+Unit+in+GNSS+denied+environments,,
147,REC_1443,REC_1443.pdf,Study on angle-only relative navigation for unmanned aerial vehicle formation in GPS-denied environment,2023,Scopus,10.1177/09544100221149235,mid,https://www.scopus.com/pages/publications/85146621803?origin=resultslist,https://doi.org/10.1177/09544100221149235,https://scholar.google.com/scholar?q=Study+on+angle-only+relative+navigation+for+unmanned+aerial+vehicle+formation+in+GPS-denied+environment,,
148,REC_1447,REC_1447.pdf,AN ACOUSTIC BASED LOCAL POSITIONING SYSTEM FOR DYNAMIC UAV IN GPS-DENIED ENVIRONMENTS,2023,Scopus,10.13031/aea.15397,mid,https://www.scopus.com/pages/publications/85164693586?origin=resultslist,https://doi.org/10.13031/aea.15397,https://scholar.google.com/scholar?q=AN+ACOUSTIC+BASED+LOCAL+POSITIONING+SYSTEM+FOR+DYNAMIC+UAV+IN+GPS-DENIED+ENVIRONMENTS,,
149,REC_1455,REC_1455.pdf,Cross-Modal Images Matching Based Enhancement to MEMS INS for UAV Navigation in GNSS Denied Environments,2023,Scopus,10.3390/app13148238,mid,https://www.scopus.com/pages/publications/85166236171?origin=resultslist,https://doi.org/10.3390/app13148238,https://scholar.google.com/scholar?q=Cross-Modal+Images+Matching+Based+Enhancement+to+MEMS+INS+for+UAV+Navigation+in+GNSS+Denied+Environments,,
150,REC_1459,REC_1459.pdf,Automatic UAV Inspection of Tunnel Infrastructure in GPS-Denied Underground Environment,2023,Scopus,10.1007/978-3-031-07258-1_53,mid,https://www.scopus.com/pages/publications/85133019828?origin=resultslist,https://doi.org/10.1007/978-3-031-07258-1_53,https://scholar.google.com/scholar?q=Automatic+UAV+Inspection+of+Tunnel+Infrastructure+in+GPS-Denied+Underground+Environment,,
151,REC_1502,REC_1502.pdf,A UAV-based explore-then-exploit system for autonomous indoor facility inspection and scene reconstruction,2023,Scopus,10.1016/j.autcon.2023.104753,mid,https://www.scopus.com/pages/publications/85147255223?origin=resultslist,https://doi.org/10.1016/j.autcon.2023.104753,https://scholar.google.com/scholar?q=A+UAV-based+explore-then-exploit+system+for+autonomous+indoor+facility+inspection+and+scene+reconstruction,,
152,REC_1548,REC_1548.pdf,Tethered Multicopter Guidance in GPS-Denied Environments Through Reinforcement Learning,2023,Scopus,10.2514/6.2023-0507,mid,https://www.scopus.com/pages/publications/85198653810?origin=resultslist,https://doi.org/10.2514/6.2023-0507,https://scholar.google.com/scholar?q=Tethered+Multicopter+Guidance+in+GPS-Denied+Environments+Through+Reinforcement+Learning,,
153,REC_1602,REC_1602.pdf,Cooperative localisation of UAV swarm based on adaptive SA-PSO algorithm,2023,Scopus,10.1017/aer.2022.54,mid,https://www.scopus.com/pages/publications/85146144246?origin=resultslist,https://doi.org/10.1017/aer.2022.54,https://scholar.google.com/scholar?q=Cooperative+localisation+of+UAV+swarm+based+on+adaptive+SA-PSO+algorithm,,
154,REC_1620,REC_1620.pdf,Research and Design of Precision-Landing Drone in an Underground GPS-Denied Environment,2023,Scopus,10.2514/6.2023-3625,mid,https://www.scopus.com/pages/publications/85187639600?origin=resultslist,https://doi.org/10.2514/6.2023-3625,https://scholar.google.com/scholar?q=Research+and+Design+of+Precision-Landing+Drone+in+an+Underground+GPS-Denied+Environment,,
155,REC_1660,REC_1660.pdf,A Novel Ranging and IMU-Based Method for Relative Positioning of Two-MAV Formation in GNSS-Denied Environments,2023,Scopus,10.3390/s23094366,mid,https://www.scopus.com/pages/publications/85159187321?origin=resultslist,https://doi.org/10.3390/s23094366,https://scholar.google.com/scholar?q=A+Novel+Ranging+and+IMU-Based+Method+for+Relative+Positioning+of+Two-MAV+Formation+in+GNSS-Denied+Environments,,
156,REC_0022,REC_0022.pdf,Distance-based Autonomous Docking for UAV-MP in GPS-denied Environment,2022,IEEE_Xplore,10.1109/CCDC55256.2022.10034409,mid,https://ieeexplore.ieee.org/search/searchresult.jsp?queryText=10.1109%2FCCDC55256.2022.10034409,https://doi.org/10.1109/CCDC55256.2022.10034409,https://scholar.google.com/scholar?q=Distance-based+Autonomous+Docking+for+UAV-MP+in+GPS-denied+Environment,,
157,REC_0028,REC_0028.pdf,UAV Waypoint Opportunistic Navigation in GNSS-Denied Environments,2022,IEEE_Xplore,10.1109/TAES.2021.3103140,mid,https://ieeexplore.ieee.org/search/searchresult.jsp?queryText=10.1109%2FTAES.2021.3103140,https://doi.org/10.1109/TAES.2021.3103140,https://scholar.google.com/scholar?q=UAV+Waypoint+Opportunistic+Navigation+in+GNSS-Denied+Environments,,
158,REC_0043,REC_0043.pdf,Robust Sensor Fusion for Autonomous UAV Navigation in GPS denied Forest Environment,2022,IEEE_Xplore,10.1109/ROMA55875.2022.9915682,mid,https://ieeexplore.ieee.org/search/searchresult.jsp?queryText=10.1109%2FROMA55875.2022.9915682,https://doi.org/10.1109/ROMA55875.2022.9915682,https://scholar.google.com/scholar?q=Robust+Sensor+Fusion+for+Autonomous+UAV+Navigation+in+GPS+denied+Forest+Environment,,
159,REC_0095,REC_0095.pdf,Cooperative Relative Localization for UAV Swarm in GNSS-Denied Environment: A Coalition Formation Game Approach,2022,IEEE_Xplore,10.1109/JIOT.2021.3130000,mid,https://ieeexplore.ieee.org/search/searchresult.jsp?queryText=10.1109%2FJIOT.2021.3130000,https://doi.org/10.1109/JIOT.2021.3130000,https://scholar.google.com/scholar?q=Cooperative+Relative+Localization+for+UAV+Swarm+in+GNSS-Denied+Environment%3A+A+Coalition+Formation+Game+Approach,,
160,REC_0155,REC_0155.pdf,Cooperative Navigation and Guidance of a Micro-Scale Aerial Vehicle by an Accompanying UAV using 3D LiDAR Relative Localization,2022,IEEE_Xplore,10.1109/ICUAS54217.2022.9836116,mid,https://ieeexplore.ieee.org/search/searchresult.jsp?queryText=10.1109%2FICUAS54217.2022.9836116,https://doi.org/10.1109/ICUAS54217.2022.9836116,https://scholar.google.com/scholar?q=Cooperative+Navigation+and+Guidance+of+a+Micro-Scale+Aerial+Vehicle+by+an+Accompanying+UAV+using+3D+LiDAR+Relative+Localization,,
161,REC_0202,REC_0202.pdf,Design of A Positioning System for UAV in GPS-denied Environment,2022,IEEE_Xplore,10.1109/ISCIT55906.2022.9931225,mid,https://ieeexplore.ieee.org/search/searchresult.jsp?queryText=10.1109%2FISCIT55906.2022.9931225,https://doi.org/10.1109/ISCIT55906.2022.9931225,https://scholar.google.com/scholar?q=Design+of+A+Positioning+System+for+UAV+in+GPS-denied+Environment,,
162,REC_0239,REC_0239.pdf,Autonomous Flight Control Design Based on Multi-Sensor Fusion for a Low-Cost Quadrotor in GPS-Denied Environments,2022,IEEE_Xplore,10.1109/ACIRS55390.2022.9845557,mid,https://ieeexplore.ieee.org/search/searchresult.jsp?queryText=10.1109%2FACIRS55390.2022.9845557,https://doi.org/10.1109/ACIRS55390.2022.9845557,https://scholar.google.com/scholar?q=Autonomous+Flight+Control+Design+Based+on+Multi-Sensor+Fusion+for+a+Low-Cost+Quadrotor+in+GPS-Denied+Environments,,
163,REC_0246,REC_0246.pdf,UAV Platforms for Autonomous Navigation in GPS-Denied Environments for Search and Rescue Missions,2022,IEEE_Xplore,10.1109/ICUAS54217.2022.9836181,mid,https://ieeexplore.ieee.org/search/searchresult.jsp?queryText=10.1109%2FICUAS54217.2022.9836181,https://doi.org/10.1109/ICUAS54217.2022.9836181,https://scholar.google.com/scholar?q=UAV+Platforms+for+Autonomous+Navigation+in+GPS-Denied+Environments+for+Search+and+Rescue+Missions,,
164,REC_0426,REC_0426.pdf,Leonardo Drone Contest 2021: Politecnico di Milano team architecture,2022,IEEE_Xplore,10.1109/ICUAS54217.2022.9836103,mid,https://ieeexplore.ieee.org/search/searchresult.jsp?queryText=10.1109%2FICUAS54217.2022.9836103,https://doi.org/10.1109/ICUAS54217.2022.9836103,https://scholar.google.com/scholar?q=Leonardo+Drone+Contest+2021%3A+Politecnico+di+Milano+team+architecture,,
165,REC_0469,REC_0469.pdf,Design and Flight Test of an Aerial Manipulator for Applications in GPS-Denied Environments,2022,IEEE_Xplore,10.1109/ICUAS54217.2022.9836060,mid,https://ieeexplore.ieee.org/search/searchresult.jsp?queryText=10.1109%2FICUAS54217.2022.9836060,https://doi.org/10.1109/ICUAS54217.2022.9836060,https://scholar.google.com/scholar?q=Design+and+Flight+Test+of+an+Aerial+Manipulator+for+Applications+in+GPS-Denied+Environments,,
166,REC_0475,REC_0475.pdf,P2P-DroneLoc: Peer-to-Peer Localization for GPS-Denied Drones using Camera and WiFi Fine Time Measurement,2022,IEEE_Xplore,10.1109/ANTS56424.2022.10227756,mid,https://ieeexplore.ieee.org/search/searchresult.jsp?queryText=10.1109%2FANTS56424.2022.10227756,https://doi.org/10.1109/ANTS56424.2022.10227756,https://scholar.google.com/scholar?q=P2P-DroneLoc%3A+Peer-to-Peer+Localization+for+GPS-Denied+Drones+using+Camera+and+WiFi+Fine+Time+Measurement,,
167,REC_0489,REC_0489.pdf,UAV Vision Aided INS/Odometer Integration for Land Vehicle Autonomous Navigation,2022,IEEE_Xplore,10.1109/TVT.2022.3151729,mid,https://ieeexplore.ieee.org/search/searchresult.jsp?queryText=10.1109%2FTVT.2022.3151729,https://doi.org/10.1109/TVT.2022.3151729,https://scholar.google.com/scholar?q=UAV+Vision+Aided+INS%2FOdometer+Integration+for+Land+Vehicle+Autonomous+Navigation,,
168,REC_0572,REC_0572.pdf,GNSS-Independent Navigation of UAV through Utilization of Sensor Fusion and Intelligence System,2022,IEEE_Xplore,10.1109/ICT4DA56482.2022.9971437,mid,https://ieeexplore.ieee.org/search/searchresult.jsp?queryText=10.1109%2FICT4DA56482.2022.9971437,https://doi.org/10.1109/ICT4DA56482.2022.9971437,https://scholar.google.com/scholar?q=GNSS-Independent+Navigation+of+UAV+through+Utilization+of+Sensor+Fusion+and+Intelligence+System,,
169,REC_0620,REC_0620.pdf,Terrain Aided Planetary UAV Localization Based on Geo-referencing,2022,IEEE_Xplore,10.1109/TGRS.2022.3198745,mid,https://ieeexplore.ieee.org/search/searchresult.jsp?queryText=10.1109%2FTGRS.2022.3198745,https://doi.org/10.1109/TGRS.2022.3198745,https://scholar.google.com/scholar?q=Terrain+Aided+Planetary+UAV+Localization+Based+on+Geo-referencing,,
170,REC_0960,REC_0960.pdf,Cooperative Visual Inertial Odometry for Heterogeneous Swarm of Drones Navigating in Noisy Environments,2022,IEEE_Xplore,10.1109/ISIE51582.2022.9831647,mid,https://ieeexplore.ieee.org/search/searchresult.jsp?queryText=10.1109%2FISIE51582.2022.9831647,https://doi.org/10.1109/ISIE51582.2022.9831647,https://scholar.google.com/scholar?q=Cooperative+Visual+Inertial+Odometry+for+Heterogeneous+Swarm+of+Drones+Navigating+in+Noisy+Environments,,
171,REC_1048,REC_1048.pdf,Airspeed-Aided State Estimation Algorithm of Small Fixed-Wing UAVs in GNSS-Denied Environments,2022,Scopus,10.3390/s22093156,mid,https://www.scopus.com/pages/publications/85128389420?origin=resultslist,https://doi.org/10.3390/s22093156,https://scholar.google.com/scholar?q=Airspeed-Aided+State+Estimation+Algorithm+of+Small+Fixed-Wing+UAVs+in+GNSS-Denied+Environments,,
172,REC_1068,REC_1068.pdf,High-Accuracy Robust SLAM and Real-Time Autonomous Navigation of UAV in GNSS-denied Environments,2022,Scopus,10.1007/978-981-15-8155-7_92,mid,https://www.scopus.com/pages/publications/85120639894?origin=resultslist,https://doi.org/10.1007/978-981-15-8155-7_92,https://scholar.google.com/scholar?q=High-Accuracy+Robust+SLAM+and+Real-Time+Autonomous+Navigation+of+UAV+in+GNSS-denied+Environments,,
173,REC_1160,REC_1160.pdf,Towards Large-Scale Relative Localization in Multi-Robot Systems with Dynamic UWB Role Allocation,2022,Scopus,10.1109/ICRAE56463.2022.10054614,mid,https://www.scopus.com/pages/publications/85150187543?origin=resultslist,https://doi.org/10.1109/ICRAE56463.2022.10054614,https://scholar.google.com/scholar?q=Towards+Large-Scale+Relative+Localization+in+Multi-Robot+Systems+with+Dynamic+UWB+Role+Allocation,,
174,REC_1172,REC_1172.pdf,LiDAR Inertial Mapping of Non-Manhattan Topologies for UAV-Based Aircraft Inspection in GNSS-Denied Environments,2022,Scopus,10.1016/j.ifacol.2023.01.132,mid,https://www.scopus.com/pages/publications/85161658667?origin=resultslist,https://doi.org/10.1016/j.ifacol.2023.01.132,https://scholar.google.com/scholar?q=LiDAR+Inertial+Mapping+of+Non-Manhattan+Topologies+for+UAV-Based+Aircraft+Inspection+in+GNSS-Denied+Environments,,
175,REC_1178,REC_1178.pdf,Aerial-Ground Robots Collaborative 3D Mapping in GNSS-Denied Environments,2022,Scopus,10.1109/ICRA46639.2022.9812319,mid,https://www.scopus.com/pages/publications/85136326852?origin=resultslist,https://doi.org/10.1109/ICRA46639.2022.9812319,https://scholar.google.com/scholar?q=Aerial-Ground+Robots+Collaborative+3D+Mapping+in+GNSS-Denied+Environments,,
176,REC_1190,REC_1190.pdf,Reduction of GNSS-Denied inertial navigation errors for fixed wing autonomous unmanned air vehicles,2022,Scopus,10.1016/j.ast.2021.107237,mid,https://www.scopus.com/pages/publications/85120343451?origin=resultslist,https://doi.org/10.1016/j.ast.2021.107237,https://scholar.google.com/scholar?q=Reduction+of+GNSS-Denied+inertial+navigation+errors+for+fixed+wing+autonomous+unmanned+air+vehicles,,
177,REC_1289,REC_1289.pdf,A Global ArUco-Based Lidar Navigation System for UAV Navigation in GNSS-Denied Environments,2022,Scopus,10.3390/aerospace9080456,mid,https://www.scopus.com/pages/publications/85137338709?origin=resultslist,https://doi.org/10.3390/aerospace9080456,https://scholar.google.com/scholar?q=A+Global+ArUco-Based+Lidar+Navigation+System+for+UAV+Navigation+in+GNSS-Denied+Environments,,
178,REC_1346,REC_1346.pdf,Tag-based visual-inertial localization of unmanned aerial vehicles in indoor construction environments using an on-manifold extended Kalman filter,2022,Scopus,10.1016/j.autcon.2021.104112,mid,https://www.scopus.com/pages/publications/85122539186?origin=resultslist,https://doi.org/10.1016/j.autcon.2021.104112,https://scholar.google.com/scholar?q=Tag-based+visual-inertial+localization+of+unmanned+aerial+vehicles+in+indoor+construction+environments+using+an+on-manifold+extended+Kalman+filter,,
179,REC_1347,REC_1347.pdf,A Ground Moving Target Tracking System for a Quadrotor in GPS-Denied Environments,2022,Scopus,10.1007/978-981-15-8155-7_246,mid,https://www.scopus.com/pages/publications/85120611112?origin=resultslist,https://doi.org/10.1007/978-981-15-8155-7_246,https://scholar.google.com/scholar?q=A+Ground+Moving+Target+Tracking+System+for+a+Quadrotor+in+GPS-Denied+Environments,,
180,REC_1348,REC_1348.pdf,LiDAR-odometry based UAV pose estimation in young forest environment,2022,Scopus,10.1016/j.ifacol.2022.11.121,mid,https://www.scopus.com/pages/publications/85144823868?origin=resultslist,https://doi.org/10.1016/j.ifacol.2022.11.121,https://scholar.google.com/scholar?q=LiDAR-odometry+based+UAV+pose+estimation+in+young+forest+environment,,
181,REC_1355,REC_1355.pdf,A distributed approach for lidar-based relative state estimation of multi-UAV in GPS-denied environments,2022,Scopus,10.1016/j.cja.2021.04.021,mid,https://www.scopus.com/pages/publications/85112801702?origin=resultslist,https://doi.org/10.1016/j.cja.2021.04.021,https://scholar.google.com/scholar?q=A+distributed+approach+for+lidar-based+relative+state+estimation+of+multi-UAV+in+GPS-denied+environments,,
182,REC_1370,REC_1370.pdf,Cooperative navigation for UAVs in GNSS-denied area based on optimized belief propagation,2022,Scopus,10.1016/j.measurement.2022.110797,mid,https://www.scopus.com/pages/publications/85124691978?origin=resultslist,https://doi.org/10.1016/j.measurement.2022.110797,https://scholar.google.com/scholar?q=Cooperative+navigation+for+UAVs+in+GNSS-denied+area+based+on+optimized+belief+propagation,,
183,REC_1429,REC_1429.pdf,Modelling and Simulation of Fast Autonomous Exploration and Mapping System for GPS Denied Unknown Environment Using ROS,2022,Scopus,10.1109/ICRAIE56454.2022.10054265,mid,https://www.scopus.com/pages/publications/85150064080?origin=resultslist,https://doi.org/10.1109/ICRAIE56454.2022.10054265,https://scholar.google.com/scholar?q=Modelling+and+Simulation+of+Fast+Autonomous+Exploration+and+Mapping+System+for+GPS+Denied+Unknown+Environment+Using+ROS,,
184,REC_1440,REC_1440.pdf,A Review of Navigation Algorithms for Unmanned Aerial Vehicles Based on Computer Vision Systems,2022,Scopus,10.1134/S2075108722040022,mid,https://www.scopus.com/pages/publications/85150454440?origin=resultslist,https://doi.org/10.1134/S2075108722040022,https://scholar.google.com/scholar?q=A+Review+of+Navigation+Algorithms+for+Unmanned+Aerial+Vehicles+Based+on+Computer+Vision+Systems,,
185,REC_1463,REC_1463.pdf,Decentralised Multi-UAV Cooperative Searching Multi-Target in Cluttered and GPS-Denied Environments,2022,Scopus,10.1109/AERO53065.2022.9843665,mid,https://www.scopus.com/pages/publications/85137551510?origin=resultslist,https://doi.org/10.1109/AERO53065.2022.9843665,https://scholar.google.com/scholar?q=Decentralised+Multi-UAV+Cooperative+Searching+Multi-Target+in+Cluttered+and+GPS-Denied+Environments,Y,
186,REC_1522,REC_1522.pdf,A Real-Time Monocular Vision-Aided Target Detection and Tracking for Micro UAV in GPS Denied Environment,2022,Scopus,10.1007/978-981-15-8155-7_255,mid,https://www.scopus.com/pages/publications/85120629324?origin=resultslist,https://doi.org/10.1007/978-981-15-8155-7_255,https://scholar.google.com/scholar?q=A+Real-Time+Monocular+Vision-Aided+Target+Detection+and+Tracking+for+Micro+UAV+in+GPS+Denied+Environment,,
187,REC_1557,REC_1557.pdf,Model-Based Cooperative Navigation for a Group of Flying Robots,2022,Scopus,10.1109/TAES.2021.3136247,mid,https://www.scopus.com/pages/publications/85137602885?origin=resultslist,https://doi.org/10.1109/TAES.2021.3136247,https://scholar.google.com/scholar?q=Model-Based+Cooperative+Navigation+for+a+Group+of+Flying+Robots,,
188,REC_1576,REC_1576.pdf,Autonomous dynamic docking of UAV based on UWB-vision in GPS-denied environment,2022,Scopus,10.1016/j.jfranklin.2022.03.005,mid,https://www.scopus.com/pages/publications/85127345418?origin=resultslist,https://doi.org/10.1016/j.jfranklin.2022.03.005,https://scholar.google.com/scholar?q=Autonomous+dynamic+docking+of+UAV+based+on+UWB-vision+in+GPS-denied+environment,,
189,REC_1587,REC_1587.pdf,Landmark-Based Scale Estimation and Correction of Visual Inertial Odometry for VTOL UAVs in a GPS-Denied Environment,2022,Scopus,10.3390/s22249654,mid,https://www.scopus.com/pages/publications/85144500956?origin=resultslist,https://doi.org/10.3390/s22249654,https://scholar.google.com/scholar?q=Landmark-Based+Scale+Estimation+and+Correction+of+Visual+Inertial+Odometry+for+VTOL+UAVs+in+a+GPS-Denied+Environment,,
190,REC_1637,REC_1637.pdf,Virtual testbed for monocular visual navigation of small unmanned aircraft systems,2022,Scopus,10.1177/1548512920954545,mid,https://www.scopus.com/pages/publications/85091381516?origin=resultslist,https://doi.org/10.1177/1548512920954545,https://scholar.google.com/scholar?q=Virtual+testbed+for+monocular+visual+navigation+of+small+unmanned+aircraft+systems,,
191,REC_1646,REC_1646.pdf,Adaptive Visual-Inertial Navigation for Fixed-Wing Aircraft Landing in GPS-Denied Condition,2022,Scopus,10.1007/978-981-15-8155-7_222,mid,https://www.scopus.com/pages/publications/85120645861?origin=resultslist,https://doi.org/10.1007/978-981-15-8155-7_222,https://scholar.google.com/scholar?q=Adaptive+Visual-Inertial+Navigation+for+Fixed-Wing+Aircraft+Landing+in+GPS-Denied+Condition,,
192,REC_1653,REC_1653.pdf,A Novel Scene Matching Algorithm via Deep Learning for Vision-based UAV Absolute Localization,2022,Scopus,10.1109/MLCCIM55934.2022.00043,mid,https://www.scopus.com/pages/publications/85143800316?origin=resultslist,https://doi.org/10.1109/MLCCIM55934.2022.00043,https://scholar.google.com/scholar?q=A+Novel+Scene+Matching+Algorithm+via+Deep+Learning+for+Vision-based+UAV+Absolute+Localization,,
193,REC_0096,REC_0096.pdf,Cooperative UWB-Based Localization for Outdoors Positioning and Navigation of UAVs aided by Ground Robots,2021,IEEE_Xplore,10.1109/ICAS49788.2021.9551177,mid,https://ieeexplore.ieee.org/search/searchresult.jsp?queryText=10.1109%2FICAS49788.2021.9551177,https://doi.org/10.1109/ICAS49788.2021.9551177,https://scholar.google.com/scholar?q=Cooperative+UWB-Based+Localization+for+Outdoors+Positioning+and+Navigation+of+UAVs+aided+by+Ground+Robots,,
194,REC_0107,REC_0107.pdf,Augmented Radar Odometry by Nested Optimal Filter Aided Navigation for UAVS in GNSS Denied Environment,2021,IEEE_Xplore,10.1109/ITC-Egypt52936.2021.9513978,mid,https://ieeexplore.ieee.org/search/searchresult.jsp?queryText=10.1109%2FITC-Egypt52936.2021.9513978,https://doi.org/10.1109/ITC-Egypt52936.2021.9513978,https://scholar.google.com/scholar?q=Augmented+Radar+Odometry+by+Nested+Optimal+Filter+Aided+Navigation+for+UAVS+in+GNSS+Denied+Environment,,
195,REC_0208,REC_0208.pdf,UAV Pose Estimation in GNSS-Denied Environment Assisted by Satellite Imagery Deep Learning Features,2021,IEEE_Xplore,10.1109/ACCESS.2020.3048342,mid,https://ieeexplore.ieee.org/search/searchresult.jsp?queryText=10.1109%2FACCESS.2020.3048342,https://doi.org/10.1109/ACCESS.2020.3048342,https://scholar.google.com/scholar?q=UAV+Pose+Estimation+in+GNSS-Denied+Environment+Assisted+by+Satellite+Imagery+Deep+Learning+Features,,
196,REC_0213,REC_0213.pdf,A Multi-UAV System for Exploration and Target Finding in Cluttered and GPS-Denied Environments,2021,IEEE_Xplore,10.1109/ICUAS51884.2021.9476820,mid,https://ieeexplore.ieee.org/search/searchresult.jsp?queryText=10.1109%2FICUAS51884.2021.9476820,https://doi.org/10.1109/ICUAS51884.2021.9476820,https://scholar.google.com/scholar?q=A+Multi-UAV+System+for+Exploration+and+Target+Finding+in+Cluttered+and+GPS-Denied+Environments,,
197,REC_0294,REC_0294.pdf,A Novel Approach to Computationally Lighter GNSS-Denied UAV Navigation Using Monocular Camera,2021,IEEE_Xplore,10.1109/ICARA51699.2021.9376502,mid,https://ieeexplore.ieee.org/search/searchresult.jsp?queryText=10.1109%2FICARA51699.2021.9376502,https://doi.org/10.1109/ICARA51699.2021.9376502,https://scholar.google.com/scholar?q=A+Novel+Approach+to+Computationally+Lighter+GNSS-Denied+UAV+Navigation+Using+Monocular+Camera,,
198,REC_0346,REC_0346.pdf,Autonomous Flight in Unknown GNSS-denied Environments for Disaster Examination,2021,IEEE_Xplore,10.1109/ICUAS51884.2021.9476790,mid,https://ieeexplore.ieee.org/search/searchresult.jsp?queryText=10.1109%2FICUAS51884.2021.9476790,https://doi.org/10.1109/ICUAS51884.2021.9476790,https://scholar.google.com/scholar?q=Autonomous+Flight+in+Unknown+GNSS-denied+Environments+for+Disaster+Examination,,
199,REC_0444,REC_0444.pdf,Autonomous Aerial Swarming in GNSS-denied Environments with High Obstacle Density,2021,IEEE_Xplore,10.1109/ICRA48506.2021.9561284,mid,https://ieeexplore.ieee.org/search/searchresult.jsp?queryText=10.1109%2FICRA48506.2021.9561284,https://doi.org/10.1109/ICRA48506.2021.9561284,https://scholar.google.com/scholar?q=Autonomous+Aerial+Swarming+in+GNSS-denied+Environments+with+High+Obstacle+Density,,
200,REC_0459,REC_0459.pdf,Safe Tightly-Constrained UAV Swarming in GNSS-denied Environments,2021,IEEE_Xplore,10.1109/ICUAS51884.2021.9476794,mid,https://ieeexplore.ieee.org/search/searchresult.jsp?queryText=10.1109%2FICUAS51884.2021.9476794,https://doi.org/10.1109/ICUAS51884.2021.9476794,https://scholar.google.com/scholar?q=Safe+Tightly-Constrained+UAV+Swarming+in+GNSS-denied+Environments,,
201,REC_0111,REC_0111.pdf,Position Estimation for Drones based on Visual SLAM and IMU in GPS-denied Environment,2019,IEEE_Xplore,10.1109/ICRoM48714.2019.9071826,classic,https://ieeexplore.ieee.org/search/searchresult.jsp?queryText=10.1109%2FICRoM48714.2019.9071826,https://doi.org/10.1109/ICRoM48714.2019.9071826,https://scholar.google.com/scholar?q=Position+Estimation+for+Drones+based+on+Visual+SLAM+and+IMU+in+GPS-denied+Environment,,
202,REC_0115,REC_0115.pdf,Low Computational Data Fusion Approach Using INS and UWB for UAV Navigation Tasks in GPS-Denied Environments,2019,IEEE_Xplore,10.1109/PDCAT46702.2019.00080,classic,https://ieeexplore.ieee.org/search/searchresult.jsp?queryText=10.1109%2FPDCAT46702.2019.00080,https://doi.org/10.1109/PDCAT46702.2019.00080,https://scholar.google.com/scholar?q=Low+Computational+Data+Fusion+Approach+Using+INS+and+UWB+for+UAV+Navigation+Tasks+in+GPS-Denied+Environments,,
203,REC_0138,REC_0138.pdf,Autonomous Exploration and Mapping System Using Heterogeneous UAVs and UGVs in GPS-Denied Environments,2019,IEEE_Xplore,10.1109/TVT.2018.2890416,classic,https://ieeexplore.ieee.org/search/searchresult.jsp?queryText=10.1109%2FTVT.2018.2890416,https://doi.org/10.1109/TVT.2018.2890416,https://scholar.google.com/scholar?q=Autonomous+Exploration+and+Mapping+System+Using+Heterogeneous+UAVs+and+UGVs+in+GPS-Denied+Environments,,
204,REC_0179,REC_0179.pdf,Wireless Local Positioning System for Controlled UAV Landing in GNSS-Denied Environment,2019,IEEE_Xplore,10.1109/MetroAeroSpace.2019.8869587,classic,https://ieeexplore.ieee.org/search/searchresult.jsp?queryText=10.1109%2FMetroAeroSpace.2019.8869587,https://doi.org/10.1109/MetroAeroSpace.2019.8869587,https://scholar.google.com/scholar?q=Wireless+Local+Positioning+System+for+Controlled+UAV+Landing+in+GNSS-Denied+Environment,,
205,REC_0196,REC_0196.pdf,Navigation of Simultaneous Localization and Mapping by Fusing RGB-D Camera and IMU on UAV,2019,IEEE_Xplore,10.1109/SAFEPROCESS45799.2019.9213339,classic,https://ieeexplore.ieee.org/search/searchresult.jsp?queryText=10.1109%2FSAFEPROCESS45799.2019.9213339,https://doi.org/10.1109/SAFEPROCESS45799.2019.9213339,https://scholar.google.com/scholar?q=Navigation+of+Simultaneous+Localization+and+Mapping+by+Fusing+RGB-D+Camera+and+IMU+on+UAV,,
206,REC_0271,REC_0271.pdf,Hybrid IMU-Aided Approach for Optimized Visual Odometry,2019,IEEE_Xplore,10.1109/GlobalSIP45357.2019.8969460,classic,https://ieeexplore.ieee.org/search/searchresult.jsp?queryText=10.1109%2FGlobalSIP45357.2019.8969460,https://doi.org/10.1109/GlobalSIP45357.2019.8969460,https://scholar.google.com/scholar?q=Hybrid+IMU-Aided+Approach+for+Optimized+Visual+Odometry,,
207,REC_0343,REC_0343.pdf,Vision-Aided Multi-UAV Autonomous Flocking in GPS-Denied Environment,2019,IEEE_Xplore,10.1109/TIE.2018.2824766,classic,https://ieeexplore.ieee.org/search/searchresult.jsp?queryText=10.1109%2FTIE.2018.2824766,https://doi.org/10.1109/TIE.2018.2824766,https://scholar.google.com/scholar?q=Vision-Aided+Multi-UAV+Autonomous+Flocking+in+GPS-Denied+Environment,,
208,REC_0455,REC_0455.pdf,Airborne-Relay-based Algorithm for Locating Crashed UAVs in GPS-Denied Environments,2019,IEEE_Xplore,10.1109/UEMCON47517.2019.8993065,classic,https://ieeexplore.ieee.org/search/searchresult.jsp?queryText=10.1109%2FUEMCON47517.2019.8993065,https://doi.org/10.1109/UEMCON47517.2019.8993065,https://scholar.google.com/scholar?q=Airborne-Relay-based+Algorithm+for+Locating+Crashed+UAVs+in+GPS-Denied+Environments,,
209,REC_0534,REC_0534.pdf,Integrated UWB-Vision Approach for Autonomous Docking of UAVs in GPS-denied Environments,2019,IEEE_Xplore,10.1109/ICRA.2019.8793851,classic,https://ieeexplore.ieee.org/search/searchresult.jsp?queryText=10.1109%2FICRA.2019.8793851,https://doi.org/10.1109/ICRA.2019.8793851,https://scholar.google.com/scholar?q=Integrated+UWB-Vision+Approach+for+Autonomous+Docking+of+UAVs+in+GPS-denied+Environments,,
210,REC_0598,REC_0598.pdf,Compact Passive Millimeter Wave Imager for Degraded Visual and GPS-Denied Navigation,2019,IEEE_Xplore,10.1109/RAPID.2019.8864251,classic,https://ieeexplore.ieee.org/search/searchresult.jsp?queryText=10.1109%2FRAPID.2019.8864251,https://doi.org/10.1109/RAPID.2019.8864251,https://scholar.google.com/scholar?q=Compact+Passive+Millimeter+Wave+Imager+for+Degraded+Visual+and+GPS-Denied+Navigation,,
211,REC_0631,REC_0631.pdf,Invited Speaker 1: Navigation without GPS for Unmanned Aerial Vehicles,2019,IEEE_Xplore,10.1109/IConDA47345.2019.9034681,classic,https://ieeexplore.ieee.org/search/searchresult.jsp?queryText=10.1109%2FIConDA47345.2019.9034681,https://doi.org/10.1109/IConDA47345.2019.9034681,https://scholar.google.com/scholar?q=Invited+Speaker+1%3A+Navigation+without+GPS+for+Unmanned+Aerial+Vehicles,,
212,REC_0716,REC_0716.pdf,Cooperative Search Area optimization using Multiple Unmanned Aerial Vehicles in a GPS-denied Environment,2019,IEEE_Xplore,10.1109/ICUAS.2019.8798332,classic,https://ieeexplore.ieee.org/search/searchresult.jsp?queryText=10.1109%2FICUAS.2019.8798332,https://doi.org/10.1109/ICUAS.2019.8798332,https://scholar.google.com/scholar?q=Cooperative+Search+Area+optimization+using+Multiple+Unmanned+Aerial+Vehicles+in+a+GPS-denied+Environment,,
213,REC_0814,REC_0814.pdf,Monocular Vision Aided Autonomous UAV Navigation in Indoor Corridor Environments,2019,IEEE_Xplore,10.1109/TSUSC.2018.2810952,classic,https://ieeexplore.ieee.org/search/searchresult.jsp?queryText=10.1109%2FTSUSC.2018.2810952,https://doi.org/10.1109/TSUSC.2018.2810952,https://scholar.google.com/scholar?q=Monocular+Vision+Aided+Autonomous+UAV+Navigation+in+Indoor+Corridor+Environments,,
214,REC_0859,REC_0859.pdf,A Multimode Visual-Inertial Navigation Method for Fixed-wing Aircraft Approach and Landing in GPS-denied and Low Visibility Environments,2019,IEEE_Xplore,10.1109/DASC43569.2019.9081785,classic,https://ieeexplore.ieee.org/search/searchresult.jsp?queryText=10.1109%2FDASC43569.2019.9081785,https://doi.org/10.1109/DASC43569.2019.9081785,https://scholar.google.com/scholar?q=A+Multimode+Visual-Inertial+Navigation+Method+for+Fixed-wing+Aircraft+Approach+and+Landing+in+GPS-denied+and+Low+Visibility+Environments,,
215,REC_0986,REC_0986.pdf,Field Test Results of GNSS-denied Inertial Navigation aided by Phased-array Radio Systems for UAVs,2019,IEEE_Xplore,10.1109/ICUAS.2019.8798057,classic,https://ieeexplore.ieee.org/search/searchresult.jsp?queryText=10.1109%2FICUAS.2019.8798057,https://doi.org/10.1109/ICUAS.2019.8798057,https://scholar.google.com/scholar?q=Field+Test+Results+of+GNSS-denied+Inertial+Navigation+aided+by+Phased-array+Radio+Systems+for+UAVs,,
216,REC_1011,REC_1011.pdf,Real-time unmanned aerial system (UAS) based interference localization in a GNSS denied environment,2019,Scopus,10.33012/2019.16992,classic,https://www.scopus.com/pages/publications/85075266837?origin=resultslist,https://doi.org/10.33012/2019.16992,https://scholar.google.com/scholar?q=Real-time+unmanned+aerial+system+%28UAS%29+based+interference+localization+in+a+GNSS+denied+environment,,
217,REC_1021,REC_1021.pdf,GPS-denied UAV localization using pre-existing satellite imagery,2019,Scopus,10.1109/ICRA.2019.8793558,classic,https://www.scopus.com/pages/publications/85071465615?origin=resultslist,https://doi.org/10.1109/ICRA.2019.8793558,https://scholar.google.com/scholar?q=GPS-denied+UAV+localization+using+pre-existing+satellite+imagery,,
218,REC_1059,REC_1059.pdf,Enhanced drone navigation in GNSS denied environment using VDM and Hall effect sensor,2019,Scopus,10.3390/ijgi8040169,classic,https://www.scopus.com/pages/publications/85066442067?origin=resultslist,https://doi.org/10.3390/ijgi8040169,https://scholar.google.com/scholar?q=Enhanced+drone+navigation+in+GNSS+denied+environment+using+VDM+and+Hall+effect+sensor,,
219,REC_1063,REC_1063.pdf,Visual Inertial Navigation for a Small UAV Using Sparse and Dense Optical Flow,2019,Scopus,10.1109/REDUAS47371.2019.8999672,classic,https://www.scopus.com/pages/publications/85081197035?origin=resultslist,https://doi.org/10.1109/REDUAS47371.2019.8999672,https://scholar.google.com/scholar?q=Visual+Inertial+Navigation+for+a+Small+UAV+Using+Sparse+and+Dense+Optical+Flow,,
220,REC_1090,REC_1090.pdf,UAV navigation in GPS-denied environment using particle filtered RVL,2019,Scopus,10.1117/12.2518516,classic,https://www.scopus.com/pages/publications/85073902145?origin=resultslist,https://doi.org/10.1117/12.2518516,https://scholar.google.com/scholar?q=UAV+navigation+in+GPS-denied+environment+using+particle+filtered+RVL,,
221,REC_1130,REC_1130.pdf,Robust GNSS-denied localization for UAV using particle filter and visual odometry,2019,Scopus,10.1007/s00138-019-01046-4,classic,https://www.scopus.com/pages/publications/85071317189?origin=resultslist,https://doi.org/10.1007/s00138-019-01046-4,https://scholar.google.com/scholar?q=Robust+GNSS-denied+localization+for+UAV+using+particle+filter+and+visual+odometry,,
222,REC_1200,REC_1200.pdf,RF-Drone: Multi-tag system for RF-ID enables drone tracking in GPS-denied environments,2019,Scopus,10.1587/transcom.2018DRP0005,classic,https://www.scopus.com/pages/publications/85073237627?origin=resultslist,https://doi.org/10.1587/transcom.2018DRP0005,https://scholar.google.com/scholar?q=RF-Drone%3A+Multi-tag+system+for+RF-ID+enables+drone+tracking+in+GPS-denied+environments,,
223,REC_1209,REC_1209.pdf,Immunity-based framework for autonomous flight in GNSS-denied environment,2019,Scopus,10.15866/irease.v12i6.16215,classic,https://www.scopus.com/pages/publications/85078500395?origin=resultslist,https://doi.org/10.15866/irease.v12i6.16215,https://scholar.google.com/scholar?q=Immunity-based+framework+for+autonomous+flight+in+GNSS-denied+environment,,
224,REC_1267,REC_1267.pdf,Field-testing of a UAV-UGV team for GNSS-denied navigation in subterranean environments,2019,Scopus,10.33012/2019.16912,classic,https://www.scopus.com/pages/publications/85075267998?origin=resultslist,https://doi.org/10.33012/2019.16912,https://scholar.google.com/scholar?q=Field-testing+of+a+UAV-UGV+team+for+GNSS-denied+navigation+in+subterranean+environments,,
225,REC_1294,REC_1294.pdf,Localization Fusion for Aerial Vehicles in Partially GNSS Denied Environments,2019,Scopus,10.1007/978-3-030-14984-0_20,classic,https://www.scopus.com/pages/publications/85064058996?origin=resultslist,https://doi.org/10.1007/978-3-030-14984-0_20,https://scholar.google.com/scholar?q=Localization+Fusion+for+Aerial+Vehicles+in+Partially+GNSS+Denied+Environments,,
226,REC_1363,REC_1363.pdf,CSLAM and GPS based navigation for multi-UAV cooperative transportation system,2019,Scopus,10.1007/978-3-030-27535-8_29,classic,https://www.scopus.com/pages/publications/85070630111?origin=resultslist,https://doi.org/10.1007/978-3-030-27535-8_29,https://scholar.google.com/scholar?q=CSLAM+and+GPS+based+navigation+for+multi-UAV+cooperative+transportation+system,,
227,REC_1451,REC_1451.pdf,Vision Model-Based Real-Time Localization of Unmanned Aerial Vehicle for Autonomous Structure Inspection under GPS-Denied Environment,2019,Scopus,10.1061/9780784482445.037,classic,https://www.scopus.com/pages/publications/85068735153?origin=resultslist,https://doi.org/10.1061/9780784482445.037,https://scholar.google.com/scholar?q=Vision+Model-Based+Real-Time+Localization+of+Unmanned+Aerial+Vehicle+for+Autonomous+Structure+Inspection+under+GPS-Denied+Environment,,
228,REC_1541,REC_1541.pdf,Visual-Thermal Landmarks and Inertial Fusion for Navigation in Degraded Visual Environments,2019,Scopus,10.1109/AERO.2019.8741787,classic,https://www.scopus.com/pages/publications/85068321341?origin=resultslist,https://doi.org/10.1109/AERO.2019.8741787,https://scholar.google.com/scholar?q=Visual-Thermal+Landmarks+and+Inertial+Fusion+for+Navigation+in+Degraded+Visual+Environments,,
229,REC_1553,REC_1553.pdf,Real-Time Monocular Vision-Based UAV Obstacle Detection and Collision Avoidance in GPS-Denied Outdoor Environments Using CNN MobileNet-SSD,2019,Scopus,10.1007/978-3-030-33749-0_49,classic,https://www.scopus.com/pages/publications/85075681207?origin=resultslist,https://doi.org/10.1007/978-3-030-33749-0_49,https://scholar.google.com/scholar?q=Real-Time+Monocular+Vision-Based+UAV+Obstacle+Detection+and+Collision+Avoidance+in+GPS-Denied+Outdoor+Environments+Using+CNN+MobileNet-SSD,,
230,REC_1640,REC_1640.pdf,Automatic landing of a low-cost quadrotor using monocular vision and Kalman filter in GPS-denied environments,2019,Scopus,10.3906/elk-1809-204,classic,https://www.scopus.com/pages/publications/85065845299?origin=resultslist,https://doi.org/10.3906/elk-1809-204,https://scholar.google.com/scholar?q=Automatic+landing+of+a+low-cost+quadrotor+using+monocular+vision+and+Kalman+filter+in+GPS-denied+environments,,
231,REC_0010,REC_0010.pdf,Autonomous long-range navigation in GNSS-denied environment with low-cost UAV platform,2018,IEEE_Xplore,10.1109/SYSCON.2018.8369592,classic,https://ieeexplore.ieee.org/search/searchresult.jsp?queryText=10.1109%2FSYSCON.2018.8369592,https://doi.org/10.1109/SYSCON.2018.8369592,https://scholar.google.com/scholar?q=Autonomous+long-range+navigation+in+GNSS-denied+environment+with+low-cost+UAV+platform,,
232,REC_0017,REC_0017.pdf,Development of Nano UAV Platform for Navigation in GPS-Denied Environment Using Snapdragon,2018,IEEE_Xplore,10.1109/IECON.2018.8592913,classic,https://ieeexplore.ieee.org/search/searchresult.jsp?queryText=10.1109%2FIECON.2018.8592913,https://doi.org/10.1109/IECON.2018.8592913,https://scholar.google.com/scholar?q=Development+of+Nano+UAV+Platform+for+Navigation+in+GPS-Denied+Environment+Using+Snapdragon,,
233,REC_0071,REC_0071.pdf,Radar-Based High-Accuracy 3D Localization of UAVs for Landing in GNSS-Denied Environments,2018,IEEE_Xplore,10.1109/ICMIM.2018.8443483,classic,https://ieeexplore.ieee.org/search/searchresult.jsp?queryText=10.1109%2FICMIM.2018.8443483,https://doi.org/10.1109/ICMIM.2018.8443483,https://scholar.google.com/scholar?q=Radar-Based+High-Accuracy+3D+Localization+of+UAVs+for+Landing+in+GNSS-Denied+Environments,,
234,REC_0080,REC_0080.pdf,Enabling Computer Vision-Based Autonomous Navigation for Unmanned Aerial Vehicles in Cluttered GPS-Denied Environments,2018,IEEE_Xplore,10.1109/ITSC.2018.8569695,classic,https://ieeexplore.ieee.org/search/searchresult.jsp?queryText=10.1109%2FITSC.2018.8569695,https://doi.org/10.1109/ITSC.2018.8569695,https://scholar.google.com/scholar?q=Enabling+Computer+Vision-Based+Autonomous+Navigation+for+Unmanned+Aerial+Vehicles+in+Cluttered+GPS-Denied+Environments,,
235,REC_0118,REC_0118.pdf,A Vision-Aided Navigation System by Ground-Aerial Vehicle Cooperation for UAV in GNSS-Denied Environments,2018,IEEE_Xplore,10.1109/GNCC42960.2018.9019191,classic,https://ieeexplore.ieee.org/search/searchresult.jsp?queryText=10.1109%2FGNCC42960.2018.9019191,https://doi.org/10.1109/GNCC42960.2018.9019191,https://scholar.google.com/scholar?q=A+Vision-Aided+Navigation+System+by+Ground-Aerial+Vehicle+Cooperation+for+UAV+in+GNSS-Denied+Environments,,
236,REC_0318,REC_0318.pdf,Cooperative Navigation Method Based on Adaptive CKF for UAVs In GPS Denied Areas,2018,IEEE_Xplore,10.1109/GNCC42960.2018.9018972,classic,https://ieeexplore.ieee.org/search/searchresult.jsp?queryText=10.1109%2FGNCC42960.2018.9018972,https://doi.org/10.1109/GNCC42960.2018.9018972,https://scholar.google.com/scholar?q=Cooperative+Navigation+Method+Based+on+Adaptive+CKF+for+UAVs+In+GPS+Denied+Areas,,
237,REC_0332,REC_0332.pdf,Thermal-Inertial Localization for Autonomous Navigation of Aerial Robots through Obscurants,2018,IEEE_Xplore,10.1109/ICUAS.2018.8453447,classic,https://ieeexplore.ieee.org/search/searchresult.jsp?queryText=10.1109%2FICUAS.2018.8453447,https://doi.org/10.1109/ICUAS.2018.8453447,https://scholar.google.com/scholar?q=Thermal-Inertial+Localization+for+Autonomous+Navigation+of+Aerial+Robots+through+Obscurants,,
238,REC_0363,REC_0363.pdf,Enhanced UAV navigation in GNSS denied environment using repeated dynamics pattern recognition,2018,IEEE_Xplore,10.1109/PLANS.2018.8373497,classic,https://ieeexplore.ieee.org/search/searchresult.jsp?queryText=10.1109%2FPLANS.2018.8373497,https://doi.org/10.1109/PLANS.2018.8373497,https://scholar.google.com/scholar?q=Enhanced+UAV+navigation+in+GNSS+denied+environment+using+repeated+dynamics+pattern+recognition,,
239,REC_0464,REC_0464.pdf,Relative visual-inertial odometry for fixed-wing aircraft in GPS-denied environments,2018,IEEE_Xplore,10.1109/PLANS.2018.8373454,classic,https://ieeexplore.ieee.org/search/searchresult.jsp?queryText=10.1109%2FPLANS.2018.8373454,https://doi.org/10.1109/PLANS.2018.8373454,https://scholar.google.com/scholar?q=Relative+visual-inertial+odometry+for+fixed-wing+aircraft+in+GPS-denied+environments,,
240,REC_0617,REC_0617.pdf,Visual-Inertial Fusion for Indoor Autonomous Navigation of a Quadrotor Using ORB-SLAM,2018,IEEE_Xplore,10.1109/LARS/SBR/WRE.2018.00028,classic,https://ieeexplore.ieee.org/search/searchresult.jsp?queryText=10.1109%2FLARS%2FSBR%2FWRE.2018.00028,https://doi.org/10.1109/LARS/SBR/WRE.2018.00028,https://scholar.google.com/scholar?q=Visual-Inertial+Fusion+for+Indoor+Autonomous+Navigation+of+a+Quadrotor+Using+ORB-SLAM,,
241,REC_0647,REC_0647.pdf,Radiation Source Localization in GPS-Denied Environments Using Aerial Robots,2018,IEEE_Xplore,10.1109/ICRA.2018.8460760,classic,https://ieeexplore.ieee.org/search/searchresult.jsp?queryText=10.1109%2FICRA.2018.8460760,https://doi.org/10.1109/ICRA.2018.8460760,https://scholar.google.com/scholar?q=Radiation+Source+Localization+in+GPS-Denied+Environments+Using+Aerial+Robots,,
242,REC_0693,REC_0693.pdf,Characterization and Testing of a High-Resolution Time-of-Flight Camera for Autonomous Navigation,2018,IEEE_Xplore,10.1109/MetroAeroSpace.2018.8453522,classic,https://ieeexplore.ieee.org/search/searchresult.jsp?queryText=10.1109%2FMetroAeroSpace.2018.8453522,https://doi.org/10.1109/MetroAeroSpace.2018.8453522,https://scholar.google.com/scholar?q=Characterization+and+Testing+of+a+High-Resolution+Time-of-Flight+Camera+for+Autonomous+Navigation,,
243,REC_0973,REC_0973.pdf,Landmark Placement for Localization in a GPS-denied Environment,2018,IEEE_Xplore,10.23919/ACC.2018.8431886,classic,https://ieeexplore.ieee.org/search/searchresult.jsp?queryText=10.23919%2FACC.2018.8431886,https://doi.org/10.23919/ACC.2018.8431886,https://scholar.google.com/scholar?q=Landmark+Placement+for+Localization+in+a+GPS-denied+Environment,,
244,REC_0993,REC_0993.pdf,"Fast, autonomous flight in GPS-denied and cluttered environments",2018,Scopus,10.1002/rob.21774,classic,https://www.scopus.com/pages/publications/85038027987?origin=resultslist,https://doi.org/10.1002/rob.21774,https://scholar.google.com/scholar?q=Fast%2C+autonomous+flight+in+GPS-denied+and+cluttered+environments,,
245,REC_1028,REC_1028.pdf,Integrated navigation for autonomous drone in GPS and GPS-denied environments,2018,Scopus,10.20965/jrm.2018.p0373,classic,https://www.scopus.com/pages/publications/85049181831?origin=resultslist,https://doi.org/10.20965/jrm.2018.p0373,https://scholar.google.com/scholar?q=Integrated+navigation+for+autonomous+drone+in+GPS+and+GPS-denied+environments,,
246,REC_1055,REC_1055.pdf,An Autonomously Navigation System for Forestry Quadrotor within GPS-denied Below-canopy Environment,2018,Scopus,10.1109/GNCC42960.2018.9019136,classic,https://www.scopus.com/pages/publications/85082497597?origin=resultslist,https://doi.org/10.1109/GNCC42960.2018.9019136,https://scholar.google.com/scholar?q=An+Autonomously+Navigation+System+for+Forestry+Quadrotor+within+GPS-denied+Below-canopy+Environment,,
247,REC_1070,REC_1070.pdf,Hybrid Machine Learning VDM for UAVs in GNSS-denied Environment,2018,Scopus,10.1002/navi.249,classic,https://www.scopus.com/pages/publications/85052784132?origin=resultslist,https://doi.org/10.1002/navi.249,https://scholar.google.com/scholar?q=Hybrid+Machine+Learning+VDM+for+UAVs+in+GNSS-denied+Environment,,
248,REC_1132,REC_1132.pdf,Minimalistic approach for monocular SLAM system applied to micro aerial vehicles in GPS-denied environments,2018,Scopus,10.1177/0142331217747343,classic,https://www.scopus.com/pages/publications/85057452940?origin=resultslist,https://doi.org/10.1177/0142331217747343,https://scholar.google.com/scholar?q=Minimalistic+approach+for+monocular+SLAM+system+applied+to+micro+aerial+vehicles+in+GPS-denied+environments,,
249,REC_1137,REC_1137.pdf,"Integrated guidance, navigation, and control system for a UAV in a GPS denied environment",2018,Scopus,10.5220/0006908204400447,classic,https://www.scopus.com/pages/publications/85071493657?origin=resultslist,https://doi.org/10.5220/0006908204400447,https://scholar.google.com/scholar?q=Integrated+guidance%2C+navigation%2C+and+control+system+for+a+UAV+in+a+GPS+denied+environment,,
250,REC_1192,REC_1192.pdf,Indoor UAV Localization Using a Tether,2018,Scopus,10.1109/SSRR.2018.8468627,classic,https://www.scopus.com/pages/publications/85055473860?origin=resultslist,https://doi.org/10.1109/SSRR.2018.8468627,https://scholar.google.com/scholar?q=Indoor+UAV+Localization+Using+a+Tether,,
251,REC_1210,REC_1210.pdf,"Experiments in Fast, Autonomous, GPS-Denied Quadrotor Flight",2018,Scopus,10.1109/ICRA.2018.8463214,classic,https://www.scopus.com/pages/publications/85055752056?origin=resultslist,https://doi.org/10.1109/ICRA.2018.8463214,https://scholar.google.com/scholar?q=Experiments+in+Fast%2C+Autonomous%2C+GPS-Denied+Quadrotor+Flight,,
252,REC_1217,REC_1217.pdf,Vision based UAS navigation for RFI localization,2018,Scopus,10.33012/2018.16060,classic,https://www.scopus.com/pages/publications/85063011408?origin=resultslist,https://doi.org/10.33012/2018.16060,https://scholar.google.com/scholar?q=Vision+based+UAS+navigation+for+RFI+localization,,
253,REC_1268,REC_1268.pdf,SOFT-SLAM: Computationally efficient stereo visual simultaneous localization and mapping for autonomous unmanned aerial vehicles,2018,Scopus,10.1002/rob.21762,classic,https://www.scopus.com/pages/publications/85048092294?origin=resultslist,https://doi.org/10.1002/rob.21762,https://scholar.google.com/scholar?q=SOFT-SLAM%3A+Computationally+efficient+stereo+visual+simultaneous+localization+and+mapping+for+autonomous+unmanned+aerial+vehicles,,
254,REC_1283,REC_1283.pdf,Cooperative monocular-based SLAM for multi-UAV systems in GPS-denied environments,2018,Scopus,10.3390/s18051351,classic,https://www.scopus.com/pages/publications/85046158714?origin=resultslist,https://doi.org/10.3390/s18051351,https://scholar.google.com/scholar?q=Cooperative+monocular-based+SLAM+for+multi-UAV+systems+in+GPS-denied+environments,,
255,REC_1286,REC_1286.pdf,Hybrid camera array-based UAV auto-landing on moving UGV in GPS-denied environment,2018,Scopus,10.3390/rs10111829,classic,https://www.scopus.com/pages/publications/85057078482?origin=resultslist,https://doi.org/10.3390/rs10111829,https://scholar.google.com/scholar?q=Hybrid+camera+array-based+UAV+auto-landing+on+moving+UGV+in+GPS-denied+environment,,
256,REC_1307,REC_1307.pdf,An architecture for robust UAV navigation in GPS-denied areas,2018,Scopus,10.1002/rob.21757,classic,https://www.scopus.com/pages/publications/85038030539?origin=resultslist,https://doi.org/10.1002/rob.21757,https://scholar.google.com/scholar?q=An+architecture+for+robust+UAV+navigation+in+GPS-denied+areas,,
257,REC_1313,REC_1313.pdf,A smart hybrid vision aided inertial navigation system approach for UAVs in a GNSS denied environment,2018,Scopus,10.1002/navi.270,classic,https://www.scopus.com/pages/publications/85057964176?origin=resultslist,https://doi.org/10.1002/navi.270,https://scholar.google.com/scholar?q=A+smart+hybrid+vision+aided+inertial+navigation+system+approach+for+UAVs+in+a+GNSS+denied+environment,,
258,REC_1320,REC_1320.pdf,Radar and visual odometry integrated system aided navigation for UAVS in GNSS denied environment,2018,Scopus,10.3390/s18092776,classic,https://www.scopus.com/pages/publications/85052225319?origin=resultslist,https://doi.org/10.3390/s18092776,https://scholar.google.com/scholar?q=Radar+and+visual+odometry+integrated+system+aided+navigation+for+UAVS+in+GNSS+denied+environment,,
259,REC_1403,REC_1403.pdf,Simless GSM positioning for navigation in GPS-denied environments,2018,Scopus,10.1108/AEAT-01-2017-0029,classic,https://www.scopus.com/pages/publications/85090294898?origin=resultslist,https://doi.org/10.1108/AEAT-01-2017-0029,https://scholar.google.com/scholar?q=Simless+GSM+positioning+for+navigation+in+GPS-denied+environments,,
260,REC_1555,REC_1555.pdf,Bounding visual odometry drift with radio range data for small unmanned aerial vehicles,2018,Scopus,10.33012/2018.15952,classic,https://www.scopus.com/pages/publications/85062996827?origin=resultslist,https://doi.org/10.33012/2018.15952,https://scholar.google.com/scholar?q=Bounding+visual+odometry+drift+with+radio+range+data+for+small+unmanned+aerial+vehicles,,
261,REC_1612,REC_1612.pdf,Visual GPS-denied multi-agent localization & terrain classification,2018,Scopus,10.1109/AERO.2018.8396392,classic,https://www.scopus.com/pages/publications/85049839079?origin=resultslist,https://doi.org/10.1109/AERO.2018.8396392,https://scholar.google.com/scholar?q=Visual+GPS-denied+multi-agent+localization+%26+terrain+classification,,
262,REC_1676,REC_1676.pdf,More Robust Features for Adaptive Visual Navigation of UAVs in Mixed Environments: A Novel Localisation Framework,2018,Scopus,10.1007/s10846-017-0650-2,classic,https://www.scopus.com/pages/publications/85030324656?origin=resultslist,https://doi.org/10.1007/s10846-017-0650-2,https://scholar.google.com/scholar?q=More+Robust+Features+for+Adaptive+Visual+Navigation+of+UAVs+in+Mixed+Environments%3A+A+Novel+Localisation+Framework,,
263,REC_1679,REC_1679.pdf,Self-localization of unmanned aerial vehicles based on optical flow in onboard camera images,2018,Scopus,10.1007/978-3-319-76072-8_8,classic,https://www.scopus.com/pages/publications/85044084324?origin=resultslist,https://doi.org/10.1007/978-3-319-76072-8_8,https://scholar.google.com/scholar?q=Self-localization+of+unmanned+aerial+vehicles+based+on+optical+flow+in+onboard+camera+images,,
264,REC_0345,REC_0345.pdf,Distance function based 6DOF localization for unmanned aerial vehicles in GPS denied environments,2017,IEEE_Xplore,10.1109/IROS.2017.8206421,classic,https://ieeexplore.ieee.org/search/searchresult.jsp?queryText=10.1109%2FIROS.2017.8206421,https://doi.org/10.1109/IROS.2017.8206421,https://scholar.google.com/scholar?q=Distance+function+based+6DOF+localization+for+unmanned+aerial+vehicles+in+GPS+denied+environments,,
265,REC_0438,REC_0438.pdf,Vision-based object path following on a quadcopter for GPS-denied environments,2017,IEEE_Xplore,10.1109/ICUAS.2017.7991500,classic,https://ieeexplore.ieee.org/search/searchresult.jsp?queryText=10.1109%2FICUAS.2017.7991500,https://doi.org/10.1109/ICUAS.2017.7991500,https://scholar.google.com/scholar?q=Vision-based+object+path+following+on+a+quadcopter+for+GPS-denied+environments,,
266,REC_0896,REC_0896.pdf,Robust autonomous flight and mission management for MAVs in GPS-denied environments,2017,IEEE_Xplore,10.1109/ASCC.2017.8287144,classic,https://ieeexplore.ieee.org/search/searchresult.jsp?queryText=10.1109%2FASCC.2017.8287144,https://doi.org/10.1109/ASCC.2017.8287144,https://scholar.google.com/scholar?q=Robust+autonomous+flight+and+mission+management+for+MAVs+in+GPS-denied+environments,,
267,REC_0932,REC_0932.pdf,Development of a Plug-and-Play Infrared Landing System for Multirotor Unmanned Aerial Vehicles,2017,IEEE_Xplore,10.1109/CRV.2017.23,classic,https://ieeexplore.ieee.org/search/searchresult.jsp?queryText=10.1109%2FCRV.2017.23,https://doi.org/10.1109/CRV.2017.23,https://scholar.google.com/scholar?q=Development+of+a+Plug-and-Play+Infrared+Landing+System+for+Multirotor+Unmanned+Aerial+Vehicles,,
268,REC_1002,REC_1002.pdf,An integrated UAV navigation system based on geo-registered 3D point cloud,2017,Scopus,10.1109/MFI.2017.8170396,classic,https://www.scopus.com/pages/publications/85042374659?origin=resultslist,https://doi.org/10.1109/MFI.2017.8170396,https://scholar.google.com/scholar?q=An+integrated+UAV+navigation+system+based+on+geo-registered+3D+point+cloud,,
269,REC_1095,REC_1095.pdf,A multi-sensorial simultaneous localization and mapping (SLAM) system for low-cost micro aerial vehicles in GPS-denied environments,2017,Scopus,10.3390/s17040802,classic,https://www.scopus.com/pages/publications/85017425563?origin=resultslist,https://doi.org/10.3390/s17040802,https://scholar.google.com/scholar?q=A+multi-sensorial+simultaneous+localization+and+mapping+%28SLAM%29+system+for+low-cost+micro+aerial+vehicles+in+GPS-denied+environments,,
270,REC_1366,REC_1366.pdf,Cooperative Localisation of a GPS-Denied UAV in 3-Dimensional Space Using Direction of Arrival Measurements,2017,Scopus,10.1016/j.ifacol.2017.08.1226,classic,https://www.scopus.com/pages/publications/85031805653?origin=resultslist,https://doi.org/10.1016/j.ifacol.2017.08.1226,https://scholar.google.com/scholar?q=Cooperative+Localisation+of+a+GPS-Denied+UAV+in+3-Dimensional+Space+Using+Direction+of+Arrival+Measurements,,
271,REC_1480,REC_1480.pdf,Pose estimation for an autonomous vehicle using monocular vision,2017,Scopus,10.1109/INDIANCC.2017.7846512,classic,https://www.scopus.com/pages/publications/85015752740?origin=resultslist,https://doi.org/10.1109/INDIANCC.2017.7846512,https://scholar.google.com/scholar?q=Pose+estimation+for+an+autonomous+vehicle+using+monocular+vision,,
272,REC_1539,REC_1539.pdf,3D mapping for autonomous quadrotor aircraft,2017,Scopus,10.1142/S2301385017400064,classic,https://www.scopus.com/pages/publications/85031033588?origin=resultslist,https://doi.org/10.1142/S2301385017400064,https://scholar.google.com/scholar?q=3D+mapping+for+autonomous+quadrotor+aircraft,,
273,REC_1564,REC_1564.pdf,Ultra-wideband based cooperative relative localization algorithm and experiments for multiple unmanned aerial vehicles in GPS denied environments,2017,Scopus,10.1177/1756829317695564,classic,https://www.scopus.com/pages/publications/85029002271?origin=resultslist,https://doi.org/10.1177/1756829317695564,https://scholar.google.com/scholar?q=Ultra-wideband+based+cooperative+relative+localization+algorithm+and+experiments+for+multiple+unmanned+aerial+vehicles+in+GPS+denied+environments,,
274,REC_1619,REC_1619.pdf,Robust Autonomous Flight in Constrained and Visually Degraded Shipboard Environments,2017,Scopus,10.1002/rob.21670,classic,https://www.scopus.com/pages/publications/84988622309?origin=resultslist,https://doi.org/10.1002/rob.21670,https://scholar.google.com/scholar?q=Robust+Autonomous+Flight+in+Constrained+and+Visually+Degraded+Shipboard+Environments,,
275,REC_0242,REC_0242.pdf,Survey on UAV navigation in GPS denied environments,2016,IEEE_Xplore,10.1109/SCOPES.2016.7955787,classic,https://ieeexplore.ieee.org/search/searchresult.jsp?queryText=10.1109%2FSCOPES.2016.7955787,https://doi.org/10.1109/SCOPES.2016.7955787,https://scholar.google.com/scholar?q=Survey+on+UAV+navigation+in+GPS+denied+environments,,
276,REC_0255,REC_0255.pdf,A stereo and rotating laser framework for UAV navigation in GPS denied environment,2016,IEEE_Xplore,10.1109/IECON.2016.7793246,classic,https://ieeexplore.ieee.org/search/searchresult.jsp?queryText=10.1109%2FIECON.2016.7793246,https://doi.org/10.1109/IECON.2016.7793246,https://scholar.google.com/scholar?q=A+stereo+and+rotating+laser+framework+for+UAV+navigation+in+GPS+denied+environment,,
277,REC_0296,REC_0296.pdf,Optical flow sensor integrated navigation system for quadrotor in GPS-denied environment,2016,IEEE_Xplore,10.1109/ICRAE.2016.7738795,classic,https://ieeexplore.ieee.org/search/searchresult.jsp?queryText=10.1109%2FICRAE.2016.7738795,https://doi.org/10.1109/ICRAE.2016.7738795,https://scholar.google.com/scholar?q=Optical+flow+sensor+integrated+navigation+system+for+quadrotor+in+GPS-denied+environment,,
278,REC_0362,REC_0362.pdf,Unmanned aerial vehicle relative navigation in GPS denied environments,2016,IEEE_Xplore,10.1109/PLANS.2016.7479719,classic,https://ieeexplore.ieee.org/search/searchresult.jsp?queryText=10.1109%2FPLANS.2016.7479719,https://doi.org/10.1109/PLANS.2016.7479719,https://scholar.google.com/scholar?q=Unmanned+aerial+vehicle+relative+navigation+in+GPS+denied+environments,,
279,REC_0752,REC_0752.pdf,Cooperative localisation of UAVs in a GPS-denied environment using bearing measurements,2016,IEEE_Xplore,10.1109/CDC.2016.7798924,classic,https://ieeexplore.ieee.org/search/searchresult.jsp?queryText=10.1109%2FCDC.2016.7798924,https://doi.org/10.1109/CDC.2016.7798924,https://scholar.google.com/scholar?q=Cooperative+localisation+of+UAVs+in+a+GPS-denied+environment+using+bearing+measurements,,
280,REC_1001,REC_1001.pdf,Perception and navigation for an autonomous quadrotor in GPS-denied environments,2016,Scopus,10.2316/Journal.206.2016.6.206-4434,classic,https://www.scopus.com/pages/publications/85008158365?origin=resultslist,https://doi.org/10.2316/Journal.206.2016.6.206-4434,https://scholar.google.com/scholar?q=Perception+and+navigation+for+an+autonomous+quadrotor+in+GPS-denied+environments,,
281,REC_1064,REC_1064.pdf,Autonomous Navigation for Micro Aerial Vehicles in Complex GNSS-denied Environments,2016,Scopus,10.1007/s10846-015-0274-3,classic,https://www.scopus.com/pages/publications/84944703942?origin=resultslist,https://doi.org/10.1007/s10846-015-0274-3,https://scholar.google.com/scholar?q=Autonomous+Navigation+for+Micro+Aerial+Vehicles+in+Complex+GNSS-denied+Environments,,
282,REC_1103,REC_1103.pdf,Integrated navigation of aerial robot for GPS and GPS-denied environment,2016,Scopus,10.1088/1742-6596/744/1/012219,classic,https://www.scopus.com/pages/publications/84994157047?origin=resultslist,https://doi.org/10.1088/1742-6596/744/1/012219,https://scholar.google.com/scholar?q=Integrated+navigation+of+aerial+robot+for+GPS+and+GPS-denied+environment,,
283,REC_1186,REC_1186.pdf,Landmarks based path planning for UAVs in GPS-denied areas,2016,Scopus,10.1016/j.ifacol.2016.03.086,classic,https://www.scopus.com/pages/publications/84974587997?origin=resultslist,https://doi.org/10.1016/j.ifacol.2016.03.086,https://scholar.google.com/scholar?q=Landmarks+based+path+planning+for+UAVs+in+GPS-denied+areas,,
284,REC_1187,REC_1187.pdf,Group coordination and path replan tactics in GPS denied environments,2016,Scopus,10.1109/ICUAS.2016.7502646,classic,https://www.scopus.com/pages/publications/84979741919?origin=resultslist,https://doi.org/10.1109/ICUAS.2016.7502646,https://scholar.google.com/scholar?q=Group+coordination+and+path+replan+tactics+in+GPS+denied+environments,,
285,REC_1322,REC_1322.pdf,Indoor SLAM for Micro Aerial Vehicles Control Using Monocular Camera and Sensor Fusion,2016,Scopus,10.1109/ICARSC.2016.46,classic,https://www.scopus.com/pages/publications/85010441786?origin=resultslist,https://doi.org/10.1109/ICARSC.2016.46,https://scholar.google.com/scholar?q=Indoor+SLAM+for+Micro+Aerial+Vehicles+Control+Using+Monocular+Camera+and+Sensor+Fusion,,
286,REC_1336,REC_1336.pdf,Multi-sensor robust relative estimation framework for GPS-denied multirotor aircraft,2016,Scopus,10.1109/ICUAS.2016.7502619,classic,https://www.scopus.com/pages/publications/84979789855?origin=resultslist,https://doi.org/10.1109/ICUAS.2016.7502619,https://scholar.google.com/scholar?q=Multi-sensor+robust+relative+estimation+framework+for+GPS-denied+multirotor+aircraft,,
287,REC_1373,REC_1373.pdf,Enabling UAV navigation with sensor and environmental uncertainty in cluttered and GPS-denied environments,2016,Scopus,10.3390/s16050666,classic,https://www.scopus.com/pages/publications/84966431163?origin=resultslist,https://doi.org/10.3390/s16050666,https://scholar.google.com/scholar?q=Enabling+UAV+navigation+with+sensor+and+environmental+uncertainty+in+cluttered+and+GPS-denied+environments,,
288,REC_1378,REC_1378.pdf,Optical Flow Sensor/INS/Magnetometer Integrated Navigation System for MAV in GPS-Denied Environment,2016,Scopus,10.1155/2016/6105803,classic,https://www.scopus.com/pages/publications/84959277763?origin=resultslist,https://doi.org/10.1155/2016/6105803,https://scholar.google.com/scholar?q=Optical+Flow+Sensor%2FINS%2FMagnetometer+Integrated+Navigation+System+for+MAV+in+GPS-Denied+Environment,,
289,REC_1400,REC_1400.pdf,Indoor SLAM for micro aerial vehicles using visual and laser sensor fusion,2016,Scopus,10.1007/978-3-319-27146-0_41,classic,https://www.scopus.com/pages/publications/84951733127?origin=resultslist,https://doi.org/10.1007/978-3-319-27146-0_41,https://scholar.google.com/scholar?q=Indoor+SLAM+for+micro+aerial+vehicles+using+visual+and+laser+sensor+fusion,,
290,REC_1423,REC_1423.pdf,A robust real-time vision based GPS-denied navigation system of UAV,2016,Scopus,10.1109/CYBER.2016.7574843,classic,https://www.scopus.com/pages/publications/84991581794?origin=resultslist,https://doi.org/10.1109/CYBER.2016.7574843,https://scholar.google.com/scholar?q=A+robust+real-time+vision+based+GPS-denied+navigation+system+of+UAV,,
291,REC_1438,REC_1438.pdf,3D motion planning for UAVs in GPS-denied unknown forest environment,2016,Scopus,10.1109/IVS.2016.7535393,classic,https://www.scopus.com/pages/publications/84983257880?origin=resultslist,https://doi.org/10.1109/IVS.2016.7535393,https://scholar.google.com/scholar?q=3D+motion+planning+for+UAVs+in+GPS-denied+unknown+forest+environment,,
292,REC_1561,REC_1561.pdf,Characterization of mountain drainage patterns for GPS-denied UAS navigation augmentation,2016,Scopus,10.1007/s00138-015-0723-9,classic,https://www.scopus.com/pages/publications/84953636985?origin=resultslist,https://doi.org/10.1007/s00138-015-0723-9,https://scholar.google.com/scholar?q=Characterization+of+mountain+drainage+patterns+for+GPS-denied+UAS+navigation+augmentation,,
293,REC_1608,REC_1608.pdf,Long-term aerial robot localization based on visual odometry and radio-based ranging,2016,Scopus,10.1109/ICUAS.2016.7502653,classic,https://www.scopus.com/pages/publications/84979740891?origin=resultslist,https://doi.org/10.1109/ICUAS.2016.7502653,https://scholar.google.com/scholar?q=Long-term+aerial+robot+localization+based+on+visual+odometry+and+radio-based+ranging,,
294,REC_1609,REC_1609.pdf,GPS Denied UAV Routing with Communication Constraints,2016,Scopus,10.1007/s10846-016-0343-2,classic,https://www.scopus.com/pages/publications/84957680616?origin=resultslist,https://doi.org/10.1007/s10846-016-0343-2,https://scholar.google.com/scholar?q=GPS+Denied+UAV+Routing+with+Communication+Constraints,,
295,REC_0025,REC_0025.pdf,Design of an UWB indoor-positioning system for UAV navigation in GNSS-denied environments,2015,IEEE_Xplore,10.1109/IPIN.2015.7346960,classic,https://ieeexplore.ieee.org/search/searchresult.jsp?queryText=10.1109%2FIPIN.2015.7346960,https://doi.org/10.1109/IPIN.2015.7346960,https://scholar.google.com/scholar?q=Design+of+an+UWB+indoor-positioning+system+for+UAV+navigation+in+GNSS-denied+environments,,
296,REC_0057,REC_0057.pdf,ROS+unity: An efficient high-fidelity 3D multi-UAV navigation and control simulator in GPS-denied environments,2015,IEEE_Xplore,10.1109/IECON.2015.7392488,classic,https://ieeexplore.ieee.org/search/searchresult.jsp?queryText=10.1109%2FIECON.2015.7392488,https://doi.org/10.1109/IECON.2015.7392488,https://scholar.google.com/scholar?q=ROS%2Bunity%3A+An+efficient+high-fidelity+3D+multi-UAV+navigation+and+control+simulator+in+GPS-denied+environments,,
297,REC_0369,REC_0369.pdf,Autonomous Flight Control of a Nano Quadrotor Helicopter in a GPS-Denied Environment Using On-Board Vision,2015,IEEE_Xplore,10.1109/TIE.2015.2420036,classic,https://ieeexplore.ieee.org/search/searchresult.jsp?queryText=10.1109%2FTIE.2015.2420036,https://doi.org/10.1109/TIE.2015.2420036,https://scholar.google.com/scholar?q=Autonomous+Flight+Control+of+a+Nano+Quadrotor+Helicopter+in+a+GPS-Denied+Environment+Using+On-Board+Vision,,
298,REC_0461,REC_0461.pdf,Autonomous MAV navigation in complex GNSS-denied 3D environments,2015,IEEE_Xplore,10.1109/SSRR.2015.7443012,classic,https://ieeexplore.ieee.org/search/searchresult.jsp?queryText=10.1109%2FSSRR.2015.7443012,https://doi.org/10.1109/SSRR.2015.7443012,https://scholar.google.com/scholar?q=Autonomous+MAV+navigation+in+complex+GNSS-denied+3D+environments,,
299,REC_0594,REC_0594.pdf,Google map aided visual navigation for UAVs in GPS-denied environment,2015,IEEE_Xplore,10.1109/ROBIO.2015.7418753,classic,https://ieeexplore.ieee.org/search/searchresult.jsp?queryText=10.1109%2FROBIO.2015.7418753,https://doi.org/10.1109/ROBIO.2015.7418753,https://scholar.google.com/scholar?q=Google+map+aided+visual+navigation+for+UAVs+in+GPS-denied+environment,,
300,REC_0719,REC_0719.pdf,Autonomous landing of small unmanned aerial rotorcraft based on monocular vision in GPS-denied area,2015,IEEE_Xplore,10.1109/JAS.2015.7032912,classic,https://ieeexplore.ieee.org/search/searchresult.jsp?queryText=10.1109%2FJAS.2015.7032912,https://doi.org/10.1109/JAS.2015.7032912,https://scholar.google.com/scholar?q=Autonomous+landing+of+small+unmanned+aerial+rotorcraft+based+on+monocular+vision+in+GPS-denied+area,,
