paper_id,title,first_author,year,venue,doi,q1_clear_problem,q2_sensor_config,q3_quant_results,q4_baseline_comparison,q5_hardware_validation,q6_statistical_rigor,q7_doi_reproducibility,q8_reporting_depth,total_score,quality_tier
REC_0001,BIM-Assisted UAV Topological Localization and Navigation Method for GPS-Denied Indoor Environments,H. Pan,2026,,10.1109/ICCIR70228.2026.11633308,1,0,1,0,0,0,1,1,4,Medium
REC_0002,Comparison of Visual Inertial Odometry using FlightGoggles Simulator for UAV,E. M. Lee,2019,,10.23919/ICCAS47443.2019.8971738,1,1,0,0,1,0,1,1,5,Medium
REC_0003,Autonomous Navigation in GPS-Denied Environments Using Visual SLAM,L. B. Jayswal,2026,,10.1109/ICTP67998.2026.11485150,1,1,1,0,1,1,1,1,7,High
REC_0004,UAV Navigation and Mission Execution in GPS-Denied Environment,J. -T. Zou,2025,,10.1109/ICCE-Taiwan66881.2025.11207940,1,1,1,0,0,0,1,1,5,Medium
REC_0005,UAV Swarm Navigation in GNSS Denied Region with Formation Control,P. Jain,2023,,10.1109/INCET57972.2023.10170669,1,1,0,0,0,0,1,1,4,Medium
REC_0006,A Multi-Sensor Fusion Framework for Unmanned Aerial Vehicle (UAV) Navigation and Inspection in GPS-Denied and Degraded Environments,V. V. Sai Viswa Kiran,2026,,10.1109/APSCON68325.2026.11497125,1,1,0,0,1,0,1,1,5,Medium
REC_0007,BRISK-Driven Visual SLAM Loop Closure for ROS2-Based Autonomous Navigation,T. N. V. S. C. Murthy,2026,,10.1109/ICMCSI67283.2026.11412519,1,1,1,0,1,0,1,1,6,High
REC_0008,A Framework for UAV Navigation and Exploration in GPS-Denied Environments,F. Vanegas,2019,,10.1109/AERO.2019.8741612,1,1,0,0,0,0,1,1,4,Medium
REC_0009,Body-Centered Dynamically-Tuned Error-State Extended Kalman Filter for Visual Inertial Odometry in GNSS-Denied Environments,S. I. K. Abdelaziz,2024,,10.1109/ACCESS.2024.3357458,1,1,1,0,0,0,1,1,5,Medium
REC_0010,Autonomous long-range navigation in GNSS-denied environment with low-cost UAV platform,A. R. Kuroswiski,2018,,10.1109/SYSCON.2018.8369592,1,1,1,0,0,0,1,1,5,Medium
REC_0011,Visual Odometry/Inertial Integration for Enhanced Land Vehicle Navigation in GNSS Denied Environment,A. Salib,2020,,10.1109/VTC2020-Fall49728.2020.9348698,1,1,1,1,1,1,1,1,8,High
REC_0012,Nonlinear Model Predictive Control for Self-Driving cars Trajectory Tracking in GNSS-denied environments,A. Barzegar,2020,,10.23919/ICCAS50221.2020.9268233,1,1,1,0,0,0,1,1,5,Medium
REC_0013,Quantum-Enhanced Drone Swarm Localization in GPS-Denied Environment,S. K. Thota,2026,,10.1109/ICoECIT68303.2026.11497954,1,1,1,0,0,0,1,1,5,Medium
REC_0014,EKF-Based Multi-Sensor Fusion for GPS-Denied Localization of an Autonomous Ground Vehicle,R. Elzard,2026,,10.1109/ICCC71363.2026.11593316,1,1,1,1,1,0,1,1,7,High
REC_0015,A Comparative Analysis of LiDAR SLAM-Based Indoor Navigation for Autonomous Vehicles,Q. Zou,2022,,10.1109/TITS.2021.3063477,1,1,0,1,0,0,1,1,5,Medium
REC_0016,Artificial Landmark-based Indoor Navigation System for an Autonomous Unmanned Aerial Vehicle,L. C. Chie,2020,,10.1109/ICIEA49774.2020.9102082,1,1,1,0,1,0,1,1,6,High
REC_0017,Development of Nano UAV Platform for Navigation in GPS-Denied Environment Using Snapdragon,Y. Zhou,2018,,10.1109/IECON.2018.8592913,1,1,0,0,1,0,1,1,5,Medium
REC_0018,An Integrated System Using Federated Kalman Filter for UGV Navigation in GNSS-denied Environment,M. Wang,2019,,10.23919/ChiCC.2019.8865416,1,0,1,0,0,0,1,1,4,Medium
REC_0019,Efficient Autonomous Navigation in Dynamic Environments: Algorithm Evaluation and Multi-Robot Coordination,M. S. S. M,2024,,10.1109/I2CACIS61270.2024.10649877,1,0,0,0,0,0,1,1,3,Low
REC_0020,Experimental Analysis of Gmapping SLAM Algorithm for Mobile Robot Indoor Navigation,M. Reda,2024,,10.1109/AIRC61399.2024.10671780,1,1,1,0,1,0,1,1,6,High
REC_0021,Autonomous Drone Indoor Navigation Based on Virtual 3D Map Reference,J. Putra,2022,,10.1109/ICISS55894.2022.9915133,1,1,0,0,1,0,1,1,5,Medium
REC_0022,Distance-based Autonomous Docking for UAV-MP in GPS-denied Environment,C. Cheng,2022,,10.1109/CCDC55256.2022.10034409,1,1,1,0,0,0,1,1,5,Medium
REC_0023,Autonomous Aerial Navigation in GPS-Denied Environments,A. Variar,2025,,10.1109/INSPIRE67328.2025.11300665,1,1,0,0,0,0,1,1,4,Medium
REC_0024,Demonstration of Radio SLAM with Terrestrial Signals of Opportunity in a GPS-Denied Environment,A. Sel,2025,,10.1109/VTC2025-Spring65109.2025.11174336,1,1,1,0,1,1,1,1,7,High
REC_0025,Design of an UWB indoor-positioning system for UAV navigation in GNSS-denied environments,J. Tiemann,2015,,10.1109/IPIN.2015.7346960,1,1,1,1,1,1,1,1,8,High
REC_0026,An Autonomous Inspection and Navigation Algorithm for Unmanned Platform Based on ROS and Gazebo,Z. Zhang,2025,,10.1109/AIPIP66876.2025.11299211,1,1,1,0,0,0,1,1,5,Medium
REC_0027,Autonomous Indoor Navigation for Visually Impaired: A ROS-Based Intelligent Guide Robot with Deep Learning and SLAM Integration,L. Zhang,2024,,10.1109/AINIT61980.2024.10581797,1,1,1,0,0,0,1,1,5,Medium
REC_0028,UAV Waypoint Opportunistic Navigation in GNSS-Denied Environments,Y. Yang,2022,,10.1109/TAES.2021.3103140,1,1,1,1,1,1,1,1,8,High
REC_0029,A Dataset for Robot Navigation in GNSS-Disrupted Environments Using Low-Cost Sensors,T. Barata,2025,,10.1109/ICARSC65809.2025.10970127,1,1,1,0,0,1,1,1,6,High
REC_0030,Robot/UAV Indoor Visual SLAM in Smart Cities Based on Remote Data Processing,E. Jharko,2023,,10.1109/SmartIndustryCon57312.2023.10110777,1,1,0,1,0,0,1,1,5,Medium
REC_0031,Real-Time SLAM Based on Image Stitching for Autonomous Navigation of UAVs in GNSS-Denied Regions,M. Rizk,2020,,10.1109/AICAS48895.2020.9073793,1,1,0,0,0,0,1,1,4,Medium
REC_0032,Autonomous Navigation Systems in GPS-Denied Environments: A Review of Techniques and Applications,S. Alghamdi,2025,,10.1109/ICARA64554.2025.10977619,1,0,1,0,0,0,1,1,4,Medium
REC_0033,BRM Localization: UAV Localization in GNSS-Denied Environments Based on Matching of Numerical Map and UAV Images,J. Choi,2020,,10.1109/IROS45743.2020.9341682,1,1,0,1,1,0,1,1,6,High
REC_0034,The development of the modular autonomous underwater navigation system based on OPRoS,Y. -H. Choi,2014,,10.1109/URAI.2014.7057481,1,0,0,0,1,0,1,1,4,Medium
REC_0035,State Estimation and Control for Micro Aerial Vehicles in GPS-denied Environments,H. Shen,2020,,10.1109/WCSP49889.2020.9299710,1,1,1,0,1,0,1,1,6,High
REC_0036,Artificial Intelligence-Driven Innovations in SLAM for Robotics and Autonomous Navigation,Z. Wang,2025,,10.1109/ICRCA64997.2025.11011185,1,0,0,1,0,0,1,1,4,Medium
REC_0037,Deep Visual Localization for UAVs in GNSS-Denied Environments Using Satellite Imagery,E. Öksüz,2026,,10.1109/SIU71813.2026.11636724,1,1,1,1,1,0,1,1,7,High
REC_0038,Autonomous Aerial–Ground Cooperative Navigation Based on Information-Seeking in GNSS-Denied Environments,J. Li,2023,,10.1109/JIOT.2023.3271643,1,1,1,0,0,1,1,1,6,High
REC_0039,A Novel Geolocalization Algorithm for UAV Under GNSS-denied Environment using Heading Estimation before Image Matching,J. Yang,2025,,10.1109/ICGMRS66001.2025.11065657,1,0,1,0,0,0,1,1,4,Medium
REC_0040,A Centralized Cooperative SLAM System for Improving Positioning and Perception Accuracy in GPS-Denied Environments,X. Li,2023,,10.1109/ICUS58632.2023.10318269,1,1,0,1,0,0,1,1,5,Medium
REC_0041,UAV Navigation With Monocular Visual Inertial Odometry Under GNSS-Denied Environment,H. Luo,2023,,10.1109/TGRS.2023.3323519,1,0,1,1,1,0,1,1,6,High
REC_0042,A Hierarchical Clustered Relative Localization Algorithm in GNSS-denied UAV Swarm Environments,Y. Luo,2025,,10.1109/GLOBECOM59602.2025.11432255,1,1,1,1,0,0,1,1,6,High
REC_0043,Robust Sensor Fusion for Autonomous UAV Navigation in GPS denied Forest Environment,S. M. Shithil,2022,,10.1109/ROMA55875.2022.9915682,1,1,0,0,1,1,1,1,6,High
REC_0044,ORBSLAM2 and Point Cloud Processing Towards Autonomous Underwater Robot Navigation,F. Hidalgo,2020,,10.1109/IEEECONF38699.2020.9389096,1,1,0,0,0,0,1,1,4,Medium
REC_0045,An Aerial/Ground Robot Team for Autonomous Firefighting in Urban GNSS-Denied Scenarios,S. Martínez-Rozas,2022,,10.55417/fr.2022010,1,1,0,0,1,1,1,1,6,High
REC_0046,Localisation and mapping in GPS-denied environments using RFID tags,S. James,2012,,10.1109/ROBOMECH.2012.6558464,1,1,0,0,0,1,1,1,5,Medium
REC_0047,Sensor Fusion for Octagon – an Indoor and Outdoor Autonomous Mobile Robot,K. Tian,2022,,10.1109/SysCon53536.2022.9773827,1,1,0,0,0,0,1,1,4,Medium
REC_0048,Experimental study on using visual odometry for navigation in outdoor GPS-denied environments,M. Sharifi,2016,,10.1109/MESA.2016.7587182,1,0,1,1,1,0,1,1,6,High
REC_0049,High-Precision Self-Calibration for USV Operating in GNSS-Denied Environments,J. Liu,2025,,10.1109/IMCEC66174.2025.11331782,1,1,1,0,0,0,1,1,5,Medium
REC_0050,Conditional Probabilistic Relative Visual Localization for Unmanned Aerial Vehicles,A. Couturier,2020,,10.1109/CCECE47787.2020.9255691,1,1,0,0,1,0,1,1,5,Medium
REC_0051,Motion State Classification for Drone Localisation in GPS-Denied Environments using TinyML on Resource-Constrained Hardware,V. Barbu,2025,,10.1109/AIoT66900.2025.00126,1,0,1,0,0,1,1,1,5,Medium
REC_0052,Multi-UAV Cooperative Localization with PSO-Based Configuration Optimization for Bridge Inspection in GNSS-Denied Environment,X. Chen,2025,,10.1109/AIoTC66747.2025.11198743,1,1,1,1,0,1,1,1,7,High
REC_0053,Vision-based Navigation of Unmanned Aerial Vehicles,H. Gahlot,2024,,10.1109/ICACCM61117.2024.11059131,1,1,0,0,1,0,1,1,5,Medium
REC_0054,Mecanum-Wheeled Autonomous Mobile Robot for Flexible Manufacturing System,D. M. I. Capriyani,2024,,10.1109/ATNT61688.2024.10719179,1,1,0,0,1,0,1,1,5,Medium
REC_0055,Design and Development of Autonomous Mobile Robot for Mapping and Navigation System,B. Kiran,2022,,10.1109/PuneCon55413.2022.10014944,1,1,0,0,0,0,1,1,4,Medium
REC_0056,Stable Cycles for Underwater Navigation,Q. Brateau,2025,,10.1109/OCEANS58557.2025.11104656,1,0,0,0,0,0,1,1,3,Low
REC_0057,ROS+unity: An efficient high-fidelity 3D multi-UAV navigation and control simulator in GPS-denied environments,W. Meng,2015,,10.1109/IECON.2015.7392488,1,1,0,1,1,0,1,1,6,High
REC_0058,Autonomous UAV Navigation and Real-Time Crack Detection for Infrastructure Inspection in GPS-Denied Environments,M. Imad,2024,,10.1109/ICTC62082.2024.10827730,1,0,1,0,0,0,1,1,4,Medium
REC_0059,An investigation of the use of Kinect sensor for indoor navigation,H. W. Keat,2012,,10.1109/TENCON.2012.6412246,1,1,0,0,0,0,1,1,4,Medium
REC_0060,A High Precision Autonomous Navigation Algorithm of UAV Based on MEMS Sensor,X. Song,2019,,10.1109/ICUS48101.2019.8996061,1,0,1,0,1,0,1,1,5,Medium
REC_0061,RANGE - robust autonomous navigation in GPS-denied environments,A. Bachrach,2010,,10.1109/ROBOT.2010.5509990,1,0,0,0,1,0,1,1,4,Medium
REC_0062,Multi-robot cooperative navigation with active sensing in a GPS-denied environment,S. P. Qadri Syed,2025,,10.1109/PLANS61210.2025.11028467,1,1,1,1,0,0,1,1,6,High
REC_0063,"Enhanced V-SLAM combining SVO and ORB-SLAM2, with reduced computational complexity, to improve autonomous indoor mini-drone navigation under varying conditions",A. Basiri,2022,,10.1109/IECON49645.2022.9968605,1,1,0,0,0,0,1,1,4,Medium
REC_0064,Positioning and Navigation Approaches Using Packet Loss-Based Multilateration for UAVs in GPS-Denied Environments,I. Srisomboon,2024,,10.1109/ACCESS.2024.3357148,1,1,1,0,0,0,1,1,5,Medium
REC_0065,Autonomous Drones in GNSS-Denied Environments: Results from the Leonardo Drone Contest,S. Godio,2023,,10.1109/MetroAeroSpace57412.2023.10190003,1,0,0,0,1,0,1,1,4,Medium
REC_0066,Real Time Vision Based Obstacle Avoidance for UAV using YOLO in GPS Denied Environment,S. K. NT,2023,,10.1109/OCIT59427.2023.10431039,1,1,1,0,1,0,1,1,6,High
REC_0067,Submap-Based Indoor Navigation System for the Fetch Robot,Y. Chen,2020,,10.1109/ACCESS.2020.2991465,1,1,1,0,0,1,1,1,6,High
REC_0068,Efficient Analog Ultrasonic Detection for Autonomous Drone Navigation in GPS-Denied Environments,Prashasti,2025,,10.1109/NETCRYPT65877.2025.11102407,1,0,1,1,1,0,1,1,6,High
REC_0069,SonarLite: a Compact Analog Sensing System for Real-Time UAV Navigation in GPS-Denied Zones,Prashasti,2025,,10.1109/FITYR68680.2025.00007,1,0,0,1,1,0,1,1,5,Medium
REC_0070,Implementing indoor navigation of a mobile robot,N. Y. Ko,2013,,10.1109/ICCAS.2013.6703892,1,1,1,0,0,0,1,1,5,Medium
REC_0071,Radar-Based High-Accuracy 3D Localization of UAVs for Landing in GNSS-Denied Environments,Y. Dobrev,2018,,10.1109/ICMIM.2018.8443483,1,1,0,0,0,0,1,1,4,Medium
REC_0072,A synergetic approach to indoor navigation and mapping for aerial reconnaissance and surveillance,S. Prophet,2017,,10.1109/IPIN.2017.8115919,1,1,1,0,1,1,1,1,7,High
REC_0073,An RPLiDAR based SLAM equipped with IMU for Autonomous Navigation of Wheeled Mobile Robot,M. S. Aslam,2020,,10.1109/INMIC50486.2020.9318133,1,1,0,0,0,0,1,1,4,Medium
REC_0074,Image-Based Localization and Navigation Using Deep Learning for an Omnidirectional Human Assistive Robot,G. Capi,2025,,10.1109/ICCR67607.2025.11372098,1,0,0,1,1,0,1,1,5,Medium
REC_0075,Autonomous Indoor Navigation Using Nav2,S. K,2025,,10.1109/IDCIOT64235.2025.10915000,1,1,0,0,1,0,1,1,5,Medium
REC_0076,The Current Status of Development of Pedestrian Autonomous Navigation Technology,X. Xing,2019,,10.23919/ICINS.2019.8769378,1,1,1,1,0,0,1,1,6,High
REC_0077,3D Path Planning for Autonomous UAV Navigation in GPS-Denied Environments,T. Thakkar,2026,,10.1109/ICUAS69441.2026.11598675,1,1,0,0,1,0,1,1,5,Medium
REC_0078,Underwater navigation using maneuverable beacons for localization,R. Khan,2016,,10.1109/OCEANS.2016.7761317,1,0,1,0,0,0,1,1,4,Medium
REC_0079,Autonomous UAV Navigation in Indoor Corridor Environments by a Depth Estimator based on a Deep Neural Network,P. Aneesh,2024,,10.1109/ICCCNT61001.2024.10726099,1,1,0,1,1,0,1,1,6,High
REC_0080,Enabling Computer Vision-Based Autonomous Navigation for Unmanned Aerial Vehicles in Cluttered GPS-Denied Environments,F. Valenti,2018,,10.1109/ITSC.2018.8569695,1,1,0,0,0,0,1,1,4,Medium
REC_0081,Dynamic real-time indoor environment mapping for Unmanned Autonomous Vehicle navigation,C. Aluckal,2019,,10.1109/ICAC347590.2019.9036813,1,0,0,0,0,0,1,1,3,Low
REC_0082,Federated Deep Reinforcement Learning for Collaborative Autonomous Navigation in GPS-Denied Environments,N. D. Almalis,2025,,10.1109/IISA66859.2025.11311273,1,1,1,1,1,0,1,1,7,High
REC_0083,A Relative Navigation Method Based on Wireless Ranging for UAV in GPS Denied Environment,M. Li,2020,,10.1109/ICECCE49384.2020.9179243,1,0,1,0,0,0,1,1,4,Medium
REC_0084,Simulating GPS-denied Autonomous UAV Navigation for Detection of Surface Water Bodies,A. D. Singh,2020,,10.1109/ICUAS48674.2020.9213927,1,1,0,1,1,0,1,1,6,High
REC_0085,Deep reinforcement learning based mobile robot navigation: A review,K. Zhu,2021,,10.26599/TST.2021.9010012,1,0,0,0,0,0,1,1,3,Low
REC_0086,Autonomous Museum Assistance Robot: Enhancing Visitor Navigation with Real-Time Localization,M. M. Vaishnavi,2025,,10.1109/RCSM67767.2025.11507668,1,0,0,0,0,0,1,1,3,Low
REC_0087,Adaptive UKF-SLAM based on magnetic gradient inversion method for underwater navigation,M. Wu,2015,,10.1109/ICUAS.2015.7152369,1,1,0,0,1,0,1,1,5,Medium
REC_0088,Two-stage Motion Estimation for UAV Landing under GPS-denied Condition,L. Zhang,2020,,10.1109/ICUS50048.2020.9274941,1,1,1,0,1,1,1,1,7,High
REC_0089,Exploring Deep Learning-Based Visual Localization Techniques for UAVs in GPS-Denied Environments,O. Y. Al-Jarrah,2024,,10.1109/ACCESS.2024.3440064,1,0,1,0,0,0,1,1,4,Medium
REC_0090,SkyAid: A Low-Cost Autonomous Hexacopter for Resilient Medical Supply Delivery in GPS-Denied Environments,M. A. Ali,2025,,10.1109/ICM66518.2025.11322518,1,0,1,0,1,0,1,1,5,Medium
REC_0091,Optimized Unmanned Aerial Vehicle (UAV) Localization and Autonomous Navigation Stack for Tightly Closed Industrial Spaces,R. Havås,2024,,10.1109/SysCon61195.2024.10553582,1,1,1,0,0,0,1,1,5,Medium
REC_0092,Range-Only SLAM for Underwater Navigation System with Uncertain Beacons,W. Chen,2018,,10.1109/ICMIC.2018.8529843,1,1,1,0,0,0,1,1,5,Medium
REC_0093,UWB-based System for UAV Localization in GNSS-Denied Environments: Characterization and Dataset,J. P. Queralta,2020,,10.1109/IROS45743.2020.9341042,1,1,1,0,1,0,1,1,6,High
REC_0094,Distributed Cooperative Localization for Unmanned Systems Using UWB/INS Integration in GNSS-Denied Environments,T. Li,2025,,10.1109/TIM.2025.3559161,1,1,1,1,0,1,1,1,7,High
REC_0095,Cooperative Relative Localization for UAV Swarm in GNSS-Denied Environment: A Coalition Formation Game Approach,L. Ruan,2022,,10.1109/JIOT.2021.3130000,1,1,1,1,1,0,1,1,7,High
REC_0096,Cooperative UWB-Based Localization for Outdoors Positioning and Navigation of UAVs aided by Ground Robots,Y. Xianjia,2021,,10.1109/ICAS49788.2021.9551177,1,1,1,0,0,0,1,1,5,Medium
REC_0097,Visual SLAM Combined with Object Detection for Autonomous Indoor Navigation Using Kinect V2 and ROS,M. Kulkarni,2021,,10.1109/ICCCA52192.2021.9666426,1,1,0,0,1,0,1,1,5,Medium
REC_0098,AI-Driven Indoor Navigation with Mobile Embedded Systems,S. Pasricha,2024,,10.1109/CODES-ISSS60120.2024.00016,1,0,0,1,0,0,1,1,4,Medium
REC_0099,Navigation of Mobile Robot with Nav2 and SLAM Using LiDAR,S. Shrestha,2025,,10.1109/ICSADL65848.2025.10933029,1,1,1,0,1,0,1,1,6,High
REC_0100,Indoor localization and navigation for a mobile robot equipped with rotating ultrasonic sensors using a smartphone as the robot's brain,J. Lim,2015,,10.1109/EIT.2015.7293407,1,0,0,0,0,0,1,1,3,Low
REC_0101,Indoor Navigation of a Service Robot Platform Using Multiple Localization Techniques Using Sensor Fusion,R. Mishra,2020,,10.1109/ICCAR49639.2020.9108074,1,0,1,0,0,1,1,1,5,Medium
REC_0102,Quantum-Enhanced Multi-Sensor Fusion for UAV Navigation in GPS-Denied Environments,A. Moussa,2026,,10.1109/FET68771.2026.11601505,1,1,1,0,1,0,1,1,6,High
REC_0103,State of the Art in Vision-Based Localization Techniques for Autonomous Navigation Systems,Y. Alkendi,2021,,10.1109/ACCESS.2021.3082778,1,1,0,1,0,0,1,1,5,Medium
REC_0104,An Aerial-ground Cooperative Positioning Method for Intelligent and Connected Vehicles under GNSS-denied Environments,L. Du,2025,,10.1109/ICTIS68762.2025.11215072,1,1,1,0,1,0,1,1,6,High
REC_0105,Using RFID in localization for indoor navigation of mobile robots,Y. Guo,2012,,10.1109/ICMA.2012.6285110,1,1,0,0,1,0,1,1,5,Medium
REC_0106,Enhanced Altitude Estimation for Unmanned Aerial Vehicles in a GNSS-denied Environment,A. Minervini,2024,,10.1109/ICUAS60882.2024.10556904,1,0,1,0,1,0,1,1,5,Medium
REC_0107,Augmented Radar Odometry by Nested Optimal Filter Aided Navigation for UAVS in GNSS Denied Environment,S. Zahran,2021,,10.1109/ITC-Egypt52936.2021.9513978,1,1,1,1,1,0,1,1,7,High
REC_0108,Measurement uncertainty model for relative visual localization of UAV by a monocular camera,P. Daponte,2023,,10.1109/TechDefense59795.2023.10380959,1,1,0,1,1,1,1,1,7,High
REC_0109,Application of mmWave Radar Sensors for Autonomous Robotics Navigation,X. Huang,2023,,10.1109/CSDE59766.2023.10487689,1,1,0,0,0,0,1,1,4,Medium
REC_0110,GPS-Denied Autonomous Navigation: A Sensor Fusion and Real-Time Image Processing Approach,J. P,2025,,10.1109/RFCoN62306.2025.11085214,1,1,1,0,1,0,1,1,6,High
REC_0111,Position Estimation for Drones based on Visual SLAM and IMU in GPS-denied Environment,H. D. K. Motlagh,2019,,10.1109/ICRoM48714.2019.9071826,1,1,1,0,0,0,1,1,5,Medium
REC_0112,Navigation System for Mobile Robot using RGBD Sensor based on Probabilistic Roadmaps,C. Zhou,2019,,10.1109/IAEAC47372.2019.8997926,1,0,0,0,0,0,1,1,3,Low
REC_0113,Design and Real-Time Implementation of an Autonomous Indoor Navigation System for Service Robots,M. Indriani,2026,,10.1109/ICSMech69390.2026.11647210,1,1,1,1,0,1,1,1,7,High
REC_0114,Resilient Navigation for UAVs: GNSS Attack Detection and Seamless Transition to Visual-Inertial Localization,S. R. Akkala,2025,,10.1109/INDICON68490.2025.11392970,1,0,0,0,1,0,1,1,4,Medium
REC_0115,Low Computational Data Fusion Approach Using INS and UWB for UAV Navigation Tasks in GPS-Denied Environments,X. Kong,2019,,10.1109/PDCAT46702.2019.00080,1,1,1,1,1,0,1,1,7,High
REC_0116,Designing xDR Challenge 2025 to Evaluate Localization Performance of Smartphone with Navigation Robot for People with Visual Impairment,S. Ogiso,2025,,10.1109/ISMAR-Adjunct68609.2025.00093,1,1,1,0,0,0,1,1,5,Medium
REC_0117,Accurate Multi-UAV Positioning in Complex Environments Using UWB-Aided GNSS/INS Fusion,M. Ren,2025,,10.1109/IoTAAI66837.2025.11213278,1,1,1,1,1,0,1,1,7,High
REC_0118,A Vision-Aided Navigation System by Ground-Aerial Vehicle Cooperation for UAV in GNSS-Denied Environments,Z. -H. Wang,2018,,10.1109/GNCC42960.2018.9019191,1,1,0,0,1,0,1,1,5,Medium
REC_0119,Indoor navigation with smartphone-based visual SLAM and Bluetooth-connected wheel-robot,W. -W. Kao,2013,,10.1109/CACS.2013.6734167,1,0,1,1,1,0,1,1,6,High
REC_0120,Localization Using Single Camera and Lidar in GPS-Denied Environments,H. Lezki,2020,,10.1109/SIU49456.2020.9302512,1,1,1,0,0,0,1,1,5,Medium
REC_0121,A navigation scheme for autonomous mobile service robots working in GPS denied commercial indoor spaces,R. A. Deshmukh,2023,,10.1109/IC3S57698.2023.10169514,1,0,1,0,0,0,1,1,4,Medium
REC_0123,Visual-based landing system of a multirotor UAV in GNSS denied environment,A. Marut,2023,,10.1109/MetroAeroSpace57412.2023.10190013,1,1,0,0,0,0,1,1,4,Medium
REC_0124,Map-Aided UAV Visual Localization via Visual Odometry and Orthophoto Map Alignment,Y. Zhang,2026,,10.1109/UST70584.2026.11663724,1,0,1,1,1,1,1,1,7,High
REC_0125,Autonomous Cross-Floor Navigation System for a ROS-Based Modular Service Robot,W. -H. Wang,2019,,10.1109/ICMLC48188.2019.8949176,1,0,0,0,0,0,1,1,3,Low
REC_0126,Implementation of a 4D fast SLAM including volumetric sum of the UAV,A. Aditya,2012,,10.1109/ICSensT.2012.6461785,1,1,1,0,0,0,1,1,5,Medium
REC_0127,Embedded Mobile ROS Platform for SLAM Application with RGB-D Cameras,A. Newman,2020,,10.1109/EIT48999.2020.9208310,1,1,0,0,0,0,1,1,4,Medium
REC_0128,Magnetic-map-matching Navigation For Odometry Using Low-cost Mobile Robot,Y. H. Kim,2020,,10.1109/ECICE50847.2020.9301933,1,1,1,0,0,0,1,1,5,Medium
REC_0129,Factor Graph Optimization based Sensor Fusion Positioning Algorithm for UAV in GPS-denied Environment,C. Wang,2025,,10.1109/AIHCIR67580.2025.11405273,1,1,1,0,0,1,1,1,6,High
REC_0130,Triangulation-Enhanced WiFi-Based Autonomous Localization and Navigation System: A Low-Cost Approach,S. A. Kharmeh,2024,,10.1109/REM63063.2024.10735691,1,0,0,0,1,0,1,1,4,Medium
REC_0131,Digital Twin for Drone Indoor Autonomous Navigation,M. J. Kumar,2026,,10.1109/LSENS.2025.3642424,1,1,1,1,1,1,1,1,8,High
REC_0132,"Self-positioning for UAV indoor navigation based on 3D laser scanner, UWB and INS",K. Li,2016,,10.1109/ICInfA.2016.7831874,1,1,1,1,0,0,1,1,6,High
REC_0133,Dual-Layer Path Planning With Pose SLAM for Autonomous Exploration in GPS-Denied Environments,S. Zhang,2024,,10.1109/TIE.2023.3288187,1,1,1,1,1,0,1,1,7,High
REC_0134,Cooperative Localization of Multi-Agent Autonomous Aerial Vehicle (AAV) Networks in Intelligent Transportation Systems,S. Shahkar,2025,,10.1109/OJITS.2025.3531363,1,1,1,1,0,1,1,1,7,High
REC_0135,Task-driven SLAM Benchmarking for Robot Navigation,Y. Du,2025,,10.1109/IROS60139.2025.11246415,1,1,0,1,1,0,1,1,6,High
REC_0136,A Novel Positioning Method for UAV in GNSS-Denied Environments Based on Mechanical Antenna,Y. Cui,2024,,10.1109/TIE.2023.3347859,1,1,1,1,0,1,1,1,7,High
REC_0137,Multi-UAVs Cooperative Localization with Deep Reinforcement Learning in GPS-Denied Environment,Z. Wu,2025,,10.1109/ICUS66297.2025.11294564,1,1,0,0,0,0,1,1,4,Medium
REC_0138,Autonomous Exploration and Mapping System Using Heterogeneous UAVs and UGVs in GPS-Denied Environments,H. Qin,2019,,10.1109/TVT.2018.2890416,1,1,0,0,0,0,1,1,4,Medium
REC_0139,Scalable and precise multi-UAV indoor navigation using TDOA-based UWB localization,J. Tiemann,2017,,10.1109/IPIN.2017.8115937,1,1,1,0,1,0,1,1,6,High
REC_0140,Deploy Indoor 2D Laser SLAM on a Raspberry Pi-Based Mobile Robot,M. Liao,2019,,10.1109/IHMSC.2019.10097,1,1,0,0,1,0,1,1,5,Medium
REC_0141,Mini Mapper: Cost-Effective Indoor Mapping and Navigation using Nano Drone,T. Samavedula,2025,,10.1109/COMSNETS63942.2025.10885580,1,1,1,0,0,0,1,1,5,Medium
REC_0142,Deep Learning Integration for Indoor Navigation and Aerial Tracking Via Siamese Architectures and Multi-Scale Feature Fusion,N. N. Shwetha,2025,,10.1109/INSPECT67393.2025.11350754,1,0,1,0,0,0,1,1,4,Medium
REC_0143,A UWB navigation system aided by sensor-based autonomous algorithm - Deployment and experiment in shopping mall,T. Kagawa,2014,,10.1109/WPMC.2014.7014890,1,1,1,1,0,0,1,1,6,High
REC_0144,Robust UAV Localization in GNSS-Denied Environments via Efficient Visual Scene Matching–Inertial Fusion,Z. Zhang,2025,,10.1109/CAIT68620.2025.11424858,1,1,1,0,1,0,1,1,6,High
REC_0145,"Underwater Navigation, Localization and Path Planning for Autonomous Vehicles: A Review",F. Jalal,2021,,10.1109/IBCAST51254.2021.9393315,1,1,0,0,0,0,1,1,4,Medium
REC_0146,QR-Code Guided Autonomous Medical Assistant Robot for Indoor Hospital Environments,V. Mhadeshwar,2025,,10.1109/WCONF64849.2025.11233784,1,1,1,0,0,0,1,1,5,Medium
REC_0147,Real-time Indoor Navigation of UAV Based on Visual Delay Compensation,J. Li,2019,,10.1109/ICMA.2019.8816511,1,1,0,0,1,0,1,1,5,Medium
REC_0148,A framework for real time indoor robot navigation using Monte Carlo Localization and ORB feature detection,L. Zhenjun,2014,,10.1109/ISCE.2014.6884401,1,0,1,0,1,1,1,1,6,High
REC_0149,Vision-Based Global Localization for UAVs Using Deep Convolutional Neural Networks,M. Elbalshy,2026,,10.1109/IPCS69631.2026.11604264,1,1,1,0,1,0,1,1,6,High
REC_0150,Design of touch screen based robot with obstacle detection module for autonomous path navigation,S. R. Avutu,2017,,10.1109/TENCON.2017.8228212,1,0,0,0,0,0,1,1,3,Low
REC_0151,Radio Beacons in Indoor Navigation,J. Vaščák,2018,,10.1109/DISA.2018.8490529,1,0,0,0,0,1,1,1,4,Medium
REC_0152,Preliminary Study on System Design of USBL-Aided Underwater Navigation for Hull Cleaning Robots,P. -M. Lee,2023,,10.1109/OCEANSLimerick52467.2023.10244253,1,0,1,0,0,0,1,1,4,Medium
REC_0153,Indoor radar SLAM A radar application for vision and GPS denied environments,J. W. Marck,2013,,10.23919/EuMC.2013.6687024,1,1,0,0,0,0,1,1,4,Medium
REC_0154,Development of a 3D Simultaneous Localization and Mapping System for Unmanned Aerial Vehicle Navigation,F. Demim,2025,,10.1109/ICATEEE68170.2025.11406252,1,1,0,0,1,0,1,1,5,Medium
REC_0155,Cooperative Navigation and Guidance of a Micro-Scale Aerial Vehicle by an Accompanying UAV using 3D LiDAR Relative Localization,V. Pritzl,2022,,10.1109/ICUAS54217.2022.9836116,1,1,1,0,1,0,1,1,6,High
REC_0156,An improved MCS/INS integrated navigation algorithm for multi-rotor UAV in indoor flight,L. Zhang,2016,,10.1109/CGNCC.2016.7829115,1,0,1,0,1,0,1,1,5,Medium
REC_0157,LiDAR-Based Optimized Normal Distribution Transform Localization on 3-D Map for Autonomous Navigation,A. Thakur,2024,,10.1109/OJIM.2024.3412219,1,1,1,0,1,1,1,1,7,High
REC_0158,AINS: Affordable Indoor Navigation Solution via Line Color Identification Using Mono-Camera for Autonomous Vehicles,N. Maitlo,2024,,10.1109/I2CT61223.2024.10544260,1,1,1,1,0,0,1,1,6,High
REC_0159,A Study on the Performance Complementarity of RGB-D Visual SLAM and LiDAR SLAM in Indoor Navigation Tasks,W. Zhang,2026,,10.1109/CVIDL70130.2026.11637792,1,1,1,0,0,0,1,1,5,Medium
REC_0160,An indoor navigation algorithm incorporating representation of Quasi-Static Environmental Object and glass surface detection using LRF sensor,T. Shiina,2017,,10.1109/ROBIO.2017.8324797,1,0,0,0,0,0,1,1,3,Low
REC_0161,Sensor Fusion for Autonomous Indoor UAV Navigation in Confined Spaces,A. James,2023,,10.1109/ICST59744.2023.10460820,1,1,1,0,1,1,1,1,7,High
REC_0162,Monocular SLAM and Obstacle Removal for Indoor Navigation,S. Han,2018,,10.1109/iCMLDE.2018.00023,1,1,0,0,0,0,1,1,4,Medium
REC_0163,Autonomous Indoor Navigation for Wheelchairs using Signboards,A. D.S.,2019,,10.1109/ICIICT1.2019.8741462,1,0,0,0,1,1,1,1,5,Medium
REC_0164,Autonomous Indoor Vehicle Navigation Using Modified Steering Velocity Obstacles,M. Fuad,2020,,10.1109/ISITIA49792.2020.9163776,1,1,1,0,0,0,1,1,5,Medium
REC_0165,UAV Cross-View Image Retrieval and Visual Geo-Localization in GNSS-Denied Environments,Y. -C. Tai,2026,,10.1109/ICCE-Taiwan71481.2026.11652687,1,0,1,1,0,0,1,1,5,Medium
REC_0166,Dronav: Deep Learning Based Autonomous Drone Navigation System,A. Darapureddy,2024,,10.1109/ICSTSDG61998.2024.11026630,1,1,0,0,1,0,1,1,5,Medium
REC_0167,Study on underwater navigation of crawler type mining robot,Tae-Kyeong Yeu,2011,,10.23919/OCEANS.2011.6107056,1,1,1,0,0,0,1,1,5,Medium
REC_0168,GenNav: A Generic Indoor Navigation System for Mobile Robots,S. S. Harithas,2020,,10.1109/I-SMAC49090.2020.9243504,1,1,1,0,1,0,1,1,6,High
REC_0169,Design and Implementation of a Behavior-Based Navigation and Obstacle Avoidance System for Quadrotor UAVs in Indoor Environments Using RPLIDAR Sensor,M. Y. Mustar,2025,,10.1109/ICE3IS66769.2025.11280889,1,1,1,0,0,0,1,1,5,Medium
REC_0170,Comparing UAV camera data with satellite imagery for global localization,O. Kozachuk,2024,,10.1109/APUAVD64488.2024.10765865,1,1,0,0,1,0,1,1,5,Medium
REC_0171,Cooperative Simultaneous Arrival of Unmanned Vehicles onto a Moving Target in GPS-Denied Environment,S. Misra,2018,,10.1109/CDC.2018.8619652,1,1,0,1,0,0,1,1,5,Medium
REC_0172,Visual Localization with Offline Google Satellite Map-Assisted for Ground Vehicles in GNSS-Denied Environment,J. Wang,2025,,10.1109/IROS60139.2025.11247122,1,0,1,1,1,1,1,1,7,High
REC_0173,Evaluation of a Commercially Available Autonomous Visual Inertial Odometry Solution for Indoor Navigation,A. Agarwal,2020,,10.1109/ICUAS48674.2020.9213962,1,0,0,0,1,0,1,1,4,Medium
REC_0174,Aircraft Navigation in GNSS-Denied Environments via Radio SLAM With Terrestrial Signals of Opportunity,Z. M. Kassas,2024,,10.1109/TITS.2024.3405908,1,1,1,0,1,1,1,1,7,High
REC_0175,Design and Realization of Unmanned Vehicle Autonomous Navigation System Based on Binocular Camera,T. Guo,2023,,10.1109/CEI60616.2023.10527947,1,1,0,0,1,1,1,1,6,High
REC_0176,Design and Experimental Validation of an Autonomous USV for Sensor Fusion-Based Navigation in GNSS-Denied Environments,S. Cohen-Salmon,2025,,10.23919/OCEANS59106.2025.11244963,1,0,0,0,1,0,1,1,4,Medium
REC_0177,Mobile Robot Localization Based On Low-Cost LTE And Odometry In GPS-Denied Outdoor Environment,K. Ismail,2019,,10.1109/ROBIO49542.2019.8961750,1,0,1,1,0,1,1,1,6,High
REC_0178,Enhancing UAV Autonomous Navigation in Indoor Environments Using Reinforcement Learning and Convolutional Neural Networks,H. Safarpour Motealegh Mahalegi,2024,,10.1109/SISY62279.2024.10737528,1,0,1,1,0,0,1,1,5,Medium
REC_0179,Wireless Local Positioning System for Controlled UAV Landing in GNSS-Denied Environment,T. Pavlenko,2019,,10.1109/MetroAeroSpace.2019.8869587,1,1,1,0,0,0,1,1,5,Medium
REC_0180,Autonomous Drone Navigation for Warehouse Inventory Using Fiducial Markers,Q. Zhang,2024,,10.1109/IRC63610.2024.11053981,1,1,0,0,1,0,1,1,5,Medium
REC_0181,Vision-Based GNSS-Free Localization for UAVs in the Wild,M. -M. Gurgu,2022,,10.1109/ICMERR56497.2022.10097798,1,1,1,1,1,0,1,1,7,High
REC_0182,Indoor Navigation Using Adaptive Neuro Fuzzy Controller for Servant Robot,W. Budiharto,2010,,10.1109/ICCEA.2010.119,1,1,1,0,1,0,1,1,6,High
REC_0183,Monocular Visual Odometry in Mobile Robot Navigation,S. Sellak,2024,,10.1109/ISIVC61350.2024.10577766,1,1,1,0,1,0,1,1,6,High
REC_0184,Stereo Vision SLAM for Autonomous Uncrewed Surface Vessels in GPS-Denied and Uncharted Ports,N. P. Santos,2026,,10.1109/OCEANS66983.2026.11617078,1,1,1,1,0,1,1,1,7,High
REC_0185,Graph-SLAM Approach for Indoor UAV Localization in Warehouse Logistics Applications,A. Moura,2021,,10.1109/ICARSC52212.2021.9429791,1,1,0,0,1,0,1,1,5,Medium
REC_0186,A Multi-Sensor Fusion Self-Localization System of a Miniature Underwater Robot in Structured and GPS-Denied Environments,H. Xing,2021,,10.1109/JSEN.2021.3120663,1,1,1,1,0,0,1,1,6,High
REC_0187,Topological Indoor Localization and Navigation for Autonomous Mobile Robot,H. Cheng,2015,,10.1109/TASE.2014.2351814,1,0,0,0,0,0,1,1,3,Low
REC_0188,Research on Indoor Navigation System of UAV Based on LIDAR,C. Xin,2020,,10.1109/ICMTMA50254.2020.00166,1,1,0,0,0,0,1,1,4,Medium
REC_0189,A Comparative Study of SLAM Algorithms for Indoor Navigation of Autonomous Wheelchairs,A. Juneja,2019,,10.1109/CBS46900.2019.9114512,1,1,1,0,0,1,1,1,6,High
REC_0190,Autonomous humanoid robot navigation using augmented reality technique,O. Mohareri,2011,,10.1109/ICMECH.2011.5971330,1,1,0,0,1,0,1,1,5,Medium
REC_0191,Autonomous UAV Localization with Synthetic Aperture Radar,Y. Zhou,2025,,10.1109/IGARSS55030.2025.11243676,1,1,1,0,1,0,1,1,6,High
REC_0192,Visual-Based Deep Reinforcement Learning for Mobile Robot Obstacle Avoidance Navigation,Z. Nan,2023,,10.1109/ICTC58733.2023.10393297,1,1,0,1,1,0,1,1,6,High
REC_0193,Development of a Small-Size Mobile Robot for Autonomous and Remote Indoor Navigation,H. A. Raut,2025,,10.1109/ICAECA63854.2025.11012369,1,1,0,0,0,0,1,1,4,Medium
REC_0194,Benchmarking Navigation Paradigms in GPS-Denied Environments: Insights from Simulated Multi-Modal Sensor Data,A. Hussain,2026,,10.1109/ICIICE69672.2026.11565150,1,1,1,1,0,1,1,1,7,High
REC_0195,An Autonomous Continuous Positioning Method for Low-Altitude UAVs Based on Image Recognition in GNSS-Denied Environments,T. Du,2026,,10.1109/RAITS68656.2026.11580149,1,1,1,0,0,0,1,1,5,Medium
REC_0196,Navigation of Simultaneous Localization and Mapping by Fusing RGB-D Camera and IMU on UAV,X. Dai,2019,,10.1109/SAFEPROCESS45799.2019.9213339,1,1,0,0,1,0,1,1,5,Medium
REC_0197,Adaptive navigation and motion planning for a mobile track robot,B. H. Sudantha,2017,,10.1109/IFSA-SCIS.2017.8023304,1,1,0,0,0,0,1,1,4,Medium
REC_0198,Autonomous UAV Implementation for Facial Recognition and Tracking in GPS-Denied Environments,D. A. H. Ollachica,2024,,10.1109/ACCESS.2024.3447899,1,1,1,0,1,0,1,1,6,High
REC_0199,An Autonomous Simultaneous Localization and Mapping Walker for Indoor Navigation,P. Kashyap,2018,,10.1109/SARNOF.2018.8720504,1,1,1,1,0,1,1,1,7,High
REC_0200,An Integrated Learning-Based Ai Mobile Platform for Autonomous Navigation and Hazardous Fire Intelligence,T. D. M. Le,2025,,10.1109/ISCIT67082.2025.11231444,1,0,1,0,0,0,1,1,4,Medium
REC_0201,Cloud Based Indoor Navigation for ROS-enabled Automated Guided Vehicles,F. Okumuş,2019,,10.1109/IDAP.2019.8875993,1,1,0,0,0,0,1,1,4,Medium
REC_0202,Design of A Positioning System for UAV in GPS-denied Environment,Z. Qiu,2022,,10.1109/ISCIT55906.2022.9931225,1,1,1,0,1,0,1,1,6,High
REC_0203,Topological Indoor Localization & Navigation for Autonomous Industrial Mobile Manipulator,H. Cheng,2012,,10.1109/ICMLA.2012.48,1,0,0,0,0,0,1,1,3,Low
REC_0204,Fusing Multiple Navigation Solutions for Autonomous Underwater Vehicles,A. Consensi,2024,,10.1109/AUV61864.2024.11030406,1,0,0,0,1,0,1,1,4,Medium
REC_0205,PhysNav-DG: A Novel Adaptive Framework for Robust VLM-Sensor Fusion in Navigation Applications,T. Srinivasan,2025,,10.1109/CVPRW67362.2025.00653,1,1,1,0,0,0,1,1,5,Medium
REC_0206,GPR Based Positioning System for Robust Autonomous Vehicle Navigation: A Low-Latency SLAM Framework with V2X Capabilities in Mixed-GPS Environments,A. P. Roy,2025,,10.1109/PLANS61210.2025.11028481,1,1,0,1,1,0,1,1,6,High
REC_0207,V2I-Based LiDAR and RSSI-Based Ranging-Assisted Visual-Inertial Odometry for Robust Ego Vehicle Localization in GPS-Denied Environments,D. Kim,2026,,10.1109/ACCESS.2026.3695055,1,1,1,1,1,0,1,1,7,High
REC_0208,UAV Pose Estimation in GNSS-Denied Environment Assisted by Satellite Imagery Deep Learning Features,H. Hou,2021,,10.1109/ACCESS.2020.3048342,1,1,1,0,0,0,1,1,5,Medium
REC_0209,Design and Implementation of an Autonomous Navigation Robot Using Ros and a Multi-Sensor Platform for Educational Applications,D. D. Tu,2025,,10.1109/ICICIS65613.2025.11371170,1,1,1,0,1,1,1,1,7,High
REC_0210,SLAM-Based Autonomous Indoor Navigation System For Electric Wheelchairs,I. T. Lakmal,2020,,10.1109/ICIP48927.2020.9367336,1,1,0,1,1,0,1,1,6,High
REC_0211,SIA-KalmanNet: A Structurally Integrated Attention Kalman Filter for Multi-UAV Localization in Partially GNSS-Denied Environments,X. Xin,2026,,10.1109/JIOT.2025.3650118,1,0,1,1,1,1,1,1,7,High
REC_0212,ROS2-based locator optimized autonomous navigation robot,H. Liang,2023,,10.1109/RICAI60863.2023.10489438,1,0,1,0,0,0,1,1,4,Medium
REC_0213,A Multi-UAV System for Exploration and Target Finding in Cluttered and GPS-Denied Environments,X. Zhu,2021,,10.1109/ICUAS51884.2021.9476820,1,1,0,0,0,0,1,1,4,Medium
REC_0214,Autonomous Unmanned Aerial Vehicle Indoor Navigation Based on Deep Learning Approaches,H. Ghasemi,2023,,10.1109/ICRoM60803.2023.10412578,1,1,1,0,1,0,1,1,6,High
REC_0215,GPS-Denied UAV-UGV Relative Positioning System via Vision-UWB Fusion,G. Mingyang,2023,,10.1109/ICIEA58696.2023.10241577,1,1,1,0,1,0,1,1,6,High
REC_0216,QR Code based Indoor Navigation for Mobile Robot,S. Anuvarshini,2026,,10.1109/ICOEI68323.2026.11541935,1,1,1,0,1,0,1,1,6,High
REC_0217,An Improved Indoor Navigation Scheme Based on Vision-Language Localization,Z. Xu,2021,,10.1109/CCDC52312.2021.9601828,1,1,0,1,1,0,1,1,6,High
REC_0218,A Unified Error-State Kalman Filtering Framework for Multi-Sensor Navigation of Fixed-Wing UAVS in GNSS-Denied Scenarios,G. E. V. Hernandez,2026,,10.1109/ICUAS69441.2026.11598562,1,1,1,0,1,0,1,1,6,High
REC_0219,Comparison of Planned Path and Travelled Path Using ROS Navigation Stack,R. K. Megalingam,2020,,10.1109/INCET49848.2020.9154132,1,1,0,0,0,0,1,1,4,Medium
REC_0220,Satellite Image Informed Path Planning for Improved Visual Localization of Unmanned Ground Vehicles in GNSS-Denied Environments,J. Westphal,2025,,10.1109/PLANS61210.2025.11028214,1,1,1,0,0,0,1,1,5,Medium
REC_0221,Mobile robot indoor navigation,J. Černohorský,2016,,10.1109/CarpathianCC.2016.7501084,1,0,0,0,0,0,1,1,3,Low
REC_0222,Indoor Vision Navigation and Target Tracking System for Aerial Robot,S. Li,2020,,10.1109/AIAM50918.2020.00017,1,1,1,0,1,0,1,1,6,High
REC_0223,High-Accuracy Autonomous Navigation Algorithm For Long-Distance Land Navigation In GNSS-Denied Environments,X. Du,2021,,10.1109/ICUS52573.2021.9641426,1,1,1,1,1,1,1,1,8,High
REC_0224,An Autonomous Attitude Determination Algorithm Adapted to the Maneuvering for UAV,C. Xu,2025,,10.1109/ICMTAE66890.2025.11427995,1,0,1,0,0,0,1,1,4,Medium
REC_0225,Smart Suitcase for Visually Challenged Individuals in Airport Environments using UWB and LiDAR Fusion SLAM: Morocco Case Study,Z. Marihi,2024,,10.1109/ICMRE60776.2024.10532180,1,1,0,0,0,0,1,1,4,Medium
REC_0226,A Review of Underwater SLAM Technologies,H. Li,2023,,10.1109/RICAI60863.2023.10489371,1,1,0,1,0,1,1,1,6,High
REC_0227,Robot Navigation in a Dynamically Changing Environment,V. N. Zhidkov,2020,,10.1109/FarEastCon50210.2020.9271534,1,1,1,0,1,0,1,1,6,High
REC_0228,Secure Vision-Based Navigation for Drones in GPS-Denied Environments Using Machine Learning,M. Alja’Afreh,2025,,10.1109/BCCA66705.2025.11229450,1,1,1,1,0,1,1,1,7,High
REC_0229,Simulation of Indoor Localization and Navigation of Turtlebot 3 using Real Time Object Detection,C. Nandkumar,2021,,10.1109/CENTCON52345.2021.9687937,1,1,0,0,0,0,1,1,4,Medium
REC_0230,Multi-Sensor Fusion-Assisted AGV Localization System in GNSS Denied Environments,Z. Kwok,2023,,10.1109/ICCSNT58790.2023.10334553,1,1,1,0,0,0,1,1,5,Medium
REC_0231,Enhanced UAV Indoor Navigation through SLAM-Augmented UWB Localization,J. Tiemann,2018,,10.1109/ICCW.2018.8403539,1,1,1,0,1,0,1,1,6,High
REC_0233,High-precision underwater navigation using model-referenced pose estimation with monocular vision,J. Park,2016,,10.1109/AUV.2016.7778661,1,1,0,0,0,0,1,1,4,Medium
REC_0234,Mobile Robot Localization via Indoor Positioning System and Odometry Fusion,M. H. Nugraha,2024,,10.1109/ICSMech62936.2024.10812253,1,0,1,1,0,0,1,1,5,Medium
REC_0235,Doorway detection for autonomous indoor navigation of unmanned vehicles,B. Kakillioglu,2016,,10.1109/ICIP.2016.7533078,1,0,0,0,0,0,1,1,3,Low
REC_0236,MANTIS: UAV for Indoor Logistic Operations,A. Dias,2024,,10.1109/ROBOT61475.2024.10796935,1,1,1,0,0,0,1,1,5,Medium
REC_0238,Acoustic Positioning and Navigation System for GNSS Denied/Challenged Environments,R. Kapoor,2020,,10.1109/PLANS46316.2020.9110156,1,1,1,0,1,0,1,1,6,High
REC_0239,Autonomous Flight Control Design Based on Multi-Sensor Fusion for a Low-Cost Quadrotor in GPS-Denied Environments,J. Guo,2022,,10.1109/ACIRS55390.2022.9845557,1,1,0,0,1,0,1,1,5,Medium
REC_0240,Hybrid Autonomous Navigation using Rapid Exploring Random Trees and Reinforcement Learning for Obstacle Avoidance,B. V. Ramudu,2025,,10.1109/ICIMIA67127.2025.11200788,1,1,0,0,0,0,1,1,4,Medium
REC_0241,Aiding Radar Odometry with S-57 Nautical Charts for GNSS-free and Compass-free Pose Estimation,C. Denker,2025,,10.23919/EuRAD65285.2025.11234259,1,1,1,0,0,1,1,1,6,High
REC_0243,A concept of UAV indoor navigation system based on magnetic field measurements,B. Brzozowski,2016,,10.1109/MetroAeroSpace.2016.7573291,1,0,1,0,1,0,1,1,5,Medium
REC_0244,Cooperative Relative Localization for UAV Swarm in GNSS-Denied Environments,G. Lei,2025,,10.1109/GLOBECOM59602.2025.11432122,1,0,1,1,1,0,1,1,6,High
REC_0245,GPS-Independent Indoor Navigation-Enabled Autonomous Wheeled Robot with Obstacle Avoidance,M. V. Vardhan,2025,,10.1109/DICCT64131.2025.10986396,1,0,0,1,1,0,1,1,5,Medium
REC_0246,UAV Platforms for Autonomous Navigation in GPS-Denied Environments for Search and Rescue Missions,E. Ngo,2022,,10.1109/ICUAS54217.2022.9836181,1,1,0,0,1,0,1,1,5,Medium
REC_0247,Filtering-RRT for Autonomous Indoor Navigation,A. V. Singh,2024,,10.1109/COMSNETS59351.2024.10427090,1,1,0,0,0,0,1,1,4,Medium
REC_0248,An Optimization Framework for Efficient Vision-Based Autonomous Drone Navigation,M. Navardi,2022,,10.1109/AICAS54282.2022.9869975,1,1,1,1,1,0,1,1,7,High
REC_0249,An Autonomously Guided Differential Drive Robot Base Using Asus® Xtion Pro Live,S. I. A. P. Diddeniya,2020,,10.1109/ICIP48927.2020.9367341,1,1,1,0,0,0,1,1,5,Medium
REC_0250,Fuzzy Based Indoor Navigation for Mobile Robots,M. Tóth,2018,,10.1109/SISY.2018.8524842,1,1,1,0,0,0,1,1,5,Medium
REC_0251,Underwater Navigation using Geomagnetic Field Variations,C. V. Kaji,2019,,10.1109/EIT.2019.8834192,1,0,1,0,0,0,1,1,4,Medium
REC_0252,Particle Filter-Based Localization Using Visual Feature Synchronization in GNSS-Denied Navigation,A. Şanlan,2025,,10.1109/ICNS65417.2025.10976891,1,1,1,0,1,0,1,1,6,High
REC_0253,Smart Swarm Robot Navigation System Using Ceiling- Mounted Vision and MQTT Communication,T. L,2026,,10.1109/ICISCoIS62701.2026.11447757,1,1,0,0,1,0,1,1,5,Medium
REC_0254,SIFT based monocular SLAM with multi-clouds features for indoor navigation,A. M. Ali,2010,,10.1109/TENCON.2010.5685972,1,1,0,0,0,0,1,1,4,Medium
REC_0255,A stereo and rotating laser framework for UAV navigation in GPS denied environment,Hailong Qin,2016,,10.1109/IECON.2016.7793246,1,1,0,1,1,0,1,1,6,High
REC_0256,"Design, Implementation & Optimization of Indoor Autonomous Mobile Robotic System Using RGBD Camera and 2D Lidar",M. Singh,2025,,10.1109/STPEC66316.2025.11490608,1,1,1,0,1,1,1,1,7,High
REC_0257,ROLATIN: Robust Localization and Tracking for Indoor Navigation of Drones,A. Famili,2020,,10.1109/WCNC45663.2020.9120619,1,1,0,1,1,0,1,1,6,High
REC_0258,Comparative Performance of Simultaneous Localization and Mapping Algorithms for Unmanned Aircraft Based Navigation Systems,G. Wild,2018,,10.1109/MetroAeroSpace.2018.8453536,1,1,0,1,0,0,1,1,5,Medium
REC_0259,MAPFL: GNSS-Free Map-Based Particle Filter Localization for Autonomous Vehicles,S. Z. N. Zukhraf,2025,,10.1109/ICAT66432.2025.11189291,1,1,1,0,1,1,1,1,7,High
REC_0260,Deep Learning Techniques for Autonomous Navigation of Underwater Robots,J. P. Sasi,2023,,10.1109/UPCON59197.2023.10434865,1,1,1,0,1,0,1,1,6,High
REC_0261,A new integrated navigation system for the indoor unmanned aerial vehicles (UAVs) based on the neural network predictive compensation,X. Guan,2018,,10.1109/YAC.2018.8406440,1,1,1,0,1,0,1,1,6,High
REC_0262,Multi-Agent Mapping and Navigation of Unknown GPS-Denied Environments Using a Relative Navigation Framework,J. M. Olson,2020,,10.1109/ICUAS48674.2020.9213860,1,1,0,0,1,0,1,1,5,Medium
REC_0263,Sensor fusion for indoor navigation and tracking of automated guided vehicles,R. G. Yudanto,2015,,10.1109/IPIN.2015.7346941,1,1,1,1,0,1,1,1,7,High
REC_0264,Autonomous UAV Navigation for Target Detection in Visually Degraded and GPS Denied Environments,S. Boiteau,2023,,10.1109/AERO55745.2023.10115544,1,1,0,0,1,0,1,1,5,Medium
REC_0265,Enhancing Underwater Navigation Through Cross-Correlation-Aware Deep INS/DVL Fusion,N. Cohen,2025,,10.23919/OCEANS59106.2025.11245115,1,0,1,1,1,0,1,1,6,High
REC_0266,Single-Image Depth to 3D Path planning for Collision-Free Drone Navigation,R. J. Alitappeh,2025,,10.1109/ICSPIS68676.2025.11551755,1,1,1,0,1,0,1,1,6,High
REC_0267,"SARATHI-DRONE: A Smart Drone for Autonomous Search, Rescue, and Human Identification",A. Tripathi,2026,,10.1109/AKGEC68790.2026.11485745,1,1,1,0,1,0,1,1,6,High
REC_0268,Indoor Navigation and Control of Quadrotor UAV Based on Low Cost MCS,Y. Dai,2018,,10.1109/GNCC42960.2018.9018681,1,1,0,0,1,0,1,1,5,Medium
REC_0269,Toward Bio-Inspired Autonomous Navigation: Long-Range Marine AUV Navigation,A. Biondi,2025,,10.1109/OCEANS58557.2025.11104410,1,1,0,1,0,1,1,1,6,High
REC_0270,Develop the Framework Conception for Hybrid Indoor Navigation for Monitoring inside Building using Quadcopter,S. Khruahong,2019,,10.1109/iSAI-NLP48611.2019.9045445,1,0,0,0,0,0,1,1,3,Low
REC_0271,Hybrid IMU-Aided Approach for Optimized Visual Odometry,A. Mahmoud,2019,,10.1109/GlobalSIP45357.2019.8969460,1,1,1,1,0,0,1,1,6,High
REC_0272,Preliminary Results on Cooperative Localization of ASV and AUV Using Acoustic Relative Positioning,J. Choi,2025,,10.23919/ICCAS66577.2025.11301245,1,0,1,0,1,0,1,1,5,Medium
REC_0273,A Comparison of EKF and PF to Localize an Autonomous Underwater Vehicle (AUV) using Inertial Navigation System,B. Raza,2024,,10.1109/IBCAST61650.2024.10876904,1,0,1,1,0,0,1,1,5,Medium
REC_0274,Navigation and control of unmanned aerial vehicles in GPS-denied environments,B. Chen,2014,,10.1109/ICARCV.2014.7064483,1,0,0,0,0,0,1,1,3,Low
REC_0275,AUTO-PACK: Autonomous Robot for Efficient Medical Logistics in Hospital,M. S,2025,,10.1109/IDCIOT64235.2025.10914788,1,1,0,0,0,1,1,1,5,Medium
REC_0276,Ultra-wideband Automatic Anchor's Localization for Indoor Path Tracking,A. Mahmoud,2022,,10.1109/SENSORS52175.2022.9967088,1,1,1,0,0,1,1,1,6,High
REC_0277,Semi-Autonomous Interaction Framework for Contact-Based Operations with Commercial UAVs IN GNSS-Denied Environments,A. González-Morgado,2025,,10.1109/ICUAS65942.2025.11007825,1,1,1,0,1,0,1,1,6,High
REC_0278,Navigation Methods for UAVs in GNSS-Denied Environments Using Artificial Intelligence,N. V. Quynh,2026,,10.1109/ICCE70609.2026.11658445,1,0,1,0,1,0,1,1,5,Medium
REC_0279,LGVINS: LiDAR-GPS-Visual and Inertial System Based Multi-Sensor Fusion for Smooth and Reliable UAV State Estimation,M. Irfan,2025,,10.1109/TIV.2024.3469551,1,1,1,1,1,0,1,1,7,High
REC_0280,NLP Enabled Autonomous Indoor Navigation Robot for Kannada in RHCs,K. A. Kathare,2024,,10.1109/CSITSS64042.2024.10816986,1,1,0,0,0,0,1,1,4,Medium
REC_0281,UAV Tracking with Lidar as a Camera Sensor in GNSS-Denied Environments,H. Sier,2023,,10.1109/ICL-GNSS57829.2023.10148919,1,1,1,1,0,0,1,1,6,High
REC_0282,Deep Reinforcement Learning Based UAV for Indoor Navigation and Exploration in Unknown Environments,A. Seel,2022,,10.1109/ICCAR55106.2022.9782602,1,1,0,0,0,0,1,1,4,Medium
REC_0283,Deep Reinforcement Learning Framework for UAV Indoor Navigation,J. J. Martins,2024,,10.1109/ROBOT61475.2024.10796906,1,1,0,0,1,1,1,1,6,High
REC_0284,"LIVW-Localization: A Multimodal Information Fused Vehicle Localization Method for Complex, Large-Scale, and GNSS-Denied Environments",J. Wang,2024,,10.1109/JSEN.2024.3434491,1,1,1,1,1,1,1,1,8,High
REC_0285,A Shared-Ground-Target-Groups-Based Cooperative Localization Method for UAVS,X. Li,2025,,10.1109/UST66533.2025.11340017,1,1,0,0,0,0,1,1,4,Medium
REC_0286,A Multi-Stage Matching-Based Inertial/Geomagnetic Integrated Navigation Algorithm for UAVs in GNSS-Denied Environments,Y. Cheng,2025,,10.1109/ISA67150.2025.11279287,1,0,1,0,1,1,1,1,6,High
REC_0287,Next Generation Security And Surveillance System Using Autonomous Vehicles,M. F. Ayub,2018,,10.1109/UPINLBS.2018.8559744,1,0,0,0,1,0,1,1,4,Medium
REC_0288,Lane-Level Map-Aided SLAM Approach for Persistent Positioning in GNSS-Denied Areas,Y. Liu,2025,,10.1109/TIM.2025.3545891,1,1,1,0,1,0,1,1,6,High
REC_0289,Development of a Simulated UAV Platform for Sensor-Fusion-Based SLAM,M. F. Mummtaz,2026,,10.1109/ICAIIC68212.2026.11454340,1,1,1,0,1,0,1,1,6,High
REC_0290,Kinect depth image based door detection for autonomous indoor navigation,Y. Zhou,2014,,10.1109/ROMAN.2014.6926245,1,0,0,0,0,0,1,1,3,Low
REC_0291,Efficiently Kinematic-Constraint-Coupled State Estimation for Integrated Aerial Platforms in GPS-Denied Environments,G. Lai,2025,,10.1109/LRA.2025.3536292,1,1,1,1,1,0,1,1,7,High
REC_0292,NOVA: Navigation via Object-Centric Visual Autonomy for High-Speed Target Tracking in Unstructured GPS-Denied Environments,A. Saviolo,2025,,10.1109/TFR.2025.3625905,1,1,0,1,1,0,1,1,6,High
REC_0293,Adaptive Square-Root Cubature Kalman Filter Based Low Cost UAV Positioning in Dark and GPS-Denied Environments,B. Yang,2025,,10.1109/TIV.2024.3457678,1,1,1,0,0,1,1,1,6,High
REC_0294,A Novel Approach to Computationally Lighter GNSS-Denied UAV Navigation Using Monocular Camera,J. Bhowmick,2021,,10.1109/ICARA51699.2021.9376502,1,1,1,0,1,0,1,1,6,High
REC_0295,Integrated UWB and LIDAR Assisted Localization and Navigation System for Automated Platooning,T. Dupga,2025,,10.1109/WiMob66857.2025.11257436,1,1,1,0,1,0,1,1,6,High
REC_0296,Optical flow sensor integrated navigation system for quadrotor in GPS-denied environment,S. -E. Tsai,2016,,10.1109/ICRAE.2016.7738795,1,1,1,0,1,0,1,1,6,High
REC_0297,A Distributed SLAM with UWB-VIO Fusion Framework for Enhanced Relative Localization of Multi-UAVs System,Q. Cai,2023,,10.1109/CVIDL58838.2023.10166845,1,1,1,0,0,0,1,1,5,Medium
REC_0298,Indoor Navigation Framework for Mapping and Localization of Multiple Robotic Wheelchairs,Y. Lokuge,2014,,10.1109/ISMS.2014.39,1,0,0,0,0,0,1,1,3,Low
REC_0299,Monocular vision based autonomous navigation for a cost-effective MAV in GPS-denied environments,I. Sa,2013,,10.1109/AIM.2013.6584283,1,1,1,0,0,0,1,1,5,Medium
REC_0300,UML-based design of a robotic wheelchair system for indoor navigation using a visual marker,B. K. Kim,2015,,10.1109/ICCAS.2015.7364981,1,0,0,0,0,0,1,1,3,Low
REC_0301,Deep Reinforcement Learning Indoor Autonomous Drone: Navigation in Unknown Environment Based on Relative Position Decision,P. Phueakthong,2024,,10.1109/RAAI64504.2024.10949537,1,0,0,1,1,0,1,1,5,Medium
REC_0302,Drone Navigation Using Region and Edge Exploitation-Based Deep CNN,M. A. Arshad,2022,,10.1109/ACCESS.2022.3204876,1,0,1,0,1,1,1,1,6,High
REC_0303,Adaptive-Robust Fusion Strategy for Autonomous Navigation in GNSS-Challenged Environments,K. Shen,2024,,10.1109/JIOT.2023.3315758,1,0,1,0,0,1,1,1,5,Medium
REC_0304,Visual Assist System With Enhanced Localization for Indoor Navigation of Visually Impaired People,D. Adapa,2024,,10.1109/ACCESS.2024.3482714,1,1,1,1,0,1,1,1,7,High
REC_0305,A method based on CNN-BiLSTM for UAV navigation error compensation in GNSS denied environment,Y. -h. Shao,2023,,10.1109/ICCC59590.2023.10507546,1,1,1,1,1,0,1,1,7,High
REC_0306,A Robust and Rapidly Deployable Waypoint Navigation Architecture for Long-Duration Operations in GPS-Denied Environments,E. Pearson,2023,,10.1109/UR57808.2023.10202392,1,1,1,0,0,0,1,1,5,Medium
REC_0307,Real-time Apriltag Inertial Fusion Localization for Large Indoor Navigation,J. Chen,2020,,10.1109/CAC51589.2020.9326501,1,1,0,1,0,1,1,1,6,High
REC_0308,Human-like indoor navigation for Autonomous Industrial Mobile Manipulator,H. Cheng,2012,,10.1109/ICInfA.2012.6246801,1,0,0,1,0,0,1,1,4,Medium
REC_0309,Improving indoor navigation of autonomous robots by an explicit representation of doors,M. Nieuwenhuisen,2010,,10.1109/ROBOT.2010.5509689,1,1,1,1,1,0,1,1,7,High
REC_0310,On-board sensors-based indoor navigation techniques of micro aerial vehicle,Y. Zhou,2017,,10.1109/ICIEA.2017.8282957,1,0,0,0,0,0,1,1,3,Low
REC_0311,Comparison of Various SLAM Systems for Mobile Robot in an Indoor Environment,M. Filipenko,2018,,10.1109/IS.2018.8710464,1,1,0,1,0,0,1,1,5,Medium
REC_0313,Low cost 3D mapping for indoor navigation,Y. Bergeon,2015,,10.1109/MILTECHS.2015.7153749,1,0,0,0,0,0,1,1,3,Low
REC_0314,FFDL-Enhanced Distributed Cooperative Localization for Vehicle Swarms in GNSS-Denied Environments,L. Shi,2026,,10.1109/DDCLS71227.2026.11610561,1,1,1,1,0,0,1,1,6,High
REC_0315,Smart inertial sensor-based navigation system for flexible snake robot,M. M. Billah,2014,,10.1109/ICSIMA.2014.7047427,1,0,1,0,0,0,1,1,4,Medium
REC_0316,System for Drone-Based Indoor Mapping for Augmented Reality,T. Sloan,2025,,10.1109/I2MTC62753.2025.11079049,1,1,0,1,1,0,1,1,6,High
REC_0317,Simulation of UWB Radar-Based Positioning Performance for a UAV in an Urban Area,H. Lee,2018,,10.1109/ICCE-ASIA.2018.8552148,1,1,1,0,0,0,1,1,5,Medium
REC_0318,Cooperative Navigation Method Based on Adaptive CKF for UAVs In GPS Denied Areas,Y. Yu,2018,,10.1109/GNCC42960.2018.9018972,1,1,1,0,0,0,1,1,5,Medium
REC_0319,UKF SLAM-Enhanced Perception and Navigation for Effective Area Coverage in Autonomous Driving,H. Mailka,2024,,10.1109/SDPC62810.2024.10707767,1,0,1,0,0,0,1,1,4,Medium
REC_0320,Localization - guaranteed navigation in GPS-denied environment via multi-UAV closed-loop coordination,S. Jiang,2020,,10.1109/AERO47225.2020.9172535,1,1,1,0,0,0,1,1,5,Medium
REC_0321,Tracking Feasibility of UWB Positioning System for Lighter-than-Air Indoor Robot Navigation,K. Naheem,2021,,10.23919/ICCAS52745.2021.9649883,1,1,1,0,1,0,1,1,6,High
REC_0322,Underwater navigation sensors calibration in inland water spaces,B. Matias,2017,,10.1109/OCEANSE.2017.8084901,1,1,1,0,0,0,1,1,5,Medium
REC_0323,Distributed Cooperative UAV Leader-Follower Strategies in GNSS-Denied Environments,F. A. Ayane,2025,,10.1109/DCOSS-IoT65416.2025.00066,1,1,1,1,0,0,1,1,6,High
REC_0324,Semantics Indoor Navigation Using a Path Finding and Spatial Mapping for Assisting Visually Impaired Person,B. K. A. Asante,2024,,10.1109/SCISISIS61014.2024.10760133,1,0,0,1,1,0,1,1,5,Medium
REC_0325,GNSS/Inertial Navigation/Wireless Station Fusion UAV 3-D Positioning Algorithm With Urban Canyon Environment,C. Tang,2022,,10.1109/JSEN.2022.3199487,1,0,1,1,1,0,1,1,6,High
REC_0326,Magnetic field mapping as a support for UAV indoor navigation system,B. Brzozowski,2017,,10.1109/MetroAeroSpace.2017.7999535,1,0,0,0,1,0,1,1,4,Medium
REC_0327,Research on Multi-Sensor Indoor Cross-Floor Autonomous Navigation System Based on LiDAR-Visual Fusion SLAM,X. Wang,2025,,10.1109/ICISCAE66104.2025.11307785,1,1,1,0,1,1,1,1,7,High
REC_0328,Robust Underwater Localization via Sensor Fusion and Transformer-Based Visual Odometry,M. W. Mughal,2025,,10.23919/OCEANS59106.2025.11245027,1,0,1,0,0,0,1,1,4,Medium
REC_0329,PFIN: An Efficient Particle Filter-Based Indoor Navigation Framework for UAVs,G. Raja,2021,,10.1109/TVT.2021.3072727,1,1,1,0,1,0,1,1,6,High
REC_0330,A High-Fidelity Digital Twin Framework for Multi-Modal Sim-to-Real Transfer for Robust UAV Autonomy,R. Priyanshu,2026,,10.1109/I5CPS67958.2026.11452535,1,1,1,1,1,0,1,1,7,High
REC_0331,Path Planning for Bathymetry-aided Underwater Navigation,G. Rui,2018,,10.1109/AUV.2018.8729772,1,0,1,0,0,0,1,1,4,Medium
REC_0332,Thermal-Inertial Localization for Autonomous Navigation of Aerial Robots through Obscurants,C. Papachristos,2018,,10.1109/ICUAS.2018.8453447,1,1,1,0,1,0,1,1,6,High
REC_0333,Sparsed potential-PCNN for real time path planning and indoor navigation scheme for mobile robots,S. U. Ahmed,2011,,10.1109/ICMA.2011.5986339,1,1,0,0,0,0,1,1,4,Medium
REC_0334,UAV Deployment Optimization for ISAC in Aerial GPS Denied Environments,J. Yang,2025,,10.1109/ICTC66702.2025.11389050,1,1,1,0,0,0,1,1,5,Medium
REC_0335,Multi-UAV formation geometries for cooperative navigation in GNSS-challenging environments,F. Causa,2018,,10.1109/PLANS.2018.8373453,1,1,1,0,1,1,1,1,7,High
REC_0336,Error State Extended Kalman Filter Multi-Sensor Fusion for Unmanned Aerial Vehicle Localization in GPS and Magnetometer Denied Indoor Environments,L. Marković,2022,,10.1109/ICUAS54217.2022.9836124,1,1,1,0,1,0,1,1,6,High
REC_0337,"ROS2 - Powered Autonomous Navigation for TurtleBot3: Integrating Nav2 Stack in Gazebo, RViz and Real-World Environments",A. K. M J,2024,,10.1109/SPICES62143.2024.10779642,1,1,1,0,1,0,1,1,6,High
REC_0338,Development Status and Key Navigation Technology Analysis of Autonomous Underwater Vehicles,Z. Li,2020,,10.1109/ICUS50048.2020.9274926,1,0,1,0,0,0,1,1,4,Medium
REC_0339,Semantic Navigation Applied to Narrow Passages for Intelligent Wheelchairs,D. Correia,2023,,10.1109/ICARSC58346.2023.10129568,1,1,0,0,1,0,1,1,5,Medium
REC_0340,A Comparative Study of 2D SLAM Algorithms for ROS-Based Mapping,U. P. Bhushan,2025,,10.1109/ISPCC66872.2025.11039381,1,1,1,0,0,0,1,1,5,Medium
REC_0341,Adaptive-Weighted EKF and LiDAR–IMU Tight-Coupling Enabled GPS-Denied UAV Navigation,F. Li,2025,,10.1109/IRAC67707.2025.11381094,1,1,1,0,1,1,1,1,7,High
REC_0342,System Development and Integration of Unmanned Aerial Vehicle Navigation Techniques for Indoor Environments,K. -L. Chang,2024,,10.1109/ICIT58233.2024.10540747,1,1,0,0,1,0,1,1,5,Medium
REC_0343,Vision-Aided Multi-UAV Autonomous Flocking in GPS-Denied Environment,Y. Tang,2019,,10.1109/TIE.2018.2824766,1,1,0,0,1,0,1,1,5,Medium
REC_0344,Comparative Study on Object Tracking Algorithms for mobile robot Navigation in GPS-denied Environment,H. S. Hewawasam,2019,,10.1109/ICIT.2019.8754960,1,0,1,0,0,0,1,1,4,Medium
REC_0345,Distance function based 6DOF localization for unmanned aerial vehicles in GPS denied environments,J. Unicomb,2017,,10.1109/IROS.2017.8206421,1,1,1,0,0,0,1,1,5,Medium
REC_0346,Autonomous Flight in Unknown GNSS-denied Environments for Disaster Examination,D. Schleich,2021,,10.1109/ICUAS51884.2021.9476790,1,0,1,0,1,0,1,1,5,Medium
REC_0347,A Novel Three-Stage Robust Adaptive Filtering Algorithm for Visual-Inertial Odometry in GNSS-Denied Environments,Z. Yue,2023,,10.1109/JSEN.2023.3289313,1,1,1,1,1,0,1,1,7,High
REC_0348,Robot Indoor Navigation Using Visible Light Communication,Y. -H. Hsueh,2018,,10.23919/PNC.2018.8579454,1,0,0,0,0,0,1,1,3,Low
REC_0349,Improving the navigation of indoor mobile robots using Kalman filter,M. Ghandour,2015,,10.1109/I2MTC.2015.7151487,1,0,0,0,1,0,1,1,4,Medium
REC_0350,Research on Autonomous Navigation of a Disinfection Robot for Hospital Based on ROS,J. Wang,2023,,10.1109/ICIBA56860.2023.10165392,1,1,0,0,0,0,1,1,4,Medium
REC_0351,Aerial-DEM Geolocalization for GPS-Denied UAS Navigation,T. Wang,2018,,10.1109/ICICIP.2018.8606681,1,1,1,1,0,0,1,1,6,High
REC_0352,A Bionic Data-Driven Approach for Long-Distance Underwater Navigation With Anomaly Resistance,S. Yang,2025,,10.1109/TIM.2025.3545179,1,1,0,0,0,0,1,1,4,Medium
REC_0353,Enhancing Visual Odometry: Integrating Load Variability and Optimized RGB-Depth Fusion in Transformer Networks,S. Yang,2025,,10.1109/SEAI65851.2025.11108824,1,0,1,0,0,0,1,1,4,Medium
REC_0354,"Underwater Navigation using 3D Vision, Edge Processing, and Autonomy",J. Mattern,2021,,10.23919/OCEANS44145.2021.9705880,1,1,1,0,0,0,1,1,5,Medium
REC_0355,Navigation Error Sensitivity of Autonomous Carrier Landing Systems in GPS-denied Environments,T. Gerratt,2020,,10.1109/PLANS46316.2020.9109926,1,1,1,0,0,1,1,1,6,High
REC_0356,Development of indoor navigation software for intelligent wheelchair,U. Yayan,2014,,10.1109/INISTA.2014.6873639,1,0,0,0,0,0,1,1,3,Low
REC_0357,Flying carpet’s indoor navigation assessing one-step Q-learning potentiality,T. Anagnostopoulos,2024,,10.1109/MCSI63438.2024.00021,1,1,0,0,0,0,1,1,4,Medium
REC_0358,The positioning system use for autonomous navigation of unmanned aerial vehicles,Q. Zhang,2021,,10.1109/CCDC52312.2021.9602371,1,1,1,0,1,0,1,1,6,High
REC_0359,Robust GPR-Aided Localization for Autonomous Vehicles in GPS-Denied Environments,F. M. Bahr,2025,,10.1109/JAC-ECC67970.2025.11417633,1,1,1,1,1,1,1,1,8,High
REC_0360,PSO-AntWalk: Autonomous Robot Navigation Using Particle Swarm Optimization with Ant Colony Optimization Based Antwalk Function,S. R. Addula,2026,,10.1109/ICIICS67880.2026.11483366,1,1,0,0,1,0,1,1,5,Medium
REC_0361,Two-dimension positioning solution of high accuracy navigation and orientation for service robots,R. S. Kulikov,2019,,10.1109/REEPE.2019.8708781,1,1,1,0,1,0,1,1,6,High
REC_0362,Unmanned aerial vehicle relative navigation in GPS denied environments,J. Hardy,2016,,10.1109/PLANS.2016.7479719,1,1,1,0,0,0,1,1,5,Medium
REC_0363,Enhanced UAV navigation in GNSS denied environment using repeated dynamics pattern recognition,S. Zahran,2018,,10.1109/PLANS.2018.8373497,1,1,1,1,0,0,1,1,6,High
REC_0364,Autonomous Indoor Navigator,A. Sojan,2025,,10.1109/ICSCC66177.2025.11233830,1,1,0,0,1,1,1,1,6,High
REC_0365,Stereo Orientation Prior for UAV Robust and Accurate Visual Odometry,R. Duan,2022,,10.1109/TMECH.2022.3140923,1,1,1,1,0,0,1,1,6,High
REC_0366,Autonomous Omnidirectional Mobile Robot for Indoor Navigation,M. Yazdanpour,2024,,10.1109/eIT60633.2024.10609938,1,0,0,0,0,0,1,1,3,Low
REC_0367,The Design of Indoor Mobile Robot Navigation System Based on UWB Location,Y. Lv,2018,,10.1109/IMCCC.2018.00077,1,1,0,0,0,0,1,1,4,Medium
REC_0368,Lane-Level Localization of Vehicle in GPS-Denied Environment,N. U. Javed,2025,,10.1109/PLANS61210.2025.11028441,1,1,1,0,0,1,1,1,6,High
REC_0369,Autonomous Flight Control of a Nano Quadrotor Helicopter in a GPS-Denied Environment Using On-Board Vision,X. Zhang,2015,,10.1109/TIE.2015.2420036,1,1,1,0,1,0,1,1,6,High
REC_0370,WHU-Helmet: A Helmet-Based Multisensor SLAM Dataset for the Evaluation of Real-Time 3-D Mapping in Large-Scale GNSS-Denied Environments,J. Li,2023,,10.1109/TGRS.2023.3275307,1,1,1,1,0,0,1,1,6,High
REC_0371,Design and Integration of a Multi-Sensor System for Enhanced Indoor Autonomous Navigation,S. Vegesana,2024,,10.1109/SoutheastCon52093.2024.10500129,1,1,1,0,0,0,1,1,5,Medium
REC_0372,UAV-Assisted Visual SLAM Generating Reconstructed 3D Scene Graphs in GPS-Denied Environments,A. Radwan,2024,,10.1109/ICUAS60882.2024.10556948,1,1,0,1,1,0,1,1,6,High
REC_0373,Improving Robot Navigation and Obstacle Avoidance using Kinect 2.0,A. Basiri,2017,,10.1109/ICRoM.2017.8466145,1,1,0,0,0,0,1,1,4,Medium
REC_0374,A Factor Graph-Based Multiple Sensors Fusion Method for Enhanced Underwater Navigation of Remotely Operated Vehicles,S. Cheng,2024,,10.1109/ICUS61736.2024.10839879,1,1,1,0,0,1,1,1,6,High
REC_0375,Design and research of intelligent wheelchair robot based on lidar and ROS,J. Wang,2022,,10.1109/IAEAC54830.2022.9930033,1,1,0,0,1,0,1,1,5,Medium
REC_0376,Indoor Object C1assification for Autonomous Navigation Assistance Based on Deep CNN Model,M. Aftf,2019,,10.1109/IWMN.2019.8805042,1,0,1,0,1,0,1,1,5,Medium
REC_0377,Indoor Localization Using Low-Cost Sensors: Application to a ROS-Based Minicar,I. Shinko,2025,,10.1109/SoSE66311.2025.11083834,1,1,1,0,1,0,1,1,6,High
REC_0378,Performance Comparison between Several Underwater Navigation Algorithms for Autonomous Underwater Vehicle,P. Lv,2018,,10.1109/OCEANSKOBE.2018.8559381,1,0,0,0,1,0,1,1,4,Medium
REC_0379,Vehicle Control in GNSS-Denied Environments Using Map-Based Localization and Model Predictive Control,L. Beer,2024,,10.1109/ICCRE61448.2024.10589907,1,1,0,0,1,1,1,1,6,High
REC_0380,LIDAR based Mapping and Path Planning for Autonomous Vehicles,A. Dahake,2025,,10.1109/ICICV64824.2025.11085948,1,1,1,0,0,0,1,1,5,Medium
REC_0381,"Self-Positioning for Mobile Robot Indoor Navigation Based on Wheel Odometry, Inertia Measurement Unit and Ultra Wideband",S. Zhang,2021,,10.1109/ICVISP54630.2021.00027,1,1,1,1,1,0,1,1,7,High
REC_0382,Integration of Extended Kalman Filtering and Deep Reinforcement Learning for Autonomous UAV Navigation Under GPS Jamming,W. Aldosari,2026,,10.1109/ACCESS.2026.3660675,1,1,1,0,0,0,1,1,5,Medium
REC_0383,Towards the Development of Autonomous Wheelchair,M. Craciunescu,2019,,10.1109/CSCS.2019.00101,1,1,1,0,0,0,1,1,5,Medium
REC_0384,Research on indoor navigation of mobile robot based on INS and ultrosound,X. Nong,2017,,10.1109/ICIEA.2017.8282848,1,0,1,0,0,0,1,1,4,Medium
REC_0385,3D Autonomous Underwater Navigation Using Seabed Acoustic Sensing,A. B. Miller,2018,,10.1109/MED.2018.8442781,1,1,1,0,0,0,1,1,5,Medium
REC_0386,Template matching localization for GPS denied environments,S. Rowe,2012,,10.1109/AIPR.2012.6528208,1,1,0,0,0,0,1,1,4,Medium
REC_0387,Obstacle avoidance navigation method for robot based on deep reinforcement learning,X. Ruan,2022,,10.1109/ITOEC53115.2022.9734337,1,1,0,0,0,0,1,1,4,Medium
REC_0388,Multi-UAV Cooperative Navigation Based on Multisource Information Fusion: A Review,F. Song,2026,,10.1109/JSEN.2025.3646302,1,0,0,0,0,0,1,1,3,Low
REC_0389,Pose-A VLoc: a Drone Adaptive Visual Continuous Localization Framework Based on Pose Assistance,C. You,2026,,10.1109/ISPP69262.2026.11543040,1,1,1,0,0,0,1,1,5,Medium
REC_0390,ROS-Based Indoor Autonomous Exploration and Navigation Wheelchair,Z. Li,2017,,10.1109/ISCID.2017.55,1,1,0,1,0,1,1,1,6,High
REC_0391,Multi-UAV Collaboration and IMU Fusion Localization Method in Partial GNSS-Denied Scenarios,Y. Zheng,2023,,10.1109/ACCESS.2023.3315870,1,1,1,1,1,0,1,1,7,High
REC_0392,A Method for Navigation System of Security Robot based on Millimeter Wave,F. Li,2021,,10.1109/CCDC52312.2021.9602098,1,1,1,0,1,0,1,1,6,High
REC_0393,navCLIP: A Novel CLIP-Guided Drone Navigation Model,H. Samma,2026,,10.1109/ACCESS.2026.3695592,1,1,1,1,1,0,1,1,7,High
REC_0394,Research on Laser Navigation Mapping and Path Planning of Tracked Mobile Robot Based on Hector SLAM,Y. Wu,2018,,10.1109/ICIIBMS.2018.8549954,1,0,0,0,0,0,1,0,2,Low
REC_0395,Semantic LiDAR Point Cloud Mapping and Cloud-Based SLAM for Autonomous Driving,F. Andert,2025,,10.1109/PLANS61210.2025.11028497,1,1,1,1,1,0,1,1,7,High
REC_0396,Location Aware and Drift Control Using a Smartphone On-board an Unmanned Aerial Vehicle,A. Farooq,2024,,10.1109/ECTI-CON60892.2024.10594950,1,0,1,0,1,0,1,1,5,Medium
REC_0397,Autonomous multi-floor indoor navigation with a computationally constrained micro aerial vehicle,S. Shen,2011,,10.1109/ICRA.2011.5980364,1,0,0,0,0,0,1,1,3,Low
REC_0398,ROS Powered Autonomous Mobile Robot for Indoor Applications,M. H T,2024,,10.1109/IACIS61494.2024.10721860,1,1,0,1,0,0,1,1,5,Medium
REC_0399,SLAM-DRLnav: A SLAM-Enhanced Deep Reinforcement Learning Navigation Framework for Indoor Self-driving,S. Nam,2023,,10.1109/ICMCR56776.2023.10181042,1,0,0,1,0,0,1,1,4,Medium
REC_0400,Indoor Navigation System by Combining Ultrasonic Wave TOA and Inertial Measurement,R. Tientadakul,2020,,10.23919/SICE48898.2020.9240233,1,1,0,0,0,0,1,1,4,Medium
REC_0401,Vehicle Cooperative Localization Based on UWB Technology in GNSS-Denied Environments,H. Yao,2025,,10.1109/JSEN.2025.3592804,1,1,0,0,0,0,1,1,4,Medium
REC_0402,Indoor Navigation for Assistive Robots using EEG Signals as Feedback,S. A. S. Bellary,2020,,10.1109/SoutheastCon44009.2020.9249750,1,1,1,1,0,1,1,1,7,High
REC_0403,A computer vision-aided motion sensing algorithm for mobile robot's indoor navigation,M. Diop,2016,,10.1109/AMC.2016.7496383,1,1,1,1,1,0,1,1,7,High
REC_0404,The Growing Importance of Alternative Indoor and Seamless Positioning and Navigation in Response to Escalating GNSS Attacks,V. Renaudin,2024,,10.1109/IPIN62893.2024.10786132,1,0,0,0,0,0,1,1,3,Low
REC_0405,Small-UAS navigation using 3D imager and infrared camera in structured environments,A. Bharadwaj,2016,,10.1109/PLANS.2016.7479751,1,1,0,0,1,0,1,1,5,Medium
REC_0406,Underwater integrated navigation technology based on SINS/LBL tight combination,Y. Luo,2025,,10.1109/ICGMRS66001.2025.11064983,1,1,1,1,0,0,1,1,6,High
REC_0407,Guidance of an Autonomous Surface Vehicle for Underwater Navigation Aid,J. P. Sousa,2018,,10.1109/AUV.2018.8729815,1,1,0,0,1,1,1,1,6,High
REC_0408,Autonomous Navigation of a Single UAV in Cluttered Indoor Environment via Cuckoo Search Algorithm,D. H. Burande,2025,,10.1109/ICEC2NT65402.2025.11380007,1,1,1,0,1,1,1,1,7,High
REC_0409,Dust-Resilient Autonomous Navigation and Mapping for UAVs in GNSS-Denied Underground Tunnels,M. A. Montes-Grova,2026,,10.1109/ICUAS69441.2026.11598747,1,1,1,0,1,1,1,1,7,High
REC_0410,Door negotiation of a omni robot platform using depth map based navigation in dynamic environment,A. S. Kundu,2014,,10.1109/IC3.2014.6897169,1,0,0,0,0,0,1,1,3,Low
REC_0412,Learning to Navigate and Track Using a Decentralized Reinforcement Learning Framework for UAV Operations in GNSS-Denied Terrain,P. N. D. Almalis,2025,,10.1109/ICTAI66417.2025.00154,1,1,1,1,1,0,1,1,7,High
REC_0413,First-person indoor navigation via vision-inertial data fusion,A. Farnoosh,2018,,10.1109/PLANS.2018.8373507,1,1,1,0,0,0,1,1,5,Medium
REC_0414,Development of an Efficient Path Planning Algorithm for Indoor Navigation,O. V. P. Arista,2021,,10.1109/CCE53527.2021.9633059,1,1,0,1,0,1,1,1,6,High
REC_0415,A GPS/BeiDou Dual-Mode Mobile Robot Localization Error Compensation Method Fused with IMU,Y. Wang,2026,,10.1109/ICAACE69793.2026.11508702,1,1,1,1,0,1,1,1,7,High
REC_0416,Vision-based pose estimation for autonomous indoor navigation of micro-scale Unmanned Aircraft Systems,P. Rudol,2010,,10.1109/ROBOT.2010.5509203,1,1,1,1,1,0,1,1,7,High
REC_0417,An Indoor Navigation Robot Using Augmented Reality,A. Corotan,2019,,10.1109/ICCAR.2019.8813348,1,0,0,0,0,0,1,1,3,Low
REC_0418,A Comprehensive Study on Supermarket Indoor Navigation for Visually Impaired using Computer Vision Techniques,S. Kayalvizhi,2023,,10.1109/OTCON56053.2023.10114030,1,1,0,0,0,0,1,1,4,Medium
REC_0419,A New Velocity Meter Based on Hall Effect Sensors for UAV Indoor Navigation,S. Zahran,2019,,10.1109/JSEN.2018.2890094,1,0,1,1,1,0,1,1,6,High
REC_0420,TOM-Odometry: A Generalized Localization Framework Based on Topological Map and Odometry,S. Si,2023,,10.1109/TAES.2022.3219802,1,0,1,1,1,0,1,1,6,High
REC_0421,Occupancy grid map generation using 360° scanning xtion pro live for indoor mobile robot navigation,A. S. Kundu,2016,,10.1109/CMI.2016.7413791,1,0,0,0,0,0,1,1,3,Low
REC_0422,A hybrid lidar-based indoor navigation system enhanced by ceiling visual codes for mobile robots,J. Xiong,2016,,10.1109/ROBIO.2016.7866575,1,1,1,0,0,1,1,1,6,High
REC_0423,Circumnavigation of an Unknown Target Using Range-only Measurements in GPS-denied Environments,F. Dong,2019,,10.1109/ICCA.2019.8899523,1,1,1,0,0,0,1,1,5,Medium
REC_0424,Comparative Analysis of Underwater Positioning and Navigation Systems,H. Alamleh,2021,,10.1109/UEMCON53757.2021.9666718,1,1,0,0,0,0,1,1,4,Medium
REC_0425,Evaluation of Real-Time Vehicle Localization Accuracy Using Vision-Based Deep Learning and Sensor Fusion in GPS-Denied Scenarios,C. -H. Huang,2025,,10.1109/ACCESS.2025.3627600,1,1,1,0,1,0,1,1,6,High
REC_0426,Leonardo Drone Contest 2021: Politecnico di Milano team architecture,G. Roggi,2022,,10.1109/ICUAS54217.2022.9836103,1,0,0,0,1,0,1,1,4,Medium
REC_0427,Scene-Matching Localization for Autonomous Evtol Based on Bag-Of-Visual-Words,S. Xiang,2023,,10.1109/IGARSS52108.2023.10282008,1,0,1,1,1,0,1,1,6,High
REC_0428,Humanoid robot indoor navigation based on 2D bar codes: application to the NAO robot,L. George,2013,,10.1109/HUMANOIDS.2013.7029995,1,1,0,0,1,0,1,1,5,Medium
REC_0429,Real time visual SLAM for underwater robotic inspection,M. Meireles,2014,,10.1109/OCEANS.2014.7003097,1,1,0,0,0,0,1,1,4,Medium
REC_0430,Drones Guiding Drones: Cooperative Navigation of a Less-Equipped Micro Aerial Vehicle in Cluttered Environments,V. Pritzl,2024,,10.1109/IROS58592.2024.10802770,1,1,0,0,1,0,1,1,5,Medium
REC_0431,"AOA Sensor Placement for Anchor-Assisted Target Localization in GNSS-Denied Environment: Formulation, Bounds and Optimization",S. Xu,2025,,10.1109/TMC.2025.3570768,1,1,1,0,0,0,1,1,5,Medium
REC_0432,ROS-Based Autonomous Maintenance and Inspection Robot for Industrial Safety,M. Tauseef,2025,,10.1109/NMITCON65824.2025.11188235,1,1,0,0,0,0,1,1,4,Medium
REC_0433,Social Robot Motion for Low-Velocity Indoor Navigation: Simulation Results,F. Rivera,2024,,10.1109/ANDESCON61840.2024.10755617,1,1,0,0,0,0,1,1,4,Medium
REC_0434,Distributed Motion Capture-Based Testbed for Indoor UAV Navigation Research,M. Kurenda,2026,,10.1109/MetroAeroSpace69299.2026.11646639,1,0,0,0,1,0,1,1,4,Medium
REC_0435,AUV Tightly Coupled Terrain Aided Navigation Strategy Based on Isogonal MBES Modeling Method,S. Pan,2024,,10.1109/TIV.2023.3345467,1,1,1,1,0,0,1,1,6,High
REC_0436,Indoor integrated navigation for differential wheeled robot using ceiling artificial landmark,Song Yulong,2013,,10.1109/MEC.2013.6885173,1,1,1,0,0,0,1,1,5,Medium
REC_0437,Drift-Resilient Indoor 3D Mapping in GPS-Denied Environments Using RKO-LIO with Velodyne-Pixhawk Integration in ROS 2,A. M. N. S. Alqadhi,2026,,10.1109/ICHORA69329.2026.11537209,1,1,1,0,0,1,1,1,6,High
REC_0438,Vision-based object path following on a quadcopter for GPS-denied environments,D. H. S. De Mel,2017,,10.1109/ICUAS.2017.7991500,1,1,1,0,1,1,1,1,7,High
REC_0439,Arduino-Based Indoor Navigation System with Finger Print Method,A. E. Coşgun,2025,,10.1109/ISAS66241.2025.11101840,1,1,1,1,0,0,1,1,6,High
REC_0440,Control Design and Visual Autonomous Navigation of Quadrotor,B. Mouaad,2019,,10.1109/ICAEE47123.2019.9014735,1,1,0,1,0,0,1,1,5,Medium
REC_0441,Navigation Without Localization Using Stable Cycles,Q. Brateau,2026,,10.1109/JOE.2026.3652057,1,0,0,0,1,0,1,1,4,Medium
REC_0442,4G Enabled PhoneBot with Cloud based SLAM,P. Sasithong,2020,,10.1109/ICEIC49074.2020.9051151,1,1,0,1,0,0,1,1,5,Medium
REC_0443,Routing Models of Autonomous Unmanned System for Solving Problems in Object Identification at the Warehouse,V. A. Manakova,2025,,10.1109/WECONF65186.2025.11017289,1,1,0,0,1,0,1,1,5,Medium
REC_0444,Autonomous Aerial Swarming in GNSS-denied Environments with High Obstacle Density,A. Ahmad,2021,,10.1109/ICRA48506.2021.9561284,1,1,0,0,0,0,1,1,4,Medium
REC_0445,Towards autonomous landing on a moving vessel through fiducial markers,R. Polvara,2017,,10.1109/ECMR.2017.8098671,1,1,0,0,0,0,1,1,4,Medium
REC_0446,CHAMELEON: Visual-inertial indoor navigation,J. Rydell,2012,,10.1109/PLANS.2012.6236925,1,1,0,0,0,0,1,1,4,Medium
REC_0447,A Perception-Based Architecture for Autonomous Convoying in GNSS-Denied Areas,A. Bienemann,2025,,10.1109/TFR.2025.3600195,1,0,1,0,0,0,1,1,4,Medium
REC_0448,Indoor Navigation System of Mobile Robot with Trajectory Optimization,Q. Liu,2022,,10.1109/MMAR55195.2022.9874287,1,0,1,0,0,0,1,1,4,Medium
REC_0449,An Autonomous Navigation Method using 2D LiDAR for Structured Indoor Environments,J. J. Loukas,2025,,10.1109/ACDSA65407.2025.11165885,1,1,0,0,0,0,1,1,4,Medium
REC_0450,Aerial Swarm Search for GNSS-Denied Maritime Surveillance,S. Yang,2024,,10.1109/TAES.2024.3362764,1,1,0,0,0,0,1,1,4,Medium
REC_0451,Indoor navigation of mobile robot using fuzzy logic controller,J. Johnson,2015,,10.1109/ICSCN.2015.7219873,1,1,1,0,0,0,1,1,5,Medium
REC_0453,A proposal for UAV clustering-based relative localization in GNSS-denied environments,A. Boulkaid,2025,,10.23919/PEMWN67312.2025.11304114,1,0,1,1,0,1,1,1,6,High
REC_0454,A SLAM Algorithm: A Superior Approach for Room Cleaning Robot,M. Maqbool,2024,,10.1109/ICIC63915.2024.11116501,1,1,0,0,0,0,1,1,4,Medium
REC_0455,Airborne-Relay-based Algorithm for Locating Crashed UAVs in GPS-Denied Environments,D. Oh,2019,,10.1109/UEMCON47517.2019.8993065,1,1,1,0,0,0,1,1,5,Medium
REC_0456,TDOA based Tightly Coupled Sensor Fusion for UAV Positioning in GPS-denied Environment,Z. Wang,2024,,10.1109/RAIIC61787.2024.10670977,1,1,1,0,1,1,1,1,7,High
REC_0457,Development of an Indoor Navigation System for Mobile Robots Using Sensor Fusion and Path Planning Algorithms,S. Suryaprakash,2023,,10.1109/ICAECA56562.2023.10200495,1,1,0,0,0,0,1,1,4,Medium
REC_0458,Design and Analysis of a Single-rotor UAV for Safe Indoor Navigation,S. S. Aditya,2023,,10.1109/ICMAE59650.2023.10424495,1,0,0,0,0,0,1,1,3,Low
REC_0459,Safe Tightly-Constrained UAV Swarming in GNSS-denied Environments,A. Dmytruk,2021,,10.1109/ICUAS51884.2021.9476794,1,1,0,0,0,0,1,1,4,Medium
REC_0460,ROS based service robot platform,R. Mishra,2018,,10.1109/ICCAR.2018.8384644,1,1,1,0,0,1,1,1,6,High
REC_0461,Autonomous MAV navigation in complex GNSS-denied 3D environments,M. Nieuwenhuisen,2015,,10.1109/SSRR.2015.7443012,1,0,0,0,0,0,1,1,3,Low
REC_0462,Local Navigation System for a Robot Based on a Network of BLE Beacons,D. A. Yukhimets,2024,,10.1109/RusAutoCon61949.2024.10694049,1,0,1,0,1,0,1,1,5,Medium
REC_0463,Feature extraction from 2D laser range data for indoor navigation of aerial robot,X. He,2013,,10.1109/CAC.2013.6775748,1,1,0,1,1,0,1,1,6,High
REC_0464,Relative visual-inertial odometry for fixed-wing aircraft in GPS-denied environments,G. Ellingson,2018,,10.1109/PLANS.2018.8373454,1,1,0,0,1,1,1,1,6,High
REC_0465,"Employing an Embedded Renderer as Recognition Tool for Odometry, Map-Building, Navigation, and Localization on Active Sensing Robotics",P. Kunbum,2024,,10.1109/JISPIN.2024.3433671,1,1,0,0,0,0,1,1,4,Medium
REC_0466,Autonomous Mapping of Uncharted Ports: Comparison of SIFT and Semi-Global Block Matching Based Stereo Vision on Real Port Data,V. Viegas,2025,,10.23919/OCEANS59106.2025.11244895,1,1,0,0,0,0,1,1,4,Medium
REC_0467,Navigating the Future: A Kalman Filter-Based Global-Local-Global (GLG) Position Estimation for Autonomous Vehicles in GPS Denied Environments,S. Shakeera,2026,,10.1109/LES.2025.3550171,1,0,1,0,1,0,1,1,5,Medium
REC_0468,Indoor navigation algorithm for mobile robot using wireless sensor networks,O. M. Elfadil,2017,,10.1109/ICCCCEE.2017.7866693,1,0,1,0,0,0,1,1,4,Medium
REC_0469,Design and Flight Test of an Aerial Manipulator for Applications in GPS-Denied Environments,M. Ng,2022,,10.1109/ICUAS54217.2022.9836060,1,0,0,0,0,0,1,1,3,Low
REC_0470,P3-LOAM: PPP/LiDAR Loosely Coupled SLAM With Accurate Covariance Estimation and Robust RAIM in Urban Canyon Environment,T. Li,2021,,10.1109/JSEN.2020.3042968,1,1,1,1,0,1,1,1,7,High
REC_0471,Gaussian Process Regression for Improved Underwater Navigation,N. Cohen,2025,,10.1109/PLANS61210.2025.11028550,1,1,1,1,1,1,1,1,8,High
REC_0472,The Autonomous Platforms Inertial Dataset,A. Shurin,2022,,10.1109/ACCESS.2022.3144076,1,0,1,0,0,0,1,1,4,Medium
REC_0473,Towards a model of UAVs navigation in urban canyon through defeasible logic,H. -P. Lam,2013,,10.1093/logcom/exr028,1,1,0,0,0,0,1,1,4,Medium
REC_0474,Hybrid-VINS: Underwater Tightly Coupled Hybrid Visual Inertial Dense SLAM for AUV,Y. Ou,2025,,10.1109/TIE.2024.3440515,1,1,1,1,1,0,1,1,7,High
REC_0475,P2P-DroneLoc: Peer-to-Peer Localization for GPS-Denied Drones using Camera and WiFi Fine Time Measurement,K. Ashraf,2022,,10.1109/ANTS56424.2022.10227756,1,1,1,0,0,0,1,1,5,Medium
REC_0476,A Modular Loosely-Coupled Multi-Sensor Localization Framework for Low-Cost UGVs in GNSS-Denied Environments,F. Rasinhas,2026,,10.1109/CoDIT70676.2026.11630961,1,1,1,0,0,0,1,1,5,Medium
REC_0477,A Novel Mobile Robot Navigation Method Based on Hand-Drawn Paths,X. Hou,2020,,10.1109/JSEN.2020.2997055,1,1,1,0,0,0,1,1,5,Medium
REC_0478,Indoor Navigation with Human Assistance for Service Robots Using D*Lite,R. Alves,2018,,10.1109/SMC.2018.00696,1,1,0,0,0,0,1,1,4,Medium
REC_0479,LiDAR-Based Autonomous Wheelchair Using ROS2 Navigation Stack,T. Michael,2026,,10.1109/ICCPCT70290.2026.11654687,1,1,1,0,1,0,1,1,6,High
REC_0480,Multi-Sensor Fusion Based Indoor Localization and Navigation System for Dual-Ackerman Steering Mobile Robots,Y. Lu,2026,,10.1109/EECR69522.2026.11548898,1,1,1,0,1,0,1,1,6,High
REC_0481,An Onboard Transformer-Based Physics-Informed System for UAV Trajectory Prediction and State Classification in GNSS-Denied Environments,N. Souli,2026,,10.1109/ICUAS69441.2026.11598599,1,1,0,0,1,0,1,1,5,Medium
REC_0482,Kilometer-Scale Autonomous Navigation in Subarctic Forests: Challenges and Lessons Learned,D. Baril,2022,,10.55417/fr.2022050,1,1,0,0,1,1,1,1,6,High
REC_0483,Future Uncertainty-Based Control for Relative Navigation in GPS-Denied Environments,H. Bai,2020,,10.1109/TAES.2020.2974052,1,1,1,0,0,1,1,1,6,High
REC_0484,Autonomous robotic SLAM-based indoor navigation for high resolution sampling with complete coverage,I. Wieser,2014,,10.1109/PLANS.2014.6851459,1,1,0,1,1,0,1,1,6,High
REC_0485,Multi-Sensor 6-DoF Localization For Aerial Robots In Complex GNSS-Denied Environments,J. L. Paneque,2019,,10.1109/IROS40897.2019.8967686,1,1,1,0,0,0,1,1,5,Medium
REC_0486,Visual odometry using optic flow for Unmanned Aerial Vehicles,V. More,2015,,10.1109/CCIP.2015.7100731,1,1,0,0,1,0,1,1,5,Medium
REC_0487,Photometric-Planner for Visual Path Following,E. A. Rodríguez Martínez,2021,,10.1109/JSEN.2020.3027848,1,1,0,0,1,0,1,1,5,Medium
REC_0488,UAV Navigation in Unknown Indoor Environment Aware of Localization Uncertainty by Using Trilateration Method Based on UGVs,O. Nakeshbandi,2025,,10.1109/RCAR65431.2025.11139692,1,1,1,0,0,0,1,1,5,Medium
REC_0489,UAV Vision Aided INS/Odometer Integration for Land Vehicle Autonomous Navigation,J. Dong,2022,,10.1109/TVT.2022.3151729,1,1,1,1,0,0,1,1,6,High
REC_0490,A Review of ROS-Based Robot Navigation Technologies,J. Gao,2026,,10.1109/CAIBDA70336.2026.11621098,1,0,1,0,0,0,1,1,4,Medium
REC_0491,Autonomous indoor navigation of low-cost quadcopters,A. Hussein,2015,,10.1109/SOLI.2015.7367607,1,1,0,0,0,0,1,1,4,Medium
REC_0492,Stereo-vision based autonomous underwater navigation — The platform SARSTION,S. Mehmood,2016,,10.1109/IBCAST.2016.7429933,1,1,0,0,0,0,1,1,4,Medium
REC_0493,Monocular visual SLAM for small UAVs in GPS-denied environments,C. Wang,2012,,10.1109/ROBIO.2012.6491082,1,1,0,0,0,0,1,1,4,Medium
REC_0494,Joint placement and communication optimization of uav base stations in GPS-denied environments,J. Yang,2024,,10.23919/JCN.2024.000056,1,1,1,0,0,1,1,1,6,High
REC_0495,Analysis on the performance of VIO according to Trajectory Planning of UAV,E. M. Lee,2020,,10.23919/ICCAS50221.2020.9268220,1,1,1,0,0,0,1,1,5,Medium
REC_0496,Multi-vehicle cooperative localization and mapping with the assistance of dynamic beacons in GNSS-denied environment,C. Zhang,2024,,10.1109/ISAS61044.2024.10552478,1,1,1,0,1,0,1,1,6,High
REC_0497,Autonomous Navigation of Robots on Roads using Vision-Based Techniques for Road Identification and Lane Detection,S. Manore,2024,,10.1109/ICARCV63323.2024.10821591,1,1,1,0,1,0,1,1,6,High
REC_0498,A Tightly Coupled Polarization Compass and VIO Integrated Navigation for Applications in GNSS-denied environments,J. Li,2022,,10.1109/ISAS55863.2022.9757349,1,1,1,1,0,0,1,1,6,High
REC_0499,The Practice of Cloud-based Navigation System for Indoor Robot,T. T. Khanh,2020,,10.1109/IMCOM48794.2020.9001709,1,0,1,1,1,0,1,1,6,High
REC_0500,Navigation of vehicle in urban canyon via two-satellite GNSS and map aiding,R. S. Kulikov,2017,,10.1109/Dynamics.2017.8239473,1,0,0,0,1,0,1,1,4,Medium
REC_0501,FreeNavi: Landmark-Based Mapless Indoor Navigation Based on WiFi Fingerprints,Y. Guo,2017,,10.1109/VTCSpring.2017.8108350,1,0,0,0,0,0,1,1,3,Low
REC_0502,LD3DGS-SLAM: Long-Distance Monocular SLAM With 3-D Gaussian Splatting and GNSS-Aided Localization for UAVs,D. Li,2026,,10.1109/JIOT.2025.3638876,1,1,1,1,1,0,1,1,7,High
REC_0503,Decimeter-Accuracy Positioning for Drones Using Two-Stage Trilateration in a GPS-Denied Environment,Y. -E. Chen,2023,,10.1109/JIOT.2022.3231704,1,1,1,0,0,0,1,1,5,Medium
REC_0504,An inexpensive method for evaluating the localization performance of a mobile robot navigation system,H. Kikkeri,2014,,10.1109/ICRA.2014.6907455,1,1,1,1,0,1,1,1,7,High
REC_0505,Integrated Indoor Navigation System for Ground Vehicles With Automatic 3-D Alignment and Position Initialization,M. M. Atia,2015,,10.1109/TVT.2015.2397004,1,1,1,0,0,0,1,1,5,Medium
REC_0506,Infrastructure-Free ADAS Scenario Execution using a Vision-Based Autonomous Mobile Robot,B. Sakal,2026,,10.1109/ROSE69181.2026.11570973,1,1,0,0,0,0,1,1,4,Medium
REC_0507,Towards GNSS-Free UAV Localization via XFeatLightGlue and Semantic Embedding,J. Shi,2025,,10.1109/ICBASE66587.2025.11181328,1,1,1,1,1,0,1,1,7,High
REC_0508,Study of Optical Flow Sensor for Non-GPS Environment for Micro-Category UAV Application,D. Sougrakpam,2025,,10.1109/IEMECON69302.2025.11365640,1,1,1,0,1,0,1,1,6,High
REC_0509,Improving Simultaneous Localization and Mapping for pedestrian navigation and automatic mapping of buildings by using online human-based feature labeling,P. Robertson,2010,,10.1109/PLANS.2010.5507304,1,1,1,0,1,0,1,1,6,High
REC_0510,PINNARX: A Physics-Informed Framework for Resilient Inertial Navigation in GNSS-Denied Environments,A. Fekry,2026,,10.1109/TIM.2026.3659553,1,1,1,1,1,1,1,1,8,High
REC_0511,LiDAR-Based Real-Time 2D Mapping for Autonomous Vehicles Using Hector SLAM on an Embedded Jetson Orin Nano Platform,P. D. Bao,2026,,10.1109/ATiGB70203.2026.11628401,1,1,0,0,1,0,1,1,5,Medium
REC_0512,Improvement of altitude precision in indoor and urban canyon navigation for small flying vehicles,E. Petritoli,2015,,10.1109/MetroAeroSpace.2015.7180626,1,1,1,0,0,0,1,1,5,Medium
REC_0513,Intelligent Visual Navigation System of High Accuracy,V. M. Sineglazov,2019,,10.1109/APUAVD47061.2019.8943916,1,0,1,0,0,0,1,1,4,Medium
REC_0514,UWB and IMU Based Positioning with Multi-UAVs in GPS-Denied Environments,J. Guo,2025,,10.1109/CCSB66722.2025.11154351,1,1,0,0,0,0,1,1,4,Medium
REC_0515,Extended Range AUV Localization and Navigation Aided by Gravity Anomalies and Bathymetry,F. Heubach,2020,,10.1109/AUV50043.2020.9267918,1,0,1,1,1,0,1,1,6,High
REC_0516,An Indoor Localization Service using 360 Degree Spherical Camera,T. YASHIRO,2020,,10.1109/LifeTech48969.2020.1570617174,1,1,1,1,0,0,1,1,6,High
REC_0517,Coarse-to-Fine Global Localization for Autonomous Vehicles in GNSS-Denied Environments,T. Zhang,2026,,10.1109/TVT.2026.3673515,1,1,1,0,0,1,1,1,6,High
REC_0518,Improved MHE-Based Tightly Coupled SINS/USBL Method for Underwater Navigation,D. Wang,2025,,10.1109/JSEN.2025.3596701,1,1,1,1,1,1,1,1,8,High
REC_0519,A Cloud-based Brain-controlled Wheelchair with Autonomous Indoor Navigation System,A. Lakas,2021,,10.1109/IWCMC51323.2021.9498751,1,1,0,0,0,0,1,1,4,Medium
REC_0520,Research on Indoor and Outdoor Navigation Technology Based on the Combination of Differential GNSS and Lidar SLAM,G. Ren,2020,,10.1109/RCAR49640.2020.9303252,1,1,1,0,1,0,1,1,6,High
REC_0521,Multistage Learning-Based Fusion Framework for Autonomous Vehicle Localization in GNSS-Denied Environments,K. Wei,2025,,10.1109/JSEN.2025.3586680,1,1,1,1,1,0,1,1,7,High
REC_0522,An Improved Extended Kalman Filter for UAV Localization in UWB Navigation System,J. Chen,2023,,10.1109/CAC59555.2023.10449981,1,1,1,0,0,0,1,1,5,Medium
REC_0523,Integration of Optical Wireless Positioning and Deep Learning-Based Drone Detection,A. Muñoz-Torres,2025,,10.1109/SACVLC67412.2025.11262018,1,1,1,0,0,0,1,1,5,Medium
REC_0524,Comparative Benchmarking of TD3 for Multi-Stage Indoor Navigation,S. Sun,2026,,10.1109/IPAC69021.2026.11542699,1,0,1,1,1,0,1,1,6,High
REC_0525,Observability Analysis and Optimization of Cooperative Navigation System With a Low-Cost Inertial Sensor Array,K. Shen,2023,,10.1109/JIOT.2023.3235524,1,1,1,0,0,0,1,1,5,Medium
REC_0526,Range-Only EKF-Based Relative Navigation for UAV Swarms in GPS-Denied Zones,D. Belfadel,2024,,10.1109/ACCESS.2024.3481409,1,1,1,1,1,0,1,1,7,High
REC_0527,Low-SWaP GNSS-denied Navigation using LTE Signals of Opportunity,T. Sweat,2025,,10.1109/PLANS61210.2025.11028479,1,1,1,0,1,1,1,1,7,High
REC_0528,Navigation Autonomy with Web-Based Remote Monitoring for Robotic Cars in Indoor Scenario,Y. Lin,2022,,10.1109/ICCE-Taiwan55306.2022.9869263,1,0,0,0,0,0,1,1,3,Low
REC_0529,Enhancing the UAV Localization Accuracy by Removing False Matches Using Affine Consistency,R. Malik,2024,,10.1109/IBCAST61650.2024.10877263,1,0,1,0,1,0,1,1,5,Medium
REC_0530,Cooperative Localization of a GPS-Denied UAV Using Direction-of-Arrival Measurements,J. S. Russell,2020,,10.1109/TAES.2019.2942704,1,1,1,0,1,0,1,1,6,High
REC_0531,Construction of Autonomous Driving Maps employing LiDAR Odometry,I. Hamieh,2019,,10.1109/CCECE.2019.8861901,1,1,1,0,1,0,1,1,6,High
REC_0532,"Indoor Autonomous Multi-UAVs: A Review of Current Research, Enabling Technologies and Open Challenges",Z. Haider,2025,,10.1109/ACCESS.2025.3642189,1,0,0,1,0,0,1,1,4,Medium
REC_0533,An Integrated GNSS/LiDAR-SLAM Pose Estimation Framework for Large-Scale Map Building in Partially GNSS-Denied Environments,G. He,2021,,10.1109/TIM.2020.3024405,1,1,1,0,0,0,1,1,5,Medium
REC_0534,Integrated UWB-Vision Approach for Autonomous Docking of UAVs in GPS-denied Environments,T. -M. Nguyen,2019,,10.1109/ICRA.2019.8793851,1,1,0,0,1,0,1,1,5,Medium
REC_0535,Indoor positioning and obstacle detection for visually impaired navigation system based on LSD-SLAM,Y. Endo,2017,,10.1109/ICBAKE.2017.8090635,1,1,0,0,0,0,1,1,4,Medium
REC_0536,A LiDAR Odometry for Outdoor Mobile Robots Using NDT Based Scan Matching in GPS-denied environments,B. Zhou,2017,,10.1109/CYBER.2017.8446588,1,1,1,0,0,1,1,1,6,High
REC_0537,Indoor Navigation and Attitude Estimation for Uas Using Inertial Sensors and Extended Kalman Filtering,S. Ponte,2026,,10.1109/MetroAeroSpace69299.2026.11646697,1,1,1,0,0,0,1,1,5,Medium
REC_0538,Towards a Multi-Pixel Time-of-Flight Indoor Navigation System for Nano-Drone Applications,V. Niculescu,2022,,10.1109/I2MTC48687.2022.9806701,1,1,1,1,1,0,1,1,7,High
REC_0539,Indoor positioning and navigation for micro UAV drones — Work in progress,B. Ben Moshe,2012,,10.1109/EEEI.2012.6377021,1,1,0,0,1,0,1,1,5,Medium
REC_0540,High Precision Indoor Navigation for Autonomous Vehicles,E. S. Morales,2019,,10.1109/IPIN.2019.8911780,1,1,1,0,0,1,1,1,6,High
REC_0541,A Resilient Cooperative Homing Method with Foundation Models for Multi-Robot Systems in GPS-Denied Unknown Environments,H. Lee,2025,,10.1109/FLLM67465.2025.11391143,1,0,1,0,0,0,1,1,4,Medium
REC_0542,Path planning for cooperative underwater range-only navigation using a single beacon,M. Chitre,2010,,10.1109/AIS.2010.5547044,1,0,1,1,0,0,1,1,5,Medium
REC_0543,Data-Driven Underwater Navigation workshop: AUV Close-Range Localization and Guidance Employing an Electro-Magnetic Beacon,Y. Gutnik,2023,,10.1109/UT49729.2023.10103448,1,0,1,0,0,0,1,1,4,Medium
REC_0544,Season-Invariant GNSS-Denied Visual Localization for UAVs,J. Kinnari,2022,,10.1109/LRA.2022.3191038,1,1,1,0,0,0,1,1,5,Medium
REC_0545,Indoor localization of Unmanned Aerial Vehicle based on passive UHF RFID systems,Jae Sung Choi,2012,,10.1109/URAI.2012.6462966,1,0,0,0,0,0,1,1,3,Low
REC_0546,A Multisensor Fusion Method Based on Strict Velocity for Underwater Navigation System,D. Wang,2023,,10.1109/JSEN.2023.3287600,1,1,1,1,0,0,1,1,6,High
REC_0547,Optimization of Localization Error in Multi-Agent Systems through Cooperative Positioning: Autonomous Navigation in Partially Denied GNSS Environments,S. Shahkar,2023,,10.1109/INERTIAL56358.2023.10103968,1,0,0,0,0,0,1,1,3,Low
REC_0548,Acoustic Localization of Underwater Robots: A Time of Arrival-Based Particle Filter Approach Using Asynchronous Beacon Pinging,B. Ramachandran,2023,,10.1109/CACRE58689.2023.10208534,1,1,1,0,0,0,1,1,5,Medium
REC_0549,EKF-Based Fusion of Wi-Fi/LiDAR/IMU for Indoor Localization and Navigation,Z. Li,2025,,10.1109/CANDARW68385.2025.00012,1,1,1,0,1,1,1,1,7,High
REC_0550,Omni-Bot: An Autonomous Inspection Robot for Underground Parking Garages Using Multi-Modal SLAM and Reinforcement Learning-Based Navigation,C. Zhang,2025,,10.1109/UPINLBS68186.2025.11468399,1,1,1,0,1,1,1,1,7,High
REC_0551,Depth Control Based on PID Using a Pressure Sensor in an Autonomous Underwater Vehicle,E. C. Dursun,2025,,10.1109/ELECO69582.2025.11329270,1,0,1,1,1,0,1,1,6,High
REC_0552,Fusing odometry and sparse UWB radar measurements for indoor slam,T. Deibler,2013,,10.1109/SDF.2013.6698259,1,1,1,0,1,0,1,1,6,High
REC_0553,Modeling and simulation of underwater robot combined navigation and position based on adaptive filter gain UKF,X. Yang,2022,,10.1109/YAC57282.2022.10023586,1,1,1,0,0,0,1,1,5,Medium
REC_0554,Performance Enhancement of INS/GNSS/Refreshed-SLAM Integration for Acceptable Lane-Level Navigation Accuracy,K. -W. Chiang,2020,,10.1109/TVT.2020.2966765,1,1,1,0,0,0,1,1,5,Medium
REC_0555,Performance analysis of filter based airborne simultaneous localization and mapping methods,E. Duymaz,2015,,10.1109/RAST.2015.7208333,1,1,0,0,0,0,1,1,4,Medium
REC_0556,Planar Marker Recognition-Based AMR Localization and Docking Method for Multirobot Cooperation in Indoor Factory Construction,S. Jun Lee,2026,,10.1109/JSEN.2025.3638811,1,1,1,0,1,1,1,1,7,High
REC_0557,SLAPS: Simultaneous Localization and Phase Shift for a RIS-Equipped UAV in 5G/6G Wireless Communication Networks,M. Eskandari,2023,,10.1109/TIV.2023.3298607,1,1,1,0,0,0,1,1,5,Medium
REC_0558,Self-triggered Distributed Formation Control of Under-actuated Unmanned Surface Vehicles in GPS-denied Environments,X. He,2024,,10.1109/ICIST63249.2024.10805456,1,1,0,0,0,0,1,1,4,Medium
REC_0559,Recent Advances in SLAM for Degraded Environments: A Review,W. Wang,2025,,10.1109/JSEN.2025.3584218,1,1,0,0,0,0,1,1,4,Medium
REC_0560,Implementation of a Hydrodynamic Model-Based Navigation System for a Low-Cost AUV Fleet,S. A. T. Randeni P.,2018,,10.1109/AUV.2018.8729758,1,1,1,1,0,0,1,1,6,High
REC_0561,Advanced Ubiquitous Positioning for a Poultry Robot: Integrating INS/GNSS/UWB with SLAM Approach,C. -L. Chang,2024,,10.1109/ICASI60819.2024.10547806,1,1,1,0,1,0,1,1,6,High
REC_0562,Fast and Effective Identification of Window and Door Openings for UAVs' Indoor Navigation,O. Alparslan,2021,,10.1109/ICUAS51884.2021.9476840,1,1,0,0,0,0,1,1,4,Medium
REC_0563,Architecture and design considerations for an autonomous mobile robot,J. Pechiar,2021,,10.1109/URUCON53396.2021.9647380,1,0,0,0,0,0,1,1,3,Low
REC_0564,Devising Overtraining Curriculum Learning Techniques to Enhance Autonomous Navigation Reinforcement Learning,A. Patel,2023,,10.1109/URTC60662.2023.10534950,1,0,1,1,0,0,1,1,5,Medium
REC_0565,Map data representation for indoor navigation a design framework towards a construction of indoor map,W. Jeamwatthanachai,2016,,10.1109/i-Society.2016.7854184,1,0,1,0,0,0,1,1,4,Medium
REC_0566,A novel localization and navigation approach for an indoor autonomous mobile surveillance robot,S. M. Umer,2014,,10.1109/ICIST.2014.6920319,1,1,0,0,1,0,1,1,5,Medium
REC_0567,BEVRender: Vision-based Cross-view Vehicle Registration in Off-road GNSS-denied Environment,L. Jin,2024,,10.1109/IROS58592.2024.10802702,1,1,1,1,0,0,1,1,6,High
REC_0568,Comparative Analysis of Deep-Reinforcement Learning-Based Autonomous Mobile Robot for Goal-Driven Mapless Indoor Navigation,R. L. Mintuda,2025,,10.1109/IDAP68205.2025.11222214,1,1,0,1,0,0,1,1,5,Medium
REC_0569,Drone Positioning in a Specified Location Using Visual Data Under GPS-denied Conditions,D. Kahitin,2025,,10.1109/IDAACS68557.2025.11322385,1,1,1,0,0,0,1,1,5,Medium
REC_0570,Autonomous Indoor Navigation Using PPO and SAC with Cross-sensor fusion in Simulated Environment,Seher,2025,,10.1109/FIT67061.2025.11333588,1,1,0,1,0,0,1,1,5,Medium
REC_0571,DRAL: Deep Reinforcement Adaptive Learning for Multi-UAVs Navigation in Unknown Indoor Environment,K. Mo,2024,,10.1109/MCTE62870.2024.11117708,1,1,0,0,0,0,1,1,4,Medium
REC_0572,GNSS-Independent Navigation of UAV through Utilization of Sensor Fusion and Intelligence System,S. E. Meheretu,2022,,10.1109/ICT4DA56482.2022.9971437,1,0,0,0,0,0,1,1,3,Low
REC_0573,A Review of UAV Positioning in LAIN: Toward a 5G-Core “Space-Air-Ground” Integrated and Cooperative Architecture,Y. Jin,2026,,10.1631/ENG.ITEE.2025.0127,1,0,0,0,1,0,1,1,4,Medium
REC_0574,Navigation of USV for GPS-Disabled Environment based on Extended Kalman Filter,H. Nugroho,2023,,10.1109/ISCI58771.2023.10391881,1,0,1,0,0,0,1,1,4,Medium
REC_0575,Context-Aware Sensor Fusion and Mode-Switching Control for an Autonomous Underwater Vehicle,S. N. Dendukuri,2025,,10.1109/SEPOC67005.2025.11297629,1,1,0,0,0,0,1,1,4,Medium
REC_0576,EL-OGISLAM: Escalator Landmark-based Occupancy Grid Inertial SLAM framework,X. Li,2023,,10.1109/IPIN57070.2023.10332526,1,1,1,0,1,0,1,1,6,High
REC_0577,The NavINST Dataset for Multi-Sensor Autonomous Navigation,P. R. M. D. Araujo,2025,,10.1109/ACCESS.2025.3565878,1,1,1,0,0,0,1,1,5,Medium
REC_0578,A Modular UAV Hardware Platform for Aerial Indoor Navigation Research and Development,K. M. Deliparaschos,2024,,10.1109/ICUAS60882.2024.10557007,1,1,0,0,1,0,1,1,5,Medium
REC_0579,LiDAR-Based Decentralized Collaborative Localization and Mapping for Multi-AAV With Stable Triangle Descriptor,G. Chang,2025,,10.1109/TIM.2025.3557821,1,1,0,1,0,0,1,1,5,Medium
REC_0580,Doctor Assistant Robot: Navigation Through Wifi Fingerprinting and Simultaneous Localization and Mapping,A. Wazwaz,2025,,10.1109/ICICS65354.2025.11072966,1,1,1,0,1,0,1,1,6,High
REC_0581,Seamless Indoor Navigation: Leveraging AI Computer Vision and GPS Spoofing for UGV Autonomy,S. Ioannou,2026,,10.1109/CoDIT70676.2026.11630918,1,1,1,1,1,1,1,1,8,High
REC_0582,Research on Localization and Path Planning of Indoor Robot Based on ROS,X. Wang,2021,,10.1109/CISAI54367.2021.00159,1,1,0,0,0,0,1,1,4,Medium
REC_0583,Optimization method of MEMS IMU/LADAR integrated navigation system based on Compressed-EKF,Y. -j. Hang,2014,,10.1109/PLANS.2014.6851365,1,1,1,1,1,0,1,1,7,High
REC_0584,An Indoor Localization Method for Humanoid Robot Based on Artificial Landmark,L. Guohua,2015,,10.1109/IMCCC.2015.394,1,0,1,0,0,0,1,1,4,Medium
REC_0585,Inertial Navigation aided by Simultaneous Localization and Mapping,V. Sazdovski,2010,,10.1109/IS.2010.5548334,1,1,0,0,0,1,1,1,5,Medium
REC_0586,Development of a 3D-Printed Differential-Drive Mobile Robot with ROS 2,Z. -Y. Chew,2026,,10.1109/ICCRE69951.2026.11593488,1,1,0,0,1,0,1,1,5,Medium
REC_0587,Research on the Control System of Dual Lidar Mobile Robot,R. Qiu,2021,,10.1109/RCAE53607.2021.9638944,1,1,1,1,0,0,1,1,6,High
REC_0588,A SLAM Based Semantic Indoor Navigation System for Visually Impaired Users,X. Zhang,2015,,10.1109/SMC.2015.258,1,1,1,0,0,0,1,1,5,Medium
REC_0589,Unmanned ground vehicle simulation with the Virtual Autonomous Navigation Environment,C. Goodin,2017,,10.1109/MILTECHS.2017.7988748,1,1,0,0,0,0,1,1,4,Medium
REC_0590,Extended Kalman Filter for indoor and outdoor localization of a wheeled mobile robot,A. Skobeleva,2016,,10.1109/AUCC.2016.7868190,1,1,1,0,1,0,1,1,6,High
REC_0591,On improved Simultaneous Localization and Mapping algorithm for underwater navigation,M. Cao,2016,,10.1109/ChiCC.2016.7554177,1,1,1,1,0,0,1,1,6,High
REC_0592,YO-VIO: Robust Multi-Sensor Semantic Fusion Localization in Dynamic Indoor Environments,C. Huang,2021,,10.1109/IPIN51156.2021.9662614,1,1,1,1,0,0,1,1,6,High
REC_0593,Evaluating Global Navigation Satellite System (GNSS) Performance for Autonomous Vehicle Navigation in Urban Environments,S. Stefanov,2025,,10.1109/CIEES66347.2025.11300010,1,0,1,1,1,1,1,1,7,High
REC_0594,Google map aided visual navigation for UAVs in GPS-denied environment,M. Shan,2015,,10.1109/ROBIO.2015.7418753,1,1,1,0,0,0,1,1,5,Medium
REC_0595,Optimal Navigation and Obstacle Avoidance for UAV in Urban Canyons,Y. Hu,2025,,10.1109/MetroAeroSpace64938.2025.11114464,1,1,1,0,0,0,1,1,5,Medium
REC_0596,Robust Motion Controller for Mobile Robot Navigation in Indoor Environment,F. A. Jafar,2012,,10.1109/CIMSim.2012.48,1,0,0,0,1,1,1,1,5,Medium
REC_0597,Fusion of Visual Attention and Scene Descriptions With Deep Reinforcement Learning for AAV Indoor Autonomous Navigation,H. Samma,2025,,10.1109/ACCESS.2025.3566428,1,1,1,1,0,0,1,1,6,High
REC_0598,Compact Passive Millimeter Wave Imager for Degraded Visual and GPS-Denied Navigation,T. Dillon,2019,,10.1109/RAPID.2019.8864251,1,1,1,0,0,0,1,1,5,Medium
REC_0599,Indoor Navigation Based on Global and Local Path Planning for Wheeled Mobile Robot in Airport,X. Xu,2018,,10.1109/WCICA.2018.8630407,1,1,0,0,0,0,1,1,4,Medium
REC_0600,Are Learning-Based Approaches Ready for Real-World Indoor Navigation? A Case for Imitation Learning,N. Selvaraj,2025,,10.1109/ECMR65884.2025.11163316,1,1,0,1,0,0,1,1,5,Medium
REC_0601,Waypoint Navigation in the Image Plane for Autonomous Navigation of UAV in Vision-Based UAV-AGV System*,A. Kumar Sivarathri,2024,,10.1109/MESA61532.2024.10704849,1,1,0,0,0,0,1,1,4,Medium
REC_0602,Long Range Underwater Localization and Navigation using Gravity-Based Measurements,P. Pasnani,2020,,10.1109/SMC42975.2020.9282989,1,1,1,0,1,0,1,1,6,High
REC_0603,Research On Air-Ground Collaborative Navigation Method in Unknown Indoor Environment,Z. Wang,2026,,10.23919/CSITecCPS00081.2026.00012,1,1,1,0,1,1,1,1,7,High
REC_0604,A Fully Autonomous Indoor Quadrotor,S. Grzonka,2012,,10.1109/TRO.2011.2162999,1,0,0,0,0,0,1,1,3,Low
REC_0606,Semantic Mapping Based on ORB-SLAM and YOLO in Indoor Scenes,Q. Wang,2023,,10.1109/ECICE59523.2023.10383074,1,1,1,0,1,1,1,1,7,High
REC_0607,Integration of GNSS and Fiber-Optic Gyroscope: Improving Navigation Robustness under Satellite Signal Loss,Y. Tashtay,2025,,10.1109/EExPolytech66949.2025.11253802,1,1,1,0,0,1,1,1,6,High
REC_0608,Signal Strength-Guided Return Navigation for UAVs in GPS-Denied Environments,O. Rathnayake,2026,,10.1109/ICIIS69028.2026.11450718,1,0,0,0,0,0,1,1,3,Low
REC_0609,Navigation Guided by Visual Markers and Path Planning for Mobile Robots in Confined Environments,F. A. Chicaiza,2022,,10.1109/ARGENCON55245.2022.9939773,1,1,1,0,0,0,1,1,5,Medium
REC_0610,Simulation of UAV-Based Indoor Mapping for Multi-Story Building Using a RGB-D SLAM Solution,W. Wu,2024,,10.1109/I2MTC60896.2024.10560638,1,1,0,1,0,0,1,1,5,Medium
REC_0611,Application of Robust Filtering Algorithm Based on Mahalanobis Distance in Anti GNSS Deception Attack of Multi-sensor Integrated Navigation on Unmanned Platforms,P. Jiang,2026,,10.1109/ICAISISAS68969.2026.11567838,1,0,1,1,0,0,1,1,5,Medium
REC_0612,Research on Autonomous UAV Power Inspection Method Based on Visual SLAM and Multi-View 3D Reconstruction,M. Li,2025,,10.1109/CEI66465.2025.11398715,1,0,1,0,1,0,1,1,5,Medium
REC_0613,On hearing your position through light for mobile robot indoor navigation,S. Ma,2016,,10.1109/ICMEW.2016.7574761,1,0,0,1,0,0,1,1,4,Medium
REC_0614,Autonomous Cooperative Mapping of GPS-Denied Cluttered Environments Using Gaussian Process Regression,D. Mansfield,2024,,10.1109/ICCA62789.2024.10591901,1,0,1,0,1,0,1,1,5,Medium
REC_0615,UAV State Estimation and Trajectory Prediction using Transformer-based Neural Networks and Feature-based Visual Odometry,Y. Grigoriou,2025,,10.1109/SMC58881.2025.11343560,1,1,1,0,1,0,1,1,6,High
REC_0616,Novel method for underwater navigation aiding using a companion underwater robot as a guiding platforms,V. Djapic,2013,,10.1109/OCEANS-Bergen.2013.6608153,1,0,1,0,0,0,1,1,4,Medium
REC_0617,Visual-Inertial Fusion for Indoor Autonomous Navigation of a Quadrotor Using ORB-SLAM,S. J. Haddadi,2018,,10.1109/LARS/SBR/WRE.2018.00028,1,1,1,0,0,0,1,1,5,Medium
REC_0618,Long-Term Localization Method Integrated With Voxel Mapping LiDAR Odometry and Adaptive Updating Map in Diverse Environment,H. Liu,2025,,10.1109/TIM.2025.3533630,1,1,1,1,0,1,1,1,7,High
REC_0619,Submarine Geophysical Navigation of Autonomous Underwater Vehicle Using Extended Kalman Filter,Z. Yu,2023,,10.1109/ICEACE60673.2023.10442118,1,0,1,1,0,0,1,1,5,Medium
REC_0620,Terrain Aided Planetary UAV Localization Based on Geo-referencing,X. Wan,2022,,10.1109/TGRS.2022.3198745,1,1,1,1,1,0,1,1,7,High
REC_0621,Routing unmanned vehicles in GPS-denied environments,K. Sundar,2017,,10.1109/ICUAS.2017.7991488,1,1,0,0,0,0,1,1,4,Medium
REC_0622,Micro-Drone Ego-Velocity and Height Estimation in GPS-Denied Environments Using an FMCW MIMO Radar,J. Barra,2023,,10.1109/JSEN.2022.3229421,1,1,0,0,1,0,1,1,5,Medium
REC_0623,Thermal-LiDAR Fusion for Robust Tunnel Localization in GNSS-Denied and Low-Visibility Conditions,L. Schichler,2025,,10.1109/IAVVC61942.2025.11219499,1,1,0,0,0,0,1,1,4,Medium
REC_0624,Autonomous indoor navigation of a stock quadcopter with off-board control,A. Garcia,2017,,10.1109/RED-UAS.2017.8101656,1,1,0,1,1,0,1,1,6,High
REC_0625,A method to LRF noise filtering for the transparent obstacle in mobile robot indoor navigation environment with straight glass wall,J. Park,2016,,10.1109/URAI.2016.7625735,1,0,1,0,0,0,1,1,4,Medium
REC_0626,Integrated indoor navigation system for aerial vehicle using visual odometry and artificial landmark matching,X. He,2014,,10.1109/CGNCC.2014.7007494,1,1,1,0,0,0,1,1,5,Medium
REC_0627,Comparative Analysis of A * Algorithm and Deep Deterministic Policy Gradient for Autonomous Navigation in Indoor Environment,A. A. S,2025,,10.1109/ICITEICS64870.2025.11341112,1,1,1,0,1,0,1,1,6,High
REC_0628,Pair-Navi: Peer-to-Peer Indoor Navigation with Mobile Visual SLAM,E. Dong,2019,,10.1109/INFOCOM.2019.8737640,1,0,1,1,0,0,1,1,5,Medium
REC_0629,Vehicle Inertial Localization With Adaptive Noise Estimation and Pseudo-Measurement Constraints in GNSS-Denied Environment,G. Huang,2025,,10.1109/JIOT.2025.3593605,1,0,1,1,1,1,1,1,7,High
REC_0630,Real-Time Detection of Mine-Like Objects for Semantic-Guided Underwater Robot Navigation,V. Sineglazov,2025,,10.1109/MSNMC61130.2025.11399724,1,0,1,1,1,1,1,1,7,High
REC_0631,Invited Speaker 1: Navigation without GPS for Unmanned Aerial Vehicles,L. Feng,2019,,10.1109/IConDA47345.2019.9034681,1,1,0,0,1,0,1,1,5,Medium
REC_0632,Acouhouse: An Acoustic Lighthouses System to Enable Underwater Navigation,M. Biagi,2025,,10.23919/OCEANS59106.2025.11244900,1,0,0,0,0,0,1,1,3,Low
REC_0634,A Study on a Navigation Method Based on Linguistic Information for Service Robots,S. Sasaki,2025,,10.1109/IECON58223.2025.11221575,1,0,0,1,0,0,1,1,4,Medium
REC_0635,Visual Navigation of Mobile Robots in Complex Environments Based on Distributed Deep Reinforcement Learning,Y. Zhang,2022,,10.1109/ACAIT56212.2022.10137974,1,0,0,0,0,0,1,1,3,Low
REC_0636,A Fine Anti-Noise Algorithm Based on Matrix Block Variational Estimation in Underwater Navigation,H. Huang,2021,,10.23919/CCC52363.2021.9549465,1,1,1,1,0,1,1,1,7,High
REC_0637,Miniature IMU/INS with optimally fused low drift MEMS gyro and accelerometers for applications in GPS-denied environments,M. Tanenhaus,2012,,10.1109/PLANS.2012.6236890,1,1,1,1,0,0,1,1,6,High
REC_0638,A Universal LiDAR SLAM Accelerator System on Low-Cost FPGA,K. Sugiura,2022,,10.1109/ACCESS.2022.3157822,1,1,1,1,1,0,1,1,7,High
REC_0639,A Vision-Based Approach to Autonomous Landing of an eVTOL Aircraft in GPS-Denied Environments,F. V. Benitez,2023,,10.1109/DASC58513.2023.10311329,1,1,0,0,1,0,1,1,5,Medium
REC_0640,Thermal Image Based Direct Method Visual-Inertial Odometry for Robot Navigation,Z. Sun,2023,,10.1109/RICAI60863.2023.10488925,1,1,1,1,0,0,1,1,6,High
REC_0641,Analysis of information provision methods for indoor navigation using interactive floor projection,M. Suyama,2017,,10.1109/SII.2017.8279355,1,1,1,1,0,0,1,1,6,High
REC_0642,A Novel Approach to Mobile Indoor Navigation Systems,M. Zhanbyrtayev,2016,,10.1145/2897073.2897131,1,0,1,0,0,0,1,1,4,Medium
REC_0643,"Robust Localization in Both Urban and Rural Environments for Fusion of LiDAR-SLAM, GNSS, and Odometry",T. Ochiai,2022,,10.1109/CCTA49430.2022.9966039,1,1,0,0,0,0,1,1,4,Medium
REC_0644,Autonomous Localization and Navigation for Drones Over Rivers,P. -C. Wu,2026,,10.1109/ACCESS.2025.3650454,1,1,1,0,0,0,1,1,5,Medium
REC_0645,Lidar Indoor Navigation,V. Y,2025,,10.1109/INSPIRE67328.2025.11300615,1,1,1,0,1,0,1,1,6,High
REC_0646,Indoor Mapping and Analysis Based on Optimized Existing 2D SLAM Algorithm,Y. Xiao,2024,,10.1109/RAIIC61787.2024.10670734,1,0,1,1,1,0,1,1,6,High
REC_0647,Radiation Source Localization in GPS-Denied Environments Using Aerial Robots,F. Mascarich,2018,,10.1109/ICRA.2018.8460760,1,0,0,0,1,0,1,1,4,Medium
REC_0648,Vision aided motion estimation for unmanned helicopters in GPS denied environments,Feng Lin,2010,,10.1109/ICCIS.2010.5518578,1,1,0,0,1,0,1,1,5,Medium
REC_0649,Localization and feature recognition: Implementation on an indoor navigator robot,Z. Lye,2014,,10.1109/MECATRONICS.2014.7018561,1,1,0,0,0,1,1,1,5,Medium
REC_0650,Leveraging Smart Tunnel Systems: V2X-Driven Positioning for CAVs in GNSS-Denied Scenarios,R. Viterbo,2025,,10.1109/WCNC61545.2025.10978281,1,1,0,0,0,0,1,1,4,Medium
REC_0651,Vector Field-based Autonomous Navigation in a Tunnel-like Environment,L. Feng,2024,,10.1109/IPIN62893.2024.10786181,1,1,0,0,0,1,1,1,5,Medium
REC_0652,Reinforcement Learning-Based Autonomous UAV Navigation in Indoor Environments Towards Human Detection,V. Geeganage,2026,,10.1109/ICIPRoB69625.2026.11497788,1,1,0,0,1,0,1,1,5,Medium
REC_0653,An efficient UAV navigation solution for confined but partially known indoor environments,F. Wang,2014,,10.1109/ICCA.2014.6871120,1,0,0,0,1,0,1,1,4,Medium
REC_0654,Robust self-localization system based on multi-sensor information fusion in city environments,Z. Xia,2019,,10.1109/ITCA49981.2019.00011,1,1,1,0,0,0,1,1,5,Medium
REC_0655,Map construction and exploration with measurements of laser rangefinders,G. -S. Huang,2017,,10.1109/ICMA.2017.8016067,1,1,1,1,0,0,1,1,6,High
REC_0656,Vision-Based UAV Localization by Aerial and Satellite Image Matching,H. -Y. Lin,2026,,10.1109/ACCESS.2026.3684630,1,1,1,1,1,0,1,1,7,High
REC_0657,EKF-LOAM: An Adaptive Fusion of LiDAR SLAM With Wheel Odometry and Inertial Data for Confined Spaces With Few Geometric Features,G. P. C. Júnior,2022,,10.1109/TASE.2022.3169442,1,1,1,1,1,1,1,1,8,High
REC_0658,Depth camera based indoor mobile robot localization and navigation,J. Biswas,2012,,10.1109/ICRA.2012.6224766,1,1,1,0,1,0,1,1,6,High
REC_0659,Fast Swarming of UAVs in GNSS-Denied Feature-Poor Environments Without Explicit Communication,J. Horyna,2024,,10.1109/LRA.2024.3390596,1,0,0,0,1,0,1,1,4,Medium
REC_0660,Multiple Autonomous Surface Vehicles for Autonomous Cooperative Navigation Tasks in a Marine Environment: Development and Preliminary Field Tests,J. Park,2023,,10.1109/ACCESS.2023.3262985,1,0,0,0,0,0,1,1,3,Low
REC_0661,Combining Remote and In-situ Sensing for Autonomous Underwater Vehicle Localization and Navigation,C. A. Rojas,2022,,10.1109/OCEANS47191.2022.9977208,1,0,1,0,0,0,1,1,4,Medium
REC_0662,Joint Placement and Communication Optimization of UAV Base Stations in Aerial GPS Denied Environments with Supplementary Node Assistance,J. Yang,2024,,10.1109/ICTC62082.2024.10827425,1,1,1,0,0,0,1,1,5,Medium
REC_0663,Grounding Implicit Goal Description for Robot Indoor Navigation via Recursive Belief Update,R. Chen,2020,,10.1109/ICCR51572.2020.9344198,1,0,0,0,1,0,1,1,4,Medium
REC_0664,A UAV system for inspection of industrial facilities,J. Nikolic,2013,,10.1109/AERO.2013.6496959,1,1,1,0,1,0,1,1,6,High
REC_0665,Separated Sonar Localization System for Indoor Robot Navigation,W. Chen,2021,,10.1109/TIE.2020.2994856,1,1,1,0,1,0,1,1,6,High
REC_0666,Autonomous Navigation of a Mobile Robot with a Monocular Camera Using Deep Reinforcement Learning and Semantic Image Segmentation,R. Tsuruta,2024,,10.1109/SII58957.2024.10417188,1,1,0,0,1,0,1,1,5,Medium
REC_0667,Moving correction method of a mobile robot using passive RFID system based on obstacle prediction,T. Nakanishi,2014,,10.1109/IPIN.2014.7275490,1,1,0,1,0,1,1,1,6,High
REC_0668,Fusing vision and odometry for accurate indoor robot localization,B. Bischoff,2012,,10.1109/ICARCV.2012.6485183,1,1,1,0,0,0,1,1,5,Medium
REC_0669,Robust Factor Graph Optimization for GNSS/INS Tightly Coupled Integration: A Flexible Strategy for Urban Navigation Resilience,K. Wang,2025,,10.1109/JSEN.2025.3583479,1,0,1,1,0,1,1,1,6,High
REC_0670,A low-cost indoor and outdoor terrestrial autonomous navigation model,G. Susi,2014,,10.1109/TELFOR.2014.7034499,1,0,0,1,0,0,1,1,4,Medium
REC_0671,DaHOG-based Mobile Robot Indoor Global Localization,H. Cheong,2020,,10.23919/ICCAS50221.2020.9268378,1,1,0,0,0,0,1,1,4,Medium
REC_0672,Visual Localization system for GPS-Blind Environments in Unmanned Aerial Vehicles,Y. Murhij,2024,,10.1109/ICCT62929.2024.10875019,1,1,1,0,1,0,1,1,6,High
REC_0673,Towards a Low-Cost Robot Navigation Approach based on a RGB-D Sensor Network,M. Bertoni,2022,,10.1109/AMC51637.2022.9729292,1,0,0,0,1,0,1,1,4,Medium
REC_0674,Enhanced Relative Localization Based on Persistent Excitation for Multi-UAVs in GPS-Denied Environments,F. She,2020,,10.1109/ACCESS.2020.3015593,1,1,1,1,0,1,1,1,7,High
REC_0675,Accurate EKF-Based Underwater Navigation System with RSSI Validation and Delay-Compensated USBL Measurements,K. R. A. Kamel,2026,,10.1109/MetroAeroSpace69299.2026.11646811,1,1,1,1,0,0,1,1,6,High
REC_0676,Mitigating Perceptual Drift in ROS2 LiDAR-Based SLAM During Wall-Parallel Motion,R. P,2026,,10.1109/IITCEE67948.2026.11394124,1,1,1,1,1,1,1,1,8,High
REC_0677,Design a Novel Target to Improve Positioning Accuracy of Autonomous Vehicular Navigation System in GPS Denied Environments,W. Liu,2021,,10.1109/TII.2021.3052529,1,1,1,1,1,1,1,1,8,High
REC_0678,Inside Bridges: Autonomous Crack Inspection with Nano UAVs in GNSS-Denied Environments,D. Müller,2024,,10.1109/ICARCV63323.2024.10821644,1,1,0,0,0,0,1,1,4,Medium
REC_0679,Fetchmate - Autonomous Indoor Mapping and Object Detection with AI Vision,S. Rakshan,2025,,10.1109/SISCON66686.2025.11409222,1,1,1,0,0,0,1,1,5,Medium
REC_0680,MATLAB-Driven Virtual Simulation and Performance Analysis of an Autonomous Underwater Vehicle (AUV) Homing and Docking System,R. G. P,2025,,10.1109/AISP68263.2025.11396231,1,1,1,0,0,0,1,1,5,Medium
REC_0681,Scalable indoor navigation system based on proximity Bluetooth beacons using tools of AI,M. Bérubé,2017,,10.1109/UIC-ATC.2017.8397547,1,0,0,0,0,0,1,1,3,Low
REC_0682,Monocular Visual Odometry with Unmanned Underwater Vehicle Using Low Cost Sensors,P. Dabove,2020,,10.1109/PLANS46316.2020.9109841,1,1,0,0,0,0,1,1,4,Medium
REC_0683,Real time UGV positioning based on Reference beacons aided LiDAR scan matching,W. Ye,2018,,10.1109/UPINLBS.2018.8559846,1,1,1,1,0,0,1,1,6,High
REC_0684,Tightly Coupled Multifactor Optimization-Based Hybrid Visual Localization for UAV,L. Chen,2025,,10.1109/TIM.2025.3597617,1,0,1,1,0,0,1,1,5,Medium
REC_0685,Study on the effective visual navigation for an alife mobile robot,J. Wang,2011,,10.1109/ICMA.2011.5986324,1,0,1,0,0,0,1,1,4,Medium
REC_0686,Nonlinear Dynamic Model-Based State Estimators for Underwater Navigation of Remotely Operated Vehicles,J. C. Kinsey,2014,,10.1109/TCST.2013.2293958,1,0,1,1,0,1,1,1,6,High
REC_0687,On the scalability of experimentally determined aerodynamic model for model-based navigation on a delta-wing UAV,P. Longobardi,2023,,10.1109/MetroAeroSpace57412.2023.10189996,1,0,0,1,1,0,1,1,5,Medium
REC_0688,Single Vehicle Localization and Routing in GPS-Denied Environments Using Range-Only Measurements,S. Misra,2020,,10.1109/ACCESS.2019.2963286,1,1,0,0,1,0,1,1,5,Medium
REC_0689,Bio Inspired Approaches for Indoor Path Navigation and Spatial Map Formation by Analysing Depth Data,R. Chaudhuri,2022,,10.1109/ICDCECE53908.2022.9793071,1,0,0,1,1,0,1,1,5,Medium
REC_0690,Autonomous Indoor Navigation Robot for Restaurant Environments,R. R. Subramanian,2025,,10.1109/ICCRTEE64519.2025.11052900,1,1,0,0,0,0,1,1,4,Medium
REC_0691,An autonomous ground explorer utilizing a vision-based approach to indoor navigation,E. Mattison,2011,,10.1109/LARC.2011.6086807,1,1,0,0,1,0,1,1,5,Medium
REC_0692,A High Accuracy and Large-Scale Detection for Fixed-Wing UAV Autonomous Ground Landing With GNSS-Denied,B. Fang,2025,,10.1109/ACCESS.2025.3550127,1,1,1,1,0,0,1,1,6,High
REC_0693,Characterization and Testing of a High-Resolution Time-of-Flight Camera for Autonomous Navigation,R. Opromolla,2018,,10.1109/MetroAeroSpace.2018.8453522,1,1,0,1,1,0,1,1,6,High
REC_0694,UWB and IMU System Fusion for Indoor Navigation,W. Guosheng,2018,,10.23919/ChiCC.2018.8483323,1,1,1,1,0,0,1,1,6,High
REC_0695,Drift-Free Visual SLAM for Mobile Robot Localization by Integrating UWB Technology,H. -Y. Lin,2022,,10.1109/ACCESS.2022.3203438,1,1,1,0,1,0,1,1,6,High
REC_0696,Task-Driven SLAM Benchmarking for Dynamic Indoor Navigation in ROS2,J. Chow,2025,,10.1109/ORSS66051.2025.11121645,1,1,1,0,0,1,1,1,6,High
REC_0697,Development of an autonomous outdoor patrol robot in private road environment,J. Jin,2010,,10.1109/ICCAS.2010.5670198,1,0,0,0,0,0,1,1,3,Low
REC_0698,Kilometer Sign Positioning-Aided INS/Odometer Integration for Land Vehicle Autonomous Navigation,H. Hu,2023,,10.1109/JSEN.2023.3236063,1,1,1,0,0,0,1,1,5,Medium
REC_0699,"Design, Dynamics Modelling and Control of a H-Shape Multi-rotor System for Indoor Navigation",S. K. Phang,2019,,10.1109/UVS.2019.8658354,1,1,0,0,1,0,1,1,5,Medium
REC_0700,SLAM-TSM: Enhanced Indoor LiDAR SLAM With Total Station Measurements for Accurate Trajectory Estimation,D. Zhang,2025,,10.1109/TITS.2024.3504487,1,1,1,0,1,0,1,1,6,High
REC_0701,Vision-Based Autonomous Drone Navigation Using Deep Reinforcement Learning,N. Narole,2026,,10.1109/ESCI68015.2026.11493377,1,1,0,1,1,0,1,1,6,High
REC_0702,DRL-Based User Scheduling for Collaborative Localization in GNSS Denied Environment,D. Yuan,2025,,10.1109/iWRFAT65352.2025.11102892,1,1,1,0,0,1,1,1,6,High
REC_0703,Kite-Inspired Deadlock-Free Deploying for UAV Swarm-to-Swarm in GNSS-Denied Environment,Y. Li,2024,,10.1109/JIOT.2024.3449634,1,1,0,0,0,1,1,1,5,Medium
REC_0704,Cloud-Based Autonomous Indoor Navigation: A Case Study,U. Baroudi,2020,,10.1109/ICCIS49240.2020.9257633,1,0,0,0,0,0,1,1,3,Low
REC_0705,Recursive Extended Finite-Memory Positioning Algorithm for Robust UAV Positioning in GNSS-Denied Environment,S. S. Lee,2026,,10.1109/JIOT.2025.3629868,1,1,1,1,1,0,1,1,7,High
REC_0706,Towards Robust UAV Tracking in GNSS-Denied Environments: A Multi-LiDAR Multi-UAV Dataset,I. Catalano,2023,,10.1109/ROBIO58561.2023.10354788,1,1,0,1,0,0,1,1,5,Medium
REC_0707,Precision Positioning for Smart Logistics Using Ultra-Wideband Technology-Based Indoor Navigation: A Review,M. Elsanhoury,2022,,10.1109/ACCESS.2022.3169267,1,1,1,0,0,0,1,1,5,Medium
REC_0708,Target Circumnavigation of Mobile Robots in GPS-Denied Environments,J. Wang,2024,,10.1109/LRA.2024.3368295,1,1,0,0,0,0,1,1,4,Medium
REC_0709,Lidar-mmW Radar Fusion for Safer UGV Autonomous Navigation with Collision Avoidance,D. N. Robsrud,2023,,10.1109/ICCMA59762.2023.10375017,1,1,0,0,0,0,1,1,4,Medium
REC_0710,Data association approach to mobile robot localization using non-unique landmarks,D. Hong,2017,,10.23919/ICCAS.2017.8204370,1,1,0,0,0,0,1,1,4,Medium
REC_0711,A Local-observation-based Safe Autonomous Navigation Approach in an Unknown Environment,X. Li,2023,,10.1109/ICIEA58696.2023.10241824,1,1,0,0,0,0,1,1,4,Medium
REC_0712,Intelligent Indoor Navigation for Home Robots based on Large Language Models,Z. Chen,2025,,10.1109/CASE58245.2025.11163777,1,0,0,1,0,0,1,1,4,Medium
REC_0713,Autonomous UAV Pipeline Landing via Depth-LiDAR Fusion in GNSS-Denied Refineries,D. Tejero-Ruiz,2026,,10.1109/LRA.2026.3662655,1,1,0,0,0,0,1,1,4,Medium
REC_0714,Indoor navigation research with the Khepera III mobile robot: An experimental baseline with a case-study on ultra-wideband positioning,A. Prorok,2010,,10.1109/IPIN.2010.5647880,1,1,0,0,1,0,1,1,5,Medium
REC_0715,Aesthetic marker decoding system for indoor robot navigation,Z. V. Farkas,2014,,10.1109/IECON.2014.7048884,1,0,1,0,0,0,1,1,4,Medium
REC_0716,Cooperative Search Area optimization using Multiple Unmanned Aerial Vehicles in a GPS-denied Environment,S. Misra,2019,,10.1109/ICUAS.2019.8798332,1,1,0,0,0,0,1,1,4,Medium
REC_0717,An Indoor Navigation System for Autonomous Shopping Cart,A. -V. Nguyen-Lam,2025,,10.1109/ATiGB66719.2025.11142112,1,0,0,0,0,1,1,1,4,Medium
REC_0718,Autonomous Quadcopter with Cascaded Control and Vision Tracking for GPS-Denied Indoor Missions,D. Du,2025,,10.1109/EIT67313.2025.11231920,1,1,1,0,0,0,1,1,5,Medium
REC_0719,Autonomous landing of small unmanned aerial rotorcraft based on monocular vision in GPS-denied area,C. Miao,2015,,10.1109/JAS.2015.7032912,1,1,1,0,0,0,1,1,5,Medium
REC_0720,Relative navigation approach for vision-based aerial GPS-denied navigation,R. C. Leishman,2013,,10.1109/ICUAS.2013.6564707,1,1,0,0,1,1,1,1,6,High
REC_0721,Seamless Indoor and Outdoor Navigation for Ugvs Using Image-Based Localization,K. Phetmeesri,2025,,10.1109/KST65016.2025.11003312,1,1,0,1,0,0,1,1,5,Medium
REC_0722,A Probabilistic Hierarchical Optimization Method for Cooperative UAV Swarms,X. Chen,2025,,10.1109/ICUS66297.2025.11294808,1,0,1,0,0,0,1,1,4,Medium
REC_0723,Flight Test Evaluation of a LIDAR/inertial Navigator for Autonomous Drone Operations in GNSS-denied Urban Environments,A. -S. Polz,2025,,10.1109/PLANS61210.2025.11028504,1,1,1,1,1,0,1,1,7,High
REC_0724,BotanicGarden: A High-Quality Dataset for Robot Navigation in Unstructured Natural Environments,Y. Liu,2024,,10.1109/LRA.2024.3359548,1,1,0,1,1,0,1,1,6,High
REC_0725,INS/Wi-Fi based indoor navigation using adaptive Kalman filtering and vehicle constraints,W. Chai,2012,,10.1109/WPNC.2012.6268735,1,1,1,1,0,0,1,1,6,High
REC_0726,UWB SLAM with Rao-Blackwellized Monte Carlo data association,T. Deißler,2010,,10.1109/IPIN.2010.5647596,1,1,0,0,1,0,1,1,5,Medium
REC_0727,Closed-Loop Benchmarking of Stereo Visual-Inertial SLAM Systems: Understanding the Impact of Drift and Latency on Tracking Accuracy,Y. Zhao,2020,,10.1109/ICRA40945.2020.9197003,1,1,1,1,0,0,1,1,6,High
REC_0728,"Development of DeepSeek-Based Conversational Robot System for Indoor Navigation Assistance in FKTE1 Building, UniMAP",M. O. A. Aldini,2025,,10.1109/ICoMMS66553.2025.11200366,1,0,0,0,0,0,1,1,3,Low
REC_0729,Communication-Free Formation Flight Control for Autonomous Fixed-Wing UAVs in GNSS-denied environments,L. Mata,2024,,10.1109/ICUAS60882.2024.10557068,1,1,1,0,0,0,1,1,5,Medium
REC_0730,Spectrum Monitoring for Public Safety Application in UAV GPS-Denied Environments,C. H. Huang,2025,,10.1109/CACS67552.2025.11288218,1,1,0,0,1,0,1,1,5,Medium
REC_0731,Towards Autonomous Robotic Structure Inspection with Dense-Direct Visual-SLAM,D. Navarro,2024,,10.23919/EUSIPCO63174.2024.10715467,1,1,1,1,0,0,1,1,6,High
REC_0732,Network Optimization for Multistatic Ultrasonic Sensors Based Indoor Navigation System,R. Kapoor,2018,,10.1109/MetroAeroSpace.2018.8453593,1,1,1,0,1,0,1,1,6,High
REC_0733,Geomagnetic-Guided Underwater Navigation With Gradient Multiattention Neural Networks,S. Yang,2024,,10.1109/JSEN.2024.3478289,1,1,1,1,0,0,1,1,6,High
REC_0734,Perception-Based Accurate Autonomous Vehicle Following in GNSS-Denied Environments,A. Bienemann,2024,,10.1109/ITSC58415.2024.10920111,1,0,1,0,0,0,1,1,4,Medium
REC_0736,Vision-based pose estimation for indoor navigation of unmanned micro aerial vehicle based on the 3D model of environment,A. Buyval,2015,,10.1109/MEACS.2015.7414857,1,1,0,0,0,0,1,1,4,Medium
REC_0737,Look Further: Socially-Compliant Navigation System in Residential Buildings,A. Shiba,2025,,10.1109/HRI61500.2025.10973828,1,0,1,1,0,0,1,1,5,Medium
REC_0738,Navigation algorithm for mobile robots using WSN,O. M. Elfadil,2013,,10.1109/ICCEEE.2013.6634000,1,0,1,0,0,0,1,1,4,Medium
REC_0740,LiDAR-Based Autonomous Docking System for Uncooperative Vessels in GNSS-Denied Environments Using a Size-Adaptive Dubins Path,H. Kuang,2026,,10.1109/JOE.2025.3625371,1,1,1,0,1,0,1,1,6,High
REC_0741,"An Overview of Using External Beacons with UAV for Navigation, Localization, and Information Exchange",A. Phadke,2024,,10.1109/ICCR64365.2024.10927537,1,0,0,0,0,0,1,1,3,Low
REC_0742,CL2F: Close-Loop Communication and Localization Framework for High-Mobility UAV Swarm Networks in Partial GNSS-Denied Environments,J. Li,2025,,10.1109/AIoT66900.2025.00125,1,1,1,0,1,0,1,1,6,High
REC_0743,Quaternion-Based Unscented Kalman Filter for 6-DoF Vision-Based Inertial Navigation in GPS-Denied Regions,K. Ghanizadegan,2025,,10.1109/TIM.2024.3509582,1,1,1,1,1,0,1,1,7,High
REC_0744,Aerial Robots On the Way to Underground: An Experimental Evaluation of VINS-Mono on Visual-Inertial Odometry Camera,L. J. Chen,2019,,10.1109/ICDMW.2019.00024,1,1,1,0,1,1,1,1,7,High
REC_0745,Joint Indoor Localization and Navigation of UAVs for Network Formation Control,A. Guerra,2018,,10.1109/ACSSC.2018.8645291,1,1,1,1,0,0,1,1,6,High
REC_0746,A Seamless Indoor and Outdoor Low-cost Integrated Navigation System Based on LIDAR/GPS/INS,N. Li,2020,,10.1109/VTC2020-Fall49728.2020.9348869,1,1,1,0,0,0,1,1,5,Medium
REC_0747,Challenges of Autonomous Navigation and Perception Technology for Unmanned Special Vehicles in Underground Mine,X. Xu,2023,,10.1109/ISAS59543.2023.10164322,1,0,0,0,0,0,1,1,3,Low
REC_0748,Trajectory tracking and formation flight of autonomous UAVs in GPS-denied environments using onboard sensing,C. Hui,2014,,10.1109/CGNCC.2014.7007585,1,1,0,0,1,0,1,1,5,Medium
REC_0749,Document image analysis by a mobile robot for autonomous indoor navigation,D. M. Rojas Castro,2015,,10.1109/ICDAR.2015.7333743,1,0,0,0,0,0,1,1,3,Low
REC_0750,Vehicle-Road Cooperative Positioning Algorithm Based on Road Code in GNSS-Denied Environment,Y. Yang,2025,,10.1109/TITS.2025.3530690,1,0,1,0,0,0,1,1,4,Medium
REC_0751,i-TEAMS: Cooperative GNC for small UAV formations,A. R. Vetrella,2015,,10.1109/MetroAeroSpace.2015.7180704,1,1,0,0,1,0,1,1,5,Medium
REC_0752,Cooperative localisation of UAVs in a GPS-denied environment using bearing measurements,L. Zhang,2016,,10.1109/CDC.2016.7798924,1,0,0,0,0,0,1,1,3,Low
REC_0753,Formation Maintenance Method for Multi-UAV in Unknown Environments,P. Liu,2025,,10.1109/AIoTC66747.2025.11198761,1,1,1,0,1,0,1,1,6,High
REC_0754,Vision-Language Model Informed Relative Navigation for GPS-Denied Environments,A. Pasqualina,2026,,10.1109/AERO66936.2026.11520049,1,1,0,0,1,0,1,1,5,Medium
REC_0755,Integrated Navigation and Positioning based on UWB,H. Qian,2020,,10.1109/ICISCE50968.2020.00472,1,1,1,0,0,0,1,1,5,Medium
REC_0756,A Learning Based AHRS Method for Underwater Navigation,P. Cui,2024,,10.1109/USYS62456.2024.11116099,1,1,1,0,1,0,1,1,6,High
REC_0757,Exploiting Symmetries to Design EKFs With Consistency Properties for Navigation and SLAM,M. Brossard,2019,,10.1109/JSEN.2018.2882714,1,1,1,1,0,1,1,1,7,High
REC_0758,Intelligent Buoys for Aiding AUV Navigation Under the Ice,P. Norgren,2020,,10.1109/AUV50043.2020.9267889,1,1,1,0,0,1,1,1,6,High
REC_0759,IoT based 2D Indoor Navigation System using BLE Beacons and Dijkstra's Algorithm,K. Ramaneti,2021,,10.1109/ICCCNT51525.2021.9580047,1,0,0,0,1,0,1,1,4,Medium
REC_0760,Visual-based Autonomous Unmanned Aerial Vehicle for Inspection in Indoor Environments,R. B. Grando,2020,,10.1109/LARS/SBR/WRE51543.2020.9307024,1,1,0,0,1,0,1,1,5,Medium
REC_0761,Comparative analysis of zero order Sugeno and Mamdani fuzzy logic controllers for obstacle avoidance behavior in mobile robot navigation,U. Farooq,2011,,10.1109/CTIT.2011.6107945,1,0,0,1,1,0,1,1,5,Medium
REC_0762,Performance of the ICCP algorithm for underwater navigation,M. Li,2014,,10.1109/ICMC.2014.7231579,1,1,1,0,0,0,1,1,5,Medium
REC_0763,Concept of an Ultrasound-Based Collaborative Mobile Robot Localization System as a Tool in Engineering Education,A. G. Györök,2025,,10.1109/SISY67000.2025.11205389,1,0,0,0,0,0,1,1,3,Low
REC_0764,Wheeled Robot SLAM in Degenerate Environments under IoT and SDN: Multi-Sensor Fusion Based on Multi-Feature Loop Closure Optimization,M. Xue,2025,,10.1109/ICCCN65249.2025.11133904,1,1,0,0,1,0,1,1,5,Medium
REC_0765,Cooperative Terrain-Based GNSS-Denied Navigation With Particle Filter,Z. Uygar Yengin,2025,,10.1109/ACCESS.2025.3580462,1,1,1,1,1,0,1,1,7,High
REC_0766,GNSS-denied geolocalization of UAVs by visual matching of onboard camera images with orthophotos,J. Kinnari,2021,,10.1109/ICAR53236.2021.9659333,1,1,0,0,0,0,1,1,4,Medium
REC_0767,A Multipurpose Mobile Manipulator for Autonomous Firefighting and Construction of Outdoor Structures,M. Basiri,2021,,10.55417/fr.2021004,1,0,0,0,1,0,1,1,4,Medium
REC_0768,Design and Deployment of an Autonomous Unmanned Ground Vehicle for Urban Firefighting Scenarios,K. Jindal,2021,,10.55417/fr.2021007,1,1,0,0,1,0,1,1,5,Medium
REC_0769,Pose-Graph Based Multi-sensor Fusion for Indoor Mobile Robot Localization and Mapping,J. Y. Lee,2026,,10.1109/ICUFN69619.2026.11628675,1,1,1,0,0,0,1,1,5,Medium
REC_0770,Autonomous Obstacle Avoidance Vehicle Using LIDAR and an Embedded System,N. Baras,2019,,10.1109/MOCAST.2019.8742065,1,1,0,0,0,0,1,1,4,Medium
REC_0771,Ultrasonic local positioning system for mobile robot navigation: From low to high level processing,J. Ureña,2015,,10.1109/ICIT.2015.7125610,1,1,1,0,1,0,1,1,6,High
REC_0773,Analysis on 2D Mapping for Mobile Robotonthesharped Edge Area,M. H. Bin Peeie,2024,,10.1109/ICOM61675.2024.10652363,1,1,1,0,0,0,1,1,5,Medium
REC_0774,INHA: Localization of Mobile Robots Based on Feature Matching with a Single Camera,J. Lee,2013,,10.1109/SMC.2013.472,1,1,1,0,1,0,1,1,6,High
REC_0775,Improvements based on Adaptive Monte Carlo Localization,W. Huang,2024,,10.1109/ISPDS62779.2024.10667543,1,0,1,0,1,1,1,1,6,High
REC_0776,WBF-PS: WiGig Beam Fingerprinting for UAV Positioning System in GPS-denied Environments,P. -Y. Hong,2020,,10.1109/INFOCOM41043.2020.9155468,1,1,1,0,0,0,1,1,5,Medium
REC_0777,JONA-SLAM: Tightly Coupled SLAM With Joint Observation and Normal-Aware Loop Closure,Q. Jian,2026,,10.1109/JSEN.2026.3669355,1,1,1,1,1,1,1,1,8,High
REC_0778,LiDAR-Visual-Inertial Fusion Architectures for GNSS-Resilient Aerial Navigation: Performance Assessment,L. Turci,2025,,10.1109/DASC66011.2025.11257343,1,1,1,0,1,1,1,1,7,High
REC_0779,"AerialVL: A Dataset, Baseline and Algorithm Framework for Aerial-Based Visual Localization With Reference Map",M. He,2024,,10.1109/LRA.2024.3441491,1,0,1,1,1,1,1,1,7,High
REC_0780,Autonomous Multi-Robot Exploration with Ground Vehicles in DARPA Subterranean Challenge Finals,J. Bayer,2023,,10.55417/fr.2023008,1,0,1,0,1,0,1,1,5,Medium
REC_0781,Robust Urban Canyon Localization for Autonomous Vehicles via IMM-Based Adaptive Fusion of GNSS/INS and VIO,J. Lee,2026,,10.1109/ACCESS.2026.3677244,1,0,1,1,0,1,1,1,6,High
REC_0782,IMU/Vision/Lidar integrated navigation system in GNSS denied environments,S. Yun,2013,,10.1109/AERO.2013.6497403,1,1,1,0,1,0,1,1,6,High
REC_0783,Research on An Autonomous Tunnel Inspection UAV based on Visual Feature Extraction and Multi-sensor Fusion Indoor Navigation System,S. Ge,2021,,10.1109/CCDC52312.2021.9602626,1,1,0,0,1,0,1,1,5,Medium
REC_0784,ESP32-Driven Real-Time Indoor Localization Using Wi-Fi RSSI and a Simple Path Loss Model,R. Waddar,2025,,10.1109/ETCC65847.2025.11108539,1,0,1,0,1,0,1,1,5,Medium
REC_0785,Ultra-Wideband Localization Modules for Autonomous Lawn Mowers: A Cost-Effective Feasibility Study,S. Sharma,2025,,10.1109/ICCICA67008.2025.11337516,1,1,1,1,1,0,1,1,7,High
REC_0786,Experimental demonstration of self-localized Ultra Wideband indoor mobile robot navigation system,M. Segura,2010,,10.1109/IPIN.2010.5647457,1,1,1,0,0,1,1,1,6,High
REC_0787,A Novel Consistent-Robust SINS/GNSS/NHC Integrated Navigation Method for Autonomous Vehicles Under Intermittent GNSS Outage,S. Du,2024,,10.1109/TIV.2024.3406756,1,1,1,1,0,1,1,1,7,High
REC_0788,RTK-LIO: Tightly Coupled RTK/LiDAR/Inertial Navigation System Based on Optimization Approach,R. Wang,2025,,10.1109/JSEN.2025.3574472,1,1,1,0,0,0,1,1,5,Medium
REC_0789,An interactive virtual mobile assistance for indoor navigation using wireless Beacon technology,U. A. A. Niroshika,2020,,10.1109/IICAIET49801.2020.9257870,1,0,1,0,0,0,1,1,4,Medium
REC_0790,Ultra-wideband Received Signal Strength Analysis for UAV Indoor NLOS Navigation,C. Vidan,2023,,10.1109/PQEMC-LF58184.2023.10211601,1,1,0,0,0,0,1,1,4,Medium
REC_0791,Smart Blind Stick: A Destination Guidelines System for Indoor Navigation,A. Y. Al-Dawod,2025,,10.1109/RFM67034.2025.11284397,1,1,0,0,0,0,1,1,4,Medium
REC_0792,Large-Scale Autonomous Flight With Real-Time Semantic SLAM Under Dense Forest Canopy,X. Liu,2022,,10.1109/LRA.2022.3154047,1,1,1,0,1,1,1,1,7,High
REC_0793,RFID positioning robot: An indoor navigation system,B. Olszewski,2013,,10.1109/EIT.2013.6632687,1,0,1,0,0,0,1,1,4,Medium
REC_0794,Improving Visual Inertial Odometry with UWB Positioning for UAV Indoor Navigation,J. -R. Zhan,2022,,10.1109/ICPR56361.2022.9956500,1,1,1,0,1,0,1,1,6,High
REC_0795,Real-Time Localization of Mobile Robots in Indoor Environments Using a Ceiling Camera Structure,R. C. A. Nascimento,2013,,10.1109/LARS.2013.58,1,1,1,0,0,0,1,1,5,Medium
REC_0796,PCL-Based Autonomous Wheelchair Navigation in Unmapped Indoor Environments,V. Contractor,2018,,10.1109/UEMCON.2018.8796660,1,1,0,0,0,0,1,1,4,Medium
REC_0797,Voxel-Based Localization and Mapping for Multirobot System in GPS-Denied Environments,H. Shen,2022,,10.1109/TIE.2022.3153822,1,1,0,0,1,0,1,1,5,Medium
REC_0798,Indoor navigation for mobile robots using predictive fields,N. Pradhan,2013,,10.1109/ACC.2013.6580330,1,0,0,0,0,0,1,1,3,Low
REC_0799,Vision-Based Localization and Autonomous Homing for UAVs,A. Perumalla,2024,,10.1109/DASC62030.2024.10749484,1,1,0,0,1,0,1,1,5,Medium
REC_0800,Factor Graph-Based Collaborative Localization And Incremental UWB Network Deployment In Indoor Environments For Emergency Task Forces,E. Buchmayer,2025,,10.1109/PLANS61210.2025.11028304,1,1,1,0,0,0,1,1,5,Medium
REC_0801,A Jamming Aware Artificial Potential Field Method to Counter GPS Jamming for Unmanned Surface Ship Path Planning,J. Wang,2023,,10.1109/JSYST.2023.3237613,1,1,1,0,0,1,1,1,6,High
REC_0802,Research on UAV Navigation Based on the Kalman Filter and Geomagnetic Matching Algorithm,S. Li,2025,,10.1109/ECIE65947.2025.11086975,1,1,1,1,1,1,1,1,8,High
REC_0803,Proximal Policy Optimization Based Autonomous Navigation in Dynamic Environment Using LiDAR-Camera Fusion Technique,Seher,2025,,10.1109/DLCV65218.2025.11088840,1,1,1,0,0,0,1,1,5,Medium
REC_0804,Bio-Inspired Approach for Long-Range Underwater Navigation Using Model Predictive Control,Y. Zhang,2021,,10.1109/TCYB.2019.2933397,1,1,1,1,0,0,1,1,6,High
REC_0805,Semantic-Enhanced Path Planning for Safety-Centric Indoor Robots Navigation,K. Omer,2024,,10.1109/ICARA60736.2024.10553077,1,0,1,0,0,0,1,1,4,Medium
REC_0806,Extended Dijkstra Algorithm in Path Planning for Vision Based Patrol Robot,C. K. Teh,2021,,10.1109/ICCCE50029.2021.9467157,1,1,1,0,0,0,1,1,5,Medium
REC_0807,Wind-Compensated Navigation for Fixed-Wing UAVs Under GNSS Denial,J. Li,2025,,10.1109/CAC67268.2025.11487099,1,1,1,0,1,1,1,1,7,High
REC_0808,Robot for Sanitizing Hospitals with Patient Assistive Technology,Raahena.S,2026,,10.1109/ICPCSN68523.2026.11543649,1,1,0,0,1,0,1,1,5,Medium
REC_0809,Toward C-V2X Enabled Connected Transportation System: RSU-Based Cooperative Localization Framework for Autonomous Vehicles,Z. Huang,2024,,10.1109/TITS.2024.3410185,1,1,1,1,0,0,1,1,6,High
REC_0810,Depth-based Deep Learning for Manhole Detection in UAV Navigation,R. E. Andersen,2022,,10.1109/IST55454.2022.9827720,1,0,1,0,0,0,1,1,4,Medium
REC_0811,An Indoor Navigation Control Strategy for a Brain-Actuated Mobile Robot,Y. Liu,2018,,10.1109/ICARM.2018.8610705,1,1,0,0,0,0,1,1,4,Medium
REC_0812,Asymmetric Cooperative Localization for UAV Inspection Inside Wind Turbine Towers Based on 3D Semantic Segmentation,Z. Wang,2026,,10.1109/ICEAAI68945.2026.11442581,1,0,1,0,1,0,1,1,5,Medium
REC_0813,Autonomous Scene Matching Navigation Based on Range Optimization of Reference Image by Interframe Matching,Y. Hu,2022,,10.1109/PRAI55851.2022.9904193,1,0,1,0,1,0,1,1,5,Medium
REC_0814,Monocular Vision Aided Autonomous UAV Navigation in Indoor Corridor Environments,R. P. Padhy,2019,,10.1109/TSUSC.2018.2810952,1,1,0,0,0,0,1,1,4,Medium
REC_0815,Development and Testing of an Optical Flow-Based Navigation System for Unmanned Vehicles,G. E. Veselov,2024,,10.1109/PIERE62470.2024.10804871,1,1,1,0,0,0,1,1,5,Medium
REC_0816,Feature 3D Gaussian Splatting for UAV-to-Ship Pose Estimation in GNSS-Denied Environments,A. Bernas,2026,,10.1109/ICUAS69441.2026.11598627,1,1,1,0,1,1,1,1,7,High
REC_0817,A Simple and Parallel Algorithm for Real-Time Robot Localization by Fusing Monocular Vision and Odometry/AHRS Sensors,K. Wang,2014,,10.1109/TMECH.2014.2298247,1,1,1,1,0,0,1,1,6,High
REC_0818,Autonomous altitude measurement and landing area detection for indoor UAV applications,B. Kakillioglu,2016,,10.1109/AVSS.2016.7738069,1,0,0,0,0,0,1,1,3,Low
REC_0819,Real-Time State Estimation and Security in Autonomous Vehicles Using Particle Filters,M. Ghliss,2024,,10.1109/IMC-SSGP63352.2024.10919655,1,1,1,0,0,0,1,1,5,Medium
REC_0820,Indoor UAV Integrated Navigation Technology Based on UWB and IMU,Z. Zuo,2022,,10.1109/CAC57257.2022.10055191,1,1,1,1,0,0,1,1,6,High
REC_0821,RoboGuide: LQG-Based Autonomous Navigation for Four-Wheel Mecanum Campus Robot,A. P. Jaramillo-Ortega,2025,,10.1109/CCAC64704.2025.11259163,1,1,0,1,1,0,1,1,6,High
REC_0822,Advanced Autonomous Navigation Technologies for UAVs: Challenges and Opportunities,I. Senhaji-Mouhaddib,2024,,10.1109/IRASET60544.2024.10548645,1,1,0,0,0,0,1,1,4,Medium
REC_0823,Introducing a novel vision based obstacle avoidance technique for navigation of autonomous mobile robots,M. Sharifi,2015,,10.1109/ICIEA.2015.7334223,1,1,0,0,0,1,1,1,5,Medium
REC_0824,A Homography-Based Visual Servo Control Approach for an Underactuated Unmanned Aerial Vehicle in GPS-Denied Environments,H. Zhong,2023,,10.1109/TIV.2022.3163315,1,1,1,0,1,0,1,1,6,High
REC_0825,Laser-based cooperative tracking of vehicles and people by multiple mobile robots in GNSS-denied environments,S. Kanaki,2017,,10.1109/AIM.2017.8014186,1,0,0,0,1,0,1,1,4,Medium
REC_0827,Economical UWB/IMU/VO Fusion for Mobile Robot Localization and Mapping in Poultry House,J. Y. Ke,2023,,10.1109/CACS60074.2023.10326169,1,1,1,0,1,0,1,1,6,High
REC_0828,Physical Foundation of Hybrid Navigation System For Tethered High-Altitude Unmanned Platforms,V. M. Vishnevsky,2022,,10.1109/ICCT56057.2022.9976848,1,1,0,0,0,0,1,1,4,Medium
REC_0829,A VIO-Based Localization Approach in GPS-denied Environments for an Unmanned Surface Vehicle,X. Liu,2023,,10.1109/ICARM58088.2023.10218814,1,1,1,1,1,0,1,1,7,High
REC_0830,Evaluation of a Vision based UAV Indoor Inspection for a Well-structured Heavy Industry Environment,T. -C. Hung,2024,,10.1109/ICCE-Taiwan62264.2024.10674055,1,1,0,0,0,0,1,1,4,Medium
REC_0831,Robust Lidar-Based Localization Scheme for Unmanned Ground Vehicle via Multisensor Fusion,Y. Wu,2021,,10.1109/TNNLS.2020.3027983,1,1,0,0,0,0,1,1,4,Medium
REC_0832,Research of underwater navigation on a ROV with structure detection and decontamination,Q. Zeng,2015,,10.1109/CCDC.2015.7162358,1,1,1,0,1,0,1,1,6,High
REC_0833,Interferometric Enabled Particle Filter for Underwater Navigation,J. Wilbur,2022,,10.1109/OCEANS47191.2022.9977181,1,1,1,0,1,0,1,1,6,High
REC_0834,Leveraging Large Language Models for Modular Robot Navigation,A. Zhang,2025,,10.1109/RAIIE65740.2025.11140161,1,1,0,0,1,0,1,1,5,Medium
REC_0835,Integrating RTAB-Map SLAM and Lightweight YOLOv5 Nano for Indoor Asset Detection with Drone-Based Mapping,A. J. A. Sharkh,2025,,10.1109/ASET66891.2025.11428113,1,1,0,0,1,0,1,1,5,Medium
REC_0836,Sensor-Deployment Strategies for Indoor Robot Navigation,C. -H. Lin,2010,,10.1109/TSMCA.2009.2033373,1,1,1,0,0,0,1,1,5,Medium
REC_0837,Ultrasonic-sensor deployment strategies and use of smartphone sensors for mobile robot navigation in indoor environment,J. Lim,2014,,10.1109/EIT.2014.6871831,1,1,1,1,0,0,1,1,6,High
REC_0838,Real-time plane segmentation in a ROS-based navigation system for the visually impaired,Ke Jin,2016,,10.1109/UPINLBS.2016.7809966,1,0,1,1,1,0,1,1,6,High
REC_0839,Self and Target Locating With Cooperation of Heterogeneous Unmanned Vehicles in the Denial Environment,M. Amjad,2025,,10.1109/ACCESS.2025.3558873,1,1,0,0,0,0,1,1,4,Medium
REC_0840,GPS-Denied Drone Navigation via Cross-Domain Keypoint Matching,J. -W. Hsieh,2026,,10.1109/ICIP61757.2026.11630202,1,0,1,1,1,0,1,1,6,High
REC_0841,Integrated navigation system using camera and gimbaled laser scanner for indoor and outdoor autonomous flight of UAVs,S. Huh,2013,,10.1109/IROS.2013.6696805,1,1,0,0,0,0,1,1,4,Medium
REC_0842,In-Motion Rapid and Robust Heading Alignment of Low-Cost Inertial Measurement Units Using Position Loci for Indoor Navigation,Q. He,2024,,10.1109/JSEN.2024.3393912,1,1,1,1,0,0,1,1,6,High
REC_0843,A Robust Passive Target Localization for Substation Inspection of UAV in a GPS-denied Environment,U. -S. Suh,2021,,10.1109/ICIT46573.2021.9453470,1,1,0,0,0,0,1,1,4,Medium
REC_0844,SUG-UAV Multirotor Dataset with Multi-sensor Integration in Indoor and Urban Areas,N. Xiao,2024,,10.1109/IPIN62893.2024.10786109,1,0,1,0,0,0,1,1,4,Medium
REC_0845,A Three-Point Calibration Method for DVL Errors in Underwater Navigation,P. Liu,2026,,10.1109/JSEN.2025.3629669,1,1,1,1,0,1,1,1,7,High
REC_0846,GNSS Jamming and Spoofing Threats in UAV Navigation: Countermeasure Status and Challenges,Y. Zeng,2026,,10.1109/COMST.2026.3680438,1,0,0,1,0,0,1,1,4,Medium
REC_0847,A Study of Reinforcement Learning for Indoor Path Planning with Dynamic Obstacles,Z. Yuan,2025,,10.1109/IWSA67946.2025.11405612,1,1,0,0,0,0,1,1,4,Medium
REC_0848,"Perception, Guidance, and Navigation for Indoor Autonomous Drone Racing Using Deep Learning",S. Jung,2018,,10.1109/LRA.2018.2808368,1,1,0,0,1,0,1,1,5,Medium
REC_0849,Indoor localization of mobile robot with visible light communication,H. Sharifi,2016,,10.1109/MESA.2016.7587166,1,1,0,0,0,0,1,1,4,Medium
REC_0850,UAV-Enabled 3D Indoor Positioning and Navigation Based on VLC,G. Niu,2021,,10.1109/ICC42927.2021.9500633,1,1,0,0,0,0,1,1,4,Medium
REC_0851,Combining line segments and points for appearance-based indoor navigation by image based visual servoing,S. R. Bista,2017,,10.1109/IROS.2017.8206131,1,1,0,0,0,0,1,1,4,Medium
REC_0852,Combined RGBD-inertial based state estimation for MAV in GPS-denied indoor environments,D. Li,2013,,10.1109/ASCC.2013.6606361,1,0,0,0,1,1,1,1,5,Medium
REC_0853,Research on path planning of family nursing robot based on robot operating system,W. Zheng,2016,,10.1109/ICARM.2016.7606893,1,0,0,0,0,0,1,1,3,Low
REC_0854,Research on laser-assisted odometry of indoor UAV with monocular vision,X. Deng,2013,,10.1109/CYBER.2013.6705439,1,1,1,0,0,0,1,1,5,Medium
REC_0855,Improving Walking Path Generation Through Biped Constraint in Indoor Navigation System for Visually Impaired Individuals,Q. Na,2024,,10.1109/TNSRE.2024.3375944,1,0,0,0,0,0,1,1,3,Low
REC_0856,A dual-rate multi-filter algorithm for LiDAR-aided indoor navigation systems,S. Liu,2014,,10.1109/PLANS.2014.6851467,1,1,1,0,1,0,1,1,6,High
REC_0857,SwarmRaft: Leveraging Consensus for Robust Drone Swarm Coordination in GNSS-Degraded Environments,K. Dev,2026,,10.1109/JIOT.2025.3645453,1,1,0,0,1,0,1,1,5,Medium
REC_0858,Navigation of UAV without GPS,Aasish C,2015,,10.1109/RACE.2015.7097260,1,1,0,1,1,0,1,1,6,High
REC_0859,A Multimode Visual-Inertial Navigation Method for Fixed-wing Aircraft Approach and Landing in GPS-denied and Low Visibility Environments,X. Song,2019,,10.1109/DASC43569.2019.9081785,1,1,1,0,1,1,1,1,7,High
REC_0860,$\rho$LiRLo: LiDAR-Based Relative Localization with Retro-Reflective Marker,J. Domislovic,2025,,10.1109/ICUAS65942.2025.11007861,1,1,1,0,0,0,1,1,5,Medium
REC_0861,"The MagPIE2 Dataset for Mapping, Localization, and Simultaneous Localization and Mapping Using Magnetic Fields",D. Hanley,2026,,10.1109/TIM.2026.3662919,1,1,1,0,0,1,1,1,6,High
REC_0862,An Integrated Visual Odometry System With Stereo Camera for Unmanned Underwater Vehicles,Z. Xu,2022,,10.1109/ACCESS.2022.3187032,1,1,1,0,0,0,1,1,5,Medium
REC_0863,Loosely Coupled UWB/Stereo Camera Integration for Mobile Robots Indoor Navigation,O. V. Glukhov,2023,,10.1109/REEPE57272.2023.10086807,1,1,1,0,0,1,1,1,6,High
REC_0864,Generation of Augmented Bathymetry to Aid Development of Terrain-Aided Autonomous Underwater Vehicle Localization and Navigation Approaches,F. Heubach,2021,,10.23919/OCEANS44145.2021.9705861,1,1,0,1,1,0,1,1,6,High
REC_0865,OPEN: Lightweight Map-Based Semantic Navigation for GPS-Free Last-Mile Delivery,J. Wang,2025,,10.1109/TASE.2025.3605356,1,1,1,1,1,0,1,1,7,High
REC_0866,Autonomous Aerial Robots for Search and Rescue Missions,K. Sangeeta,2023,,10.1109/UPCON59197.2023.10434325,1,1,0,0,1,1,1,1,6,High
REC_0867,A high-precision millimeter-wave navigation system for indoor and urban environment autonomous vehicles,A. Tang,2013,,10.1109/MWSYM.2013.6697326,1,1,1,0,0,0,1,1,5,Medium
REC_0868,Altitude Prediction Method Using CNN-LSTM for GNSS/INS/Barometer Integrated Navigation During GNSS Outages,B. Liu,2025,,10.1109/VTC2025-Spring65109.2025.11174829,1,1,1,1,0,0,1,1,6,High
REC_0869,Towards Deep Learning Assisted Autonomous UAVs for Manipulation Tasks in GPS-Denied Environments,A. Kumar,2020,,10.1109/IROS45743.2020.9341802,1,0,0,1,0,0,1,1,4,Medium
REC_0870,"Recent Trends, Techniques, and Applications of AI Based Autonomous Drones",H. M. Raghuwanshi,2026,,10.1109/ICEI65890.2026.11447876,1,1,1,0,1,0,1,1,6,High
REC_0871,Research on Statistical Similarity Measure-based Outlier-Robust Fusion Method for Underwater Navigation,H. Huang,2025,,10.1109/YAC66630.2025.11150138,1,1,1,1,0,0,1,1,6,High
REC_0872,Integrated navigation system with monocular vision and LIDAR for indoor UAVs,W. Zheng,2017,,10.1109/ICIEA.2017.8282971,1,1,0,1,0,0,1,1,5,Medium
REC_0873,High-speed vision-based autonomous indoor navigation of a quadcopter,A. Garcia,2015,,10.1109/ICUAS.2015.7152308,1,1,0,0,1,0,1,1,5,Medium
REC_0874,Real-time monocular visual self-localization approach using natural circular landmarks for indoor navigation,Y. Sun,2012,,10.1109/ROBIO.2012.6491015,1,1,1,0,1,0,1,1,6,High
REC_0876,Autonomous Quadrotor Navigation Using LiDAR SLAM and Adaptive Tree-Based Path Planning in Simulation,A. Sharma,2024,,10.1109/ICDS62089.2024.10756422,1,1,0,0,1,1,1,1,6,High
REC_0877,Autonomous wheelchair navigation in unmapped indoor environments,H. S. Grewal,2018,,10.1109/I2MTC.2018.8409854,1,1,1,0,0,1,1,1,6,High
REC_0878,LiDAR-GNSS Fusion to Initiate Localization at Intermediate Points on a 3D Point Cloud Map,A. Thakur,2024,,10.1109/VTC2024-Fall63153.2024.10757568,1,1,0,0,0,0,1,1,4,Medium
REC_0879,Development of Omni-Wheeled Mobile Robot Based-on Inverse Kinematics and Odometry,A. Sofwan,2019,,10.1109/ICITACEE.2019.8904418,1,1,1,0,0,0,1,1,5,Medium
REC_0880,A Precision Loop Closure Detection Technique for AUV Bathymetric SLAM in the Absence of a DVL,Y. Gong,2025,,10.1109/TIM.2025.3547113,1,1,1,1,0,0,1,1,6,High
REC_0881,PolROV (Polman Education Platform of Underwater Robot) Monitoring Navigation Design Using PID Controller Method,H. Khoirunnisa,2024,,10.1109/ICOCO62848.2024.10928203,1,1,1,0,0,0,1,1,5,Medium
REC_0882,The Cost-Effective Frontier: Optimal IMU Selection for UAV Navigation via Q-R-IMU Triad Coupling Analysis,X. Ma,2025,,10.1109/ICUS66297.2025.11295402,1,1,1,0,1,0,1,1,6,High
REC_0883,Semi-Autonomous Teleoperated Robot for Enhanced Human-Machine Interaction,G. B. Menti,2025,,10.1109/ICMSCI62561.2025.10894321,1,0,0,0,1,0,1,1,4,Medium
REC_0884,Polarimetric Study of MMW Imaging Radars for Indoor Navigation and Mapping,M. Moallem,2014,,10.1109/TAP.2013.2289354,1,1,1,0,0,0,1,1,5,Medium
REC_0885,A MAV Platform for Indoors and Outdoors Autonomous Navigation in GPS-denied Environments,J. A. Reyes-Munoz,2021,,10.1109/CASE49439.2021.9551409,1,0,0,0,1,0,1,1,4,Medium
REC_0886,FTM-Broadcast: Efficient Network-wide Ranging,Y. Busnel,2023,,10.1109/IPIN57070.2023.10332504,1,1,0,1,1,0,1,1,6,High
REC_0887,Hybrid control architecture for mobile robots navigation in partially known environments,M. Hank,2014,,10.5220/0005067305130521,1,1,0,0,1,0,1,1,5,Medium
REC_0888,Optical Flow as a navigation means for UAV,A. Miller,2018,,10.1109/ANZCC.2018.8606563,1,1,1,0,0,0,1,1,5,Medium
REC_0889,GoIn - An Accurate 3D InDoor Navigation Framework for Mobile Devices,V. Landa,2018,,10.1109/IPIN.2018.8533810,1,1,1,0,0,0,1,1,5,Medium
REC_0890,Object recognition to support indoor robot navigation,M. Takács,2015,,10.1109/CINTI.2015.7382930,1,0,1,0,0,0,1,1,4,Medium
REC_0891,SLAM based adaptive navigation of AUVs for oil spill cleaning,J. Song,2014,,10.1109/OCEANS.2014.7003028,1,1,0,0,0,0,1,1,4,Medium
REC_0892,WSS-Free Localization Framework Using Dual-GNSS and Motor RPM for Autonomous Ground Vehicles,K. R. Kumar,2026,,10.1109/ICCAR69571.2026.11549754,1,0,1,1,1,0,1,1,6,High
REC_0893,"An Autonomous Irrigation Robot Based on ROS2, YOLOv8 and Distributed ESP32 WMN Architecture",Y. Fang,2024,,10.1109/SmartIoT62235.2024.00065,1,1,0,0,0,0,1,1,4,Medium
REC_0894,Real-Time Uncertainty-Aware Motion Planning for Magnetic-Based Navigation,A. Penumarti,2026,,10.1109/ACCESS.2026.3661848,1,1,1,1,1,0,1,1,7,High
REC_0895,Collision-Free Navigation in Human-Following Task Using a Cognitive Robotic System on Differential Drive Vehicles,C. V. Dang,2023,,10.1109/TCDS.2022.3145915,1,1,0,0,1,0,1,1,5,Medium
REC_0896,Robust autonomous flight and mission management for MAVs in GPS-denied environments,Y. Bi,2017,,10.1109/ASCC.2017.8287144,1,1,0,0,1,0,1,1,5,Medium
REC_0897,"New localization strategy for mobile robot transportation in life science automation using StarGazer sensor, time series modeling and Kalman filter processing",H. Liu,2015,,10.1109/ROBIO.2015.7418761,1,0,1,0,0,0,1,1,4,Medium
REC_0898,IMU/Camera/GNSS/UWB Integrated Localization Method Based on Factor Graph Optimization,R. Yang,2025,,10.1109/CCDC65474.2025.11091141,1,1,1,0,1,0,1,1,6,High
REC_0899,Applying and Exploring Supervised Contrastive Regression for Vision-Based Steering Prediction,Y. Chang,2023,,10.1109/ICAC57885.2023.10275153,1,1,0,1,0,0,1,1,5,Medium
REC_0900,Geomagnetic Gradient-Assisted Evolutionary Algorithm for Long-Range Underwater Navigation,J. Zhang,2021,,10.1109/TIM.2020.3034966,1,1,1,0,0,0,1,1,5,Medium
REC_0901,Deep Neural Network Based Inertial Odometry Using Low-Cost Inertial Measurement Units,C. Chen,2021,,10.1109/TMC.2019.2960780,1,1,1,0,1,0,1,1,6,High
REC_0902,Coastal SLAM With Marine Radar for USV Operation in GPS-Restricted Situations,J. Han,2019,,10.1109/JOE.2018.2883887,1,1,1,0,0,0,1,1,5,Medium
REC_0903,Appearance-Based Indoor Navigation by IBVS Using Line Segments,S. R. Bista,2016,,10.1109/LRA.2016.2521907,1,1,0,0,0,0,1,1,4,Medium
REC_0904,Direct Georeferencing 3D Points Cloud Map Based on SLAM and Robot Operating System,F. Hariz,2021,,10.1109/ROSE52750.2021.9611774,1,1,1,0,1,0,1,1,6,High
REC_0905,Cooperative Localization in Unknown Environment towards Multi-Robot Systems,X. Yang,2024,,10.23919/CCC63176.2024.10661940,1,1,1,0,0,0,1,1,5,Medium
REC_0906,Implementation of DV-Hop Algorithm For Mobile Robot Navigation,A. Malhotra,2019,,10.1109/I2CT45611.2019.9033566,1,1,1,0,0,0,1,1,5,Medium
REC_0907,Multi-Modal Fusion for End-to-End Underwater Navigation System,Y. Hao,2025,,10.1109/YAC66630.2025.11150189,1,1,1,1,0,0,1,1,6,High
REC_0908,Path planning in GPS-denied environments: A collective intelligence approach,P. Chattopadhyay,2015,,10.1109/ACC.2015.7171806,1,0,0,0,0,0,1,1,3,Low
REC_0909,Deep Network Uncertainty Maps for Indoor Navigation,F. Verdoja,2019,,10.1109/Humanoids43949.2019.9035016,1,0,0,0,0,0,1,1,3,Low
REC_0910,A Mobile Robot with the Functions of Visual Navigation and Digital Identification,Z. Chen,2022,,10.1109/ICMA54519.2022.9856306,1,1,0,1,1,0,1,1,6,High
REC_0911,Step-Detection-Controlled Robot Dog Guide for Visually Impaired Pedestrians,A. Hamadi,2024,,10.1109/ICAECOT62402.2024.10828936,1,0,1,0,0,0,1,1,4,Medium
REC_0912,A Color Mask and Trained Image Set for the Creation of New Technique for Indoor Robotic Navigation,K. Warnakulasooriya,2018,,10.1109/ICITR.2018.8736147,1,0,0,0,0,0,1,1,3,Low
REC_0913,The development and research of the indoor navigation system for a mobile robot with the possibility of obstacle detection,A. Tyukin,2014,,10.1109/FRUCT.2014.7000939,1,1,0,0,0,0,1,1,4,Medium
REC_0914,GUI-Controlled Autonomous Wheelchair Navigation with Robust Sensor Fusion and Recovery,D. C. Manjooran,2025,,10.1109/ICRM66809.2025.11349065,1,1,1,0,0,0,1,1,5,Medium
REC_0915,Management of Subdivided Dynamic Indoor Environments by Autonomous Scanning System,J. Lee,2018,,10.1109/AIKE.2018.00051,1,1,0,0,0,0,1,1,4,Medium
REC_0916,Electromagnetic orientation using MIMO channel sounding in a GPS-denied environment,P. DeFranco,2013,,10.1109/USNC-URSI.2013.6715488,1,1,1,1,1,1,1,1,8,High
REC_0917,Robot Navigation: Contrastive Learning of DistilBERT-Based Semantic Embeddings for Scene Understanding,I. Asante,2025,,10.1109/ISIEA65768.2025.11138344,1,1,0,0,1,1,1,1,6,High
REC_0918,Underwater Dredging Robot Navigation in Structured Environments Based on Imaging Sonar Features,X. Tian,2024,,10.1109/CYBER63482.2024.10749201,1,1,0,0,0,0,1,1,4,Medium
REC_0919,A flexible and scalable SLAM system with full 3D motion estimation,S. Kohlbrecher,2011,,10.1109/SSRR.2011.6106777,1,1,0,0,0,0,1,1,4,Medium
REC_0920,Aided Navigation Techniques for Indoor and Outdoor Unmanned Vehicles,G. Tuna,2012,,10.1109/NTMS.2012.6208744,1,1,0,0,0,0,1,1,4,Medium
REC_0921,Improved Multi-Sensor Fusion by Federated Invariant Kalman Filtering for Underwater Vehicle State Estimation,A. Azmi,2025,,10.1109/ICECIE66637.2025.11363791,1,1,1,1,0,1,1,1,7,High
REC_0922,Mapping GPS-denied aquatic environments,R. Codd-Downey,2016,,10.1109/ICInfA.2016.7831875,1,1,0,1,1,0,1,1,6,High
REC_0923,Development of Low Cost Inventory Management System using UAV,B. D. Majumder,2024,,10.1109/DABCon63472.2024.10919278,1,0,1,0,1,0,1,1,5,Medium
REC_0924,Advancing Autonomy: A Thematic Synthesis of Active SLAM Research in Robotic Exploration and Mapping,Z. Dai,2025,,10.1109/AIAC68175.2025.11332516,1,1,0,0,1,0,1,1,5,Medium
REC_0925,Techniques for Constructing Indoor Navigation Systems for the Visually Impaired: A Review,R. N. Kandalan,2020,,10.1109/THMS.2020.3016051,1,0,0,1,0,0,1,1,4,Medium
REC_0926,The Cloudlet MEC Enabling ISAR Based Indoor Localization and Navigation System Using Passive UHF RFID,S. Zhao,2021,,10.1109/IAECST54258.2021.9695729,1,1,1,0,0,0,1,1,5,Medium
REC_0927,Drone Agents: learning to fly to learn how to see,D. D. Pietra,2025,,10.1109/AVSS65446.2025.11149899,1,1,1,0,1,0,1,1,6,High
REC_0928,A Method for Enhanced Depth Detection in Underwater Navigation: Implementation and Comparative Study,S. M. Annapurna,2025,,10.1109/SYMPOL68153.2025.11395649,1,1,1,0,1,0,1,1,6,High
REC_0929,Semi-Aerodynamic-Model-Aided Filtering Algorithm for Fixed-Wing Unmanned Aerial Vehicles,X. Ye,2025,,10.1109/CoMEA66280.2025.11241926,1,0,1,0,1,0,1,1,5,Medium
REC_0930,Feature-Based Bathymetric Matching of Autonomous Underwater Vehicle Transects using Robust Gaussian Processes,Ø. Sture,2023,,10.55417/fr.2023017,1,1,1,1,0,0,1,1,6,High
REC_0931,Pedestrian Navigation Using Waist-Mounted IMU and RTK,J. Huang,2025,,10.1109/JSEN.2024.3515106,1,1,1,0,1,0,1,1,6,High
REC_0932,Development of a Plug-and-Play Infrared Landing System for Multirotor Unmanned Aerial Vehicles,E. Nowak,2017,,10.1109/CRV.2017.23,1,1,0,0,0,0,1,1,4,Medium
REC_0933,PLUS-CODE+: Zero-Installment Rover Indoor Localization,A. Khudoyberdiev,2025,,10.1109/JSEN.2025.3561331,1,1,1,0,0,0,1,1,5,Medium
REC_0934,Safe and Predictive Path-Planning of Autonomous Underwater Vehicles in a Dynamic Cluttered Environment,R. Makam,2025,,10.1109/OCEANS58557.2025.11104587,1,1,0,0,0,0,1,1,4,Medium
REC_0935,Model-Aided INS With Sea Current Estimation for Robust Underwater Navigation,Ø. Hegrenaes,2011,,10.1109/JOE.2010.2100470,1,0,0,1,1,0,1,1,5,Medium
REC_0936,A Robust Graph-Based Bathymetric Simultaneous Localization and Mapping Approach for AUVs,D. Zhang,2024,,10.1109/JOE.2024.3401969,1,1,1,0,0,0,1,1,5,Medium
REC_0937,A Model-Based Tightly Coupled Architecture for Low-Cost Unmanned Aerial Vehicles for Real-Time Applications,H. A. Mwenegoha,2025,,10.1109/ACCESS.2020.3038530,1,1,1,0,1,0,1,1,6,High
REC_0938,Hierarchical End-to-End Autonomous Navigation Through Few-Shot Waypoint Detection,A. Ghafourian,2024,,10.1109/LRA.2024.3365294,1,0,0,0,0,0,1,1,3,Low
REC_0939,Proposal of a Multimodal Interactive Architecture Based on a Social Indoor and Outdoor Navigation System,H. N. Silva,2023,,10.1109/LARS/SBR/WRE59448.2023.10332955,1,0,0,0,0,0,1,1,3,Low
REC_0940,Design and Implementation of Home Service Robot,L. Zhi-jie,2020,,10.1109/CAC51589.2020.9327151,1,1,0,0,0,1,1,1,5,Medium
REC_0941,Wearable Navigation System for the Visually Impaired and Blind People,E. B. Kaiser,2012,,10.1109/ICIS.2012.118,1,1,0,0,0,0,1,1,4,Medium
REC_0942,A Positioning Error Correction Method for Dead-Reckoning Navigation of Underwater Vehicles,P. Liu,2025,,10.1109/TIM.2025.3602533,1,1,1,1,0,0,1,1,6,High
REC_0943,A High Precision Aerial Indoor AI-Based Inspection System,V. Donato,2025,,10.1109/MetroAeroSpace64938.2025.11114446,1,0,1,0,0,0,1,1,4,Medium
REC_0944,Trajectory based fuzzy controller for indoor navigation,V. Raudonis,2011,,10.1109/CINTI.2011.6108474,1,0,0,0,1,0,1,1,4,Medium
REC_0945,Appearance-based indoor navigation by IBVS using mutual information,S. Raj,2016,,10.1109/ICARCV.2016.7838760,1,1,0,0,0,0,1,1,4,Medium
REC_0946,A Control Barrier Function Based Visual Servoing Framework for Safe Operation of UAVs in GNSS Denied Settings using Fiducial Markers,A. Lynch,2024,,10.1109/SSRR62954.2024.10770045,1,1,0,0,1,1,1,1,6,High
REC_0947,Toward Safer Navigation of Heterogeneous Mobile Robots in Distributed Scheme: A Novel Time-to-Collision-Based Method,M. Shahriari,2022,,10.1109/TCYB.2021.3110196,1,1,0,1,0,0,1,1,5,Medium
REC_0948,Hybrid Tightly-Coupled SINS/LBL for Underwater Navigation System,Y. Zhu,2024,,10.1109/ACCESS.2021.3051398,1,0,1,1,1,0,1,1,6,High
REC_0949,On reliability of data transmission and distance estimation using mobile underwater acoustic modems,S. Y. Kulik,2018,,10.23919/ICINS.2018.8405859,1,0,1,0,0,1,1,1,5,Medium
REC_0950,NAIS: A Modular ROS 2 Framework for Real-Time Scene Graph Construction and Language-Guided Navigation,J. M. Flores Gonzalez,2026,,10.1109/SII64115.2026.11404724,1,0,0,0,0,0,1,1,3,Low
REC_0951,PSS-LIO A Computationally Efficient LiDAR-Inertial Odometry Framework for UAV Building Inspection via Geometric Predictability and Structure Prior Learning,Y. Wang,2026,,10.1109/TIM.2026.3709427,1,1,1,1,1,0,1,1,7,High
REC_0952,Measurement Based Identification of MPCs in an Urban Drone-to-Drone Propagation Scenario,D. Becker,2022,,10.23919/EuCAP53622.2022.9769322,1,0,0,0,1,0,1,1,4,Medium
REC_0953,An Open-Source UAV Platform for Swarm Robotics Research: Using Cooperative Sensor Fusion for Inter-Robot Tracking,S. Oğuz,2024,,10.1109/ACCESS.2024.3378607,1,1,0,0,0,0,1,1,4,Medium
REC_0954,Landmark-Based Localization for Indoor Mobile Robots with Stereo Vision,H. Zhang,2012,,10.1109/ISdea.2012.640,1,1,1,0,1,0,1,1,6,High
REC_0955,Nonlinear filtering for terrain-referenced underwater navigation with an acoustic altimeter,T. Kim,2014,,10.1109/OCEANS-TAIPEI.2014.6964528,1,1,1,1,0,0,1,1,6,High
REC_0956,Computer Vision Based Navigation Robot,M. Haputhanthri,2022,,10.1109/ICITR57877.2022.9992879,1,1,0,0,0,0,1,1,4,Medium
REC_0957,Yaw aided Radar Inertial Odometry using Manhattan World Assumptions,C. Doer,2021,,10.23919/ICINS43216.2021.9470842,1,1,0,0,1,0,1,1,5,Medium
REC_0958,A Real-Time Autonomous Gravity Measurement Method for Underwater Gravity-Aided Navigation,W. Ai,2023,,10.1109/ACCESS.2023.3338537,1,1,1,1,1,0,1,1,7,High
REC_0959,FR-SLAM: A SLAM Improvement Method Based on Floor Plan Registration,J. Feng,2024,,10.1109/ICARM62033.2024.10715930,1,1,1,1,0,0,1,1,6,High
REC_0960,Cooperative Visual Inertial Odometry for Heterogeneous Swarm of Drones Navigating in Noisy Environments,K. C. Atik,2022,,10.1109/ISIE51582.2022.9831647,1,1,1,0,1,0,1,1,6,High
REC_0961,Multimodal Image Registration for GPS-denied UAV Navigation Based on Disentangled Representations,H. Li,2023,,10.1109/ICRA48891.2023.10161567,1,0,1,0,1,1,1,1,6,High
REC_0962,SIGNAV: Semantically-Informed GPS-Denied Navigation and Mapping in Visually-Degraded Environments,A. Krasner,2022,,10.1109/WACV51458.2022.00192,1,1,1,0,0,0,1,1,5,Medium
REC_0963,ICAD - An Economical Indoor & Outdoor Delivery Vehicle Capable of Autonomous Navigation,A. M. Darya,2019,,10.1109/ICASET.2019.8714225,1,0,0,0,0,0,1,1,3,Low
REC_0964,Indoor autonomous drone development,Z. Horvath,2017,,10.1109/FSKD.2017.8393248,1,0,0,0,0,0,1,0,2,Low
REC_0965,An Autonomous Service Mobile Robot for Indoor Environments,L. Cao,2020,,10.1109/IPEC49694.2020.9115180,1,0,0,1,0,0,1,1,4,Medium
REC_0966,UAV-BS Operation Plan Using Reinforcement Learning for Unified Communication and Positioning in GPS-Denied Environment,G. Haile,2024,,10.23919/transcom.2023EBP3174,1,1,1,0,0,0,1,1,5,Medium
REC_0967,A Marker-Based Method of Autonomous Landing for Unmanned Aerial Vehicles,R. Yang,2024,,10.1109/ICUS61736.2024.10839850,1,1,1,0,0,0,1,1,5,Medium
REC_0968,"A low-cost underwater navigation system for remotely operated underwater vehicle — Design, system-integration, and implementation",W. Budiman,2014,,10.1109/ICCIC.2014.7238429,1,1,1,0,0,0,1,1,5,Medium
REC_0969,Intelligent Patrol Robot Based on Visual Machine Deep Learning,L. Liu,2021,,10.1109/CONF-SPML54095.2021.00069,1,0,0,1,0,0,1,1,4,Medium
REC_0970,Multi-Sensor Fusion–Based Localization Method for Underwater Autonomous Vehicles,S. Yikai,2026,,10.1109/ICETCI68937.2026.11610814,1,0,1,0,0,0,1,1,4,Medium
REC_0971,Smart Wheelchair to Facilitate Disabled Individuals,A. Jayakody,2019,,10.1109/ICAC49085.2019.9103409,1,0,0,0,0,0,1,1,3,Low
REC_0972,Multi-objective path planning in GPS denied environments under localization constraints,S. D. Bopardikar,2014,,10.1109/ACC.2014.6858731,1,0,1,1,0,1,1,1,6,High
REC_0973,Landmark Placement for Localization in a GPS-denied Environment,K. Sundar,2018,,10.23919/ACC.2018.8431886,1,1,0,0,0,0,1,1,4,Medium
REC_0974,An Adaptive Image Thresholding Algorithm Using Fuzzy Logic for Autonomous Underwater Vehicle Navigation,I. -C. Sang,2024,,10.1109/JSTSP.2024.3426484,1,1,1,0,0,0,1,1,5,Medium
REC_0975,Tightly-coupled Lidar-inertial Odometry and Mapping in Real Time,W. Dai,2020,,10.23919/CCC50068.2020.9188801,1,1,1,0,1,0,1,1,6,High
REC_0976,CNN-LiDAR-SLAM: Multimodal Fusion With Object Detection for Indoor Localization,S. Hussain Kalan,2025,,10.1109/ACCESS.2025.3635243,1,1,1,0,1,0,1,1,6,High
REC_0977,Underwater navigation: LiDAR sensing in water to 9 m distance through semi-transparent obstacles,S. M. Pershin,2022,,10.1109/ICLO54117.2022.9839859,1,1,0,0,0,0,1,1,4,Medium
REC_0978,Implementation of a home appliance mobile platform based on computer vision: self-charging and mapping,F. -D. Secuianu,2018,,10.1109/ICSTCC.2018.8540685,1,1,0,0,0,0,1,1,4,Medium
REC_0979,Magnetic Mapping for Robot Navigation in Indoor Environments,D. Almeida,2021,,10.1109/IPIN51156.2021.9662528,1,0,0,0,0,0,1,1,3,Low
REC_0980,TinySLAM improvements for indoor navigation,A. Huletski,2016,,10.1109/MFI.2016.7849536,1,0,1,0,0,0,1,1,4,Medium
REC_0981,Multi-sensor Data Analysis in Terms of Autonomous Drone Flight without GPS,G. Issassis,2023,,10.1109/PIERS59004.2023.10221335,1,0,1,0,1,0,1,1,5,Medium
REC_0982,Indoor Navigation Based on Model Switching in Overlapped Known Regions,E. Macias,2019,,10.1109/RoMoCo.2019.8787361,1,1,1,0,0,0,1,1,5,Medium
REC_0983,Real-Time Velocity and Hovering Control for Rotorcraft Based on Visual State Estimation,H. Du,2021,,10.1109/CAC53003.2021.9728667,1,1,0,0,1,0,1,1,5,Medium
REC_0984,Robust Urban Navigation for Autonomous Vehicles using Vision based Segmentation Graph Attention and Hierarchical Learning,M. I. Habelalmateen,2025,,10.1109/ICICKE65317.2025.11136723,1,1,0,0,0,0,1,1,4,Medium
REC_0985,A Benchmark of Absolute and Relative Positioning Solutions in GNSS Denied Environments,H. Yao,2024,,10.1109/JIOT.2023.3300018,1,1,1,1,0,0,1,1,6,High
REC_0986,Field Test Results of GNSS-denied Inertial Navigation aided by Phased-array Radio Systems for UAVs,K. Gryte,2019,,10.1109/ICUAS.2019.8798057,1,0,0,1,0,0,1,1,4,Medium
REC_0987,QRPos: Indoor positioning system for self-balancing robots based on QR codes,G. Goronzy,2016,,10.1109/IPIN.2016.7743616,1,1,1,1,0,0,1,1,6,High
REC_0988,PRM-RL: Long-range Robotic Navigation Tasks by Combining Reinforcement Learning and Sampling-Based Planning,A. Faust,2018,,10.1109/ICRA.2018.8461096,1,1,0,0,1,0,1,1,5,Medium
REC_0989,Covariance and Gain-based Federated Unscented Kalman Filter for Acoustic-Visual-Inertial Underwater Navigation,A. Bucci,2021,,10.23919/OCEANS44145.2021.9705843,1,1,0,1,0,1,1,1,6,High
REC_0990,Review of the Drone Applications in Urban Underground Environments,C. Tang,2025,,10.1109/ICCEA65460.2025.11103266,1,1,0,0,0,0,1,1,4,Medium
REC_0991,Inertial-based Autonomous Navigation and Gravity Measurement System assisted by LDV,G. Chunfeng,2025,,10.1109/ISA67150.2025.11279677,1,1,1,0,0,0,1,1,5,Medium
REC_0992,A Vertical Channel-Enhanced Fusion Method Based on RINS and Barometric Altimeter for UAVs in GNSS Denial Environments,X. Zhao,2023,,10.1109/TIM.2023.3284018,1,1,1,0,1,0,1,1,6,High
REC_0993,"Fast, autonomous flight in GPS-denied and cluttered environments",Mohta K.,2018,,10.1002/rob.21774,1,0,0,0,1,0,1,1,4,Medium
REC_0994,Automated localization of UAVs in GPS-denied indoor construction environments using fiducial markers,Nahangi M.,2018,,10.22260/isarc2018/0012,1,1,0,0,1,0,1,1,5,Medium
REC_0995,Experimentation of Monocular Visual-Aided Inertial Navigation on Fixed-Wing Unmanned Aerial Vehicle †,Sivalingam B.,2023,,10.3390/ENC2023-15476,1,1,0,1,1,0,1,1,6,High
REC_0996,A graphics-based digital twin (GBDT) framework for accurate UAV localization in GPS-denied environments,Matiki T.,2024,,10.1177/13694332241291256,1,1,1,0,0,0,1,1,5,Medium
REC_0997,Autonomous Flight for Multi-UAV in GPS-Denied Environment,Lu J.,2023,,10.1007/978-981-19-3998-3_85,1,1,0,0,1,0,1,1,5,Medium
REC_0998,Toward a Low-Cost Planetary Rover: Real-Time Embedded Multi-Sensor Fusion for Robust Obstacle-Aware Navigation,Mahmood A.,2025,,10.1109/ACCESS.2025.3634810,1,1,1,1,1,1,1,1,8,High
REC_0999,I Am Not Afraid of the GPS Jammer: Resilient Navigation Via Signals of Opportunity in GPS-Denied Environments,Kassas Z.M.,2022,,10.1109/MAES.2022.3154110,1,1,1,0,1,1,1,1,7,High
REC_1000,ReFDrone: One-Shot Indoor Drone 4DoF Estimation via Rolling-Shutter AoA from Floor-Reflected Light,Onishi Y.,2026,,10.1109/PerCom67906.2026.11524473,1,1,1,1,1,0,1,1,7,High
REC_1001,Perception and navigation for an autonomous quadrotor in GPS-denied environments,Saeedi S.,2016,,10.2316/Journal.206.2016.6.206-4434,1,1,0,0,1,0,1,1,5,Medium
REC_1002,An integrated UAV navigation system based on geo-registered 3D point cloud,Zhang S.,2017,,10.1109/MFI.2017.8170396,1,1,1,0,0,0,1,1,5,Medium
REC_1003,SmartCopter: Enabling autonomous flight in indoor environments with a smartphone as on-board processing unit,Mossel A.,2014,,10.1108/IJPCC-01-2014-0010,1,1,0,0,1,0,1,1,5,Medium
REC_1004,A Robust Localization Solution for an Uncrewed Ground Vehicle in Unstructured Outdoor GNSS-Denied Environments,Wagner W.J.,2023,,10.33012/2023.19412,1,1,1,0,0,0,1,1,5,Medium
REC_1005,New UAV velocity estimation using array of hall effect sensors for indoor navigation,Zahran S.,2019,,10.33012/2019.16815,1,1,1,1,1,1,1,1,8,High
REC_1007,Robust geo-localization of UAVSAR in GPS-Denied environments using deep cross-modality matching with google Earth imagery,Naanjam R.,2026,,10.1007/s12518-026-00694-2,1,1,1,1,1,0,1,1,7,High
REC_1008,Visual Odometry in GPS-Denied Zones for Fixed-Wing Unmanned Aerial Vehicle with Reduced Accumulative Error Based on Satellite Imagery,Mateos-Ramirez P.,2024,,10.3390/app14167420,1,1,1,0,1,0,1,1,6,High
REC_1009,A single sensor system for mapping in GNSS-denied environments,de Paula Veronese L.,2019,,10.1016/j.cogsys.2019.03.018,1,1,0,0,0,0,1,1,4,Medium
REC_1010,Modified ICP based Framework for 3D Localization and Mapping in GNSS-denied Environments using LiDAR,Koshti M.,2024,,10.5194/isprs-archives-XLVIII-4-2024-275-2024,1,1,1,0,0,0,1,1,5,Medium
REC_1011,Real-time unmanned aerial system (UAS) based interference localization in a GNSS denied environment,Perkins A.,2019,,10.33012/2019.16992,1,1,1,0,1,0,1,1,6,High
REC_1012,Multi-Sensor Based Adaptive Fusion Scheme for Position Estimation of Multirotor UAV Systems in GPS-Denied Environments,Busse L.,2025,,10.2514/6.2025-99640,1,1,1,0,1,1,1,1,7,High
REC_1013,Unmanned aerial vehicle localization using angle of departure from a single base station and dead-reckoning,Rajasekaran A.,2024,,10.1049/ell2.13092,1,1,1,0,0,0,1,1,5,Medium
REC_1014,Cooperative UAV Swarm Communication Networks for Rapid Disaster Assessment in GPS-Denied Environments,Wang P.,2026,,10.3390/drones10050355,1,1,1,1,1,1,1,1,8,High
REC_1015,Autonomous Navigation Method for UAV Based on the Fusion of Laser SLAM and AprilTag,Zhou J.,2025,,10.1088/1742-6596/3012/1/012002,1,1,1,0,0,0,1,1,5,Medium
REC_1016,Multi-sensor information fusion methods for coal mine exploration in GNSS-denied scenarios,Wang S.,2026,,10.1186/s13638-025-02490-9,1,1,1,1,1,1,1,1,8,High
REC_1017,A Real-Time Simulator for Navigation in GNSS-Denied Environments of UAV Swarms,Zhang H.,2023,,10.3390/app132011278,1,1,0,0,1,1,1,1,6,High
REC_1018,OPsCV: A Robust Framework for Aerial Navigation under Global Positioning System Denied Conditions,Xavier N.A.Z.,2026,,10.1590/jatm.v18.1413,1,1,1,1,1,0,1,1,7,High
REC_1019,Multi-Sensor Fusion SLAM for Interceptor UAVs in GNSS-Denied Environments: A Review,Liu B.,2026,,10.1109/JSEN.2026.3720978,1,1,0,1,1,0,1,1,6,High
REC_1020,R-LVIO: Resilient LiDAR-Visual-Inertial Odometry for UAVs in GNSS-denied Environment,Zhang B.,2024,,10.3390/drones8090487,1,1,1,1,0,0,1,1,6,High
REC_1021,GPS-denied UAV localization using pre-existing satellite imagery,Goforth H.,2019,,10.1109/ICRA.2019.8793558,1,1,1,1,1,1,1,1,8,High
REC_1022,UAV Autonomous Navigation System Based on Air–Ground Collaboration in GPS-Denied Environments,Yue P.,2025,,10.3390/drones9060442,1,0,0,0,1,0,1,1,4,Medium
REC_1023,A Hybrid Drone SINS/GNSS Information Fusion Method Based on Attention-Augmented TCN in GNSS-Denied Environments,Xu C.,2026,,10.3390/rs18091379,1,0,1,0,1,0,1,1,5,Medium
REC_1024,Optical Coastal GNSS-Denied Navigation for Reduction in AUV Underwater Navigation Error,Praczyk T.,2026,,10.3390/s26144601,1,1,1,0,1,0,1,1,6,High
REC_1026,Indoor UAV Localization via Multi-Anchor One-Shot Calibration and Factor Graph Fusion,Zhao J.,2026,,10.3390/rs18091407,1,1,1,1,1,0,1,1,7,High
REC_1027,I am not afraid of the jammer: Navigating with signals of opportunity in GPS-denied environments,Kassas Z.M.,2020,,10.33012/2020.17737,1,1,1,0,1,1,1,1,7,High
REC_1028,Integrated navigation for autonomous drone in GPS and GPS-denied environments,Suzuki S.,2018,,10.20965/jrm.2018.p0373,1,1,1,0,0,0,1,1,5,Medium
REC_1029,A Localization Strategy for Low-cost UAVs Sewers Inspection,Maisto P.,2026,,10.1109/SII64115.2026.11404663,1,1,1,0,1,0,1,1,6,High
REC_1031,"Real-Time Localization and Mapping Utilizing Multi-Sensor Fusion and Visual–IMU–Wheel Odometry for Agricultural Robots in Unstructured, Dynamic and GPS-Denied Greenhouse Environments",Yan Y.,2022,,10.3390/agronomy12081740,1,1,1,1,0,0,1,1,6,High
REC_1032,Synchronized Multi-Directional FMCW mmWave Radar–Inertial Odometry: Robust Positioning and Autonomous Navigation Experiments for UAVs in Low-Light Indoor Environments,Jing Y.,2026,,10.3390/drones10020120,1,1,1,0,1,0,1,1,6,High
REC_1033,VG-Fusion: A Novel Visual Geo-Localization Fused with IMU and LiDAR-Inertial Odometry for UAVs in GNSS-Denied Environments,Xu Z.,2025,,10.1142/S2301385026500561,1,1,1,1,1,0,1,1,7,High
REC_1034,Uavs enhanced navigation in outdoor gnss denied environment using UWB and monocular camera systems,Zahran S.,2019,,10.5194/isprs-archives-XLII-2-W13-665-2019,1,1,1,0,1,0,1,1,6,High
REC_1035,An improved selective correction adaptive particle filter-based cooperative navigation algorithm for UAV swarms in GNSS-denied areas,Li C.,2026,,10.1088/1361-6501/ae65bc,1,1,1,1,0,0,1,1,6,High
REC_1036,Robust 6-DoF Absolute Visual Localization for UAVs via Deep Homography Estimation,Li B.,2026,,10.1109/TGRS.2026.3718093,1,0,1,1,1,0,1,1,6,High
REC_1037,Survive Against Degradations: An Insight of LiDAR-IMU SLAM Under Feature Degradations,Yang M.,2025,,10.1109/CVIDL65390.2025.11085801,1,1,1,1,1,0,1,1,7,High
REC_1038,H-CoRE: A Cooperative Framework for Heterogeneous Multi-Robot Exploration and Inspection,D’Angelo S.,2026,,10.3390/drones10040232,1,1,0,0,1,0,1,1,5,Medium
REC_1039,"Aerial Localization and Navigation for Surveillance of Large, Featureless, GNSS-Denied Maritime Environments",Peti M.,2025,,10.1002/rob.22610,1,1,1,0,0,0,1,1,5,Medium
REC_1040,Remote Autonomy for Multiple Small Lowcost UAVs in GNSS-denied Search and Rescue Operations,Schleich D.,2025,,10.1109/SSRR68451.2025.11391295,1,0,0,0,1,0,1,1,4,Medium
REC_1041,A Review of Recent Mobile Robot Application Using V-SLAM in GNSS-Denied Environment,Saleh I.,2022,,10.1007/978-981-16-8129-5_51,1,1,0,0,0,0,1,1,4,Medium
REC_1042,Simulation Design for Learning Data Collection to Estimate UAM Location in GNSS-Denied using 3D Spatial Information,Wi H.,2024,,10.1109/ICUFN61752.2024.10624823,1,1,0,0,0,0,1,1,4,Medium
REC_1043,Consistent-Innovation-Aided Distributed Cooperative Localization for Multi-UAV Navigation in GNSS-Denied Environments,Hou Z.,2026,,10.3390/rs18142286,1,1,1,1,0,1,1,1,7,High
REC_1044,Magnetometer-based enhanced visual-inertial odometry for reliable long-range navigation in GNSS-denied high-altitude environment,Abdollahi M.R.,2026,,10.1016/j.ast.2026.112673,1,0,1,0,1,0,1,1,5,Medium
REC_1045,Optical and mass flow sensors for aiding vehicle navigation in gnss denied environment,Moussa M.,2020,,10.3390/s20226567,1,1,1,0,1,0,1,1,6,High
REC_1046,A UAV scene matching method based on triplet relationship and sliding mode control for GPS-denied environments,Chen Z.,2026,,10.1016/j.measurement.2026.120581,1,0,1,1,0,0,1,1,5,Medium
REC_1047,A lightweight and robust multi-sensor positioning system integrating GPS/VIO with resilience to GPS outages and visual odometry challenges,Ebrahimi A.,2025,,10.1007/s10291-025-01912-x,1,1,1,1,0,0,1,1,6,High
REC_1048,Airspeed-Aided State Estimation Algorithm of Small Fixed-Wing UAVs in GNSS-Denied Environments,Ye X.,2022,,10.3390/s22093156,1,1,1,1,1,0,1,1,7,High
REC_1049,"UAV tracking of mobile target in occluded, cluttered and GPS-denied environments",Vanegas F.,2018,,10.1109/AERO.2018.8396449,1,1,0,0,0,0,1,1,4,Medium
REC_1050,Master-Slave Cross-Domain Unmanned System Cooperative Localization in GNSS Denied Environment,Han J.,2024,,10.1007/978-981-97-1091-1_27,1,1,0,0,1,0,1,1,5,Medium
REC_1051,Autonomous vision-based UAV localization and optimization-based path planning in GPS-denied environments: a review,Hu Z.,2026,,10.1088/2631-8695/ae305b,1,1,0,1,1,0,1,1,6,High
REC_1052,Seamless navigation and mapping using an INS/GNSS/grid-based SLAM semi-tightly coupled integration scheme,Chiang K.W.,2019,,10.1016/j.inffus.2019.01.004,1,1,1,0,1,0,1,1,6,High
REC_1053,"Context-sensitive guidance, navigation, and control for autonomous vehicles in GNSS-denied underground environments",Hakonen-Milosevic K.,2025,,10.1117/12.3071939,1,0,0,0,0,0,1,1,3,Low
REC_1054,Augmented reality-based vision-aid indoor navigation system in GPS denied environment,Rajeev S.,2019,,10.1117/12.2519224,1,1,1,0,0,0,1,1,5,Medium
REC_1055,An Autonomously Navigation System for Forestry Quadrotor within GPS-denied Below-canopy Environment,Xia Y.,2018,,10.1109/GNCC42960.2018.9019136,1,1,1,0,0,0,1,1,5,Medium
REC_1056,VecMapLocNet: Vision-based UAV localization using vector maps in GNSS-denied environments,Wang Z.,2025,,10.1016/j.isprsjprs.2025.04.009,1,1,1,1,1,0,1,1,7,High
REC_1057,Autonomous flight using a smartphone as on-board processing unit in GPS-denied environments,Leichtfried M.,2013,,10.1145/2536853.2536898,1,1,1,0,1,0,1,1,6,High
REC_1058,Robust markers for visual navigation using Reed-Solomon codes,Gubbi J.,2017,,10.23919/MVA.2017.7986900,1,1,1,0,1,0,1,1,6,High
REC_1059,Enhanced drone navigation in GNSS denied environment using VDM and Hall effect sensor,Zahran S.,2019,,10.3390/ijgi8040169,1,0,1,0,0,0,1,1,4,Medium
REC_1060,"PCDATM SLAM-BASED TECHNOLOGY FOR POINT CLOUD AND TRAJECTORY OPTIMIZATION FOR AIRBORNE, LAND, AND INDOOR APPLICATIONS IN GNSS-DENIED ENVIRONMENTS",Mostafa M.M.R.,2023,,10.5194/isprs-archives-XLVIII-1-W1-2023-333-2023,1,1,1,0,0,0,1,1,5,Medium
REC_1061,Lane Level Positioning Method for Unmanned Driving Based on Inertial System and Vector Map Information Fusion Applicable to GNSS Denied Environments,Dai M.,2023,,10.3390/drones7040239,1,1,1,0,1,0,1,1,6,High
REC_1062,Real-time geospatial positioning for uavs in gps-denied environments using lidar data,Kim H.,2020,,10.2514/6.2020-2194,1,1,1,0,1,0,1,1,6,High
REC_1063,Visual Inertial Navigation for a Small UAV Using Sparse and Dense Optical Flow,Fanin F.,2019,,10.1109/REDUAS47371.2019.8999672,1,1,0,0,0,0,1,1,4,Medium
REC_1064,Autonomous Navigation for Micro Aerial Vehicles in Complex GNSS-denied Environments,Nieuwenhuisen M.,2016,,10.1007/s10846-015-0274-3,1,0,0,0,0,0,1,1,3,Low
REC_1065,Fast localization method for UAV images in GNSS-Denied environments utilizing image sequence relationships,Gao H.,2025,,10.1117/12.3055751,1,0,1,0,0,0,1,1,4,Medium
REC_1066,A Secure ZUPT-Aided Indoor Navigation System Using Blockchain in GNSS-Denied Environments,Shakerian A.,2023,,10.3390/s23146393,1,1,1,0,1,1,1,1,7,High
REC_1067,GPS-denied navigation using location estimation and texel image correction,Jensen N.I.,2023,,10.1117/12.2664119,1,1,1,0,1,0,1,1,6,High
REC_1068,High-Accuracy Robust SLAM and Real-Time Autonomous Navigation of UAV in GNSS-denied Environments,Li Z.,2022,,10.1007/978-981-15-8155-7_92,1,0,0,0,0,0,1,1,3,Low
REC_1069,UAV–UGV Collaborative Localization in GNSS-Denied Large-Scale Environments: An Anchor-Free VIO–UWB Fusion with Adaptive Weighting and Outlier Suppression,Xu H.,2026,,10.3390/drones10030175,1,1,1,1,1,1,1,1,8,High
REC_1070,Hybrid Machine Learning VDM for UAVs in GNSS-denied Environment,Zahran S.,2018,,10.1002/navi.249,1,1,1,1,1,0,1,1,7,High
REC_1071,Event-Based Visual/Inertial Odometry for UAV Indoor Navigation,Elamin A.,2025,,10.3390/s25010061,1,1,1,1,1,1,1,1,8,High
REC_1072,Aerial and ground robot collaboration for autonomous mapping in search and rescue missions,Chatziparaschis D.,2020,,10.3390/DRONES4040079,1,1,0,0,0,0,1,1,4,Medium
REC_1073,Radar-Inertial Localization for Unmanned Ground Vehicles in GNSS-Denied Off-Road Environments,Mitrev P.,2024,,10.33012/2024.19697,1,1,1,1,0,0,1,1,6,High
REC_1074,Simultaneous Localization and Mapping of UAV for Precision Agricultural Application,Rauf A.,2023,,10.1109/ICEPECC57281.2023.10209500,1,1,0,0,0,0,1,1,4,Medium
REC_1075,Prototype development of cross-shaped microphone array system for drone localization based on delay-and-sum beamforming in gnss-denied areas,Madokoro H.,2021,,10.3390/drones5040123,1,0,1,0,1,0,1,1,5,Medium
REC_1076,Robotic inspection of vertical surfaces in GNSS-denied environments,Rana A.,2026,,10.1016/j.robot.2026.105510,1,0,1,1,0,0,1,1,5,Medium
REC_1078,6D Self-Localization of Drones Using a Single Millimeter-Wave Backscatter Anchor,Lam M.,2025,,10.1109/INFOCOM55648.2025.11044655,1,1,1,0,0,0,1,1,5,Medium
REC_1079,AN INTEGRATED UWB-VISION FRAMEWORK FOR AUTONOMOUS APPROACH AND LANDING OF UAVS IN GPS-DENIED ENVIRONMENTS,Liu J.,2025,,10.3934/mfc.2024022,1,1,1,0,1,0,1,1,6,High
REC_1080,Adaptive neural pose regression enabled by updatable graphics-based digital twin for robust UAV localization in GPS-denied civil infrastructure,Matiki T.,2026,,10.1016/j.robot.2026.105570,1,1,1,1,1,0,1,1,7,High
REC_1081,UAV platform for special operation,Klouda J.,2025,,10.13164/eeict.2025.241,1,1,0,0,1,0,1,1,5,Medium
REC_1082,Unified Voxel-Centric LiDAR-Visual-Inertial SLAM for Large-Scale GNSS-Denied Environments,Cao Y.,2025,,10.1109/UPINLBS68186.2025.11468411,1,1,1,0,0,0,1,1,5,Medium
REC_1083,GNSS-Denied UAV Terrain Matching Navigation Based on the Autoencoder Network with Contrastive Learning,Jiang Y.,2026,,10.3390/drones10050339,1,0,1,1,0,0,1,1,5,Medium
REC_1084,CLAK:CNN-LSTM-Attention and Kolmogorov-Arnold Networks for non-visual UAV localization in GNSS-denied environments,Jarraya I.,2026,,10.1186/s43020-026-00192-1,1,1,1,1,1,1,1,1,8,High
REC_1085,GNSS-Denied Semi-Direct Visual Navigation for Autonomous UAVs Aided by PI-Inspired Inertial Priors,Gallo E.,2023,,10.3390/aerospace10030220,1,1,1,0,0,1,1,1,6,High
REC_1086,Vision-based Relative Navigation and Drone Swarming Control for Inspection in GPS-denied Environment,Candan F.,2024,,10.13031/aim.202401277,1,1,0,0,1,0,1,1,5,Medium
REC_1087,Heterogeneous Multirobot Team: Maritime Inspection and Intervention in Global Navigation Satellite System-Denied Scenarios,Ferreira B.A.,2025,,10.1109/MRA.2025.3639792,1,0,0,0,1,0,1,1,4,Medium
REC_1088,Analysis of optical flow methods for estimating UAV velocity in Low-features environment,Swamidoss I.N.,2024,,10.1117/12.3023033,1,1,1,1,0,0,1,1,6,High
REC_1089,Monocular-SLAM-based navigation for autonomous micro helicopters in GPS-denied environments,Weiss S.,2011,,10.1002/rob.20412,1,1,1,1,0,0,1,1,6,High
REC_1090,UAV navigation in GPS-denied environment using particle filtered RVL,Couturier A.,2019,,10.1117/12.2518516,1,1,1,0,0,0,1,1,5,Medium
REC_1091,LoLa-SLAM: Low-Latency LiDAR SLAM Using Continuous Scan Slicing,Karimi M.,2021,,10.1109/LRA.2021.3060721,1,1,1,1,0,0,1,1,6,High
REC_1092,Efficient SLAM Algorithm Based on Quaternions for Real-Time Navigation of Unmanned Aerial Vehicles,Wang X.,2026,,10.1002/ett.70386,1,1,1,0,1,0,1,1,6,High
REC_1093,Landmark-Based Multi-sensor Fusion SLAM Algorithm for Autonomous Positioning in GNSS-Denied Environments,Sheng M.,2025,,10.1007/978-981-96-2236-8_4,1,1,1,0,0,0,1,1,5,Medium
REC_1094,Dynamic Artificial Neural Network-Assisted GPS-Less Navigation for IoT-Enabled Drones,Simsek M.,2024,,10.1109/IOTM.001.2200276,1,0,1,1,1,1,1,1,7,High
REC_1095,A multi-sensorial simultaneous localization and mapping (SLAM) system for low-cost micro aerial vehicles in GPS-denied environments,López E.,2017,,10.3390/s17040802,1,1,1,1,1,0,1,1,7,High
REC_1096,DTVIRM-Swarm: A Distributed and Tightly Integrated Visual-Inertial-UWB-Magnetic System for Anchor Free Swarm Cooperative Localization,Luo X.,2026,,10.3390/drones10010049,1,1,1,1,1,1,1,1,8,High
REC_1097,Indoor fixed-point hovering control for UAVs based on visual inertial SLAM,Li Z.,2024,,10.1108/RIA-06-2023-0081,1,1,0,0,1,0,1,1,5,Medium
REC_1098,Long-Duration Inspection of GNSS-Denied Environments with a Tethered UAV-UGV Marsupial System †,Martínez-Rozas S.,2025,,10.3390/drones9110765,1,1,0,0,1,0,1,1,5,Medium
REC_1099,Machine Learning-Based UAV Localization for Under-Structure Sensor Deployment in GPS-Denied Environments,Khan M.A.,2026,,10.1117/12.3089966,1,1,1,0,1,0,1,1,6,High
REC_1100,An Aerial Transport System in Marine GNSS-Denied Environment,Sun J.,2025,,10.1002/rob.22520,1,0,0,0,1,0,1,1,4,Medium
REC_1101,UWB-based localization for multi-UAV systems and collaborative heterogeneous multi-robot systems,Shule W.,2020,,10.1016/j.procs.2020.07.051,1,1,1,1,0,0,1,1,6,High
REC_1102,iDROP: Robust Localization for Indoor Navigation of Drones With Optimized Beacon Placement,Famili A.,2023,,10.1109/JIOT.2023.3280084,1,0,1,0,1,0,1,1,5,Medium
REC_1103,Integrated navigation of aerial robot for GPS and GPS-denied environment,Suzuki S.,2016,,10.1088/1742-6596/744/1/012219,1,1,1,0,0,0,1,1,5,Medium
REC_1104,Convolutional Neural Networks for Autonomous UAV Navigation in GPS-Denied Environments,Santos R.S.,2024,,10.1007/978-3-031-63851-0_7,1,0,1,1,0,0,1,1,5,Medium
REC_1105,3D SCENE RECONSTRUCTION AND PATH PLANNING METHOD FOR UAV IN GNSS-DENIED ENVIRONMENT,Jin Q.,2022,,10.5194/isprs-annals-X-3-W1-2022-69-2022,1,0,0,0,1,1,1,1,5,Medium
REC_1106,Adaptive Particle Filter-Neural Network Fusion for Cooperative Localization of Multi-UAV Systems in GNSS-Denied Indoor Environments,Wang Z.,2026,,10.3390/computers15030172,1,1,1,0,0,1,1,1,6,High
REC_1107,Multi-UAV Cooperative Localization in Pseudolite-Augmented GNSS-Denied Regions: An Anomaly-Resilient Adaptive Kalman Filter with Group Covariance Compensation,Ji C.,2026,,10.3390/drones10060460,1,1,1,1,1,1,1,1,8,High
REC_1108,A collaborative navigation algorithm for UAV Ad Hoc network based on improved sequence quadratic programming and unscented Kalman filtering in GNSS denied area,Tang X.,2025,,10.1016/j.measurement.2024.115977,1,1,1,1,0,0,1,1,6,High
REC_1109,Improving the Localization of the Magnetic Field-Based SLAM Through a Novel PINN-UKF Framework,Magad A.A.,2026,,10.1109/ACCESS.2026.3690969,1,1,1,1,1,0,1,1,7,High
REC_1110,Cross-Session 3D LiDAR and Camera Fusion for Robust Localization of Unmanned Aerial Vehicles in GPS-Denied Environments,Quach C.H.,2026,,10.1155/joro/9948104,1,1,1,1,1,0,1,1,7,High
REC_1111,Robust TOA-based UAS navigation under model mismatch in GNSS-denied harsh environments,Mortier J.,2020,,10.3390/RS12182928,1,1,1,1,0,0,1,1,6,High
REC_1112,A coarse-to-fine visual geo-localization method for GNSS-denied UAV with oblique-view imagery,Ye Q.,2024,,10.1016/j.isprsjprs.2024.05.006,1,0,1,0,1,1,1,1,6,High
REC_1113,Towards UAV Localization in GNSS-Denied Environments: The SatLoc Dataset and a Hierarchical Adaptive Fusion Framework,Zhou X.,2025,,10.3390/rs17173048,1,1,1,1,1,0,1,1,7,High
REC_1114,I-NAV: Inverse Navigation for questionnaire-based geolocation in GPS-denied environments,Qazi S.,2026,,10.1016/j.array.2026.100978,1,0,0,1,1,0,1,1,5,Medium
REC_1115,SWA-PF: Semantic-weighted adaptive particle filter for memory-efficient 4-DoF UAV localization in GNSS-denied environments,Yuan J.,2026,,10.1016/j.patcog.2026.114522,1,1,1,1,1,0,1,1,7,High
REC_1116,Development of a Visual SLAM-Based Autonomous UAV System for Greenhouse Plant Monitoring,Lin J.-H.,2026,,10.3390/drones10030205,1,1,1,0,1,0,1,1,6,High
REC_1117,Enhancing Visual–Inertial Odometry Robustness and Accuracy in Challenging Environments,Minervini A.,2025,,10.3390/robotics14060071,1,1,1,1,1,0,1,1,7,High
REC_1118,GNSS-denied UAV indoor navigation with UWB incorporated visual inertial odometry,Lin H.-Y.,2023,,10.1016/j.measurement.2022.112256,1,1,1,0,1,0,1,1,6,High
REC_1119,A Low-Cost Experimental Quadcopter Drone Design for Autonomous Search-and-Rescue Missions in GNSS-Denied Environments,Allan S.,2025,,10.3390/drones9080523,1,1,0,0,1,0,1,1,5,Medium
REC_1120,GNSS-denied geolocalization of UAVs using terrain-weighted constraint optimization,Yao F.,2024,,10.1016/j.jag.2024.104277,1,1,1,0,1,1,1,1,7,High
REC_1121,HCCNet: Hybrid Coupled Cooperative Network for Robust Indoor Localization,Zhang L.,2024,,10.1145/3665645,1,1,1,0,1,0,1,1,6,High
REC_1122,Multi-modality Fusion Global Localization Method for UGVs in Rough Terrain GNSS-Denied Environments,Zhao X.,2023,,10.1007/978-981-19-6613-2_147,1,1,1,0,1,0,1,1,6,High
REC_1123,A Novel Scene-Matching Positioning Approach for Low-Altitude UAVs Considering Elevation Differences in Satellite Images,Zhang X.,2026,,10.1109/JIOT.2026.3664077,1,0,1,0,1,0,1,1,5,Medium
REC_1124,Real-Time Elevation and Orientation-Aware Visual Localization for GNSS-Denied Drone Navigation,Fares H.,2026,,10.3390/drones10060445,1,0,1,1,1,0,1,1,6,High
REC_1125,Flight in GPS-denied environment: Autonomous navigation system for micro-aerial vehicle,Lu H.,2022,,10.1016/j.ast.2022.107521,1,0,0,0,1,0,1,1,4,Medium
REC_1126,Centralised cooperative UAV navigation in GPS-denied environments,Gökçay M.A.,2025,,10.1504/IJSA.2025.150666,1,1,1,1,0,0,1,1,6,High
REC_1127,Swarm UAVs for Area Mapping in GPS-Denied Locations,Golan D.,2024,,10.1117/12.3013898,1,1,1,0,1,0,1,1,6,High
REC_1128,Self-calibrated Navigation System Based on Fusion of Distance Measurement and Visual Odometry,Li Y.,2024,,10.1007/978-981-97-1107-9_35,1,1,1,0,1,1,1,1,7,High
REC_1129,GPS-Denied Global Visual-Inertial Ground Vehicle State Estimation via Image Registration,Litman Y.,2022,,10.1109/ICRA46639.2022.9812364,1,0,0,1,0,0,1,1,4,Medium
REC_1130,Robust GNSS-denied localization for UAV using particle filter and visual odometry,Jurevičius R.,2019,,10.1007/s00138-019-01046-4,1,1,1,1,0,0,1,1,6,High
REC_1131,Enhancing UAV Autonomy and Path Optimization Through SBAS and Visual-Inertial Odometry; [Mejora de la autonomía de UAV y optimización de trayectorias mediante odometría visual–inercial integrada con SBAS],Arumugam V.,2026,,10.15446/ing.investig.119122,1,0,1,0,1,0,1,1,5,Medium
REC_1132,Minimalistic approach for monocular SLAM system applied to micro aerial vehicles in GPS-denied environments,Urzua S.,2018,,10.1177/0142331217747343,1,1,1,0,0,0,1,1,5,Medium
REC_1133,UAV circumnavigating an unknown target under a GPS-denied environment with range-only measurements,Cao Y.,2015,,10.1016/j.automatica.2015.03.007,1,0,0,0,0,0,1,1,3,Low
REC_1134,A Decision-Making Framework for Autonomous Aerial Vehicles in Responding to GPS Loss,Prell R.,2026,,10.2514/6.2026-1992,1,1,0,1,1,0,1,1,6,High
REC_1135,UAV Localization in Low-Altitude GNSS-Denied Environments Based on POI and Store Signage Text Matching in UAV Images,Liu Y.,2023,,10.3390/drones7070451,1,0,1,0,1,0,1,1,5,Medium
REC_1136,A Visual-Inertial Fusion Mapping and Localization System Using AprilTag in GNSS-Denied Scenes,Wu Z.,2023,,10.1007/978-981-99-6504-5_23,1,1,1,0,1,0,1,1,6,High
REC_1137,"Integrated guidance, navigation, and control system for a UAV in a GPS denied environment",Hong J.-H.,2018,,10.5220/0006908204400447,1,1,0,0,0,0,1,1,4,Medium
REC_1138,Visual Simultaneous Localization and Mapping (vSLAM) of Driverless Car in GPS-Denied Areas †,Kanwal A.,2021,,10.3390/engproc2021012049,1,1,1,1,0,1,1,1,7,High
REC_1139,Vision-controlled micro flying robots: From system design to autonomous navigation and mapping in GPS-denied environments,Scaramuzza D.,2014,,10.1109/MRA.2014.2322295,1,1,0,0,1,0,1,1,5,Medium
REC_1140,UAV navigation in large-scale GPS-denied bridge environments using fiducial marker-corrected stereo visual-inertial localisation,Wang F.,2023,,10.1016/j.autcon.2023.105139,1,1,1,1,1,1,1,1,8,High
REC_1141,"A ROS Multi-Tier UAV Localization Module Based on GNSS, Inertial and Visual-Depth Data",Antonopoulos A.,2022,,10.3390/drones6060135,1,0,0,0,1,1,1,1,5,Medium
REC_1142,Dual Quaternion-Based Unscented Kalman Filter with Visual Inertial Odometry for navigation in GPS-denied environments,Khalifa M.,2026,,10.1016/j.measurement.2026.121964,1,1,1,1,1,1,1,1,8,High
REC_1143,Multi-Robot Cooperative 3D Frontier Exploration Using Stereo Camera Based Mapping in GPS-Denied Environments,Yadav R.,2026,,10.2514/6.2026-0859,1,1,0,0,0,0,1,1,4,Medium
REC_1144,Mobile robot motion control and autonomous navigation in GPS-denied outdoor environments using 3D laser scanning,Yang Q.,2019,,10.1108/AA-02-2018-029,1,0,1,0,1,0,1,1,5,Medium
REC_1145,Enhancing Integrated Navigation with a Self-Attention LSTM Hybrid Network for UAVs in GNSS-Denied Environments,Wang Z.,2025,,10.3390/drones9040279,1,0,1,1,1,0,1,1,6,High
REC_1146,Micro-radar and UWB aided UAV navigation in GNSS denied environment,Zahran S.,2018,,10.5194/isprs-archives-XLII-1-469-2018,1,1,1,0,1,0,1,1,6,High
REC_1147,LiDAR-Based High-Precision Mapping and GNSS-Denied Localiztion for UAV,Tu Z.,2023,,10.1007/978-981-99-0479-2_275,1,1,0,0,1,0,1,1,5,Medium
REC_1148,UAV-Based Structural Health Monitoring Using a Two-Stage CNN Model with Lighthouse Localization in GNSS-Denied Environments,Chu T.S.C.,2025,,10.28991/HIJ-2025-06-02-03,1,0,1,0,1,0,1,1,5,Medium
REC_1149,Simultaneous Localization and Mapping using Sensor Fusion for UAV Navigation in GPS-Denied Environments,Ramirez R.,2026,,10.2514/6.2026-0855,1,1,0,0,1,1,1,1,6,High
REC_1150,NaviLoc: Trajectory-Level Visual Localization for GNSS-Denied UAV Navigation,Shpagin P.,2026,,10.3390/drones10020097,1,0,1,1,1,1,1,1,7,High
REC_1151,A Heterogeneous Multirobot System for Autonomous Object Retrieval in Challenging GNSS-Denied Maritime Environment,Chen Q.,2025,,10.1002/rob.70011,1,0,0,0,1,1,1,1,5,Medium
REC_1152,An Online Solution of LiDAR Scan Matching Aided Inertial Navigation System for Indoor Mobile Mapping,Niu X.,2017,,10.1155/2017/4802159,1,1,1,1,0,0,1,1,6,High
REC_1153,UAV Sensor Data Fusion for Localization Using Adaptive Multiscale Feature Matching Mechanisms Under GPS-Deprived Environment,Wang Y.-S.,2025,,10.3390/aerospace12121048,1,1,1,1,1,0,1,1,7,High
REC_1154,A Generic Plug and Play Navigation Fusion Strategy for Land Vehicles in GNSS Denied Environment,Lai J.,2019,,10.16356/j.1005-1120.2019.02.002,1,1,1,1,0,0,1,1,6,High
REC_1155,Relative Navigation of UAV Swarm in a GPS Denied Environment1,Belfadel D.,2023,,10.1117/12.2664917,1,1,0,0,0,0,1,1,4,Medium
REC_1156,Georeferenced UAV Localization in Mountainous Terrain Under GNSS-Denied Conditions,Lee I.,2025,,10.3390/drones9100709,1,1,1,1,1,0,1,1,7,High
REC_1157,Vision-based heading estimation for navigation of a micro-aerial vehicle in GNSS-denied staircase environment using vanishing point,Anbarasu B.,2024,,10.1007/s42401-024-00282-5,1,1,1,1,0,1,1,1,7,High
REC_1158,Neural Network-Based SLAM/GNSS Fusion Localization Algorithm for Agricultural Robots in Orchard GNSS-Degraded or Denied Environments,Zhou H.,2025,,10.3390/agriculture15151612,1,0,1,1,1,0,1,1,6,High
REC_1159,GPS-Denied Navigation Aided by Synthetic Aperture Radar Using the Range-Doppler Algorithm,Lindstrom C.,2022,,10.33012/navi.533,1,1,1,0,0,0,1,1,5,Medium
REC_1160,Towards Large-Scale Relative Localization in Multi-Robot Systems with Dynamic UWB Role Allocation,Moron P.T.,2022,,10.1109/ICRAE56463.2022.10054614,1,1,1,0,1,0,1,1,6,High
REC_1161,Lidar Inertial Odometry and Mapping for Autonomous Vehicle in GPS-Denied Parking Lot,Chen X.,2020,,10.4271/2020-01-0103,1,1,1,1,1,0,1,1,7,High
REC_1162,Enhanced deep reinforcement learning for integrated navigation in multi-UAV systems,CAO Z.,2025,,10.1016/j.cja.2025.103497,1,1,0,0,1,0,1,1,5,Medium
REC_1163,A comparative study of TERCOM-EKF and ViSensorRF for UAV localization in GNSS-denied environments,Jarraya I.,2026,,10.1016/j.rineng.2025.108279,1,1,1,0,0,1,1,1,6,High
REC_1164,Lightweight and accurate infrared rangefinder-fused LiDAR-inertial localization for UAV-based bridge inspection in GPS-denied environments,Kong A.,2026,,10.1016/j.measurement.2025.118983,1,1,1,1,1,1,1,1,8,High
REC_1165,UAV Localization in GPS-Denied Environments: A Review,Wu Y.,2026,,10.1109/TSMC.2026.3708505,1,0,1,0,1,0,1,1,5,Medium
REC_1166,VIO-UWB-Based Collaborative Localization and Dense Scene Reconstruction within Heterogeneous Multi-Robot Systems,Queralta J.P.,2022,,10.1109/ICARM54641.2022.9959470,1,1,0,0,0,0,1,1,4,Medium
REC_1167,APF-Driven Lightweight UAV Swarm Trajectory Optimization in GNSS-Denied Air–Terrestrial Navigation,Guo R.,2026,,10.3390/electronics15061207,1,1,1,1,0,0,1,1,6,High
REC_1168,Self-localization of tethered drones without a cable force sensor in GPS-denied environments,Al-Radaideh A.,2021,,10.3390/drones5040135,1,1,1,1,0,0,1,1,6,High
REC_1169,AI-Enhanced Thermal–Visual–Inertial Odometry and Autonomous Planning for GPS-Denied Search-and- Rescue Robotics,Almalkawi I.T.,2026,,10.3390/s26082462,1,1,1,0,0,1,1,1,6,High
REC_1170,Simultaneous Localization and Mapping (SLAM) and Data Fusion in Unmanned Aerial Vehicles: Recent Advances and Challenges,Gupta A.,2022,,10.3390/drones6040085,1,1,0,0,0,0,1,1,4,Medium
REC_1171,"LiDAR-Based Multi-Modal UAV Navigation Dataset for Robust Benchmarking in Complex-Structured, GNSS-Denied Industrial Environments",Qiu Z.,2026,,10.3390/drones10080611,1,1,0,1,0,0,1,1,5,Medium
REC_1172,LiDAR Inertial Mapping of Non-Manhattan Topologies for UAV-Based Aircraft Inspection in GNSS-Denied Environments,Pugliese R.,2022,,10.1016/j.ifacol.2023.01.132,1,1,0,0,0,1,1,1,5,Medium
REC_1173,2D LIDAR SLAM Localization System for a Mobile Robotic Platform in GPS Denied Environment,Raikwar S.,2023,,10.1007/s42853-023-00176-y,1,1,1,0,0,0,1,1,5,Medium
REC_1174,TerraSLAM: Towards GPS-Denied Localization,Xu J.,2025,,10.1145/3711875.3729144,1,0,1,1,0,0,1,1,5,Medium
REC_1175,Deep Learning for Autonomous UAV Navigation: Multi-Modal Visual-Inertial Pose Estimation in GPS-Denied Environments,Izadbakhsh S.,2026,,10.5194/isprs-annals-X-4-W8-2025-389-2026,1,1,1,1,1,0,1,1,7,High
REC_1176,Road Semantic-Enhanced Land Vehicle Integrated Navigation in GNSS Denied Environments,Zhang Q.,2024,,10.1109/TITS.2024.3449892,1,1,1,0,0,0,1,1,5,Medium
REC_1177,Monocular Vision-aided Depth Measurement from RGB Images for Autonomous UAV Navigation,Padhy R.P.,2023,,10.1145/3550485,1,1,1,0,0,0,1,1,5,Medium
REC_1178,Aerial-Ground Robots Collaborative 3D Mapping in GNSS-Denied Environments,Yue Y.,2022,,10.1109/ICRA46639.2022.9812319,1,0,1,0,0,0,1,1,4,Medium
REC_1179,"A comparison of SWaP-limited, visual-inertial odometry systems for GPS-denied navigation",Mise O.,2020,,10.1117/12.2554456,1,0,1,0,0,0,1,1,4,Medium
REC_1180,Error Modelling and Optimal Estimation of Laser Scanning Aided Inertial Navigation System in GNSS-Denied Environments,Liu W.I.,2019,,10.1017/S037346331800084X,1,0,1,1,1,0,1,1,6,High
REC_1181,Positioning System for UAV Precision Tasks Near Walls in GPS Denied and Metallic Environments,Orjales F.,2020,,10.1007/978-3-030-36150-1_26,1,1,1,0,0,0,1,1,5,Medium
REC_1182,An Aerial and Ground Multi-Agent Cooperative Location Framework in GNSS-Challenged Environments,Xu H.,2022,,10.3390/rs14195055,1,1,1,1,0,0,1,1,6,High
REC_1183,Co-Operatively Increasing Smoothing and Mapping Based on Switching Function,Wang R.,2024,,10.3390/app14041543,1,1,1,0,0,0,1,1,5,Medium
REC_1184,GNSS-denied UAV localization with satellite and aerial image matching,Lin H.-Y.,2025,,10.1016/j.rineng.2025.108132,1,0,1,1,1,0,1,1,6,High
REC_1185,UAV swarm distributed cooperative localization in GNSS-denied environments: an ICMC and ACPM Fusion approach,Yue W.,2026,,10.1016/j.adhoc.2026.104363,1,1,1,1,0,1,1,1,7,High
REC_1186,Landmarks based path planning for UAVs in GPS-denied areas,Singh S.,2016,,10.1016/j.ifacol.2016.03.086,1,0,0,0,0,1,1,1,4,Medium
REC_1187,Group coordination and path replan tactics in GPS denied environments,Suresh M.,2016,,10.1109/ICUAS.2016.7502646,1,1,1,0,0,0,1,1,5,Medium
REC_1188,GPS-Denied State Estimation for Blue/NDAA Unmanned Multi-Rotor Vehicles,Phillips G.,2023,,10.2514/6.2023-2666,1,0,1,0,1,0,1,1,5,Medium
REC_1189,"Leonardo Drone Contest Autonomous Drone Competition: Overview, Results, and Lessons Learned from Politecnico di Milano Team",Roggi G.,2023,,10.1007/s10846-023-01855-w,1,1,0,0,1,0,1,1,5,Medium
REC_1190,Reduction of GNSS-Denied inertial navigation errors for fixed wing autonomous unmanned air vehicles,Gallo E.,2022,,10.1016/j.ast.2021.107237,1,1,1,0,0,1,1,1,6,High
REC_1191,Computationally Light Spectrally Normalized Memory Neuron Network based Estimator for GPS-denied operation of Micro-UAV,Rao N.,2023,,10.1109/CoDIT58514.2023.10284327,1,1,1,1,1,0,1,1,7,High
REC_1192,Indoor UAV Localization Using a Tether,Xiao X.,2018,,10.1109/SSRR.2018.8468627,1,1,1,1,0,0,1,1,6,High
REC_1193,Adaptive Navigation Strategy for Low-Cost IMU-Assisted Vehicles in GNSS-Denied Traffic Environment,Tong B.,2025,,10.1155/atr/2762711,1,1,1,0,1,0,1,1,6,High
REC_1194,A Unmanned Aerial Vehicle (UAV)/Unmanned Ground Vehicle (UGV) Dynamic Autonomous Docking Scheme in GPS-Denied Environments,Cheng C.,2023,,10.3390/drones7100613,1,1,0,0,0,0,1,1,4,Medium
REC_1195,Autonomous landing of an UAV with a ground-based actuated infrared stereo vision system,Kong W.,2013,,10.1109/IROS.2013.6696776,1,1,0,1,0,1,1,1,6,High
REC_1196,Precision Landing of a Quadcopter Drone by Smartphone Video Guidance Sensor in a GPS-Denied Environment,Bautista N.,2023,,10.3390/s23041934,1,1,0,1,1,0,1,1,6,High
REC_1197,Autonomous Systems: Indoor Drone Navigation,Ashwin I.,2024,,10.1063/5.0226678,1,1,0,1,0,0,1,1,5,Medium
REC_1198,A general purpose configurable controller for indoors and outdoors GPS-denied navigation for multirotor Unmanned Aerial Vehicles,Pestana J.,2014,,10.1007/s10846-013-9953-0,1,1,1,0,1,0,1,1,6,High
REC_1199,Dependable navigation in GPS denied environment: A multi-sensor fusion technique,Ilyas M.,2013,,10.1109/ISR.2013.6695717,1,0,1,1,1,0,1,1,6,High
REC_1200,RF-Drone: Multi-tag system for RF-ID enables drone tracking in GPS-denied environments,Lu X.,2019,,10.1587/transcom.2018DRP0005,1,1,1,1,0,0,1,1,6,High
REC_1201,A Vision-Based Technique for Unmanned Aerial Vehicles Localization,Chen L.-Y.,2025,,10.1109/ISPACS68724.2025.11382908,1,1,1,1,1,0,1,1,7,High
REC_1202,LiDAR-based 3D SLAM for autonomous navigation in stacked cage farming houses: An evaluation,Jiang J.,2025,,10.1016/j.compag.2024.109885,1,1,1,1,1,0,1,1,7,High
REC_1203,LiDAR scan matching aided inertial navigation system in GNSS-denied environments,Tang J.,2015,,10.3390/s150716710,1,1,1,0,0,0,1,1,5,Medium
REC_1204,Derivative-Enhanced Fusion Approach of Camera-IMU-UWB for GNSS-Denied UAV Navigation,Jiang H.,2025,,10.1007/978-981-96-3552-8_36,1,1,1,1,0,0,1,1,6,High
REC_1205,Research on visual autonomous navigation indoor for unmanned aerial vehicle,Zhang Y.,2017,,10.1007/s12204-017-1829-1,1,0,0,0,1,0,1,1,4,Medium
REC_1206,Robust and Cost-Effective Vision-Based Indoor UAV Localization with RWA-YOLO,Wang F.,2026,,10.3390/s26051469,1,1,1,1,1,1,1,1,8,High
REC_1207,GPS-denied indoor and outdoor monocular vision aided navigation and control of unmanned aircraft,Chowdhary G.,2013,,10.1002/rob.21454,1,1,1,0,1,0,1,1,6,High
REC_1208,Energy-Aware Adaptive Communication Topology with Edge-AI Navigation for UAV Swarms in GNSS-Denied Environments,Tulembayev A.,2026,,10.3390/drones10040273,1,1,1,1,1,1,1,1,8,High
REC_1209,Immunity-based framework for autonomous flight in GNSS-denied environment,Alnuaimi M.,2019,,10.15866/irease.v12i6.16215,1,1,1,0,1,0,1,1,6,High
REC_1210,"Experiments in Fast, Autonomous, GPS-Denied Quadrotor Flight",Mohta K.,2018,,10.1109/ICRA.2018.8463214,1,0,1,0,1,0,1,1,5,Medium
REC_1211,Onboard Modular Control and Planning for Autonomous Indoor UAV Navigation on Resource-Constrained CPUs,Junaedy A.,2025,,10.20965/jrm.2025.p1519,1,0,0,1,1,0,1,1,5,Medium
REC_1212,Autonomous drone hunter operating by deep learning and all-onboard computations in GPS-denied environments,Wyder P.M.,2019,,10.1371/journal.pone.0225092,1,1,1,0,0,0,1,1,5,Medium
REC_1213,Laser-aided navigation with loop closure capabilities for Micro Aerial Vehicles in indoor and urban environments,Crocoll P.,2014,,10.1109/PLANS.2014.6851395,1,1,1,0,1,1,1,1,7,High
REC_1214,Vectorizing earth elevation for image-based UAV localization in GNSS-denied environments,Ahmedelbadawi H.,2025,,10.1117/12.3069590,1,1,1,1,1,0,1,1,7,High
REC_1215,MiNav: Autonomous Drone Navigation Indoors Using Millimeter-Waves,Lam M.,2025,,10.1145/3749464,1,1,1,1,0,0,1,1,6,High
REC_1216,A Two-Stage Residual Extended Kalman Filter using Extreme Gradient Boosting and Kolmogorov–Arnold Networks for terrain-aided Unmanned Aerial Vehicle Localization in Global Navigation Satellite System-denied environments,Abdelkader M.,2026,,10.1016/j.engappai.2026.114430,1,1,1,1,1,1,1,1,8,High
REC_1217,Vision based UAS navigation for RFI localization,Perkins A.,2018,,10.33012/2018.16060,1,1,1,1,1,0,1,1,7,High
REC_1218,"A Simultaneous Control, Localization, and Mapping System for UAVs in GPS-Denied Environments",Munguia R.,2025,,10.3390/drones9010069,1,1,0,0,1,0,1,1,5,Medium
REC_1219,Depth-Based Safe Landing for Unmanned Aerial Vehicles in GPS-Denied Environment,Cerda M.A.,2025,,10.3390/drones9110764,1,1,0,0,1,1,1,1,6,High
REC_1220,Absolute velocity estimation of UAVs based on phase correlation and monocular vision in unknown GNSS-denied environments,Deng H.,2024,,10.1049/ipr2.13167,1,1,1,0,1,0,1,1,6,High
REC_1221,City-level aerial geo-localization based on map matching network,Tang Y.,2025,,10.1016/j.isprsjprs.2025.08.002,1,1,1,1,0,0,1,1,6,High
REC_1222,Autonomous UAV navigation in GPS denied environments using Lidar Point Clouds,Briggs M.M.,2023,,10.2514/6.2023-3626,1,1,0,0,0,0,1,1,4,Medium
REC_1223,"uVGS-2: The Micro Video Guidance Sensor: A 6-DoF Robust Pose Estimator for Autonomous Proximity Maneuvers in Drones, Spacecraft and Mobile Robot Navigation",Gutierrez H.,2026,,10.3390/drones10070535,1,1,1,0,1,0,1,1,6,High
REC_1224,LOFF: LiDAR and Optical Flow Fusion Odometry,Zhang J.,2024,,10.3390/drones8080411,1,1,1,1,1,0,1,1,7,High
REC_1225,Autonomous Navigation for Drone Swarms in GPS-Denied Environments Using Structured Learning,Power W.,2020,,10.1007/978-3-030-49186-4_19,1,1,1,0,1,0,1,1,6,High
REC_1226,The development of a mapping hovercraft for GNSS denied environments utilizing a SLAM aided navigation scheme,Tsai M.-C.,2018,,10.33012/2018.16099,1,1,1,0,0,1,1,1,6,High
REC_1227,A hybrid localization approach for UAV in GPS denied areas,Rady S.,2011,,10.1109/SII.2011.6147631,1,1,1,0,0,0,1,1,5,Medium
REC_1228,An auto-landing strategy based on pan-tilt based visual servoing for unmanned aerial vehicle in GNSS-denied environments,Chen C.,2021,,10.1016/j.ast.2021.106891,1,1,1,0,1,0,1,1,6,High
REC_1229,A Visual Navigation Algorithm for UAV Based on Visual-Geography Optimization,Xu W.,2024,,10.3390/drones8070313,1,1,1,0,1,1,1,1,7,High
REC_1230,ALM-LED: autonomous LiDAR mapping in underground space with Luojia explorer anti-collision drone,Sun S.,2025,,10.1016/j.isprsjprs.2025.09.016,1,1,1,0,1,0,1,1,6,High
REC_1231,PSD – probabilistic algorithm for mobile robot 6D localization without natural and artificial landmarks based on 2.5D map and a new type of laser scanner in GPS-denied scenarios,Niewola A.,2020,,10.1016/j.mechatronics.2019.102308,1,1,0,1,0,0,1,1,5,Medium
REC_1232,Range–Visual–Inertial Odometry with Coarse-to-Fine Image Registration Fusion for UAV Localization,Hao Y.,2023,,10.3390/drones7080540,1,0,1,0,1,0,1,1,5,Medium
REC_1233,Tightly-Coupled Air-Ground Collaborative System for Autonomous UGV Navigation in GPS-Denied Environments,Deng J.,2025,,10.3390/drones9090614,1,1,0,0,1,0,1,1,5,Medium
REC_1234,Non-visual Terrain Navigation for UAVs: A Comparative Study in GPS-Denied Environments,Jarraya I.,2025,,10.1007/978-3-031-91235-1_30,1,0,1,1,0,1,1,1,6,High
REC_1235,Autonomous Positioning System for UAV Scene Matching Under GNSS-Denied Environments,Du S.,2026,,10.3233/ATDE260245,1,1,1,0,1,0,1,1,6,High
REC_1236,Multi-sensor fusion for aerial robots in industrial GNSS-denied environments,Carrasco P.,2021,,10.3390/app11093921,1,0,1,0,1,0,1,1,5,Medium
REC_1237,Heterogeneous Sensor Information Fusion based on Kernel Adaptive Filtering for UAVs' Localization,Chen Z.,2017,,10.1109/ICInfA.2017.8078901,1,1,1,1,0,1,1,1,7,High
REC_1238,SpeedNet: dual-channel CNN-GRU network with adaptive noise fusion for robust vehicle dead reckoning in GNSS-denied environments,Qiao M.,2025,,10.1088/1361-6501/ae1314,1,1,1,1,0,1,1,1,7,High
REC_1239,Toward High-Precision SLAM Ground Truth in GNSS-Denied Large-Scale Environments,Gong Z.,2025,,10.1109/TIM.2025.3553230,1,1,1,0,1,1,1,1,7,High
REC_1240,Performance Evaluation of High-grade HRG-based INS with ZUPT & NHC aiding for Land Vehicle Navigation in GNSS-denied Environments,Kang S.,2025,,10.1109/PLANS61210.2025.11028428,1,0,1,0,0,0,1,1,4,Medium
REC_1241,Map-aided visual SLAM factor graph optimization algorithm for vehicle positioning in GNSS-denied areas,Liu Y.,2026,,10.1016/j.measurement.2025.119687,1,1,1,1,1,1,1,1,8,High
REC_1242,Towards autonomous control of quadrotor unmanned aerial vehicles in a GPS-denied urban area via laser ranger finder,Song Y.,2015,,10.1016/j.ijleo.2015.07.058,1,0,0,0,1,0,1,1,4,Medium
REC_1243,Adaptive Formation Control of UAVs near Structures for Robust Localization and Efficient Task Execution,Haneda M.,2026,,10.20965/jrm.2026.p0907,1,1,1,0,0,0,1,1,5,Medium
REC_1244,Investigation of Alternative Parameters for Immunity-based UAV Navigation in GNSS-denied Environment,Alnuaimi M.,2021,,10.1142/S2301385021500059,1,1,1,0,1,0,1,1,6,High
REC_1245,Fusion of Optical Flow and Dead Reckoning Algorithms for UAV Navigation Without GPS,Walczak J.,2025,,10.12716/1001.19.04.02,1,1,1,0,1,0,1,1,6,High
REC_1246,Cooperative Swarm Geometry Optimization for Assured Navigation with Range Radios in GNSS-Denied Environments †,Martens M.,2023,,10.3390/ENC2023-15418,1,1,1,0,0,0,1,1,5,Medium
REC_1248,Gradient perception approach: Mapless INS/geomagnetic combined navigation in GPS-denied environments,Yang S.,2026,,10.1016/j.measurement.2026.122761,1,1,1,1,1,1,1,1,8,High
REC_1249,UAV Swarm Cooperative Navigation Technology in Partial GNSS-Denied Environment,Lin S.,2025,,10.1007/978-981-96-2268-9_9,1,1,1,0,0,0,1,1,5,Medium
REC_1250,Long-Distance GNSS-Denied Visual Inertial Navigation for Autonomous Fixed-Wing Unmanned Air Vehicles: SO(3) Manifold Filter Based on Virtual Vision Sensor,Gallo E.,2023,,10.3390/aerospace10080708,1,1,1,0,0,0,1,1,5,Medium
REC_1251,Reinforcement learning based UAV formation control in GPS-denied environment,MA B.,2023,,10.1016/j.cja.2023.07.006,1,1,1,0,1,1,1,1,7,High
REC_1252,Artificial Intelligence-Based Decision Support System for UAV Control in a Simulated Environment,Sujecki P.,2026,,10.3390/s26082436,1,1,0,1,0,0,1,1,5,Medium
REC_1253,Real-Time Autonomous UAV Navigation with SLAM-Based Mapping and Direction-Oriented Exploration in Forest-like GNSS-Denied Scenarios,Wu Y.-T.,2026,,10.3390/drones10060399,1,1,1,0,1,0,1,1,6,High
REC_1254,Sensor Selection Tradeoff for Robust C-SLAM in UAV Swarm Systems for Indoor Navigation,Schweitzer T.,2025,,10.1016/j.ifacol.2025.10.248,1,1,1,0,1,0,1,1,6,High
REC_1255,A Hierarchical Absolute Visual Localization System for Low-Altitude Drones in GNSS-Denied Environments,Zhou Q.,2025,,10.3390/rs17203470,1,1,1,1,1,0,1,1,7,High
REC_1256,Multi-Agent Distributed Cooperative Localization Based on Ultra-Wideband,Lv M.,2025,,10.1109/ICCA65672.2025.11129789,1,1,1,0,1,0,1,1,6,High
REC_1257,RFID-based hybrid metric-topological SLAM for GPS-denied environments,Forster C.,2013,,10.1109/ICRA.2013.6631324,1,1,1,0,1,0,1,1,6,High
REC_1258,Image Matching-Based Visual-Inertial Integrated Navigation for UAV in GNSS-Denied Environments,Huang T.,2024,,10.1088/1742-6596/2784/1/012014,1,1,1,0,0,0,1,1,5,Medium
REC_1259,Road Similarity-Based BEV-Satellite Image Matching for UGV Localization,Yang C.,2025,,10.1109/EIECS67708.2025.11283182,1,1,1,1,0,0,1,1,6,High
REC_1260,UAV Navigation Using EKF-MonoSLAM Aided by Range-to-Base Measurements,Munguia R.,2025,,10.3390/drones9080570,1,0,1,0,1,0,1,1,5,Medium
REC_1261,Fiducial Marker–Based Localization of Autonomous UAV for Structural Health Monitoring,Waqas A.,2024,,10.1007/978-3-031-34938-6_18,1,1,0,0,1,0,1,1,5,Medium
REC_1262,Lidar- and V2X-Based Cooperative Localization Technique for Autonomous Driving in a GNSS-Denied Environment,Kang M.-S.,2022,,10.3390/rs14225881,1,1,0,0,0,0,1,1,4,Medium
REC_1263,"Navigation Error Characteristics of LIO-, VIO-, and RIMU-Assisted INS/GNSS Multi-Sensor Fusion Schemes in a GNSS-Denied Environment",Chiang K.-W.,2026,,10.3390/s26072068,1,1,1,1,0,1,1,1,7,High
REC_1264,"Gnss-denied unmanned aerial vehicle navigation: analyzing computational complexity, sensor fusion, and localization methodologies",Jarraya I.,2025,,10.1186/s43020-025-00162-z,1,1,0,0,0,0,1,1,4,Medium
REC_1265,Distributed control and navigation system for quadrotor UAVs in GPS-denied environments,Yakovlev K.,2015,,10.1007/978-3-319-11310-4_5,1,0,0,0,0,0,1,1,3,Low
REC_1266,Bearing-only visual SLAM for small unmanned aerial vehicles in GPS-denied environments,Wang C.-L.,2013,,10.1007/s11633-013-0735-8,1,1,0,0,0,0,1,1,4,Medium
REC_1267,Field-testing of a UAV-UGV team for GNSS-denied navigation in subterranean environments,Gross J.,2019,,10.33012/2019.16912,1,1,1,0,1,0,1,1,6,High
REC_1268,SOFT-SLAM: Computationally efficient stereo visual simultaneous localization and mapping for autonomous unmanned aerial vehicles,Cvišić I.,2018,,10.1002/rob.21762,1,1,1,1,0,0,1,1,6,High
REC_1269,Advanced Air Mobility Safety Challenges: Case Study on Visual SLAM for Enhanced Navigation in Unmanned Aviation Integration,Meskine W.,2026,,10.1007/978-981-95-6445-3_7,1,1,1,0,1,0,1,1,6,High
REC_1270,Navigation of UAV in GNSS denied area,Pintér M.,2024,,10.13164/eeict.2024.96,1,1,0,0,0,0,1,1,4,Medium
REC_1271,"A Localization and Calibration Method for UAVs in Underground Environments Using IMU, Barometer, and Randomly Deployed UWB Tags",Zhang G.,2025,,10.1016/j.ifacol.2025.11.519,1,1,1,0,0,0,1,1,5,Medium
REC_1272,An Efficient Framework for Autonomous UAV Missions in Partially-Unknown GNSS-Denied Environments,Mugnai M.,2023,,10.3390/drones7070471,1,1,0,0,1,0,1,1,5,Medium
REC_1273,UAV navigation using opto-electronic and inertial means in GNSS-denied environment,Savkin A.,2021,,10.1088/1742-6596/1925/1/012051,1,1,1,0,0,1,1,1,6,High
REC_1274,Integrated Air–Ground Robotic System for Autonomous Post-Blast Operations in GNSS-Denied Tunnels,Arias-Ferreiro G.,2026,,10.3390/rs18081133,1,1,1,0,0,0,1,1,5,Medium
REC_1275,A DNN-Based Optical Aided Autonomous Navigation System for UAV Under GNSS-denied Environment,Zhang Q.,2023,,10.1007/978-981-99-0479-2_326,1,1,1,1,1,0,1,1,7,High
REC_1276,A UAV location method based on aerial-satellite image matching and factor graph optimization in GNSS denied aera,Di Y.,2025,,10.1088/1361-6501/ae1249,1,0,0,0,1,0,1,1,4,Medium
REC_1277,A Physics-Guided Aeromagnetic Interference Compensation Method for Geomagnetic Sensing in GNSS-Denied UAV Swarm Systems,Wang S.,2026,,10.3390/drones10040252,1,0,1,1,1,0,1,1,6,High
REC_1278,Vision-based SLAM system for small UAVs in GPS-denied environments,Park J.,2012,,10.1061/(ASCE)AS.1943-5525.0000160,1,1,0,0,0,0,1,1,4,Medium
REC_1279,KAZE features based SLAM for autonomous UAV navigation in GPS-denied environments,Abraham C.E.,2025,,10.1117/12.3064546,1,1,1,0,0,1,1,1,6,High
REC_1281,Learning to Navigate and Track: A Decentralized RL Framework for UAV Operations in GNSS-Denied Terrain,Almalis N.D.,2026,,10.1007/978-3-032-11402-0_23,1,1,1,0,0,0,1,1,5,Medium
REC_1282,A Lidar-Inertial Navigation System for UAVs in GNSS-Denied Environment with Spatial Grid Structures,Qiu Z.,2023,,10.3390/app13010414,1,1,1,1,0,0,1,1,6,High
REC_1283,Cooperative monocular-based SLAM for multi-UAV systems in GPS-denied environments,Trujillo J.-C.,2018,,10.3390/s18051351,1,1,0,1,0,1,1,1,6,High
REC_1284,RANGE-Robust autonomous navigation in GPS-denied environments,Bachrach A.,2011,,10.1002/rob.20400,1,1,1,0,1,0,1,1,6,High
REC_1285,Unmanned autonomous aerial navigation in GPS-denied environments,Habib N.,2020,,10.18687/LACCEI2020.1.1.349,1,1,0,1,1,0,1,1,6,High
REC_1286,Hybrid camera array-based UAV auto-landing on moving UGV in GPS-denied environment,Yang T.,2018,,10.3390/rs10111829,1,1,1,0,1,0,1,1,6,High
REC_1287,Monocular object SLAM using quadrics and landmark reference map for outdoor UAV applications,Shao P.,2021,,10.1109/RCAR52367.2021.9517328,1,1,1,0,1,0,1,1,6,High
REC_1288,Improved-UWB/LiDAR-SLAM Tightly Coupled Positioning System with NLOS Identification Using a LiDAR Point Cloud in GNSS-Denied Environments,Chen Z.,2022,,10.3390/rs14061380,1,1,1,0,1,1,1,1,7,High
REC_1289,A Global ArUco-Based Lidar Navigation System for UAV Navigation in GNSS-Denied Environments,Qiu Z.,2022,,10.3390/aerospace9080456,1,1,1,1,1,0,1,1,7,High
REC_1290,An autonomous GPS-denied unmanned vehicle platform based on binocular vision for planetary exploration,Qin M.,2018,,10.5194/isprs-archives-XLII-3-1439-2018,1,1,0,0,1,0,1,1,5,Medium
REC_1291,Implementation of monocular visual SLAM with ARCog-NET for aerial robot swarm indoor mapping,Ramos G.S.,2025,,10.1038/s41598-025-28618-x,1,1,1,0,1,0,1,1,6,High
REC_1292,MVP: Magnetic vehicular positioning system for GNSS-denied environments,Wang C.-C.,2021,,10.1145/3447993.3483264,1,0,1,0,0,0,1,1,4,Medium
REC_1293,"Deployable, Data-Driven Unmanned Vehicle Navigation System in GPS-Denied, Feature-Deficient Environments",Misra S.,2022,,10.1007/s10846-022-01647-8,1,1,1,0,0,0,1,1,5,Medium
REC_1294,Localization Fusion for Aerial Vehicles in Partially GNSS Denied Environments,Bayer J.,2019,,10.1007/978-3-030-14984-0_20,1,1,0,0,1,0,1,1,5,Medium
REC_1295,Digital Twin Approach for Drift-Free UAV Localization in GPS-Denied Environments,Matiki T.,2026,,10.1061/JCCEE5.CPENG-7010,1,1,1,1,0,0,1,1,6,High
REC_1296,A novel initialization method for monocular visual inertial navigation,Cheng C.,2023,,10.1145/3638682.3638708,1,1,1,0,1,0,1,1,6,High
REC_1297,2-D UAV navigation solution with LIDAR sensor under GPS-denied environment,Ho J.C.,2021,,10.1088/1742-6596/2120/1/012026,1,1,1,1,1,0,1,1,7,High
REC_1298,Cooperative Localization for GNSS-Denied Subterranean Navigation: A UAV–UGV Team Approach,Akhihiero D.,2024,,10.33012/navi.677,1,1,1,0,0,0,1,1,5,Medium
REC_1299,Cascade-structured Visual-Inertial Navigation System for Aerial Imaginary,Nam S.,2024,,10.33012/2024.19636,1,1,1,1,0,0,1,1,6,High
REC_1300,Field-validated VIO-MPC fusion for autonomous headland turning in GNSS-denied orchards,Wang Z.,2025,,10.1016/j.atech.2025.101373,1,1,1,1,0,0,1,1,6,High
REC_1301,Collision-free Autonomous Navigation of A Small UAV Using Low-cost Sensors in GPS-denied Environments,Youn W.,2021,,10.1007/s12555-019-0797-7,1,1,1,0,1,0,1,1,6,High
REC_1302,Federated Energy-Aware Deep Reinforcement Learning for GNSS-Independent Swarm UAV Autonomy †,Almalis N.,2026,,10.3390/electronics15143064,1,1,0,1,0,0,1,1,5,Medium
REC_1303,Design and implementation of a mini quadrotor control system in GPS denied environments,Liu C.,2015,,10.1109/ICUAS.2015.7152324,1,1,1,0,0,0,1,1,5,Medium
REC_1304,Formation-Constrained Cooperative Localization for UAV Swarms in GNSS-Denied Environments,Li Q.,2026,,10.3390/s26061984,1,1,1,0,0,0,1,1,5,Medium
REC_1305,Evaluation of the Benefits of Zero Velocity Update in Decentralized Extended Kalman Filter-Based Cooperative Localization Algorithms for GNSS-Denied Multi-Robot Systems,Kilic C.,2023,,10.33012/navi.608,1,1,1,0,1,0,1,1,6,High
REC_1306,UAV Visual Localization in GNSS-Denied Environments,Wang T.-C.,2026,,10.5194/isprs-archives-XLIX-B1-2026-55-2026,1,1,1,0,1,0,1,1,6,High
REC_1307,An architecture for robust UAV navigation in GPS-denied areas,Perez-Grau F.J.,2018,,10.1002/rob.21757,1,0,0,0,0,1,1,1,4,Medium
REC_1308,Multi-sensor Data Fusion for Autonomous Unmanned Aerial Vehicle Navigation in GPS Denied Environments,ELMAS E.E.,2024,,10.47839/ijc.23.4.3762,1,0,1,0,0,0,1,1,4,Medium
REC_1309,Vision-Based Unmanned Aerial Vehicle Swarm Cooperation and Online Point-Cloud Registration for Global Localization in Global Navigation Satellite System-Intermittent Environments,Garcia G.,2026,,10.3390/drones10010065,1,1,0,1,1,0,1,1,6,High
REC_1310,Enhancing Autonomous Navigation in GNSS-Denied Environment: Obstacle Avoidance Observability-Based Path Planning for ASLAM,Elahian S.,2024,,10.18196/jrc.v5i6.23519,1,1,1,0,0,1,1,1,6,High
REC_1311,UAV Hovering Control Based on External Visual Localization for GNSS-Denied Environments,Wu J.,2025,,10.1007/978-981-96-3552-8_42,1,1,0,0,1,0,1,1,5,Medium
REC_1312,Adaptive State-Constrained Vehicle Navigation and Positioning in GNSS-Denied Environments,Yue Z.,2026,,10.1109/JSEN.2025.3648759,1,1,1,1,1,0,1,1,7,High
REC_1313,A smart hybrid vision aided inertial navigation system approach for UAVs in a GNSS denied environment,Mostafa M.M.,2018,,10.1002/navi.270,1,1,1,0,0,0,1,1,5,Medium
REC_1314,Path Planning for Autonomous Unmanned Ground Vehicles in Underground Mining,Vosbein D.,2025,,10.2514/6.2025-3354,1,1,0,0,1,0,1,1,5,Medium
REC_1315,OCC-Based Positioning Method for Autonomous UAV Navigation in GNSS-Denied Environments: An Offshore Wind Farm Simulation Study,Kim J.-H.,2025,,10.3390/s25247569,1,1,1,0,1,0,1,1,6,High
REC_1316,Automated Method for SLAM Evaluation in GNSS-Denied Areas,Merkle D.,2023,,10.3390/rs15215141,1,1,1,0,0,1,1,1,6,High
REC_1317,Cooperative visual-slam system for uav-based target tracking in gps-denied environments: A target-centric approach,Trujillo J.-C.,2020,,10.3390/electronics9050813,1,1,0,1,1,0,1,1,6,High
REC_1318,Relative Navigation of Unmanned Aerial Vehicles Based on Data Link Ranging and Partial Guidance Information,Wang Z.,2024,,10.1007/978-981-97-3332-3_19,1,0,0,0,0,0,1,1,3,Low
REC_1319,Design and implementation of an autonomous electric vehicle for self‐driving control under gnss‐denied environments,Barzegar A.,2021,,10.3390/app11083688,1,1,0,0,1,0,1,1,5,Medium
REC_1320,Radar and visual odometry integrated system aided navigation for UAVS in GNSS denied environment,Mostafa M.,2018,,10.3390/s18092776,1,1,1,0,1,0,1,1,6,High
REC_1321,A Localization and Mapping Algorithm Based on Improved LVI-SAM for Vehicles in Field Environments,Han L.,2023,,10.3390/s23073744,1,1,1,1,1,0,1,1,7,High
REC_1322,Indoor SLAM for Micro Aerial Vehicles Control Using Monocular Camera and Sensor Fusion,García S.,2016,,10.1109/ICARSC.2016.46,1,1,0,0,1,0,1,1,5,Medium
REC_1323,Robust and accurate deterministic visual odometry,Bénet P.,2020,,10.33012/2020.17586,1,1,1,0,1,1,1,1,7,High
REC_1324,Phased Array Radio Navigation: UAV Field Tests During GNSS Jamming,Gryte K.,2024,,10.1109/ICUAS60882.2024.10557081,1,0,0,0,1,0,1,1,4,Medium
REC_1325,Multi-Agent Collaborative Navigation Based on Cross-View Matching,Qiao T.,2025,,10.1109/RAIIE65740.2025.11140339,1,1,1,1,1,0,1,1,7,High
REC_1326,Problems solved during AEROBOT-2021 UAV Challenge,Abdulov A.,2022,,10.1016/j.procs.2022.09.267,1,0,1,0,1,0,1,1,5,Medium
REC_1327,Invariant observer-based state estimation for micro-aerial vehicles in GPS-denied indoor environments using an RGB-D camera and MEMS inertial sensors,Li D.,2015,,10.3390/mi6040487,1,1,0,0,1,0,1,1,5,Medium
REC_1328,Multi-Sensor-Fusion Localization Assisted By Pole-Like Objects In Long Range GNSS Degraded Environment,Ma Y.,2022,,10.33012/2022.18548,1,1,1,0,0,0,1,1,5,Medium
REC_1329,Review of Navigation Methods for UAV-Based Parcel Delivery,Dissanayaka D.,2024,,10.1109/TASE.2022.3232025,1,1,1,1,0,0,1,1,6,High
REC_1330,UAV VISUAL AUTOLOCALIZATON BASED on AUTOMATIC LANDMARK RECOGNITION,Filho P.S.,2017,,10.5194/isprs-annals-IV-2-W3-89-2017,1,1,0,0,1,0,1,1,5,Medium
REC_1331,"Model-Based RL Decision-Making for UAVs Operating in GNSS-Denied, Degraded Visibility Conditions with Limited Sensor Capabilities",Boiteau S.,2025,,10.3390/drones9060410,1,1,0,1,1,0,1,1,6,High
REC_1332,A Relative Infrastructure-less Localization Algorithm for Decentralized and Autonomous Swarm Formation,Schindler D.,2023,,10.1109/IROS55552.2023.10342168,1,1,1,1,1,0,1,1,7,High
REC_1333,Robust and accurate visual geo-localization using prior map constructed by handheld LiDAR SLAM with camera image and terrestrial LiDAR point cloud,Yang Z.,2024,,10.1080/17538947.2024.2416468,1,1,1,0,0,0,1,1,5,Medium
REC_1334,An Autonomous Relative Navigation Algorithm Based on Interframe and Scene Matching,Wang J.,2025,,10.1007/978-981-96-2208-5_31,1,1,1,0,1,0,1,1,6,High
REC_1335,Adaptive Localization in Challenging Environments Using QR Codes and V2X Communication,Dehbi M.,2025,,10.1109/ICC52391.2025.11160984,1,1,1,0,1,0,1,1,6,High
REC_1336,Multi-sensor robust relative estimation framework for GPS-denied multirotor aircraft,Koch D.P.,2016,,10.1109/ICUAS.2016.7502619,1,0,0,0,1,0,1,1,4,Medium
REC_1337,CPFL: Resilient Continuous UAV Localization via Cross-View Perception and Particle Filtering,Su C.,2026,,10.3390/drones10060437,1,1,1,1,1,1,1,1,8,High
REC_1338,Multiple drone navigation and formation using selective target tracking-based computer vision,Upadhyay J.,2021,,10.3390/electronics10172125,1,1,1,1,0,0,1,1,6,High
REC_1339,Offline Navigation (Homing) of Aerial Vehicles (Quadcopters) in GPS Denied Environments,Mondal M.,2021,,10.1142/S2301385021500102,1,0,0,0,1,0,1,1,4,Medium
REC_1340,Geolocalization from Aerial Sensing Images Using Road Network Alignment,Li Y.,2024,,10.3390/rs16030482,1,0,1,1,1,0,1,1,6,High
REC_1341,Consensus and Quantum Particle Swarm Optimization-Based Cooperative Navigation Method,Zhang C.,2026,,10.1007/978-981-95-3025-0_38,1,1,1,1,0,0,1,1,6,High
REC_1342,A comparison of UWB and motion capture uav indoor positioning,Masiero A.,2019,,10.5194/isprs-archives-XLII-2-W13-1695-2019,1,1,1,0,0,1,1,1,6,High
REC_1343,A Visual-Inertial Localization Method With Fusion of Vehicle Motion Features,Tian D.,2025,,10.1109/ICSMD67131.2025.11365501,1,1,1,1,0,1,1,1,7,High
REC_1344,An Efficient Real-Time Indoor Autonomous Navigation and Path Planning System for Drones Based on RGB-D Sensor,Xiao R.,2020,,10.1007/978-981-32-9050-1_4,1,1,0,0,1,0,1,1,5,Medium
REC_1345,Monocular UAV Localisation With Deep Learning and Uncertainty Propagation,Oh X.,2022,,10.1109/LRA.2022.3186750,1,1,1,1,1,0,1,1,7,High
REC_1346,Tag-based visual-inertial localization of unmanned aerial vehicles in indoor construction environments using an on-manifold extended Kalman filter,Kayhani N.,2022,,10.1016/j.autcon.2021.104112,1,1,1,0,0,1,1,1,6,High
REC_1347,A Ground Moving Target Tracking System for a Quadrotor in GPS-Denied Environments,Guo J.,2022,,10.1007/978-981-15-8155-7_246,1,1,1,0,1,0,1,1,6,High
REC_1348,LiDAR-odometry based UAV pose estimation in young forest environment,Ouattara I.,2022,,10.1016/j.ifacol.2022.11.121,1,1,0,0,0,1,1,1,5,Medium
REC_1349,INS/Odometer/Trackmap-aided Railway Train Localization under GNSS Jamming Conditions,Cao Z.,2022,,10.1109/IV51971.2022.9827385,1,0,1,1,0,0,1,1,5,Medium
REC_1350,GO-SLAM: GPS-Aided Visual-Inertial SLAM for Adaptive UAV Navigation in Outdoor-Indoor Environments,Wicaksono M.,2025,,10.1109/TIM.2025.3538081,1,1,0,0,1,0,1,1,5,Medium
REC_1351,A UWB-AOA/IMU Integrated Navigation System for 6-DoF Indoor UAV Localization,Zhao P.,2025,,10.3390/drones9080546,1,1,1,1,1,0,1,1,7,High
REC_1352,Visual-Inertial Method for Localizing Aerial Vehicles in GNSS-Denied Environments,Tonini A.,2024,,10.3390/app14209493,1,1,1,1,0,0,1,1,6,High
REC_1353,Ultra-wideband and odometry-based cooperative relative localization with application to multi-UAV formation control,Guo K.,2020,,10.1109/TCYB.2019.2905570,1,1,1,0,1,0,1,1,6,High
REC_1354,A Comparison of LiDAR-based SLAM Systems for Control of Unmanned Aerial Vehicles,Milijas R.,2021,,10.1109/ICUAS51884.2021.9476802,1,1,1,1,1,0,1,1,7,High
REC_1355,A distributed approach for lidar-based relative state estimation of multi-UAV in GPS-denied environments,SHEN H.,2022,,10.1016/j.cja.2021.04.021,1,1,1,0,1,1,1,1,7,High
REC_1356,Autonomous quadrotor collision avoidance and destination seeking in a GPS-denied environment,Kirven T.,2021,,10.1007/s10514-020-09949-2,1,1,0,0,1,0,1,1,5,Medium
REC_1357,Experimental Validation of Autonomous Search for an RF Emitter in an Unknown Indoor Environment,Ly K.H.,2026,,10.1109/CAI68641.2026.11536414,1,1,1,0,1,0,1,1,6,High
REC_1358,An experimental analysis of outdoor UAV localisation through diverse estimators and crowd-sensed data fusion,Ahmed M.M.,2024,,10.1016/j.phycom.2024.102475,1,1,1,0,1,0,1,1,6,High
REC_1359,Low-Compute Event-Based Navigation for Micro-Drones in Confined Subterranean Environments,Hen T.,2026,,10.1109/ICUAS69441.2026.11598632,1,1,1,1,1,1,1,1,8,High
REC_1360,A comparative study of bug algorithms for robot navigation,McGuire K.N.,2019,,10.1016/j.robot.2019.103261,1,1,1,0,1,0,1,1,6,High
REC_1361,Range-based collaborative relative navigation for multiple unmanned aerial vehicles using consensus extended Kalman filter,Gong B.,2021,,10.1016/j.ast.2021.106647,1,1,1,0,1,1,1,1,7,High
REC_1362,Unmanned Aerial Vehicle Navigation in Complex Environments: A Review,Swe S.H.M.,2026,,10.1109/EECR69522.2026.11548661,1,0,0,0,1,0,1,1,4,Medium
REC_1363,CSLAM and GPS based navigation for multi-UAV cooperative transportation system,Yu H.,2019,,10.1007/978-3-030-27535-8_29,1,1,1,1,0,0,1,1,6,High
REC_1364,On the precision of 6 DoF IMU-LiDAR based localization in GNSS-denied scenarios,Frosi M.,2023,,10.3389/frobt.2023.1064930,1,1,1,1,1,1,1,1,8,High
REC_1365,Coordination and Planning Algorithms for a UAS Fleet in GPS-Denied Environments,Kumar N.,2026,,10.2514/6.2026-1091,1,1,1,1,0,0,1,1,6,High
REC_1366,Cooperative Localisation of a GPS-Denied UAV in 3-Dimensional Space Using Direction of Arrival Measurements,Russell J.S.,2017,,10.1016/j.ifacol.2017.08.1226,1,1,1,0,0,0,1,1,5,Medium
REC_1367,Simulation and Experimental Evaluation of a Vehicle–Road Cooperative Positioning Method in Global Navigation Satellite Systems (GNSS)-Denied Environments,Shen C.,2026,,10.4271/12-09-04-0029,1,1,1,1,1,1,1,1,8,High
REC_1368,Key-Region-Based UAV Visual Navigation,Karnes M.,2024,,10.5194/isprs-archives-XLVIII-2-2024-173-2024,1,0,0,1,1,0,1,1,5,Medium
REC_1369,Mobile Robot 6-D Localization Using 3-D Gaussian Mixture Maps in GPS-Denied Environments,Niewola A.,2022,,10.1109/MIS.2020.3046138,1,0,1,0,0,0,1,1,4,Medium
REC_1370,Cooperative navigation for UAVs in GNSS-denied area based on optimized belief propagation,Li J.,2022,,10.1016/j.measurement.2022.110797,1,1,0,0,1,0,1,1,5,Medium
REC_1372,Accuracy evaluation of selected mobile inspection robot localization techniques in a gnss-denied environment,Szrek J.,2021,,10.3390/s21010141,1,0,1,1,0,0,1,1,5,Medium
REC_1373,Enabling UAV navigation with sensor and environmental uncertainty in cluttered and GPS-denied environments,Vanegas F.,2016,,10.3390/s16050666,1,1,0,0,1,0,1,1,5,Medium
REC_1374,Monocular visual slam based on a cooperative uav–target system,Trujillo J.-C.,2020,,10.3390/s20123531,1,1,1,0,1,0,1,1,6,High
REC_1375,Adaptive and Resilient Consensus for UAV-UGV Teams via Virtual Agent Mediation and Topology Switching,Guo F.,2025,,10.1109/ROBIO66223.2025.11376277,1,1,1,0,0,0,1,1,5,Medium
REC_1376,Efficient visual odometry and mapping for Unmanned Aerial Vehicle using ARM-based stereo vision pre-processing system,Fu C.,2015,,10.1109/ICUAS.2015.7152384,1,1,1,1,1,0,1,1,7,High
REC_1377,Ultra-Wideband-Based Precise Localization of Autonomous Vehicle in GPS-Denied Environments,Lee S.-M.,2021,,10.1007/978-981-16-4803-8_5,1,1,0,0,0,0,1,1,4,Medium
REC_1378,Optical Flow Sensor/INS/Magnetometer Integrated Navigation System for MAV in GPS-Denied Environment,Shen C.,2016,,10.1155/2016/6105803,1,1,1,0,1,0,1,1,6,High
REC_1379,VLM-Guided and Spatially Consistent Cross-View Matching and Localization of UGVs in UAV-Stitched Map,Yang Y.,2025,,10.3390/drones9120873,1,1,1,1,1,0,1,1,7,High
REC_1380,A Real-World Benchmark of Monte Carlo-Assisted EKF Odometry for Online Pose Estimation in 2D LiDAR SLAM,Kudriashov A.,2026,,10.3390/s26134264,1,1,1,0,0,1,1,1,6,High
REC_1381,Perception-and-Energy-aware Motion Planning for UAV using Learning-based Model under Heteroscedastic Uncertainty,Takemura R.,2024,,10.1109/ICRA57147.2024.10610390,1,1,1,0,1,0,1,1,6,High
REC_1382,Monocular Vision Aided Inertial Positioning Method based on Centroid Extraction Applicable to GNSS Denied Environments,Dai M.,2023,,10.1109/IPEC57296.2023.00022,1,1,1,0,1,0,1,1,6,High
REC_1383,AIM: Acoustic Inertial Measurement for Indoor Drone Localization and Tracking,Sun Y.,2023,,10.1145/3560905.3568499,1,1,1,1,1,1,1,1,8,High
REC_1384,Combined laser and vision-aided inertial navigation for an indoor unmanned aerial vehicle,Magree D.,2014,,10.1109/ACC.2014.6858995,1,1,0,0,1,1,1,1,6,High
REC_1385,GRAPPE: Game-Theoretic Approach for Precise Positioning in GNSS-Denied Environments,Siraj M.S.,2025,,10.1109/GLOBECOM59602.2025.11432086,1,1,1,1,0,0,1,1,6,High
REC_1386,LightdenseYOLO: A fast and accurate marker tracker for autonomous UAV landing by visible light camera sensor on drone,Nguyen P.H.,2018,,10.3390/s18061703,1,1,1,1,1,0,1,1,7,High
REC_1387,An Integrated RF Sensor Design for Anchor-Free Collaborative Localization in GNSS-Denied Environments,Bai D.,2025,,10.3390/electronics14081667,1,1,1,0,1,0,1,1,6,High
REC_1388,Design and Performance Validation of Integrated Navigation System Based on Geometric Range Measurements and GIS Map for Urban Aerial Navigation,Park G.,2020,,10.1007/s12555-019-1059-4,1,1,1,1,1,0,1,1,7,High
REC_1389,Rapid Radio Map Construction via Vehicle-Based SLAM in GNSS-Denied Environments,Shin B.,2026,,10.3390/s26165049,1,1,1,0,0,0,1,1,5,Medium
REC_1390,GTS-SLAM: A Tightly-Coupled GICP and 3D Gaussian Splatting Framework for Robust Dense SLAM in Underground Mines,Liu Y.,2026,,10.3390/vehicles8040079,1,0,1,0,0,1,1,1,5,Medium
REC_1391,Rapid development methodology of agricultural robot navigation system working in GNSS-denied environment,Zhao R.-M.,2023,,10.1007/s40436-023-00438-0,1,1,1,0,0,1,1,1,6,High
REC_1392,A Vision/Map Attitude Matrix Aided IMU/Odometer Integrated Navigation Method,Li Z.,2022,,10.1109/ICUS55513.2022.9987065,1,1,1,0,1,0,1,1,6,High
REC_1393,ST-DCL: A Spatio-Temporally Decoupled Cooperative Localization Method for Dynamic Drone Swarms,Wu H.,2026,,10.3390/drones10010069,1,1,1,1,1,1,1,1,8,High
REC_1394,Infrared-inertial navigation for commercial aircraft precision landing in low visibility and gps-denied environments,Zhang L.,2019,,10.3390/s19020408,1,1,0,0,1,0,1,1,5,Medium
REC_1395,Fast Monocular Visual-Inertial Odometry With Point-Line Features and Vanishing Point Constraints,Sun J.,2025,,10.1109/LSENS.2025.3565321,1,0,1,0,0,0,1,1,4,Medium
REC_1396,A study on cooperative navigation algorithms for UAV formations based on array signal detection,Wang J.,2025,,10.1088/1361-6501/addc05,1,0,1,0,0,0,1,1,4,Medium
REC_1397,Bio-inspired monocular drone SLAM,Catal O.,2022,,10.1145/3522784.3522788,1,1,0,0,1,0,1,1,5,Medium
REC_1398,Autonomous lighting audits: Part 1 - Building navigation and mapping,Bay C.J.,2014,,10.1115/dscc2014-6125,1,1,1,1,0,0,1,1,6,High
REC_1399,Adaptive Texture-Aware Pixel Selection for Robust Direct Visual Odometry in UAV Navigation,Gaia J.,2026,,10.1109/ICUAS69441.2026.11598726,1,1,1,0,1,1,1,1,7,High
REC_1400,Indoor SLAM for micro aerial vehicles using visual and laser sensor fusion,López E.,2016,,10.1007/978-3-319-27146-0_41,1,1,0,0,1,0,1,1,5,Medium
REC_1401,TSFNet: A Two-Stage Fusion Network for Visual–Inertial Odometry,Wang S.,2025,,10.3390/math13233842,1,1,1,1,1,1,1,1,8,High
REC_1402,Oxpecker: A Tethered UAV for Inspection of Stone-Mine Pillars,"Martinez Rocamora B., Jr.",2023,,10.3390/drones7020073,1,1,0,1,1,0,1,1,6,High
REC_1403,Simless GSM positioning for navigation in GPS-denied environments,Soldado Serrano I.,2018,,10.1108/AEAT-01-2017-0029,1,0,0,0,0,0,1,1,3,Low
REC_1404,Autonomous Navigation of Unmanned Aircraft Using Space Target LOS Measurements and QLEKF,Xiong K.,2022,,10.3390/s22186992,1,1,1,0,0,0,1,1,5,Medium
REC_1405,Angle Robustness Unmanned Aerial Vehicle Navigation in GNSS-Denied Scenarios,Wang Y.,2024,,10.1609/aaai.v38i9.28906,1,1,1,1,1,0,1,1,7,High
REC_1406,UniPilot: Enabling GPS-Denied Autonomy Across Embodiments,Kulkarni M.,2025,,10.1109/ICAR65334.2025.11338632,1,1,0,0,1,1,1,1,6,High
REC_1408,SLAM navigation algorithm for lightweight UAV based on vision-reference coupling,Zhang J.,2025,,10.1007/s11370-025-00641-x,1,1,1,1,1,0,1,1,7,High
REC_1409,Invariant observer design of a RGB-D aided inertial system for MAV in GPS-denied environments,Li D.,2013,,10.1109/SMC.2013.443,1,1,1,0,1,0,1,1,6,High
REC_1410,Train of Autonomous Aerial Vehicles for Subterranean Exploration with SLAM Capabilities,Blanchard N.,2025,,10.2514/6.2025-2067,1,1,1,0,1,0,1,1,6,High
REC_1411,Detecting and Localizing Objects on an Unmanned Aerial System (UAS) Integrated with a Mobile Device,Kim J.,2021,,10.1109/ICUAS51884.2021.9476850,1,0,0,0,0,0,1,1,3,Low
REC_1412,Collision Avoidance for a Hexacopter Using Deep Learning and IMU in a GPS-Denied Environment,Kim J.,2026,,10.1007/s12555-026-00052-3,1,1,1,1,0,1,1,1,7,High
REC_1413,GeoRVLF: A Robust Drone-Satellite Visual Geo-Localization Framework for Small Unmanned Aerial Vehicle Platforms,Zhang Z.,2025,,10.1109/LRA.2025.3572821,1,0,1,0,1,0,1,1,5,Medium
REC_1414,RAIL: Robust Acoustic Indoor Localization for Drones,Famili A.,2022,,10.1109/VTC2022-Spring54318.2022.9860933,1,1,1,0,0,0,1,1,5,Medium
REC_1415,Review of vision-based reinforcement learning for drone navigation: Review of vision-based reinforcement learning..: A. Aburaya et al.,Aburaya A.,2024,,10.1007/s41315-024-00356-9,1,1,0,1,1,0,1,1,6,High
REC_1416,Convergence analysis of state estimation for UAV formation under GPS-denied environments,Ding Y.,2025,,10.1002/oca.3159,1,1,1,0,0,1,1,1,6,High
REC_1417,Cellular Communication-Based Autonomous UAV Navigation with Obstacle Avoidance for Unknown Indoor Environments,Choi Y.J.,2021,,10.22266/ijies2021.0430.31,1,1,1,1,1,0,1,1,7,High
REC_1418,Real-time parallel-serial LiDAR-based localization algorithm with centimeter accuracy for GPS-denied environments,Niedzwiedzki J.,2020,,10.3390/s20247123,1,1,1,1,1,0,1,1,7,High
REC_1419,Vision/INS/Altimeter-Based Navigation and Control for Autonomous Drones in Indoor Environments,Suzuki S.,2025,,10.20965/jrm.2025.p0815,1,1,1,0,1,0,1,1,6,High
REC_1420,SLAM technology in unmanned aerial vehicle,Huang H.,2024,,10.1063/5.0215082,1,1,0,0,1,0,1,1,5,Medium
REC_1421,Efficient Three Dimensional Formation Control for Unmanned Aerial Vehicles in GPS-Denied Environments,Selje R.,2021,,10.23919/ACC50511.2021.9483176,1,1,1,1,0,0,1,1,6,High
REC_1422,Improved UKF-SLAM with Lie Group Operation and Robust Feature Tracking for Motion Vehicles,Huang X.,2021,,10.1088/1742-6596/2095/1/012036,1,1,1,0,1,0,1,1,6,High
REC_1423,A robust real-time vision based GPS-denied navigation system of UAV,Yang L.,2016,,10.1109/CYBER.2016.7574843,1,1,0,0,1,0,1,1,5,Medium
REC_1424,An Adaptive GNSS/Visual Integrated Navigation System for Low-altitude UAV under Signal Challenging Environments,Di Y.,2025,,10.6125/JoAAA.202510_57(8).05,1,1,1,0,1,0,1,1,6,High
REC_1425,Monocular vision and IMU based navigation for a small unmanned helicopter,Wang C.,2012,,10.1109/ICIEA.2012.6360998,1,1,0,0,1,0,1,1,5,Medium
REC_1426,Enhanced adaptability of UWB/INS for unmanned surface vehicles in GPS-denied environments: Ranging error identification and compensation,Yan X.,2026,,10.1016/j.oceaneng.2025.123695,1,1,1,0,1,0,1,1,6,High
REC_1427,Cooperative navigation using pairwise communication with ranging and magnetic anomaly measurements,Yang C.,2020,,10.2514/1.I010785,1,1,1,0,0,0,1,1,5,Medium
REC_1428,Sensor Fusion Using LiDAR and Visual Sensor for SLAM Indoor Navigation,Messbah H.,2025,,10.1007/978-981-97-9975-6_32,1,1,0,1,0,0,1,1,5,Medium
REC_1429,Modelling and Simulation of Fast Autonomous Exploration and Mapping System for GPS Denied Unknown Environment Using ROS,Umakarthikeyan S.,2022,,10.1109/ICRAIE56454.2022.10054265,1,1,0,0,0,0,1,1,4,Medium
REC_1430,Self-Localization of Anonymous UGVs Using Deep Learning from Periodic Aerial Images for a GPS-Denied Environment,Poulet O.,2024,,10.3390/robotics13100148,1,1,1,1,1,0,1,1,7,High
REC_1431,Advancing Autonomous UAV Target Localization in GPS-Denied Environments,Dawne A.,2023,,10.1109/CoDIT58514.2023.10284425,1,0,0,1,1,0,1,1,5,Medium
REC_1432,GNSS/INS/VO fusion using Gated Recurrent Unit in GNSS denied environments,Negru S.A.,2023,,10.2514/6.2023-2226,1,1,1,0,1,0,1,1,6,High
REC_1433,UAV autonomous localization using macro-features matching with a CAD model,Haque A.,2020,,10.3390/s20030743,1,1,1,1,1,0,1,1,7,High
REC_1434,"Design, Localization, Perception, and Control for GPS-Denied Autonomous Aerial Grasping and Harvesting",Kumar A.,2024,,10.1109/LRA.2024.3366015,1,0,0,0,1,0,1,1,4,Medium
REC_1435,UAV-Assisted Collaborative Positioning in GNSS-Denied Environments,Masiero A.,2026,,10.5194/isprs-archives-XLIX-B1-2026-41-2026,1,1,1,0,0,0,1,1,5,Medium
REC_1436,Real-Time Geo-Localization for Land Vehicles Using LIV-SLAM and Referenced Satellite Imagery,Yao Y.,2025,,10.3390/app15158257,1,1,1,1,0,0,1,1,6,High
REC_1437,Absolute Visual Localization for Aerial Vehicles Based on Deep Learning Image Matching,Yang Y.,2025,,10.1145/3722405.3722421,1,0,1,1,1,1,1,1,7,High
REC_1438,3D motion planning for UAVs in GPS-denied unknown forest environment,Liao F.,2016,,10.1109/IVS.2016.7535393,1,1,0,0,0,0,1,1,4,Medium
REC_1439,3D map and mmWave radar-based self-localization for UAVs in GNSS-denied environments,Cui Y.,2026,,10.1016/j.vehcom.2025.100986,1,1,1,0,1,0,1,1,6,High
REC_1440,A Review of Navigation Algorithms for Unmanned Aerial Vehicles Based on Computer Vision Systems,Ali B.,2022,,10.1134/S2075108722040022,1,1,1,0,0,0,1,1,5,Medium
REC_1441,A semantic vector map-based approach for aircraft positioning in GNSS/GPS denied large-scale environment,Ouyang C.,2024,,10.1016/j.dt.2023.07.006,1,1,1,0,1,0,1,1,6,High
REC_1442,GPS Denied Localization and Magnetometer-Free Yaw Estimation for Multi-rotor UAVs,Balaji N.,2020,,10.1109/ICUAS48674.2020.9213895,1,0,1,1,1,1,1,1,7,High
REC_1443,Study on angle-only relative navigation for unmanned aerial vehicle formation in GPS-denied environment,Zheng Z.,2023,,10.1177/09544100221149235,1,1,1,0,0,1,1,1,6,High
REC_1444,Master Mix Localization Algorithm for Autonomous Systems in Indoor Environments,Ezzouine Z.,2026,,10.3390/e28080903,1,1,1,0,1,1,1,1,7,High
REC_1445,Multi-Source Data Integration for Navigation in GPS-Denied Autonomous Driving Environments,Bhat S.,2024,,10.37391/ijeer.120317,1,0,0,0,1,0,1,1,4,Medium
REC_1446,Development of UAV Localization and Navigation Techniques for Warehouse Inventory Inspection,Li Y.-H.,2023,,10.1109/ICIT58465.2023.10143122,1,1,0,0,1,0,1,1,5,Medium
REC_1447,AN ACOUSTIC BASED LOCAL POSITIONING SYSTEM FOR DYNAMIC UAV IN GPS-DENIED ENVIRONMENTS,Tsay L.W.J.,2023,,10.13031/aea.15397,1,0,1,0,0,1,1,1,5,Medium
REC_1448,The usefulness of sensor fusion for unmanned aerial vehicle indoor positioning,Guo H.,2024,,10.1108/IJIUS-01-2023-0006,1,1,1,1,1,0,1,1,7,High
REC_1449,Real-time multiple damage mapping using autonomous UAV and deep faster region-based neural networks for GPS-denied structures,Ali R.,2021,,10.1016/j.autcon.2021.103831,1,0,1,0,1,1,1,1,6,High
REC_1450,Evaluation of LiDAR Inertial Odometry method with 3D LiDAR-based Sensor Pack,Ogunniyi S.,2021,,10.1109/RAPDASA-RobMech-PRAS53819.2021.9829077,1,1,1,0,0,1,1,1,6,High
REC_1451,Vision Model-Based Real-Time Localization of Unmanned Aerial Vehicle for Autonomous Structure Inspection under GPS-Denied Environment,Shang Z.,2019,,10.1061/9780784482445.037,1,1,0,1,1,0,1,1,6,High
REC_1452,Monocular Vision-Based Navigation for UAVs in Dynamic Environments,Perumalla A.,2026,,10.2514/6.2026-1960,1,1,0,0,0,0,1,1,4,Medium
REC_1453,A Graph-Optimization-Based tightly coupled Multi-Source positioning method for UAVs in GNSS-Denied environments,Lu J.,2026,,10.1016/j.measurement.2026.121787,1,1,1,0,1,0,1,1,6,High
REC_1454,Adaptive UAV Visual Localisation Based on Improved Gradient-Damping Newton Method,Zhou X.,2026,,10.3390/electronics15101974,1,1,1,1,1,1,1,1,8,High
REC_1455,Cross-Modal Images Matching Based Enhancement to MEMS INS for UAV Navigation in GNSS Denied Environments,Han S.,2023,,10.3390/app13148238,1,0,1,0,1,0,1,1,5,Medium
REC_1456,ANROLA: Autonomous Navigation with ROS and Laser Odometry,Singh A.V.,2023,,10.1109/COMSNETS56262.2023.10041368,1,1,1,0,1,1,1,1,7,High
REC_1458,LSVL: Large-scale season-invariant visual localization for UAVs,Kinnari J.,2023,,10.1016/j.robot.2023.104497,1,1,1,0,1,0,1,1,6,High
REC_1459,Automatic UAV Inspection of Tunnel Infrastructure in GPS-Denied Underground Environment,Zhang R.,2023,,10.1007/978-3-031-07258-1_53,1,0,1,0,1,0,1,1,5,Medium
REC_1460,GLO-SLAM: a slam system optimally combining GPS and LiDAR odometry,Lin R.,2021,,10.1108/IR-12-2020-0272,1,1,1,1,0,1,1,1,7,High
REC_1461,Indoor GPS-denied context based SLAM aided guidance for autonomous unmanned aerial systems,Bershadsky D.,2013,,10.2514/6.2013-4989,1,1,0,1,1,0,1,1,6,High
REC_1462,CBF-Based Collision Avoidance Approach of the Mine Inspection UAV in the Narrow GNSS-Denied Environments,Yang J.,2025,,10.1109/CCDC65474.2025.11090999,1,1,0,0,0,0,1,1,4,Medium
REC_1463,Decentralised Multi-UAV Cooperative Searching Multi-Target in Cluttered and GPS-Denied Environments,Zhu X.,2022,,10.1109/AERO53065.2022.9843665,1,1,0,0,0,0,1,1,4,Medium
REC_1464,Vision based Autonomous QuadCopter Navigation through Narrow Gaps using Visual Servoing and Monocular SLAM,Bera T.,2019,,10.1109/ICC47138.2019.9123153,1,1,0,0,1,0,1,1,5,Medium
REC_1465,Computer vision based general object following for GPS-denied multirotor unmanned vehicles,Pestana J.,2014,,10.1109/ACC.2014.6858831,1,1,0,0,1,0,1,1,5,Medium
REC_1466,PILOT: High-Precision Indoor Localization for Autonomous Drones,Famili A.,2023,,10.1109/TVT.2022.3229628,1,1,1,0,1,0,1,1,6,High
REC_1467,Tightly-Coupled EKF-Based Radar-Inertial Odometry,Michalczyk J.,2022,,10.1109/IROS47612.2022.9981396,1,1,1,1,0,0,1,1,6,High
REC_1468,Design and Implementation of a Low-Cost Local Beacon System for GNSS-Denied Environments,Asgari A.,2023,,10.2514/6.2023-2621,1,0,0,0,0,0,1,1,3,Low
REC_1469,A Study on a High-Precision 3D Position Estimation Technique Using Only an IMU in a GNSS Shadow Zone,Ding Y.,2025,,10.3390/s25237133,1,1,1,0,0,0,1,1,5,Medium
REC_1470,A Coarse-to-Fine Localization Algorithm for UAVs Based on Heterogeneous Image Matching,Liu H.,2026,,10.1109/TAES.2025.3620765,1,0,1,0,1,1,1,1,6,High
REC_1471,Point Cloud Map-Constrained LiDAR/Inertial Fusion Localization in GNSS Denied Environments,Wang X.,2026,,10.1109/ICETIS70504.2026.11633487,1,1,1,1,1,0,1,1,7,High
REC_1472,Demonstration of UAV-Based GPS jammer localization during a live interference exercise,Perkins A.,2016,,10.33012/2016.14661,1,0,0,0,1,0,1,1,4,Medium
REC_1473,Deep Learning-Based Vehicle Speed Estimation Using Smartphone Sensors in GNSS-Denied Environment,Shin B.,2025,,10.3390/app15168824,1,0,1,0,1,1,1,1,6,High
REC_1474,Robust UAV-Satellite Imagery Alignment via Cross-Domain Descriptor Learning and Homography Optimization,Xiao Y.,2026,,10.1109/TGRS.2026.3689254,1,1,0,1,1,0,1,1,6,High
REC_1475,LiDAR-Aided Relative and Absolute Localization for Automated UAV-based Inspection of Aircraft Fuselages,Pugliese R.,2021,,10.1109/MFI52462.2021.9591172,1,1,1,1,1,0,1,1,7,High
REC_1476,Comparative study of indoor navigation systems for autonomous flight,Ayaz M.,2018,,10.12928/TELKOMNIKA.v16i1.6814,1,0,0,1,1,0,1,1,5,Medium
REC_1477,UAVD4L: A Large-Scale Dataset for UAV 6-DoF Localization,Wu R.,2024,,10.1109/3DV62453.2024.00156,1,0,0,1,1,0,1,1,5,Medium
REC_1478,Vision-based K-Nearest Neighbor Approach for Multiple Search and Landing with Energy Constraints,Sales A.,2023,,10.1109/LARS/SBR/WRE59448.2023.10333019,1,1,0,0,1,0,1,1,5,Medium
REC_1479,Lidar SLAM-Aided Vehicular Navigation System for GNSS-Denied Environments,Abdelaziz N.,2023,,10.5194/isprs-annals-X-1-W1-2023-643-2023,1,1,1,1,0,0,1,1,6,High
REC_1480,Pose estimation for an autonomous vehicle using monocular vision,Kothari N.,2017,,10.1109/INDIANCC.2017.7846512,1,1,0,0,0,0,1,1,4,Medium
REC_1481,OpenLiDARMap: Zero-Drift Point Cloud Mapping Using Map Priors,Kulmer D.,2025,,10.5220/0013405400003941,1,1,1,1,0,0,1,1,6,High
REC_1482,Vision-based Autonomous Landing of UAV on Dynamic Apron,Yue P.,2023,,10.1109/ICUS58632.2023.10318423,1,1,0,0,1,0,1,1,5,Medium
REC_1483,Optimal motion planning in gps-denied environments using nonlinear model predictive horizon,Al Younes Y.,2021,,10.3390/s21165547,1,1,0,0,1,0,1,1,5,Medium
REC_1484,Preserving Relative Localization of FoV-Limited Drone Swarm via Active Mutual Observation,Guo L.,2024,,10.1109/IROS58592.2024.10801634,1,1,1,0,1,0,1,1,6,High
REC_1485,Ultra-wideband Based Robot Swarm Coordinate Rapid Initialization in GNSS-Denied and Motion-Constrained Environments,Xiang J.,2025,,10.1007/978-981-96-2268-9_39,1,1,0,0,0,0,1,1,4,Medium
REC_1486,Scene Matching in GPS Denied Environments: A Comparison of Methods for Orthophoto Registration,Moreira E.M.,2019,,10.1109/ICMECH.2019.8722872,1,1,1,0,0,0,1,1,5,Medium
REC_1487,TileLoc: Sequential Visual Place Recognition of UAVs using Public Tile Maps,Heo D.,2026,,10.1109/LRA.2026.3715032,1,0,1,1,1,0,1,1,6,High
REC_1488,Distributed Relative Pose Estimation for Multi-UAV Systems Based on Inertial Navigation and Data Link Fusion,Li K.,2025,,10.3390/drones9060405,1,1,1,1,1,0,1,1,7,High
REC_1489,Omni Point Air: LiDAR and Point Cloud Map-Based Place Recognition and Pose Estimation for Advanced Air Mobility in GNSS-Denied Environments,Im J.-U.,2025,,10.1109/TIV.2024.3516791,1,1,1,1,0,1,1,1,7,High
REC_1490,Obtaining world coordinate information of uav in gnss denied environments,Chen C.,2020,,10.3390/s20082241,1,1,1,1,1,0,1,1,7,High
REC_1491,Deep convolutional neural network based autonomous drone navigation,Amer K.,2020,,10.1117/12.2587105,1,1,1,0,0,1,1,1,6,High
REC_1492,Sensitivity study of fiducial-aided navigation of Unmanned Aerial Vehicles,Strate A.J.,2022,,10.1177/09544100211067715,1,1,1,0,0,1,1,1,6,High
REC_1493,Real-time UAV autonomous localization based on smartphone sensors,Zhao B.,2018,,10.3390/s18124161,1,0,1,0,1,0,1,1,5,Medium
REC_1494,Design and Implementation of a Low Cost Mini Quadrotor for Vision Based Maneuvers in GPS Denied Environments,Liu C.,2016,,10.1142/S2301385016500059,1,1,0,0,0,0,1,1,4,Medium
REC_1495,Slam-Based Multi-Sensor Backpack Lidar Systems in Gnss-Denied Environments,Zhang D.,2019,,10.1109/IGARSS.2019.8898669,1,1,1,0,0,0,1,1,5,Medium
REC_1496,Autonomous State Estimation and Mapping in Unknown Environments with Onboard Stereo Camera for Micro Aerial Vehicles,Sun J.,2020,,10.1109/TII.2019.2958183,1,1,1,0,0,0,1,1,5,Medium
REC_1497,GPS-DENIED GEO-LOCALISATION USING VISUAL ODOMETRY,Gupta A.,2016,,10.5194/isprs-annals-III-3-263-2016,1,0,1,0,0,0,1,1,4,Medium
REC_1498,Wearable SLAM System in GPS-Denied Environments,Palustre F.,2025,,10.1109/CCWC62904.2025.10903870,1,1,1,0,1,0,1,1,6,High
REC_1499,INS/UWB Cooperative Navigation Based on Distance and Angle in Underground Space,Chen J.,2024,,10.1109/ICUS61736.2024.10839907,1,1,1,0,1,0,1,1,6,High
REC_1500,Approximating UAV and vision feature point correlations in a simplified SLAM problem,Lewis J.A.,2019,,10.1109/ICUAS.2019.8798219,1,1,1,0,0,1,1,1,6,High
REC_1501,Ultra-Wideband Localization and Deep-Learning-Based Plant Monitoring Using Micro Air Vehicles,Ching P.L.,2022,,10.2514/1.I011075,1,1,1,0,1,0,1,1,6,High
REC_1502,A UAV-based explore-then-exploit system for autonomous indoor facility inspection and scene reconstruction,Gao C.,2023,,10.1016/j.autcon.2023.104753,1,1,1,0,1,0,1,1,6,High
REC_1503,"WAVN: Wide Area Visual Navigation for Large-scale, GPS-denied Environments",Lyons D.M.,2023,,10.1109/ICRA48891.2023.10160511,1,1,0,1,0,0,1,1,5,Medium
REC_1504,Robust UAV Path Planning Using RSS in GPS-Denied and Dense Environments Based on Deep Reinforcement Learning,Kim K.,2025,,10.3390/electronics14193844,1,1,0,1,0,0,1,1,5,Medium
REC_1505,Autonomous routing and power management of drones in gps-denied environments through dijkstra algorithm,Mirzaeinia A.,2019,,10.2514/6.2019-4462,1,1,0,0,1,0,1,1,5,Medium
REC_1506,UAV Position Estimation Using a LiDAR-based 3D Object Detection Method,Olawoye U.,2023,,10.1109/PLANS53410.2023.10139979,1,1,0,1,0,0,1,1,5,Medium
REC_1507,Information of Opportunity-Aided VI-SLAM for Enhancing Accuracy in Perpetual GNSS-Denied Environments Without Loop Closure,Lang R.,2026,,10.1109/TIM.2026.3697041,1,1,1,0,1,0,1,1,6,High
REC_1508,Online Multi-Sensor Calibration Method for Unmanned Surface Vehicle Swarms in Complex and Contested Environments,Gao Z.,2026,,10.3390/drones10030161,1,1,1,1,0,1,1,1,7,High
REC_1509,Radar Based Autonomous Precision Takeoff and Landing System for VTOLs in GNSS Denied Environments,Doer C.,2020,,10.1109/ICUAS48674.2020.9213925,1,1,1,0,1,1,1,1,7,High
REC_1510,A SIMULTANEOUS PATH PLANNING AND POSITIONING BASED ON ARTIFICIAL DISTRIBUTION OF LANDMARKS IN A GNSS DENIED ENVIRONMENT,Elahian S.,2023,,10.3846/aviation.2023.18461,1,1,1,1,0,0,1,1,6,High
REC_1511,5G Based Vehicle Localization in GNSS Denied Environments and Its Improvement Utilizing SRCKF,Chen M.,2022,,10.6125/JoAAA.202212_54(4).06,1,1,1,1,0,0,1,1,6,High
REC_1512,Hierarchical Multi-Agent Navigation Through the 72-h Thermal Drift Cliff,Alrashed M.,2026,,10.3390/drones10080561,1,1,1,0,1,0,1,1,6,High
REC_1513,Performance evaluation of neural-network-based integration of vision and motion sensors for vehicular navigation,Ragab M.M.,2019,,10.1117/12.2521694,1,1,1,0,0,0,1,1,5,Medium
REC_1514,SLAM-based Pseudo-GNSS/INS localization system for indoor LiDAR mobile mapping systems,Shamseldin T.,2018,,10.1109/PLANS.2018.8373382,1,1,0,0,0,0,1,1,4,Medium
REC_1515,Geometric Optimization Based Visual Odometry for Low-Altitude Urban UAV Navigation,Lei H.,2026,,10.1007/978-981-95-3025-0_18,1,0,1,0,1,0,1,1,5,Medium
REC_1516,ANROL: Autonomous Navigation based on ROS and Laser Odometry,Singh A.V.,2023,,10.1109/COMSNETS56262.2023.10041273,1,1,1,0,1,1,1,1,7,High
REC_1517,Ultra-Wideband Implementation of Object Detection Through Multi-UAV Navigation with Particle Swarm Optimization,De Guzman C.J.P.,2024,,10.14716/ijtech.v15i4.5888,1,1,1,1,0,0,1,1,6,High
REC_1518,Visual target tracking and relative navigation for unmanned aerial vehicles in a GPS-denied environment,Kim Y.,2014,,10.5139/IJASS.2014.15.3.258,1,1,1,0,1,1,1,1,7,High
REC_1519,Employing smartphone as on-board navigator in unmanned aerial vehicles: Implementation and experiments,Zhao B.,2015,,10.1108/IR-01-2015-0016,1,0,1,0,1,0,1,1,5,Medium
REC_1520,Automated SLAM–GPR integration for robotic surface–subsurface mapping in GNSS-denied environments,Eldemiry A.,2026,,10.1016/j.autcon.2026.107118,1,1,1,0,0,0,1,1,5,Medium
REC_1521,Vision-based autonomous navigation for quadrotor UAVs in unknown and constrained environments,Hu Z.,2025,,10.1007/s41315-025-00462-2,1,1,1,1,1,0,1,1,7,High
REC_1522,A Real-Time Monocular Vision-Aided Target Detection and Tracking for Micro UAV in GPS Denied Environment,Li Z.,2022,,10.1007/978-981-15-8155-7_255,1,1,0,1,1,0,1,1,6,High
REC_1523,Swarm robotics localization: comparing methods from infrared to foundation models,Imran A.,2026,,10.1007/s11721-025-00256-z,1,1,1,0,1,0,1,1,6,High
REC_1524,"Combining SLAM, GDM, and Anemotaxis for Gas Source Localization in Unknown and GPS-denied Environments",Soegiarto D.,2022,,10.15676/ijeei.2022.14.3.3,1,1,1,1,0,0,1,1,6,High
REC_1525,Drone carrier: An integrated unmanned surface vehicle for autonomous inspection and intervention in GNSS-denied maritime environment,Dong Y.,2026,,10.1016/j.joes.2026.02.002,1,1,1,0,0,1,1,1,6,High
REC_1526,Multimodal Absolute Visual Localization for Unmanned Aerial Vehicles,Liu Z.,2024,,10.1109/TVT.2024.3426538,1,0,1,0,1,0,1,1,5,Medium
REC_1527,Federated Meta Learning for Visual Navigation in GPS-denied Urban Airspace,Yuksek B.,2023,,10.1109/DASC58513.2023.10311195,1,0,1,1,1,0,1,1,6,High
REC_1528,ROS-based multi-sensor integrated localization system for cost-effective and accurate indoor navigation system,Irwansyah A.S.,2025,,10.1007/s41315-024-00350-1,1,1,1,0,1,0,1,1,6,High
REC_1529,Machine vision based perception for vehicle-mounted UAV autonomous landing under GNSS-denied environments,Ma P.,2025,,10.1007/s44443-025-00345-3,1,1,1,0,0,0,1,1,5,Medium
REC_1530,Simulation-Based Assessment of UWB Anchor Auto-Calibration Solvers for GNSS-Denied Emergency Response,Mihaldinec H.,2026,,10.1109/MIPRO70003.2026.11592001,1,1,1,0,0,0,1,1,5,Medium
REC_1531,Indoor Drone Localization and Tracking Based on Acoustic Inertial Measurement,Sun Y.,2024,,10.1109/TMC.2023.3335860,1,1,1,1,1,1,1,1,8,High
REC_1532,Robust Localization in Degenerate Environments using Uncertainty-Aware LiDAR-Inertial Odometry,Young V.,2025,,10.1049/icp.2025.2899,1,1,0,1,1,0,1,1,6,High
REC_1533,Real-Time Autonomous Localization in Multi-Robot Scene,Mao Y.,2023,,10.23919/CCC58697.2023.10240683,1,1,0,0,1,0,1,1,5,Medium
REC_1534,Edge Device-Optimized LiDAR SLAM for Real-Time and Robust Localization in Dynamic Environments,Parimi S.,2025,,10.33012/2025.20450,1,1,1,0,0,0,1,1,5,Medium
REC_1535,CODE: COllaborative Visual-UWB SLAM for Online Large-Scale Metric DEnse Mapping,Chen L.,2025,,10.1109/IROS60139.2025.11247338,1,1,1,0,1,0,1,1,6,High
REC_1536,Autonomous Crack Detection for Mountainous Roads Using UAV Inspection System,Chen X.,2024,,10.3390/s24144751,1,1,1,1,1,0,1,1,7,High
REC_1537,Towards precise positioning and movement of uavs for near-wall tasks in gnss-denied environments,Orjales F.,2021,,10.3390/s21062194,1,1,0,0,1,0,1,1,5,Medium
REC_1538,Vision and UWB-Based Anchor Self-Localisation System for UAV in GPS-Denied Environment,Yang B.,2021,,10.1088/1742-6596/1922/1/012001,1,1,0,0,1,0,1,1,5,Medium
REC_1539,3D mapping for autonomous quadrotor aircraft,Saeedi S.,2017,,10.1142/S2301385017400064,1,1,0,0,0,0,1,1,4,Medium
REC_1540,Framework for Autonomous UAV Navigation and Target Detection in Global-Navigation-Satellite-System-Denied and Visually Degraded Environments,Boiteau S.,2024,,10.3390/rs16030471,1,1,1,0,1,0,1,1,6,High
REC_1541,Visual-Thermal Landmarks and Inertial Fusion for Navigation in Degraded Visual Environments,Khattak S.,2019,,10.1109/AERO.2019.8741787,1,1,0,0,0,0,1,1,4,Medium
REC_1542,An Investigation of GPS-Denied Navigation Using Airborne Radar Telemetry,Lindstrom C.,2020,,10.1109/PLANS46316.2020.9110233,1,1,1,0,0,1,1,1,6,High
REC_1543,Relative visual localization (RVL) for UAV navigation,Couturier A.,2018,,10.1117/12.2304901,1,0,1,0,1,1,1,1,6,High
REC_1544,Pioneer: Positioning of Targets in Featureless Gps Denied Environments,Tsikteris S.,2025,,10.1109/ICC52391.2025.11161322,1,0,1,1,1,0,1,1,6,High
REC_1545,Cascaded transformer-LSTM architecture for urban canyon navigation with factor graph optimization,Zhang H.,2026,,10.1007/s10291-025-02010-8,1,1,1,0,1,1,1,1,7,High
REC_1546,A Review of Indoor Positioning Systems for UAV Localization with Machine Learning Algorithms,Sandamini C.,2023,,10.3390/electronics12071533,1,1,0,0,0,0,1,1,4,Medium
REC_1547,Fisher-Information-Based Cooperative Sensor Node Pre-Selection for UWB-Aided GNSS-Denied UAV Swarm Localization Under Heterogeneous Ranging Noise,Sun Y.,2026,,10.3390/s26165164,1,1,1,0,0,0,1,1,5,Medium
REC_1548,Tethered Multicopter Guidance in GPS-Denied Environments Through Reinforcement Learning,Al-Radaideh A.,2023,,10.2514/6.2023-0507,1,1,1,0,0,0,1,1,5,Medium
REC_1549,A real-time monocular vision-based frontal obstacle detection and avoidance for low cost UAVs in GPS denied environment,Saha S.,2014,,10.1109/ICARES.2014.7024382,1,1,1,0,1,0,1,1,6,High
REC_1550,Robust Spatial Georeferencing for UAV-UGV Mobile Mapping Platforms in Urban Canyons via Asymmetric GNSS/UWB Fusion,Chen J.,2026,,10.3390/rs18121967,1,1,1,1,0,0,1,1,6,High
REC_1551,Pitch Angle Estimation from a Single Drone Image Without Landmarks and Its Application in UAV Visual Navigation,Ye Y.,2025,,10.1109/ICIVP66296.2025.00030,1,1,1,1,0,0,1,1,6,High
REC_1552,Preliminary Study on Drone Navigation in Urban Environments using Visual Odometry and Partially Observable Monte Carlo Planning,Yu Q.,2022,,10.2514/6.2022-3765,1,1,0,0,0,0,1,1,4,Medium
REC_1553,Real-Time Monocular Vision-Based UAV Obstacle Detection and Collision Avoidance in GPS-Denied Outdoor Environments Using CNN MobileNet-SSD,Levkovits-Scherer D.S.,2019,,10.1007/978-3-030-33749-0_49,1,1,0,0,1,1,1,1,6,High
REC_1554,Radar-Based Multisensor Fusion for Uninterrupted Reliable Positioning in GNSS-Denied Environments,Dawson E.,2022,,10.1109/TITS.2022.3202139,1,1,1,0,0,0,1,1,5,Medium
REC_1555,Bounding visual odometry drift with radio range data for small unmanned aerial vehicles,Leishman R.C.,2018,,10.33012/2018.15952,1,1,1,0,1,0,1,1,6,High
REC_1556,EMS-SLAM: Dynamic RGB-D SLAM with Semantic-Geometric Constraints for GNSS-Denied Environments,Fan J.,2025,,10.3390/rs17101691,1,0,1,1,0,0,1,1,5,Medium
REC_1557,Model-Based Cooperative Navigation for a Group of Flying Robots,Faghihinia A.,2022,,10.1109/TAES.2021.3136247,1,1,1,0,0,0,1,1,5,Medium
REC_1558,Waypoint-Informed Localization (WiL): A Novel Integration of 2D Maps and Onboard Sensors for Robust GNSS-Denied Navigation,Ragab H.,2026,,10.33012/navi.767,1,1,1,1,1,0,1,1,7,High
REC_1559,Lane detection aided online dead reckoning for gnss denied environments,Jeon J.,2021,,10.3390/s21206805,1,1,1,1,0,0,1,1,6,High
REC_1561,Characterization of mountain drainage patterns for GPS-denied UAS navigation augmentation,Wang T.,2016,,10.1007/s00138-015-0723-9,1,1,0,0,1,0,1,1,5,Medium
REC_1562,A ubiquitous positioning solution of integrating GNSS with LiDAR odometry and 3D map for autonomous driving in urban environments,Liu J.,2023,,10.1007/s00190-023-01728-y,1,1,1,1,0,0,1,1,6,High
REC_1563,Vision-Only Localization of Drones with Optimal Window Velocity Fusion,Yeom S.,2026,,10.3390/electronics15030637,1,1,1,0,1,1,1,1,7,High
REC_1564,Ultra-wideband based cooperative relative localization algorithm and experiments for multiple unmanned aerial vehicles in GPS denied environments,Guo K.,2017,,10.1177/1756829317695564,1,1,0,0,1,0,1,1,5,Medium
REC_1565,Long-range GPS-denied aerial inertial navigation with LIDAR localization,Hemann G.,2016,,10.1109/IROS.2016.7759267,1,1,1,0,1,0,1,1,6,High
REC_1566,Qualitative place maps for landmark-based localization and navigation in GPS-denied environments,Hua H.,2019,,10.1145/3347146.3359107,1,0,0,1,1,0,1,1,5,Medium
REC_1567,Deep Learning Models for GNSS-Denied Target Navigation,Santos R.S.,2025,,10.1007/978-3-031-97051-1_15,1,1,1,1,1,0,1,1,7,High
REC_1568,HD-Maps as Prior Information for Globally Consistent Mapping in GPS-Denied Environments,Ali W.,2024,,10.1109/ITSC58415.2024.10920221,1,1,0,1,0,0,1,1,5,Medium
REC_1569,From Anywhere to the Destination: Visual Reinforcement Learning for GNSS-Denied Drone Navigation,Wang Y.-X.,2025,,10.1007/s11390-025-4468-2,1,1,1,0,1,0,1,1,6,High
REC_1570,GPS-denied navigation using SAR images and neural networks,White T.,2021,,10.1109/ICASSP39728.2021.9414421,1,1,1,0,1,0,1,1,6,High
REC_1571,Relative Localization with Application to Adaptive Navigation Based on Mixed Measurements of Distance and Bearing Utilizing Multi-UAVs,Guo J.,2025,,10.32908/ahswn.v61.12275,1,1,0,0,0,0,1,1,4,Medium
REC_1572,Resilient Ground Vehicle Autonomous Navigation in GPS-Denied Environments,Baxevani K.,2022,,10.1142/S2737480722500200,1,1,1,0,1,0,1,1,6,High
REC_1573,Visual-based localization methods for unmanned aerial vehicles in landing operation on maritime vessel,Nguyen T.-T.,2024,,10.21014/actaimeko.v13i4.1575,1,1,1,1,0,0,1,1,6,High
REC_1574,Multi-modal mapping and localization of unmanned aerial robots based on ultra-wideband and RGB-D sensing,Perez-Grau F.J.,2017,,10.1109/IROS.2017.8206191,1,1,0,0,1,1,1,1,6,High
REC_1575,RGB-D camera-based quadrotor navigation in GPS-denied and low light environments using known 3D markers,Vetrella A.R.,2015,,10.1109/ICUAS.2015.7152290,1,1,0,0,1,0,1,1,5,Medium
REC_1576,Autonomous dynamic docking of UAV based on UWB-vision in GPS-denied environment,Cheng C.,2022,,10.1016/j.jfranklin.2022.03.005,1,1,0,0,0,0,1,1,4,Medium
REC_1577,Mobile robot localization system in frequent GPS-denied situations,Saito T.,2014,,10.1109/ICRA.2014.6907431,1,0,1,0,0,1,1,1,5,Medium
REC_1578,Condition-Based LSTM for Residual Calculation of Optical Flow,Mahdavi M.M.,2026,,10.5194/isprs-archives-XLVIII-4-W22-2025-37-2026,1,1,1,1,1,1,1,1,8,High
REC_1579,"Fusing denoised stereo visual odometry, INS and GPS measurements for autonomous navigation in a tightly coupled approach",Nezhadshahbodaghi M.,2021,,10.1007/s10291-021-01084-4,1,1,1,1,1,0,1,1,7,High
REC_1580,A Lightweight Framework for Neighborhood-Constrained UAV Localization Using Visual Embeddings,Dimos A.,2026,,10.1109/ICUAS69441.2026.11598733,1,1,0,0,0,0,1,1,4,Medium
REC_1581,Accelerometer Bias Estimation for Unmanned Aerial Vehicles Using Extended Kalman Filter-Based Vision-Aided Navigation,Belfadel D.,2025,,10.3390/electronics14061074,1,1,1,0,0,0,1,1,5,Medium
REC_1582,Overview of Mutual Localization Techniques Between Unmanned Aerial Vehicles in Swarm,Czaja B.,2025,,10.12716/1001.19.01.37,1,1,1,0,0,0,1,1,5,Medium
REC_1583,Autonomous Robust Navigation System for MAV Based on Monocular Cameras,Caldas K.A.Q.,2022,,10.1109/ICUAS54217.2022.9836218,1,1,1,0,1,0,1,1,6,High
REC_1584,Performance Analysis of Visual–Inertial–Range Cooperative Localization for Unmanned Autonomous Vehicle Swarm,Lai J.,2023,,10.3390/drones7110651,1,1,1,0,0,0,1,1,5,Medium
REC_1585,Sensitivity of unmanned aerial vehicle model-aided navigation,D’Urso S.,2017,,10.2514/6.2017-0808,1,1,1,0,1,0,1,1,6,High
REC_1586,Multi-vehicle Collaborative Navigation Method Based on Datalink Relative Distance in GNSS Denied Environment,Zhou Z.,2022,,10.1007/978-981-15-8155-7_324,1,1,1,0,0,0,1,1,5,Medium
REC_1587,Landmark-Based Scale Estimation and Correction of Visual Inertial Odometry for VTOL UAVs in a GPS-Denied Environment,Lee J.-C.,2022,,10.3390/s22249654,1,1,1,0,1,0,1,1,6,High
REC_1588,An IMU Aided Robust LiDAR SLAM Method for UAVs in Pipeline Environment,Jiang H.,2024,,10.1007/978-981-97-3332-3_20,1,1,1,0,1,1,1,1,7,High
REC_1589,Vision-based Guidance and Navigation for Autonomous MAV in Indoor Environment,Irfan M.,2020,,10.1109/ICCCNT49239.2020.9225398,1,1,1,0,0,0,1,1,5,Medium
REC_1591,Expediting the Convergence of Global Localization of UAVs through Forward-Facing Camera Observation,Li Z.,2024,,10.3390/drones8070335,1,1,1,0,1,0,1,1,6,High
REC_1592,Goal-aware navigation of quadrotor uav for infrastructure inspection,Biswas S.,2019,,10.2514/6.2019-1691,1,1,1,0,0,0,1,1,5,Medium
REC_1593,Indoor/outdoor scan-matching based mapping technique with a helicopter MAV in GPS-denied environment,Friedman C.,2015,,10.1260/1756-8293.7.1.55,1,1,1,0,1,0,1,1,6,High
REC_1594,UVL: UAV Visual Localization Method with Enhanced Feature Associations via Visual Attention Mechanism,Li X.,2025,,10.1109/IJCNN64981.2025.11228231,1,0,1,1,0,0,1,1,5,Medium
REC_1595,Overview of anti-interference technology of unmanned aerial vehicle satellite navigation system; [无 人 机 卫 星 导 航 系 统 抗 干 扰 技 术 综 述],CHEN Q.,2025,,10.7527/S1000-6893.2025.31797,1,1,0,0,1,0,1,1,5,Medium
REC_1596,The development of distributed cooperative localization algorithms for Multi-UAV systems in the past decade,Zhang Z.,2025,,10.1016/j.measurement.2025.118040,1,0,1,1,0,0,1,1,5,Medium
REC_1597,A Framework for Autonomous UAV Navigation Based on Monocular Depth Estimation,Gaigalas J.,2025,,10.3390/drones9040236,1,1,1,1,0,1,1,1,7,High
REC_1598,Streamlined Indoor UAVs Localization Using a Dense and Size-Heterogeneous Tags Map,Bertoni M.,2024,,10.1109/ICUAS60882.2024.10557055,1,0,1,1,1,0,1,1,6,High
REC_1599,Study of Utilizing Multiple IMUs for Inertial Navigation Systems without GPS Aid,Tokluoglu O.,2019,,10.1109/GPECOM.2019.8778612,1,1,1,1,0,0,1,1,6,High
REC_1601,Cooperative Navigation Framework for UAV Formations Using LSTM and Dynamic Model Fusion,Song F.,2026,,10.3390/drones10010028,1,1,1,0,1,0,1,1,6,High
REC_1602,Cooperative localisation of UAV swarm based on adaptive SA-PSO algorithm,Ma W.,2023,,10.1017/aer.2022.54,1,1,1,0,0,0,1,1,5,Medium
REC_1603,Vision-aided inertial navigation for small unmanned aerial vehicles in GPS-denied environments,Wang T.,2013,,10.5772/56660,1,1,1,1,0,0,1,1,6,High
REC_1604,Target-Tracking-Based Multi-UAV Visual SLAM in GNSS-Denied Environments,Fu X.,2025,,10.52202/083083-0073,1,1,0,0,0,0,1,1,4,Medium
REC_1605,A Multi-Drone System Proof of Concept for Forestry Applications,Araújo A.G.,2025,,10.3390/drones9020080,1,1,0,1,1,0,1,1,6,High
REC_1606,Wide-Beam Optical Beacon-Based UAV Self-Positioning,Jabbari M.R.,2026,,10.1109/SIU71813.2026.11636447,1,1,0,0,0,0,1,1,4,Medium
REC_1607,Accurate IMU Preintegration Using Switched Linear Systems For Autonomous Systems,Henawy J.,2019,,10.1109/ITSC.2019.8917537,1,1,1,1,1,0,1,1,7,High
REC_1608,Long-term aerial robot localization based on visual odometry and radio-based ranging,Perez-Grau F.J.,2016,,10.1109/ICUAS.2016.7502653,1,1,1,0,1,0,1,1,6,High
REC_1609,GPS Denied UAV Routing with Communication Constraints,Manyam S.G.,2016,,10.1007/s10846-016-0343-2,1,0,0,1,0,0,1,1,4,Medium
REC_1610,Adaptive sliding window factor graph optimization with multi-tag UWB/INS fusion for multirotor UAVs,Kim H.,2026,,10.1016/j.ast.2026.112683,1,1,1,1,1,1,1,1,8,High
REC_1611,Relative navigation of autonomous GPS-degraded micro air vehicles,Wheeler D.O.,2020,,10.1007/s10514-019-09899-4,1,1,1,0,1,1,1,1,7,High
REC_1612,Visual GPS-denied multi-agent localization & terrain classification,Chiel B.S.,2018,,10.1109/AERO.2018.8396392,1,1,1,0,1,0,1,1,6,High
REC_1613,Efficient WiFi LiDAR SLAM for Autonomous Robots in Large Environments,Ismail K.,2022,,10.1109/CASE49997.2022.9926530,1,1,1,1,1,1,1,1,8,High
REC_1614,Control and monocular visual SLAM of nonholonomic mobile robots,Trujillo J.-C.,2025,,10.1016/j.ejcon.2024.101171,1,1,0,0,0,0,1,1,4,Medium
REC_1615,An Optimization-Based Method for Relative Pose Estimation for Collaborating UAVs Using Observed Predefined Trajectories,Cetinkaya G.,2026,,10.3390/drones10020135,1,1,1,0,1,0,1,1,6,High
REC_1616,Characterizing the Operating Envelope of an Anomaly-Aware Adaptive EKF for GNSS-Denied USV Formation Relative Localization,Tan L.,2026,,10.3390/jmse14161490,1,0,1,0,0,0,1,1,4,Medium
REC_1617,Relative multiplicative extended Kalman filter for observable GPS-denied navigation,Koch D.P.,2020,,10.1177/0278364920903094,1,0,1,0,1,0,1,1,5,Medium
REC_1618,Performance comparison of inertial measurement units fused with odometry in extended Kalman filter for dead-reckoning navigation,Carey K.,2019,,10.1115/DETC2019-98184,1,1,1,0,0,0,1,1,5,Medium
REC_1619,Robust Autonomous Flight in Constrained and Visually Degraded Shipboard Environments,Fang Z.,2017,,10.1002/rob.21670,1,1,1,1,0,1,1,1,7,High
REC_1620,Research and Design of Precision-Landing Drone in an Underground GPS-Denied Environment,Racette J.,2023,,10.2514/6.2023-3625,1,1,1,0,0,0,1,1,5,Medium
REC_1621,Distributed UAV Swarm Collaborative SLAM Based on Visual-Inertial-Ranging Measurement,Shou Y.,2025,,10.1007/978-981-96-2220-7_18,1,1,1,1,0,0,1,1,6,High
REC_1622,Distance-Based Cooperative Relative Localization for Leader-Following Control of MAVs,Nguyen T.-M.,2019,,10.1109/LRA.2019.2926671,1,1,1,0,0,0,1,1,5,Medium
REC_1623,Multi-sensor three-dimensional monte carlo localization for long-term aerial robot navigation,Perez-Grau F.J.,2017,,10.1177/1729881417732757,1,0,0,0,0,1,1,1,4,Medium
REC_1624,Precision mapping through the stereo vision and geometric transformations in unknown environments,Petrakis G.,2023,,10.1007/s12145-023-00972-2,1,1,1,0,0,0,1,1,5,Medium
REC_1625,Detecting GNSS spoofing and Re-localization on UAV based on imagery matching,Liu R.,2025,,10.1088/1361-6501/ad8be9,1,1,1,0,1,0,1,1,6,High
REC_1626,AprilTag-Guided Autonomous Precision Landing System for UAV-Quadcopter Using HuskyLens AI Camera,Wiyagi R.O.,2025,,10.1109/ICE3IS66769.2025.11281319,1,1,1,0,0,0,1,1,5,Medium
REC_1627,Disturbance-observer-based Finite-time Following Control With Wind Resistance Capability for Multiple GPS-denied UAVs,Hwang C.-L.,2025,,10.1007/s12555-025-0243-y,1,1,0,1,0,0,1,1,5,Medium
REC_1628,Optical Flow-Based Visual Estimation of Translational Displacement Using a Raspberry Pi® Embedded Computer,Mota López B.J.,2025,,10.1109/ENC68268.2025.11311932,1,1,1,1,0,0,1,1,6,High
REC_1629,"Probabilistic graphical fusion of LiDAR, GPS, and 3D building maps for urban UAV navigation",Chen D.,2019,,10.1002/navi.298,1,1,1,0,1,0,1,1,6,High
REC_1630,Integrated navigation design using a gimbaled vision/liDAR system with an approximate ground description model,Yun S.,2014,,10.5139/IJASS.2013.14.4.369,1,1,1,0,1,0,1,1,6,High
REC_1631,Performance Evaluation of AI-Enabled Autonomous Drone Navigation Systems Using Computer Vision,Gali S.,2026,,10.1109/ICMLAS67792.2026.11483799,1,1,1,0,1,1,1,1,7,High
REC_1632,A GPS-Free Air Vehicle On-Board Positioning Mechanism Applying Feature Matching Technique,Hsieh C.-Y.,2024,,10.1109/DASC62030.2024.10748867,1,1,0,1,0,0,1,1,5,Medium
REC_1633,Effects of velocity and known pose injection rate on scan matching 2D slam accuracy,Moleski T.W.,2021,,10.2514/6.2021-1582,1,1,1,1,0,0,1,1,6,High
REC_1634,Landmark-based distributed topological mapping and navigation in GPS-denied urban environments using teams of low-cost robots,Teymouri M.S.,2024,,10.1007/s10458-024-09635-y,1,1,0,1,0,0,1,1,5,Medium
REC_1635,Kalman Filter-Based Drift Detection and Mitigation of Visual-Inertial Odometry in UAVs,Ibrahimov R.,2025,,10.23919/ACC63710.2025.11107817,1,1,1,0,1,0,1,1,6,High
REC_1636,Comparative analysis of ros-based centralized methods for conducting collaborative monocular visual slam using a pair of uavs,Abbyasov B.,2020,,10.13180/clawar.2020.24-26.08.12,1,1,1,0,0,0,1,1,5,Medium
REC_1637,Virtual testbed for monocular visual navigation of small unmanned aircraft systems,Kim K.,2022,,10.1177/1548512920954545,1,1,0,1,1,0,1,1,6,High
REC_1638,A GNSS/INS/LiDAR Integration Scheme for UAV-Based Navigation in GNSS-Challenging Environments,Elamin A.,2022,,10.3390/s22249908,1,1,1,0,0,0,1,1,5,Medium
REC_1639,Adaptive Data-Driven Estimation for Simultaneous Localization and Dynamic Signal Mapping in GNSS-Denied Vehicular Networks,D'Alfonso L.,2026,,10.1109/CoDIT70676.2026.11631000,1,1,1,1,1,1,1,1,8,High
REC_1640,Automatic landing of a low-cost quadrotor using monocular vision and Kalman filter in GPS-denied environments,Sani M.F.,2019,,10.3906/elk-1809-204,1,1,0,0,1,0,1,1,5,Medium
REC_1641,Landmark Aided GPS-Denied Navigation for Orchards and Vineyards,Costley A.,2020,,10.1109/PLANS46316.2020.9110130,1,0,0,0,0,0,1,1,3,Low
REC_1642,UAV based target finding and tracking in GPS-denied and cluttered environments,Vanegas F.,2016,,10.1109/IROS.2016.7759360,1,0,0,0,1,1,1,1,5,Medium
REC_1643,Visual Odometry Using Pixel Processor Arrays for Unmanned Aerial Systems in GPS Denied Environments,McConville A.,2020,,10.3389/frobt.2020.00126,1,1,0,1,1,0,1,1,6,High
REC_1644,A direct visual servoing-based framework for the 2016 IROS Autonomous Drone Racing Challenge,Jung S.,2018,,10.1002/rob.21743,1,1,1,0,0,0,1,1,5,Medium
REC_1645,Cooperative Navigation for Cross-Platform Dual-SINS Based on Relative Range and Angle Measurements,Lai J.,2026,,10.3390/s26144450,1,0,1,1,1,0,1,1,6,High
REC_1646,Adaptive Visual-Inertial Navigation for Fixed-Wing Aircraft Landing in GPS-Denied Condition,Lei Z.,2022,,10.1007/978-981-15-8155-7_222,1,1,1,0,1,1,1,1,7,High
REC_1647,UAV Positioning Using GNSS: A Review of the Current Status,Jiang C.,2026,,10.3390/drones10020091,1,1,1,0,0,0,1,1,5,Medium
REC_1648,IoT-based Vehicle Localization in GNSS-denied Environments,Mao G.,2024,,10.1109/GLOBECOM52923.2024.10901508,1,1,1,0,1,0,1,1,6,High
REC_1649,SLAM-Enabled Autonomous Blimp for UAV Applications,Chaitanya D.,2025,,10.1109/INCIP64058.2025.11019707,1,0,0,0,0,0,1,1,3,Low
REC_1650,Autonomous Robotic System for Power Cable Tracking and Mapping Using Hybrid Localization in GPS-Denied and GPS-Rich Environments,Vohra M.,2025,,10.1109/RO-MAN63969.2025.11217718,1,0,1,0,1,0,1,1,5,Medium
REC_1651,Fusing stereo camera and low-cost inertial measurement unit for autonomous navigation in a tightly-coupled approach,Xian Z.,2015,,10.1017/S0373463314000848,1,1,1,0,0,0,1,1,5,Medium
REC_1652,Development of test method for evaluation of UAS mobility capability in GNSS-denied environment,Yamada T.,2023,,10.1186/s40648-023-00251-1,1,0,0,0,0,0,1,1,3,Low
REC_1653,A Novel Scene Matching Algorithm via Deep Learning for Vision-based UAV Absolute Localization,Ren Y.,2022,,10.1109/MLCCIM55934.2022.00043,1,1,1,0,1,0,1,1,6,High
REC_1654,Relative navigation of fixed-wing aircraft in GPS-denied environments,Ellingson G.,2020,,10.1002/navi.364,1,1,0,0,1,1,1,1,6,High
REC_1655,Centralized UAV Swarm Formation Estimation with Relative Bearing Measurements and Unreliable GPS,Akagi J.,2020,,10.1109/PLANS46316.2020.9110194,1,1,1,0,0,1,1,1,6,High
REC_1656,Deep Learning-Based Navigation System for Automatic Landing Approach of Fixed-Wing UAVs in GNSS-Denied Environments,Lin Y.-X.,2025,,10.3390/aerospace12040324,1,1,1,0,1,0,1,1,6,High
REC_1657,SafeNav: Safe Path Navigation using Landmark Based Localization in a GPS-denied Environment,Sapkota G.,2025,,10.1109/WoWMoM65615.2025.00045,1,1,1,1,0,0,1,1,6,High
REC_1658,Rapid Initialization Method of Unmanned Aerial Vehicle Swarm Based on VIO-UWB in Satellite Denial Environment,Wang R.,2024,,10.3390/drones8070339,1,1,1,0,0,0,1,1,5,Medium
REC_1659,Drone-in-a-Box: A Precise Indoor Autonomous Docking System,Godio S.,2026,,10.1109/ICUAS69441.2026.11598696,1,1,1,0,1,0,1,1,6,High
REC_1660,A Novel Ranging and IMU-Based Method for Relative Positioning of Two-MAV Formation in GNSS-Denied Environments,Cheng J.,2023,,10.3390/s23094366,1,1,1,1,0,1,1,1,7,High
REC_1662,NLOS-Aware LiDAR–UWB Fusion Localization for UAV Inspection in Converter Valve Halls,Liu X.,2026,,10.3390/technologies14070414,1,1,1,1,1,1,1,1,8,High
REC_1663,Deep learning enabled localization for UAV autolanding,LI M.,2021,,10.1016/j.cja.2020.11.011,1,1,1,1,1,0,1,1,7,High
REC_1664,Bridging GPS outages for fixed-wing Unmanned Aerial Vehicles,Zhao W.,2015,,10.1017/S0373463314000599,1,1,1,1,1,0,1,1,7,High
REC_1665,An Extended Kalman Filter-Based Simultaneous Localization and Mapping Algorithm for Omnidirectional Indoor Mobile Robot,Batayneh W.,2023,,10.15866/ireaco.v16i2.23401,1,1,1,0,0,0,1,1,5,Medium
REC_1666,Vision-Based Formation Control for an Outdoor UAV Swarm With Hierarchical Architecture,Ma L.,2023,,10.1109/ACCESS.2023.3296603,1,1,1,1,1,0,1,1,7,High
REC_1667,Autonomous Mapping and Navigation Unit for Aerial Robots,Baiao J.,2025,,10.1109/ICAR65334.2025.11338655,1,1,0,0,1,0,1,1,5,Medium
REC_1668,A Semantic-Aided Fusion Localization Method for Intelligent Vehicles in GNSS-Denied Dynamic Environments,Wei K.,2024,,10.1109/TIV.2024.3399809,1,1,1,0,1,0,1,1,6,High
REC_1669,Toward autonomous uav localization via aerial image registration,Wang X.,2021,,10.3390/electronics10040435,1,1,0,0,1,0,1,1,5,Medium
REC_1670,A pose estimation method for unmanned ground vehicles in GPS denied environments,Tamjidi A.,2012,,10.1117/12.920832,1,1,1,1,0,0,1,1,6,High
REC_1671,Real-Time Cross-View Image Matching and Camera Pose Determination for Unmanned Aerial Vehicles,Chen L.,2024,,10.14358/PERS.23-00073R2,1,1,1,0,1,1,1,1,7,High
REC_1672,Radar-Aided Navigation System for Small Drones in GPS-Denied Environments,Klein K.T.J.,2021,,10.1109/RadarConf2147009.2021.9455317,1,1,1,0,1,0,1,1,6,High
REC_1673,A 3 points vision based approach for MAV localization in GPS denied environments,Troiani C.,2013,,10.1109/ECMR.2013.6698811,1,1,0,0,0,0,1,1,4,Medium
REC_1674,A Low-Cost Doppler-Based Spectrum Monitoring and Interference Localization System for Public Safety in GPS-Denied Environments,Huang C.H.,2026,,10.6125/JoAAA.202604_58(4).01,1,1,0,0,1,0,1,1,5,Medium
REC_1675,Research on Initial Relative Position Determination Method for Unmanned Aerial Vehicles with Range-Only Measurements in GNSS-Denied Environments,Cui X.,2025,,10.1016/j.ifacol.2025.11.320,1,1,1,1,0,0,1,1,6,High
REC_1676,More Robust Features for Adaptive Visual Navigation of UAVs in Mixed Environments: A Novel Localisation Framework,Volkova A.,2018,,10.1007/s10846-017-0650-2,1,0,0,0,0,0,1,1,3,Low
REC_1677,Use of Information From the Digital Elevation Model in Autonomous Air Navigation Based on Image Odometry,Pizani Domiciano M.A.,2024,,10.1109/LGRS.2024.3419925,1,1,1,0,1,0,1,1,6,High
REC_1678,Position and Orientation from Asynchronous Lidar in GNSS Denied Environments,Glennie C.,2026,,10.5194/isprs-annals-XI-1-2026-151-2026,1,1,1,0,1,0,1,1,6,High
REC_1679,Self-localization of unmanned aerial vehicles based on optical flow in onboard camera images,Walter V.,2018,,10.1007/978-3-319-76072-8_8,1,1,1,0,1,0,1,1,6,High
REC_1680,Adaptive Visual-Inertial Fusion for GNSS-Denied Environments Using Factor Graph Optimization,Quan S.,2026,,10.1109/CCDC69976.2026.11560181,1,1,1,1,1,0,1,1,7,High
REC_1681,Cooperative relative navigation of multiple aircraft in global positioning system-denied/degraded environments,Ellingson G.,2020,,10.2514/1.I010802,1,1,1,1,1,1,1,1,8,High
REC_1682,Indoor Pedestrian-Following System by a Drone with Edge Computing and Neural Networks: Part 1 - System Design,Ryu I.-C.,2023,,10.23919/ICCAS59377.2023.10316832,1,1,0,0,0,0,1,1,4,Medium
REC_1683,"LIWO-SLAM: A LiDAR, IMU, and Wheel Odometry Simultaneous Localization and Mapping System for GNSS-Denied Environments Based on Factor Graph Optimization",Reitbauer E.,2023,,10.33012/2023.19216,1,1,1,1,0,0,1,1,6,High
REC_1684,Helicopter GNC system for autonomous landing by using a tether in a GPS denied scenario,Alarcon F.,2015,,10.1109/ICUAS.2015.7152398,1,0,0,0,0,1,1,1,4,Medium
REC_1685,UWB/INS Positioning for USVs in Complex Environments: A Dual-LSTM Enhanced UKF Framework with Error Compensation,Yan X.,2026,,10.1109/TMC.2026.3720790,1,1,1,1,0,1,1,1,7,High
REC_1686,A Rotation and Scale Invariant Map Matching Method for UAV Visual Geolocalization,Liu Y.,2026,,10.1109/JSTARS.2025.3639900,1,1,1,1,0,1,1,1,7,High
REC_1687,Camera-based indoor navigation for service robots,D. Chugo,2010,,,1,1,1,0,0,0,0,1,4,Medium
REC_1688,Pose estimation based on laser range finder for a quadrotor unmanned aerial vehicle in GPS-denied environment,X. Gu,2013,,,1,0,0,0,1,0,0,1,3,Low
REC_1689,Mobile robot loop closing using monocular vision SLAM,K. -T. Song,2010,,,1,1,1,0,1,0,0,1,5,Medium
REC_1690,High Accuracy Robot Indoor Navigation Using Visible Light Positioning and LiDAR Fusion,W. Liang,2022,,,1,1,1,0,0,0,0,0,3,Low
REC_1691,A novel terrain information measure for terrain-referenced underwater navigation,T. Kim,2017,,,1,1,0,0,0,0,0,1,3,Low
REC_1692,Cooperative pedestrian tracking by multi-vehicles in GPS-denied environments,K. Kakinuma,2012,,,1,1,0,0,1,1,0,1,5,Medium
REC_1693,Vision-based corridor path search of a mobile robot,Y. -J. Kim,2011,,,1,1,0,0,0,0,0,1,3,Low
REC_1694,Deep reinforcement learning based intelligent agent for smart autonomous system of drone in GPS-denied environments,Doukhi O.,2012,,,1,1,0,0,1,0,0,1,4,Medium
REC_1695,Application of vision-based particle filter and visual odometry for UAV localization,Jurevičius R.,2017,,,1,1,1,1,1,0,0,1,6,High
REC_1696,Enabling Autonomous Navigation with Radar-Only Perception in GPS-Denied Environments,Kumar S.S.S.,2026,,,1,1,1,0,1,0,0,1,5,Medium
REC_1697,Automation of UAV Navigation Support Based on SIFT-like Methods,Prystavkа P.,2025,,,1,1,0,0,1,0,0,1,4,Medium
REC_1698,Autonomous UAV navigation in post-disaster environments using ORB-SLAM,Riabchun Y.,2026,,,1,1,1,0,1,0,0,1,5,Medium
REC_1699,GNSS-independent navigation solution using integrated LiDAR data,Susca S.,2010,,,1,1,0,0,1,0,0,1,4,Medium
REC_1700,Autonomous navigation of UAV through GPS-denied indoor environment with obstacles,Nemati A.,2015,,,1,1,0,0,0,0,0,1,3,Low
REC_1701,Development of an Indoor VIO-Based Navigation System for Unmanned Vehicles,Chen C.-H.,2026,,,1,1,0,0,1,0,0,1,4,Medium
REC_1702,An integrated MEMS IMU/camera system for pedestrian navigation in GPS-denied environment,Huang B.,2011,,,1,1,1,0,0,0,0,1,4,Medium
REC_1703,VISION-BASED LOCALISATION FOR AUTONOMOUS AERIAL NAVIGATION IN GNSS-DENIED SITUATIONS,Sabel D.,2022,,,1,1,0,0,1,0,0,1,4,Medium
REC_1704,Cooperative Tracking and Navigation of Multi Aerial Vehicles in GPS-Denied Regions,Ovec N.T.,2024,,,1,1,1,0,0,0,0,1,4,Medium
REC_1705,Autocalibration of a mobile UWB localization system for Ad-Hoc multi-robot deployments in GNSS-denied environments,Almansa C.M.,2020,,,1,1,1,1,1,0,0,1,6,High
REC_1706,GPS DENIED - THE NEXT LEVEL IN AUTONOMOUS NAVIGATION TOWARDS FLYING WITHOUT GPS,Puhlfürst G.,2024,,,1,1,1,0,1,0,0,1,5,Medium
REC_1707,Evaluation of a Complementary Navigation Filter Steering a UAS Autopilot in a GNSS Contested Environment,Appleget A.,2022,,,1,1,1,0,1,0,0,1,5,Medium
REC_1708,An incremental slam algorithm for indoor autonomous navigation,Di Castro M.,2014,,,1,1,0,0,0,0,0,1,3,Low
REC_1709,UAV circumnavigation under a GPS-denied environment: Algorithms and experiments,Cao Y.,2015,,,1,1,0,0,1,0,0,1,4,Medium
REC_1710,Autonomous marine navigation in Global Navigation Satellite System (GNSS) denied environments,Carter M.R.,2018,,,1,0,0,0,0,0,0,1,2,Low
REC_1711,A recovery system for SUAV operations in GPS-denied environments using timing advance measurements,Layh T.,2015,,,1,1,1,0,1,1,0,1,6,High
REC_1712,"Location determination of an unmanned aerial vehicle in a GPS-denied, Hazard-cluttered indoor environment",Sathyan A.,2015,,,1,1,0,0,0,0,0,1,3,Low
REC_1713,Multisensor concept for autonomous navigation of unmanned systems in GNSS-denied environments,Gäbel M.,2017,,,1,1,0,0,1,0,0,1,4,Medium
REC_1714,Performance analysis and flight data results of innovative vision-based navigation in GPS-denied environment,Polle B.,2012,,,1,1,1,0,1,0,0,1,5,Medium
REC_1715,"Autonomous targeted flight of a rotary-wing micro aerial vehicle in indoor, GPS-denied environments",Potyagaylo S.,2014,,,1,1,0,0,1,0,0,1,4,Medium
REC_1716,Vision-based autonomous guidance approach for a nano unmanned aerial vehicle rotorcraft towards indoor flight environment,Wang G.,2020,,,1,1,0,0,1,0,0,1,4,Medium
REC_1717,Inertial-aided vision-based localization and mapping in a riverine environment with reflection measurements,Yang J.,2013,,,1,1,1,0,0,0,0,1,4,Medium
REC_1718,On the consistency analyzing of A-SLAM for UAV navigating in GNSS denied environment,Oguz A.E.,2013,,,1,1,1,0,0,1,0,1,5,Medium
REC_1719,Trajectory Recovery of Visual Odometry at Corners by Temporal Stereo Point Cloud Registration,Eshima Y.,2024,,,1,1,1,0,1,0,0,1,5,Medium
