id,title,abstract,authors,year,doi,venue,source,ai_decision,ai_confidence,criteria_triggered,justification
REC_0001,BIM-Assisted UAV Topological Localization and Navigation Method for GPS-Denied Indoor Environments,"This paper proposes a BIM-assisted UAV topological localization and navigation framework for GPS-denied indoor environments. The method transforms BIM data into a semantic-topological graph containing rooms, corridors, staircases, and connectivity relationships. UAV image observations are converted into candidate BIM nodes through spatial semantic recognition and OCR-based textual matching rather than directly estimating metric coordinates. A topology-aware recursive localization mechanism is then introduced by integrating BIM adjacency constraints and historical states to infer the most probable indoor location. Furthermore, semantic-cost A* planning is employed to validate whether the estimated topological nodes can support indoor navigation tasks. Experiments were conducted in a real university teaching-building environment with 721 indoor images and 74 navigation frames. Results demonstrate that the proposed framework achieves 95.95% localization coverage and 100% valid-frame node accuracy, showing strong robustness and interpretability for indoor UAV localization and navigation.",H. Pan; H. Ye; W. Zheng; L. Zhou,2026,10.1109/ICCIR70228.2026.11633308,,IEEE_Xplore,include,high,"[""I1"", ""I2"", ""I3"", ""I4"", ""I5"", ""I6""]",UAV platform with primary GNSS-denied navigation contribution and quantitative results.
REC_0003,Autonomous Navigation in GPS-Denied Environments Using Visual SLAM,"This paper presents the real-time implementation of a visual Simultaneous Localization and Mapping (SLAM) for indoor quadcopter navigation. The research aims to autonomously navigate in GPS-denied spaces by localization and mapping in real time. The proposed system integrates an Intel RealSense D435 depth camera, a Raspberry Pi 4B for onboard computation, a laser rangefinder for altitude measurement, and a Pixhawk 4 flight controller. The RTAB-Map SLAM is first tested in a simulation using ROS and Gazebo to ensure its robustness and further deployed in real-world experiments. The experiments carried out successfully demonstrated autonomous indoor UAV navigation with a quadcopter operating at a maximum speed of 0.5 m/s while maintaining a set altitude of 0.5 m with a mean path error and mean altitude deviation of 0.094 ± 0.031 m and 0.027 ± 0.005 m respectively, across different indoor environments, while producing 2D grid maps and 3D point cloud (PCL) maps. This work demonstrates that indoor autonomous UAV navigation can be realized using low-cost, off-the-shelf components and open-source SLAM techniques.",L. B. Jayswal; S. Khadka; A. K. Shah; B. Yonzan; B. Rimal; N. Bhattarai; D. Chieng; B. Nakarmi,2026,10.1109/ICTP67998.2026.11485150,,IEEE_Xplore,include,high,"[""I1"", ""I2"", ""I3"", ""I4"", ""I5"", ""I6""]",UAV platform with primary GNSS-denied navigation contribution and quantitative results.
REC_0006,A Multi-Sensor Fusion Framework for Unmanned Aerial Vehicle (UAV) Navigation and Inspection in GPS-Denied and Degraded Environments,"Reliable autonomous navigation of Unmanned Aerial Vehicles (UAVs) in GPS-denied environments remains a significant challenge due to signal attenuation, spoofing, and jamming. Indoor environments such as warehouses and industrial facilities suffer from GPS degradation caused by structural occlusions, while outdoor scenarios including forests and flat terrains lack reliable localization cues. To address these challenges, this paper presents a multi-sensor fusion framework for robust UAV navigation in GPS-compromised environments.The proposed approach employs a dual-strategy navigation framework: (i) Visual Simultaneous Localization and Mapping (VSLAM) with 3D point cloud generation for structured indoor environments, and (ii) a VSLAM-based 2D digital twin representation for outdoor environments, integrating visual data with inertial and altitude measurements. Software-in-the-loop (SIL) simulations using ROS and RTAB-Map validate autonomous navigation with obstacle avoidance in warehouse scenarios, while Hardware-in-the-loop (HIL) experiments on an in-house developed UAV platform demonstrate accurate indoor mapping and localization.The results demonstrate that the proposed vision-centric framework enables reliable navigation without dependence on GPS, offering a scalable and resilient solution for UAV operations in GPS-denied environments, with applications in inventory management, surveillance, and search-and-rescue missions.",V. V. Sai Viswa Kiran; A. S. Reddy; H. V. Sri Sai; H. Allaka; R. P. Kumar,2026,10.1109/APSCON68325.2026.11497125,,IEEE_Xplore,include,high,"[""I1"", ""I2"", ""I3"", ""I4"", ""I5"", ""I6""]",UAV platform with primary GNSS-denied navigation contribution and quantitative results.
REC_0008,A Framework for UAV Navigation and Exploration in GPS-Denied Environments,"Unmanned Aerial Vehicles (UAV) are increasingly used in a wide range of applications such as civil infrastructure inspection, agriculture, ecology and remote sensing. UAV autonomous operation relies on the use of GPS in order to localise and plan a mission, however there are places in which GPS positioning is limited or not available, such as in urban and natural canyons or below the canopy. This paper presents the development of a framework that enables a drone to navigate in an unknown, unstructured and GPS-denied environment. The aim of this research is to combine the use of localisation algorithms such as Simultaneous Localisation and Mapping (SLAM) with Partially Observable Markov Decision Processes (POMDP) algorithms into a framework in which the navigation and exploration tasks are modelled as sequential decision problems under uncertainty. The framework tested in simulation allows the UAV to navigate safely, avoiding collisions whilst guiding exploration in order to create an occupancy map of the UAV's surroundings. The proposed system guides the UAV through a series of actions in order to maximise the information gain about the unknown environment. The implementation of the proposed framework will enable the use of UAV for autonomous navigation and exploration in challenging environments where GPS positioning is not available or limited.",F. Vanegas; K. J. Gaston; J. Roberts; F. Gonzalez,2019,10.1109/AERO.2019.8741612,,IEEE_Xplore,include,high,"[""I1"", ""I2"", ""I3"", ""I4"", ""I5"", ""I6""]",UAV platform with primary GNSS-denied navigation contribution and quantitative results.
REC_0010,Autonomous long-range navigation in GNSS-denied environment with low-cost UAV platform,"The capability of an Unmanned Aerial Vehicle to navigate in GNSS-denied environments is desired in many situations, especially in situation in which the GNSS signal is not trustable. In this work is presented a solution based on a low-cost UAV platform, that uses a Landmark Recognition algorithm to compensate the inertial sensors errors cumulation, aiming to perform a long-range navigation, independently of GNSS information. The results in a real-time simulation demonstrated the effectiveness of the integration between the UAV control and the computer vision, performing a successful navigation of 20.7 km long at 400 meters high, where the system has been able to estimate the coordinates during the whole route, with an average error lower than 6 meters.",A. R. Kuroswiski; N. M. F. de Oliveira; É. H. Shiguemori,2018,10.1109/SYSCON.2018.8369592,,IEEE_Xplore,include,high,"[""I1"", ""I2"", ""I3"", ""I4"", ""I5"", ""I6""]",UAV platform with primary GNSS-denied navigation contribution and quantitative results.
REC_0013,Quantum-Enhanced Drone Swarm Localization in GPS-Denied Environment,"Solutions for getting drone swarms localized when GPS is out of the picture. That's a big problem, really cuts into how reliable those autonomous jobs can be. This paper brings in a model that uses quantum stuff to boost the accuracy and how well the drones stick together. The idea here mixes quantum entanglement for syncing up between drones. It also throws in quantum-enhanced Kalman filtering to fuse sensor data better. That way, they get positions figured out more precisely and tougher against messes. We ran experiments on simulated groups of 10 drones. The setup cut down localization errors. It boosted computational efficiency too, by 25 per cent and 30 per cent in swarms dealing with different levels of interference. The thing is, these results point to quantum computing stepping up as a solid, scalable fix for swarm localization issues. It has real potential out there in tough spots without GPS, like disaster responses or city ops and even military stuff. The paper spells out how quantum tech could lead to the next wave of autonomous systems. It spots chances for using quantum algorithms in real-time navigation with multiple agents.",S. K. Thota,2026,10.1109/ICoECIT68303.2026.11497954,,IEEE_Xplore,include,high,"[""I1"", ""I2"", ""I3"", ""I4"", ""I5"", ""I6""]",UAV platform with primary GNSS-denied navigation contribution and quantitative results.
REC_0017,Development of Nano UAV Platform for Navigation in GPS-Denied Environment Using Snapdragon,"In order to develop a nano UAV in a GPS-denied environment, a visual-inertial system (VINS) consisting of a monocular camera and a low-cost inertial measurement unit (IMU) should be integrated, as they make a minimum, ultra lightweight sensor suite that enables both autonomous flight and sufficient environment awareness. Although there are numerous potential applications, getting to understand the structure of the flight platform can be cumbersome and confusing. Packages and resources provided on the Qualcomm developer network (QCN) and their official GitHub group ATLFlight contain un-unified and disorderly chunks of information. In this paper, we present an organized documentation that presents in detail, the platform structure as a whole, from hardware to software architecture, including installation and API related applications.",Y. Zhou; G. Qin; F. Lin,2018,10.1109/IECON.2018.8592913,,IEEE_Xplore,include,high,"[""I1"", ""I2"", ""I3"", ""I4"", ""I5"", ""I6""]",UAV platform with primary GNSS-denied navigation contribution and quantitative results.
REC_0022,Distance-based Autonomous Docking for UAV-MP in GPS-denied Environment,"In this paper, we study the docking problem between a UAV and a mobile platform (MP) by estimating the relative position through distance information and its own displacement, and design the approaching trajectory for eliminating the need of any global positioning systems or other infrastructures. The main challenges of this problem are to estimate the relative position between the UAV and the MP and design controllers for the navigation trajectory control. Since the MP is not equipped with odometer and its motion changes from time to time, the UAV is iteratively navigated using the estimated relative positions to make it infinitely close to the MP, so that the MP finally enters the field of view of the camera and accomplishes the autonomous docking. A simulation experiment is carried out and the theoretical results are verified.",C. Cheng; X. Li; L. Li; L. Xie,2022,10.1109/CCDC55256.2022.10034409,,IEEE_Xplore,include,high,"[""I1"", ""I2"", ""I3"", ""I4"", ""I5"", ""I6""]",UAV platform with primary GNSS-denied navigation contribution and quantitative results.
REC_0023,Autonomous Aerial Navigation in GPS-Denied Environments,"In the absence of reliable GPS or GNSS navigation systems, commercial drones fail to complete their tasks successfully. This paper proposes an autonomous navigation system that does not rely on GPS, GNSS or external markers. It instead utilizes custom navigation algorithms in place of traditional positioning systems. The navigation system employs a stereo depth camera, LiDAR, and an optical flow sensor. To process environmental data more efficiently, the system employs a 'tunnel vision' approach, which narrows the field of view to reduce computational load. This is complemented by a sliding window algorithm for processing the area in a linear manner, systematically searching for landable/landing zones. These algorithms can be effectively applied in GPS-denied environments, such as disaster-stricken areas, to facilitate rapid assessment and mapping of affected zones.",A. Variar; B. R; A. Fathima; R. U; G. Sreenandhini; D. K. H; J. J; S. M. D,2025,10.1109/INSPIRE67328.2025.11300665,,IEEE_Xplore,include,high,"[""I1"", ""I2"", ""I3"", ""I4"", ""I5"", ""I6""]",UAV platform with primary GNSS-denied navigation contribution and quantitative results.
REC_0025,Design of an UWB indoor-positioning system for UAV navigation in GNSS-denied environments,"Commonly used unmanned aerial vehicle (UAV) platforms rely on the use of global navigation satellite system (GNSS) receivers for navigation. To enable the autonomous navigation of cooperative UAVs in GNSS-denied environments, the use of an ultra-wideband (UWB) positioning system is proposed. This paper discusses the design and evaluation of a practical and cooperative UWB positioning system using newly available integrated radio frequency hardware and antennas. Constellation-aware parameters, as well as other effects like antenna characteristics, are taken into consideration. A non-line-of-sight rejection is implemented based on the ratio of the first path compared to the power of the cumulated channel impulse response. An experiment covering a range of positions and orientations is conducted to gain a broad, representative set of results to assess the system accuracy in real-life usage. In a first experiment the system performance achieves a root-mean-square error of under 10 cm in the horizontal plane and under 20 cm in the three-dimensional space with a probability of 95 %. A GNSS emulation system is implemented to evaluate the real-time in-flight use of the UWB positioning system on an experimental UAV carrier. A proof of concept is given that the GNSS emulation may be used with commercially available UAV platforms to augment those systems with indoor navigation capabilities.",J. Tiemann; F. Schweikowski; C. Wietfeld,2015,10.1109/IPIN.2015.7346960,,IEEE_Xplore,include,high,"[""I1"", ""I2"", ""I3"", ""I4"", ""I5"", ""I6""]",UAV platform with primary GNSS-denied navigation contribution and quantitative results.
REC_0028,UAV Waypoint Opportunistic Navigation in GNSS-Denied Environments,"Navigation of an unmanned aerial vehicle (UAV) to reach a desired waypoint with provable guarantees in global navigation satellite system (GNSS)-denied environments is considered. The UAV is assumed to have an unknown initial state (position, velocity, and time) and the environment is assumed to possess multiple terrestrial signals of opportunity (SOPs) transmitters with unknown states (position and time) and one anchor SOP whose states are known. The UAV makes pseudorange measurements to all SOPs to estimate its own states simultaneously with the states of the unknown SOPs. The waypoint navigation problem is formulated as a greedy (i.e., one-step look-ahead) multiobjective motion planning (MOMP) strategy, which guarantees that the UAV gets to within a user-specified distance of the waypoint with a user-specified confidence. The MOMP strategy balances two objectives: i) navigating to the waypoint; and (ii) reducing UAV’s position estimate uncertainty. It is demonstrated that in such an environment, formulating the waypoint navigation problem in a so-called “naive” fashion by heading directly to the waypoint would result in failing to reach the waypoint. This is due to poor estimability of the environment. In contrast, the MOMP strategy guarantees (in a probabilistic sense) reaching the waypoint. Monte Carlo simulation results are presented showing that the MOMP strategy achieves the desired objective with 95% success rate compared to a 36% success rate with the naive approach. Experimental results are presented for a UAV navigating to a waypoint in a cellular SOP environment, where the MOMP strategy successfully reaches the waypoint, while the naive strategy fails to do so.",Y. Yang; J. Khalife; J. J. Morales; Z. M. Kassas,2022,10.1109/TAES.2021.3103140,,IEEE_Xplore,include,high,"[""I1"", ""I2"", ""I3"", ""I4"", ""I5"", ""I6""]",UAV platform with primary GNSS-denied navigation contribution and quantitative results.
REC_0035,State Estimation and Control for Micro Aerial Vehicles in GPS-denied Environments,"In this paper, a state estimation and control system in GPS-denied environments is presented for a micro aerial vehicle (MAV). For full state estimation, we formulate the lidar-inertial odometry as a factor graph which can solved by a nonlinear optimizer. For hovering and trajectory control, we propose a dual-mode cascaded nonlinear controller, which ensures the hovering accuracy and trajectory tracking performance. In extensive state estimation and flight tests, we evaluate the performance of the developed control and estimation algorithms proposed in this paper on a onboard computer.",H. Shen; X. Zhang; H. Lu; B. Tian; Q. Zong,2020,10.1109/WCSP49889.2020.9299710,,IEEE_Xplore,include,high,"[""I1"", ""I2"", ""I3"", ""I4"", ""I5"", ""I6""]",UAV platform with primary GNSS-denied navigation contribution and quantitative results.
REC_0037,Deep Visual Localization for UAVs in GNSS-Denied Environments Using Satellite Imagery,"Accurate absolute localization is essential for the reliable and autonomous mission execution of unmanned aerial vehicles (UAVs). However, GNSS-based navigation may be disabled under electronic warfare, physical obstruction, or spoofing. In this study, absolute position is estimated in GNSS-denied environments by matching UAV camera images with open-source satellite imagery. The proposed visual localization pipeline combines deep matching with SuperPoint–LightGlue, satellite–camera alignment via homography, Efficient Perspective-n-Point (EPnP)-based absolute pose estimation, and Kalman fusion with an optical-flow backup. Compared with SIFT and ORB, it achieves higher matching success (mAP) and lower horizontal error. In real flights validated against RTK GNSS, a positioning error of 10 m (MAE) and 14 m (RMSE) in the X–Y plane is obtained at approximately 500 m altitude, running at approximately 5 Hz on a Jetson Orin Nano.",E. Öksüz; B. Yalçın; T. Demirdal,2026,10.1109/SIU71813.2026.11636724,,IEEE_Xplore,include,high,"[""I1"", ""I2"", ""I3"", ""I4"", ""I5"", ""I6""]",UAV platform with primary GNSS-denied navigation contribution and quantitative results.
REC_0041,UAV Navigation With Monocular Visual Inertial Odometry Under GNSS-Denied Environment,"In global satellite navigation system (GNSS)-denied environments, unmanned aerial vehicle (UAV) navigation based on visual–inertial odometry (VIO) has been widely studied. However, existing VIO methods still suffer from some practical problems, such as image enhancement oversaturation and unreasonable weighting in backend optimization. Therefore, this article presents monocular VIO with point-line fusion and backend adaptive optimization to improve the positioning accuracy and robustness of UAV navigation systems. In the front end, we proposed an adaptive gamma image correction algorithm for image preprocessing to avoid image oversaturation, which is more conducive to image extraction and matching. Instead of the traditional line segment detector (LSD) line feature extraction algorithm, we employed an improved EDLines algorithm to enhance the efficiency of line feature extraction, better meeting the high dynamic real-time requirements of UAV. In the backend, we proposed a tightly coupled nonlinear adaptive optimization method based on a two-step approach to address the issue of unreasonable static weights. In the first step, we established a factor graph model and performed the first nonlinear optimization based on a priori visual weights. In the second step, we calculated the reprojection error and established a functional model that examines the relationship between the reprojection error and the information matrix. We updated the information matrix using the reprojection error to adaptively adjust the weights of the point features and line features in real time. Finally, we performed a second nonlinear reoptimization. The proposed method was compared with the monocular visual-inertial system (VINS-MONO) (Qin et al. 2018) and point and line features (PL)-VINS (Fu et al. 2020) methods, the experimental results showing that the positioning accuracy of the proposed method on the public EuRoc dataset (Burri et al. 2016) improved by an average of 32.3% compared with the PL-VINS method, and by an average of 33.8% in three real-world scenarios under changing illumination, weak texture, and large-scale complex scenarios. The results demonstrated that the proposed method exhibited better robustness and higher positioning accuracy in various complex environments.",H. Luo; G. Li; D. Zou; K. Li; X. Li; Z. Yang,2023,10.1109/TGRS.2023.3323519,,IEEE_Xplore,include,high,"[""I1"", ""I2"", ""I3"", ""I4"", ""I5"", ""I6""]",UAV platform with primary GNSS-denied navigation contribution and quantitative results.
REC_0043,Robust Sensor Fusion for Autonomous UAV Navigation in GPS denied Forest Environment,"Forestry and precision biodiversity data collection using UAVs can be cost-effective and time efficient solution. However, navigating in the forest canopy autonomously can be quite challenging because of its GPS denied environment, cluttered, dynamic, and large scale. Most of the commercial UAVs used in forest applications apply GPS-based navigation which is not suitable for navigating under the canopy. In this paper, an autonomous UAV flight mission in a cluttered forest-like canopy environment is presented. A robust multi-sensor fusion-based robust navigation method which has failure detection features is proposed to enable safe and reliable autonomous navigation. The autonomy architecture utilizes the navigation, planning, and control capabilities of the UAV in a simultaneous manner. To achieve autonomous missions in forest environment, the proposed system has been tested rigorously in a simulated environment and the result shows the capability of autonomous flights in such a challenging environment. The performance of the autonomous flight was evaluated based on mean velocity and path length with respect to the increasing number of trees in the forest.",S. M. Shithil; A. A. M. Faudzi; A. Abdullah; N. Islam; S. M. Saad,2022,10.1109/ROMA55875.2022.9915682,,IEEE_Xplore,include,high,"[""I1"", ""I2"", ""I3"", ""I4"", ""I5"", ""I6""]",UAV platform with primary GNSS-denied navigation contribution and quantitative results.
REC_0053,Vision-based Navigation of Unmanned Aerial Vehicles,"Unmanned Aerial Vehicles (UAVs) are increasingly being used for a wide range of civilian and industrial applications. While GPS-based navigation systems are commonly employed, they suffer from limitations in environments where GPS signals are weak or unavailable, such as indoors or in dense urban areas. This paper presents a vision-based navigation framework that leverages visual data for real-time localization and path planning, providing an alternative to GPS navigation. The proposed method uses a camera system to capture visual features, building a visual memory of the environment during a guided flight. This memory is then used for localization and autonomous navigation in real-time. Experiments conducted with an indoor UAV equipped with a fish-eye camera demonstrate the effectiveness of the approach, showing reliable navigation in complex environments without the need for GPS. The results highlight the potential of vision-based systems for enhancing the autonomy and versatility of UAVs, particularly in GPS-denied scenarios.",H. Gahlot; A. Kumar; P. Kumar; E. A. Sharma,2024,10.1109/ICACCM61117.2024.11059131,,IEEE_Xplore,include,high,"[""I1"", ""I2"", ""I3"", ""I4"", ""I5"", ""I6""]",UAV platform with primary GNSS-denied navigation contribution and quantitative results.
REC_0057,ROS+unity: An efficient high-fidelity 3D multi-UAV navigation and control simulator in GPS-denied environments,"In this paper, we will introduce our newly developed 3D simulation system for miniature unmanned aerial vehicles (UAVs) navigation and control in GPS-denied environments. As we know, simulation technologies can verify the algorithms and identify potential problems before the actual flight test and to make the physical implementation smoothly and successfully. To enhance the capability of state-of-the-art of research-oriented UAV simulation system, we develop a 3D simulator based on robot operation system (ROS) and a game engine, Unity3D. Unity3D has powerful graphics and can support high-fidelity 3D environments and sensor modeling which is important when we simulate sensing technologies in cluttered and harsh environments. On the other hand, ROS can provide clear software structure and simultaneous operation between hardware devices for actual UAVs. By developing data transmitting interface and necessary sensor modeling techniques, we have successfully glued ROS and Unity together. The integrated simulator can handle real-time multi-UAV navigation and control algorithms, including online processing of a large number of sensor data.",W. Meng; Y. Hu; J. Lin; F. Lin; R. Teo,2015,10.1109/IECON.2015.7392488,,IEEE_Xplore,include,high,"[""I1"", ""I2"", ""I3"", ""I4"", ""I5"", ""I6""]",UAV platform with primary GNSS-denied navigation contribution and quantitative results.
REC_0064,Positioning and Navigation Approaches Using Packet Loss-Based Multilateration for UAVs in GPS-Denied Environments,"Unmanned aerial vehicle (UAV) technology has demonstrated outstanding performance and has become an essential innovation in current applications. In outdoor surveillance operations, such as geolocation and navigation in restricted areas, an unmanned aerial vehicle, such as a drone, can accomplish missions efficiently with the assistance of a Global Positioning System (GPS). In contrast, drones without such a system are particularly limited to indoor surveillance or short-range applications owing to the absence of precise positioning capabilities. This study addresses the crucial challenge of non-GPS drones in outdoor surveillance scenarios and proposes a packet loss-based positioning approach, wherein a drone estimates its current position by utilizing wireless packet loss from reference point packet transmission using a multilateration technique. Moreover, we introduce three heuristic lightweight navigation algorithms, leveraging packet loss-based positioning and enabling a drone to navigate toward its intended destinations. Through simulations, we observed a significant average reduction of 55.78% in navigation accuracy errors during operation, proving that a drone without a precise positioning system can identify its location and recover to its nearest destination position by relying solely on packet loss computation without the need for complex sensors.",I. Srisomboon; S. Lee,2024,10.1109/ACCESS.2024.3357148,,IEEE_Xplore,include,high,"[""I1"", ""I2"", ""I3"", ""I4"", ""I5"", ""I6""]",UAV platform with primary GNSS-denied navigation contribution and quantitative results.
REC_0065,Autonomous Drones in GNSS-Denied Environments: Results from the Leonardo Drone Contest,"The Leonardo Drone Contest is an autonomous drone competition that aims at finding innovative solutions for drones operating in a Global Navigation Satellite System (GNSS) denied environment. At the end of a three years cycle of the competition, in this paper a review of the identified system and conclusions made by the DRAFT team from Politecnico di Torino is presented. The authors aim at introducing the final solutions to the challenge in terms of hardware components, algorithms and development process. The proposed approach has been widely tested and validated, and it ranked second in the competition. The well-consolidated procedure, resulting from many iterations in the development cycle, has contributed to further improvements during the three-year challenge and can be helpful for anyone who desires to approach the problem of autonomous drones employed in smart cities contexts.",S. Godio; F. Marino; A. Minervini; S. Primatesta; M. Chiaberge; G. Guglieri,2023,10.1109/MetroAeroSpace57412.2023.10190003,,IEEE_Xplore,include,high,"[""I1"", ""I2"", ""I3"", ""I4"", ""I5"", ""I6""]",UAV platform with primary GNSS-denied navigation contribution and quantitative results.
REC_0066,Real Time Vision Based Obstacle Avoidance for UAV using YOLO in GPS Denied Environment,"This paper discussed cost-effective vision-based obstacle avoidance for Unmanned Aerial Vehicles (UAVs) operating in GPS-denied environments. The system combines the You Only Look Once (YOLO) architecture with stereo vision cameras (OAK-D Lite), a Raspberry Pi computer, and a flight controller unit (Pixhawk-Cube). Navigating safely through obstacles becomes challenging for UAVs in GPS-denied environments. To address this issue, the drone is configured in altitude hold mode, and the system is trained on the Common Objects in Context (COCO) dataset, enabling it to recognize objects and analyze the surrounding areas to identify free spaces. By doing so, the drone can traverse an obstacle-free path. The detected obstacle information is then utilized to generate avoidance trajectories, allowing the UAV to navigate around obstacles safely. Real-time testing of the proposed technique demonstrates its efficacy in detecting and avoiding obstacles within a threshold distance of 2 meters, with an error rate of 10%. The drone’s relative speed is configured at 2 m/s during these tests.",S. K. NT; G. U. Sai; P. K. Duba; P. Rajalakshmi,2023,10.1109/OCIT59427.2023.10431039,,IEEE_Xplore,include,high,"[""I1"", ""I2"", ""I3"", ""I4"", ""I5"", ""I6""]",UAV platform with primary GNSS-denied navigation contribution and quantitative results.
REC_0071,Radar-Based High-Accuracy 3D Localization of UAVs for Landing in GNSS-Denied Environments,"Global navigation satellite systems (GNSS) such as GPS are the de-facto standard for absolute and reliable unmanned aerial vehicles (UAV) localization due to their global availability and the maturity and wide spread of the underlying technology. However, as the spread and reliance upon autonomous UAV systems increases, the risk of jamming becomes a substantial safety problem. The area where jamming attacks are most likely to occur is the close vicinity of the UAV landing station. Hence, to ensure reliable operations, an alternative localization technology for the approach and landing phase is needed. This paper presents a localization system for 3D position estimation based on 24 GHz FMCW cooperative radar. It has very low infrastructure requirements thanks to the combination of ranging and direction-of-arrival (DOA) estimation techniques employed in the ground station. Jamming resistance is improved due to the large bandwidth of 250 MHz. A measurement campaign was conducted to prove the feasibility of the proposed concept.",Y. Dobrev; Y. Dobrev; P. Gulden; M. Lipka; T. Pavlenko; D. Moormann; M. Vossiek,2018,10.1109/ICMIM.2018.8443483,,IEEE_Xplore,include,high,"[""I1"", ""I2"", ""I3"", ""I4"", ""I5"", ""I6""]",UAV platform with primary GNSS-denied navigation contribution and quantitative results.
REC_0077,3D Path Planning for Autonomous UAV Navigation in GPS-Denied Environments,"This paper presents a UAV path planning framework designed to enable smooth, collision-free navigation in static, GPS-denied environments. The framework relies on point cloud data collected by a primary, pilot UAV, which uses onboard sensing, SLAM, and object detection to incrementally map an unknown environment and identify waypoints. Path planning is performed in a bounded SE(3) state space using sampling-based algorithms with a multi-objective formulation that balances path length, obstacle clearance, and orientation smoothness. Safety is ensured through tight integration with a dedicated collision detection and proximity query engine, enabling efficient collision and distance queries against the octree-based environment representation. Planned paths are further refined through shortcutting and B-spline smoothing to produce dynamically feasible trajectories, which are executed via a MAVROS-PX4 control pipeline. The enhanced collision validation approach for global path planning incorporates 6-DOF vehicle motion to facilitate accurate navigation. Simulation and flight test results demonstrate the effectiveness of the proposed framework for reliable UAV navigation in complex and GPS-denied environments.",T. Thakkar; R. Ramirez; R. Tsui; S. Bhandari; A. Raheja,2026,10.1109/ICUAS69441.2026.11598675,,IEEE_Xplore,include,high,"[""I1"", ""I2"", ""I3"", ""I4"", ""I5"", ""I6""]",UAV platform with primary GNSS-denied navigation contribution and quantitative results.
REC_0080,Enabling Computer Vision-Based Autonomous Navigation for Unmanned Aerial Vehicles in Cluttered GPS-Denied Environments,"This paper presents a synthesis of techniques enabling vision-based autonomous Unmanned Aerial Vehicle (UAV) systems. A full stack of computer vision processing modules are used to exploit visual information to simultaneously perceive obstacles and refine localization in a GPS-denied environment. An omni-directional stereo-vision based setup is used to build a 3D representation of the surroundings. A fully 3D local obstacle grid, maintained through multiple frames and updated accordingly to the UAV movement, is built accumulating multiple observations coming from the 360 stereo vision sensing suite. Visual data is also used to extract information regarding the drone attitude and position while exploring the environment. Sparse optical flow collected from both front and down facing stereo cameras is used to estimate UAV movement through multiple frames. The down-looking stereo pair is also used to estimate the drone height from the ground and to refine the pose estimation in a Simultaneous Localization and Mapping (SLAM) fashion. An improved A* planning algorithm exploits both the 3D representation of the surroundings and precise localization information in order to find the shortest path and reach the goal through a three dimensional safe trajectory.",F. Valenti; D. Giaquinto; L. Musto; A. Zinelli; M. Bertozzi; A. Broggi,2018,10.1109/ITSC.2018.8569695,,IEEE_Xplore,include,high,"[""I1"", ""I2"", ""I3"", ""I4"", ""I5"", ""I6""]",UAV platform with primary GNSS-denied navigation contribution and quantitative results.
REC_0084,Simulating GPS-denied Autonomous UAV Navigation for Detection of Surface Water Bodies,"The aim to colonize extra-terrestrial planets has been of great interest in recent years. For Mars, or other planets to sustain human life, it is essential that water is present and accessible. Mars may contain or provide signs of the possibility of near surface water, but this work will only focus on surface water for the purposes of simulation. In this paper, we present a method for autonomous navigation and detection of surface water bodies in the GPS denied environments of Mars via a fully autonomous UAV. A combination of existing state-of-the-art tools and techniques have been utilized to enable the development of this system. Additionally, we create a modular framework to simulate the mission using the AirSim simulation environment and the Robot Operating System (ROS). The simulation environment is leveraged by using the Unreal game engine running in Windows OS, interfacing with an open source software for simultaneous localization and mapping (SLAM), running on ROS and Linux OS. A simulated mission was successfully implemented and demonstrated using the framework. Results obtained indicate that the framework enables the navigation of a UAV in the simulated Mars environment and allows the UAV to detect surface water bodies. The developed simulation framework, along with the knowledge and techniques attained in this research, could accelerate the development, testing and deployment of missions for a real-world Mars UAV, for the detection of surface water bodies. Additionally, this research aims to support and build upon prior work to further aid the search for water on other planets, as well as assisting humans in becoming a multi-planet species.",A. D. Singh; F. Vanegas Alvarez,2020,10.1109/ICUAS48674.2020.9213927,,IEEE_Xplore,include,high,"[""I1"", ""I2"", ""I3"", ""I4"", ""I5"", ""I6""]",UAV platform with primary GNSS-denied navigation contribution and quantitative results.
REC_0095,Cooperative Relative Localization for UAV Swarm in GNSS-Denied Environment: A Coalition Formation Game Approach,"Unmanned aerial vehicle (UAV) swarms require accurate relative localization to safeguard flight missions in the global navigation satellite system-denied environment due to a lack of absolute position information. The existing work of relative localization faces challenges, such as the ranging information loss and the low localization frequency caused by long-distance ranging and large-scale characteristic of the UAV swarm. This article proposes a clustering-based cooperative relative localization scheme for UAV swarm, which contains a two-level framework: inter/intra-cluster localization. In order to investigate the tradeoff between intracluster cooperation and intercluster packet loss, the clustering-based problem is constructed as a coalition formation game (CFG) model. Given the designed coalition value, preference relation, and the coalition formation principles, it is proved that the proposed CFG model has a Nash stable partition. The designed coalition formation algorithm includes coalition heads and beacon drones selection mechanism. Simulation results show that the proposed CFG algorithms shorten the ranging time compared with global localization and achieve better localization performance (localization error and success rate) than contrast algorithms.",L. Ruan; G. Li; W. Dai; S. Tian; G. Fan; J. Wang; X. Dai,2022,10.1109/JIOT.2021.3130000,,IEEE_Xplore,include,high,"[""I1"", ""I2"", ""I3"", ""I4"", ""I5"", ""I6""]",UAV platform with primary GNSS-denied navigation contribution and quantitative results.
REC_0096,Cooperative UWB-Based Localization for Outdoors Positioning and Navigation of UAVs aided by Ground Robots,"Unmanned aerial vehicles (UAVs) are becoming largely ubiquitous with an increasing demand for aerial data. Accurate navigation and localization, required for precise data collection in many industrial applications, often relies on RTK GNSS. These systems, able of centimeter-level accuracy, require a setup and calibration process and are relatively expensive. This paper addresses the problem of accurate positioning and navigation of UAVs through cooperative localization. Inexpensive ultra-wideband (UWB) transceivers installed on both the UAV and a support ground robot enable centimeter-level relative positioning. With fast deployment and wide setup flexibility, the proposed system is able to accommodate different environments and can also be utilized in GNSS-denied environments. Through extensive simulations and test fields, we evaluate the accuracy of the system and compare it to GNSS in urban environments where multipath transmission degrades accuracy. For completeness, we include visual-inertial odometry in the experiments and compare the performance with the UWB-based cooperative localization.",Y. Xianjia; L. Qingqing; J. P. Queralta; J. Heikkonen; T. Westerlund,2021,10.1109/ICAS49788.2021.9551177,,IEEE_Xplore,include,high,"[""I1"", ""I2"", ""I3"", ""I4"", ""I5"", ""I6""]",UAV platform with primary GNSS-denied navigation contribution and quantitative results.
REC_0102,Quantum-Enhanced Multi-Sensor Fusion for UAV Navigation in GPS-Denied Environments,"Reliable navigation in GPS-denied or degraded environments remains a core challenge for Unmanned Aerial Vehicles (UAVs), as inertial-vision systems accumulate drift over time. This paper proposes a feasibility study of a quantum-enhanced multi-sensor fusion framework that integrates cold-atom accelerometer-inspired aiding and NV-center-based heading stabilization with conventional IMU, camera, and LiDAR measurements inside a unified Extended Kalman Filter (EKF). The proposed architecture combines high-rate classical sensing with low-rate, bias-stable quantum corrections to suppress long-term drift during GNSS outages. Using real IMU data from the EuRoC MAV benchmark, both a standard IMU+GPS/VO-style EKF and a quantum-enhanced EKF under injected GPS-denial intervals are evaluated. The results show substantially reduced velocity and position drift, extended holdover time, and improved error distributions for the quantum-aided filter. Deployment considerations, including power, cost, integration complexity, and scalability, are discussed to assess the real-world feasibility of quantum-aided fusion as a promising pathway toward resilient all-weather UAV autonomy across highly demanding environments.",A. Moussa; I. N. Him; K. Chawqi; Y. Salih-Alj,2026,10.1109/FET68771.2026.11601505,,IEEE_Xplore,include,high,"[""I1"", ""I2"", ""I3"", ""I4"", ""I5"", ""I6""]",UAV platform with primary GNSS-denied navigation contribution and quantitative results.
REC_0107,Augmented Radar Odometry by Nested Optimal Filter Aided Navigation for UAVS in GNSS Denied Environment,"Now a days, Unmanned Aerial Vehicles (UAVs) have been exploited in numerous civil and military aspects such as disaster management and border monitoring. Although most of these UAVs are equipped with Global Navigation Satellite System (GNSS) / Inertial Navigation System (INS) reliable integrated system for localization proposes, they are susceptible to lose their GNSS signals under some environmental and artificial challenging circumstances such as, flying in urban areas, jamming, and spoofing. In such complicated scenarios, the navigation solution will degrade rapidly due to the accumulated INS drift errors. Although various aiding sensors such as cameras, and radar are employed to mitigate the INS drift errors, their estimated positioning accuracy is still affected by some factors. This paper presents a nested optimal filter approach (G-H filter, Extended Kalman Filter (EKF)) for UAVs in GNSS denied environment, to enhance the estimated positioning accuracy by integrating the Radar Odometry (RO)/INS/MAG to sustain a reliable navigation solution during GNSS outage. First, the UAV relative velocity is calculated based on image processing approach from the radar range doppler map, then the G-H filter is deployed to improve the accuracy of the vehicle estimated forward velocities based on the vehicle dynamic characteristics to reduce the effect of unrealistic velocity estimate from the radar. These improved velocities are then fused with the Inertial Measurement Unit (IMU), magnetometer, and barometer via EKF to mitigate the positioning RMS errors during the GNSS signals outages. The experimental results demonstrate the proposed system's ability to notably enhance the 3D positioning accuracy during the GNSS signal outage by more than 99% when compared to a stand-alone IMU dead reckoning solution.",S. Zahran; M. Mostafa; M. Moussa; A. Salib; A. Moussa; N. El-Sheimy,2021,10.1109/ITC-Egypt52936.2021.9513978,,IEEE_Xplore,include,high,"[""I1"", ""I2"", ""I3"", ""I4"", ""I5"", ""I6""]",UAV platform with primary GNSS-denied navigation contribution and quantitative results.
REC_0111,Position Estimation for Drones based on Visual SLAM and IMU in GPS-denied Environment,"Due to the increased rate of drone usage in various commercial and industrial fields, the need for their autonomous operation is rapidly increasing. One major aspect of autonomous movement is the ability to operate safely in an unknown environment. The majority of current works are persistently using a global positioning system (GPS) to directly find the absolute position of the drone. However, GPS accuracy might be not suitable in some applications and this solution is not applicable to all situations. In this paper, a positioning system based on monocular SLAM and inertial measurement unit (IMU) is presented. The position is calculated through the semi-direct visual odometry (SVO) method alongside IMU data, and is integrated with an extended Kalman filter (EKF) to enhance the efficiency of the algorithm. The data is then employed to control the drone without any requirement to any source of external input. The experiment results for long-distance flying paths is very promising.",H. D. K. Motlagh; F. Lotfi; H. D. Taghirad; S. B. Germi,2019,10.1109/ICRoM48714.2019.9071826,,IEEE_Xplore,include,high,"[""I1"", ""I2"", ""I3"", ""I4"", ""I5"", ""I6""]",UAV platform with primary GNSS-denied navigation contribution and quantitative results.
REC_0115,Low Computational Data Fusion Approach Using INS and UWB for UAV Navigation Tasks in GPS-Denied Environments,"This paper presents a low computational approach for unmanned aerial vehicles (UAV) navigation in GPS-denied environments. This approach is aiming to reduce computation load for UAV flying mission constraints. Small size, light weight on board hardware are constraints for UAV deployment and flying missions. The on board processor should not be built with high complexity and should consume as little computing as possible. Most existing approaches use Kalman filter, extended Kalman filter, Unscented filter, or particle filter to fuse different types of onboard sensor data to estimate UAV position. We developed a data fusion architecture that does not use these filters. We use an ultra-light-coupling fusion architecture. In this architecture, primary sensor and secondary sensor data are fused. When the secondary sensor is unavailable in most of the time, the UAV navigation uses the output of the primary sensor. When the secondary sensor signal is available, the primary sensor is re-aligned using the secondary sensor signal to bond the errors. In our approach, the primary sensor is Inertial Measurement Unit (IMU), and the secondary sensor inputs are from Ultra-wideband system (UWB). This approach is validated using demonstration of comparison of computing load, and simulation results for accuracy and reliability testing using UAV flying mission scenario.",X. Kong; G. Fang; L. Liu; T. P. Tran,2019,10.1109/PDCAT46702.2019.00080,,IEEE_Xplore,include,high,"[""I1"", ""I2"", ""I3"", ""I4"", ""I5"", ""I6""]",UAV platform with primary GNSS-denied navigation contribution and quantitative results.
REC_0118,A Vision-Aided Navigation System by Ground-Aerial Vehicle Cooperation for UAV in GNSS-Denied Environments,"Modern UAVs are expected to be able to fly safely through the area where GNSS signal is weak or even could not be received. In order to realize it, the intuitive idea is by adding some airborne sensors and processor chips, which is, however, not practically feasible for the UAVs that have limited payload capability and online-computing resources. To address this issue, this paper presents a technical solution for building autonomous navigation system based on the concept of Ground-Aerial Vehicle Cooperation. The key features of the solution lie in four aspects: 1) A local reliable self-organizing network is constructed for transmitting control commands and estimated pose information between the UAV and a reusable ground robot; 2) A small and lightweight monocular camera is equipped on the UAV to achieve visual simultaneous localization and mapping (SLAM) considering the limitation of UAV's carrying capacity; 3) The modified ORB-SLAM2 system equipped on the ground robot rebuilds a global dense map and reconstructs the 3D environment based on the Octomap; and 4) The low-cost, commercial ground robots and rotor craft were chosen to facilitate other researchers to build a similar platform quickly. Four in-door flight experiments are conducted to verify the effectiveness of the technical solution. Other potential and extendable applications of the cooperation system include: real-time reconstruction of environmental maps, collaborative obstacle avoidance and path planning, and motion synchronization control.",Z. -H. Wang; T. Zhang; K. -Y. Qin; B. Zhu,2018,10.1109/GNCC42960.2018.9019191,,IEEE_Xplore,include,high,"[""I1"", ""I2"", ""I3"", ""I4"", ""I5"", ""I6""]",UAV platform with primary GNSS-denied navigation contribution and quantitative results.
REC_0123,Visual-based landing system of a multirotor UAV in GNSS denied environment,"Visual-based landing systems for multirotor unmanned aerial vehicles (UAVs) have become an active research area in robotics and aviation. The availability of GNSS signals is essential for most commercial UAVs, but unfortunately, these signals can be lost in certain environments or intentionally denied in military operations. Therefore, visual-based landing systems can provide an alternative solution to enable a low-cost system for precisely landing UAVs in GNSS-denied environments. This paper overviews recent research on visual-based landing systems for multirotor UAVs in a highly unfamiliar environment. The paper presents a comprehensive review of various vision-based techniques, such as optical flow, stereo vision, monocular visual odometry, and deep learning-based methods, which have been proposed for the accurate landing of UAVs in GNSS-denied environments. This paper proposes a multi-camera landing aid system based on ArUco markers. Proposed system allows for a precision landing of the UAV with a pre-programmed approach trajectory. The paper also highlights the challenges and limitations of this topic and provides potential directions for future research. This paper aims to provide a valuable resource for researchers, engineers, and practitioners interested in developing visual-based landing systems for multirotor UAVs in GNSS-denied environments.",A. Marut; P. Wojciechowski; K. Wojtowicz; K. Falkowski,2023,10.1109/MetroAeroSpace57412.2023.10190013,,IEEE_Xplore,include,high,"[""I1"", ""I2"", ""I3"", ""I4"", ""I5"", ""I6""]",UAV platform with primary GNSS-denied navigation contribution and quantitative results.
REC_0131,Digital Twin for Drone Indoor Autonomous Navigation,"A digital twin (DT)-based framework for autonomous drone navigation in GPS-denied indoor environments is presented in this letter. A real-time virtual replica of the drone enables precise control, trajectory optimization, and feedback. A 224 cm × 224 cm arena with ArUco markers defines the coordinate system, while an overhead camera and OpenCV provide vision-based localization. The ESP32-controlled drone uses the YOLOv11-nano model for obstacle detection and a lightweight transformer model, Depth Anything (Lihe-Young-small-hf), for monocular depth estimation—eliminating the need for LiDAR or stereo sensors. Detected obstacles are mapped into a 3-D grid for Dijkstra-based path planning. Real-time synchronization between the physical drone and its DT is achieved via message queuing telemetry transport (MQTT) within a robot operating system–Gazebo environment. The proposed DT system achieves an RMS trajectory deviation of approximately 0.015 m, representing an order-of-magnitude improvement compared with DT-based uncrewed aerial vehicle (UAV) navigation studies under similar experimental conditions, and maintains stable detection accuracy (mean average precision ≈ 0.994) throughout the maneuver. The proposed system offers a scalable low-cost solution for indoor UAV autonomy with potential applications in warehouse automation, disaster management, and intelligent surveillance.",M. J. Kumar; S. Singh; A. Saneen; D. Thomas,2026,10.1109/LSENS.2025.3642424,,IEEE_Xplore,include,high,"[""I1"", ""I2"", ""I3"", ""I4"", ""I5"", ""I6""]",UAV platform with primary GNSS-denied navigation contribution and quantitative results.
REC_0138,Autonomous Exploration and Mapping System Using Heterogeneous UAVs and UGVs in GPS-Denied Environments,"In this paper, we present a novel integrated vehicular system using collaborative unmanned aerial vehicles (UAVs) and unmanned ground vehicles (UGVs) for autonomous exploration, mapping, and navigation in GPS-denied 3-dimensional (3-D) unknown environments. The system implements a novel two-layered exploration strategy to decompose the perception task into a coarse exploration layer and a fine mapping layer. The coarse exploration makes use of a UGV to carry out fast autonomous exploration and active 2.5D simultaneous localization and mapping (SLAM) to generate a coarse environment model, which serves as a navigation reference for subsequent complementary 3-D fine mapping conducted by a UAV. The two layers share a novel optimized exploration path planning and navigation framework, which provides optimal exploration paths and integrates the collaborative exploration and mapping efforts through an OctoMap-based volumetric motion planning interface. The proposed system provides an efficient pipeline of fast environment perception taking advantages of the agility of the UAVs as well as the powerful computation resource aboard UGVs, also allowing assistive local perception with augmented object information when necessary. The effectiveness of our system is verified by both simulations and experiments, which demonstrate its capability of implementing heterogeneous UAV and UGV collaborative exploration and structural reconstruction of the environments through active SLAM, providing optimized perception for navigation tasks.",H. Qin; Z. Meng; W. Meng; X. Chen; H. Sun; F. Lin; M. H. Ang,2019,10.1109/TVT.2018.2890416,,IEEE_Xplore,include,high,"[""I1"", ""I2"", ""I3"", ""I4"", ""I5"", ""I6""]",UAV platform with primary GNSS-denied navigation contribution and quantitative results.
REC_0149,Vision-Based Global Localization for UAVs Using Deep Convolutional Neural Networks,"This paper presents a reliable vision-based navigation system for guided aerial vehicles operating in GPS-denied environments. The proposed approach uses deep learning models trained on aerial map patches and high-resolution images captured directly by the unmanned aerial vehicles (UAV), enabling accurate position estimation without relying on GPS signals. By matching onboard visual information with preprocessed map data, the system enables accurate and stable position estimation. Experimental results show stable localization accuracy, with most positioning errors ranging between 5 m and 15 m using only vision sensors. Moreover, the system generalizes well to previously unseen areas without requiring additional GPS information, making it suitable for autonomous UAV navigation in GPS-denied environments.",M. Elbalshy; S. Mostafa; A. M. Kamel,2026,10.1109/IPCS69631.2026.11604264,,IEEE_Xplore,include,high,"[""I1"", ""I2"", ""I3"", ""I4"", ""I5"", ""I6""]",UAV platform with primary GNSS-denied navigation contribution and quantitative results.
REC_0155,Cooperative Navigation and Guidance of a Micro-Scale Aerial Vehicle by an Accompanying UAV using 3D LiDAR Relative Localization,"A novel approach for cooperative navigation and guidance of a micro-scale aerial vehicle by an accompanying Unmanned Aerial Vehicle (UAV) using 3D Light Detection and Ranging (LiDAR) relative localization is proposed in this paper. The use of 3D LiDARs represents a reliable way of environment perception and robust UAV self-localization in Global Navigation Satellite System (GNSS)-denied environments. However, 3D LiDARs are relatively heavy and they need to be carried by large UAV platforms. On the contrary, visual cameras are cheap, light-weight, and therefore ideal for small UAVs. However, visual self-localization methods suffer from loss of precision in texture-less environments, scale unobservability during certain maneuvers, and long-term drift with respect to the global frame of reference. Nevertheless, a micro-scale camera-equipped UAV is ideal for complementing a 3D LiDAR-equipped UAV as it can reach places inaccessible to a large UAV platform. To gain the advantages of both navigation approaches, we propose a cooperative navigation and guidance architecture utilizing a large LiDAR-equipped UAV accompanied by a small secondary UAV carrying a significantly lighter monocular camera. The primary UAV is localized by a robust LiDAR Simultaneous Localization and Mapping (SLAM) algorithm, while the secondary UAV utilizes a Visual-Inertial Odometry (VIO) approach with lower precision and reliability. The LiDAR data are used for markerless relative localization between the UAVs to enable precise guidance of the secondary UAV in the frame of reference of the LiDAR SLAM. The performance of the proposed approach has been extensively verified in simulations and real-world experiments with the algorithms running onboard the UAVs with no external localization infrastructure.",V. Pritzl; M. Vrba; P. Štĕpán; M. Saska,2022,10.1109/ICUAS54217.2022.9836116,,IEEE_Xplore,include,high,"[""I1"", ""I2"", ""I3"", ""I4"", ""I5"", ""I6""]",UAV platform with primary GNSS-denied navigation contribution and quantitative results.
REC_0161,Sensor Fusion for Autonomous Indoor UAV Navigation in Confined Spaces,"In this paper, we address the challenge of navigating through unknown indoor environments using autonomous aerial robots within confined spaces. The core of our system involves the integration of key sensor technologies, including depth sensing from the ZED 2i camera, IMU data, and LiDAR measurements, facilitated by the Robot Operating System (ROS) and RTAB-Map. Through custom designed experiments, we demonstrate the robustness and effectiveness of this approach. Our results showcase a promising navigation accuracy, with errors as low as 0.4 meters, and mapping quality characterized by a Root Mean Square Error (RMSE) of just 0.13 m. Notably, this performance is achieved while maintaining energy efficiency and balanced resource allocation, addressing a crucial concern in UAV applications. Flight tests further underscore the precision of our system in maintaining desired flight orientations, with a remarkable error rate of only 0.1%. This work represents a significant stride in the development of autonomous indoor UAV navigation systems, with potential applications in search and rescue, facility inspection, and environmental monitoring within GPS-denied indoor environments.",A. James; A. Seth; E. Kuantama; S. Mukhopadhyay; R. Han,2023,10.1109/ICST59744.2023.10460820,,IEEE_Xplore,include,high,"[""I1"", ""I2"", ""I3"", ""I4"", ""I5"", ""I6""]",UAV platform with primary GNSS-denied navigation contribution and quantitative results.
REC_0165,UAV Cross-View Image Retrieval and Visual Geo-Localization in GNSS-Denied Environments,"UAV navigation often relies on GNSS, failing in denied environments like urban canyons. We propose an end-toend cross-view geo-localization framework mitigating geometric and appearance discrepancies. It achieves 93.59% Recall@1 on University-1652 and 93.56% on DenseUAV, outperforming baselines. Additionally, two efficient real-time inference strategies reduce the average continuous tracking error from 9.68 m to 0.95 m, demonstrating high-precision potential in GNSS-denied areas.",Y. -C. Tai; H. -Y. Shen; C. -P. Yi,2026,10.1109/ICCE-Taiwan71481.2026.11652687,,IEEE_Xplore,include,high,"[""I1"", ""I2"", ""I3"", ""I4"", ""I5"", ""I6""]",UAV platform with primary GNSS-denied navigation contribution and quantitative results.
REC_0179,Wireless Local Positioning System for Controlled UAV Landing in GNSS-Denied Environment,"A novel concept for ad-hoc landing of unmanned aerial vehicles (UAV) in GNSS-denied environment is presented in this paper. In our concept at the beginning of the landing phase the UAV drops several active beacons down to the landing site. It enables the UAV to localize itself via distance and angle information to the deployed beacons. The presented wireless local positioning system is based on 24 GHz secondary radar sensors and allows for accurate and robust 3D-positioning even in harsh weather conditions. The specially designed antennas with large angular coverage assure UAV localization disregarding the beacon's position and orientation. The developed beacon design has small size, low weight and power consumption that perfectly suits the application goal. Measurements of localization and landing scenario using four beacons and the radar unit installed on the drone are shown. The 3D-positioning of the UAV with the RMSE under 36 cm using only a single beacon and 31 cm using four beacons were achieved. These results verify the application of the proposed system as an accurate and redundant UAV landing solution.",T. Pavlenko; M. Schütz; M. Vossiek; T. Walter; S. Montenegro,2019,10.1109/MetroAeroSpace.2019.8869587,,IEEE_Xplore,include,high,"[""I1"", ""I2"", ""I3"", ""I4"", ""I5"", ""I6""]",UAV platform with primary GNSS-denied navigation contribution and quantitative results.
REC_0195,An Autonomous Continuous Positioning Method for Low-Altitude UAVs Based on Image Recognition in GNSS-Denied Environments,"The article proposes a five-stage autonomous continuous positioning method that integrates inertial navigation and image recognition to address the prob-lem of accumulated positioning errors in unmanned aerial vehicles (UAV) in satellite-denied environments. This method first used inertial navigation (INS) for initial positioning to capture satellite image basemaps, and achieved aerial image preprocessing through heading angle correction, scale registration, and maximum inscribed rectangle cropping. Then, this study combined a U-Net semantic segmentation model to extract building areas, and innovatively adopted a two-stage matching strategy of template matching and SuperPoint & SuperGlue feature point matching to effectively over-come the interference of seasonal and lighting changes on matching. Finally, the height data was integrated into output three-dimensional coordinates. The experiment was based on the UAV-VisLOC dataset, and showed that twostage matching can reduce the average plane positioning error from 26.32 m in single-stage matching to 12.95 m, a decrease of 49.2%. The maximum error decreased from 68.74 m to 18.67 m. The proposed framework significantly improves the robustness and accuracy of positioning in complex environments, providing reliable technical support for urban low-altitude operations, emergency rescue, and other scenarios.",T. Du; Y. Lin,2026,10.1109/RAITS68656.2026.11580149,,IEEE_Xplore,include,high,"[""I1"", ""I2"", ""I3"", ""I4"", ""I5"", ""I6""]",UAV platform with primary GNSS-denied navigation contribution and quantitative results.
REC_0196,Navigation of Simultaneous Localization and Mapping by Fusing RGB-D Camera and IMU on UAV,"Simultaneous localization and mapping (SLAM) is one of the key components of the navigation system of unmanned aerial vehicles (UAVs). In this paper, a novel system that enables a UAV to navigation in a GPS-denied environment with an RGB-D (Red, Green, Blue, and Depth) camera and Inertial Measurement Unit (IMU) is presented. Such a system is realized via a host computer on a UAV, in which the IMU information read from the flight controller and the image information read from the RGB-D camera are fused using extended Kalman filter (EKF). Experiments are designed to test the feasibility of the proposed navigation scheme. Accurate assessment of our idea shows a good response when rapidly moving and rotating the UAV.",X. Dai; Y. Mao; T. Huang; B. Li; D. Huang,2019,10.1109/SAFEPROCESS45799.2019.9213339,,IEEE_Xplore,include,high,"[""I1"", ""I2"", ""I3"", ""I4"", ""I5"", ""I6""]",UAV platform with primary GNSS-denied navigation contribution and quantitative results.
REC_0202,Design of A Positioning System for UAV in GPS-denied Environment,"In this paper, a method for UAV positioning in GPS-denied environment through a multi-sensor fusion algorithm is proposed. This method uses IMU and UWB to obtain acceleration and position information respectively. After processing the two sets of data, the position data is obtained, and the more accurate position data is obtained through the Kalman filter algorithm. Through simulation and experimental results, this method of positioning proved to be very effective. This method can significantly reduce the accuracy requirements for the positioning sensors, and obtain relatively high-precision results through the fusion processing of data collected by multiple low-precision sensors. This method can be used in the positioning system of low-cost UAVs, which is of great significance for reducing the cost and promoting commercial applications.",Z. Qiu; T. Li; F. Wang,2022,10.1109/ISCIT55906.2022.9931225,,IEEE_Xplore,include,high,"[""I1"", ""I2"", ""I3"", ""I4"", ""I5"", ""I6""]",UAV platform with primary GNSS-denied navigation contribution and quantitative results.
REC_0208,UAV Pose Estimation in GNSS-Denied Environment Assisted by Satellite Imagery Deep Learning Features,"With the growing maturity of unmanned aerial vehicle (UAV) technology, its applications have widened to many spheres of life. The prerequisite for a UAV to perform air tasks smoothly is an accurate localization of its own position. Traditional UAV navigation relies on the Global Navigation Satellite System (GNSS) for localization; however, this system has disadvantages of instability and susceptibility to interference. Therefore, to obtain accuracy in UAV pose estimation in GNSS-denied environments, a UAV localization method that is assisted by deep learning features of satellite imagery is proposed. With the inclusion of a top-view optical camera to the UAV, localization is achieved based on satellite imageries with geographic coordinates and a digital elevation model (DEM). By utilizing the difference between the UAV frame and satellite imagery, the convolutional neural network is used to extract deep learning features between the two images to achieve stable registration. To improve the accuracy and robustness of the localization method, a local optimization method based on bundle adjustment (BA) is proposed. Experiments demonstrate that when the UAV's relative altitude is 0.5 km, the average localization error of this method under different trajectories is within 15 m.",H. Hou; Q. Xu; C. Lan; W. Lu; Y. Zhang; Z. Cui; J. Qin,2021,10.1109/ACCESS.2020.3048342,,IEEE_Xplore,include,high,"[""I1"", ""I2"", ""I3"", ""I4"", ""I5"", ""I6""]",UAV platform with primary GNSS-denied navigation contribution and quantitative results.
REC_0211,SIA-KalmanNet: A Structurally Integrated Attention Kalman Filter for Multi-UAV Localization in Partially GNSS-Denied Environments,"Cooperative localization is an essential task in multiple uncrewed aerial vehicle (UAV) networks, especially in environments with partial global navigation satellite system (GNSS) denial. By effectively integrating low-precision inertial navigation system (INS)-derived priors, inter-UAV relative distances, and sparse anchor-based measurements, the extended Kalman filter (EKF) can be employed for UAV localization. However, localization accuracy suffers under nonlinear dynamics and inaccurate knowledge of process and measurement noise statistics. To address these challenges, this article proposes a structurally integrated attention Kalman filter called SIA-KalmanNet for accurate and robust state estimation. By combining state-space models with attention-based neural networks in the Kalman flow, the estimator preserves the data efficiency and interpretability of traditional model-driven methods while implicitly learning second-order covariance matrices from data. Specifically, two networks are devised to learn the Kalman gain: the self-attention residual masked network (SA-RMN) and the self-cross attention residual masked network (SCA-RMN). Among them, SA-RMN is a lightweight network for end-to-end state estimation. SCA-RMN introduces masked cross-attention to adaptively fuse forward state features and backward historical correction information to obtain a more precise state estimate. Furthermore, a practical training strategy based on sliding window and causal masking is developed to ensure efficient training and real-time inference. The experimental results show that the proposed algorithm achieves superior localization performance compared to the traditional EKF and KalmanNets. Moreover, it exhibits strong robustness against INS drift and non-line-of-sight (NLOS)-induced distance errors, even in harsh environments where only a limited number of UAVs can access GNSS signals.",X. Xin; H. Zhou; X. Feng; F. Pan; J. Wang; Z. Li,2026,10.1109/JIOT.2025.3650118,,IEEE_Xplore,include,high,"[""I1"", ""I2"", ""I3"", ""I4"", ""I5"", ""I6""]",UAV platform with primary GNSS-denied navigation contribution and quantitative results.
REC_0213,A Multi-UAV System for Exploration and Target Finding in Cluttered and GPS-Denied Environments,"The use of multi-rotor Unmanned Aerial Vehicles (UAVs) for Search and Rescue (SAR) and Remote Sensing is rapidly increasing. Multi-rotor UAVs, however, have limited endurance. The range of UAV applications can be widened if teams of multiple UAVs are used. We propose a framework for a team of UAVs to cooperatively explore and find a target in complex GPS-denied environments with obstacles. The team of UAVs autonomously navigates, explores, detects, and finds the target in a cluttered environment with a known map. Examples of such environments include indoor scenarios, urban or natural canyons, caves, and tunnels, where the GPS signal is limited or blocked. The framework is based on a probabilistic Decentralised Partially Observable Markov Decision Processes (Dec-POMDP) which accounts for the uncertainties in sensing and the environment. The team can cooperate efficiently, with each UAV sharing only limited processed observations and their locations during the mission. The system is simulated using the Robotic Operating System (ROS) and Gazebo. Performance of the system with an increasing number of UAVs in several indoor scenarios with obstacles is tested. Results indicate that the proposed multi-UAV system has improvements in terms of time-cost, the proportion of search area surveyed, and successful rates for search and rescue missions.",X. Zhu; F. Vanegas; F. Gonzalez; C. Sanderson,2021,10.1109/ICUAS51884.2021.9476820,,IEEE_Xplore,include,high,"[""I1"", ""I2"", ""I3"", ""I4"", ""I5"", ""I6""]",UAV platform with primary GNSS-denied navigation contribution and quantitative results.
REC_0215,GPS-Denied UAV-UGV Relative Positioning System via Vision-UWB Fusion,"Locating drones in GPS-denied environments is a challenging task, particularly for hardware platforms with limited computational resources and sensors. A common approach for positioning a drone within the environment is to cooperate with an unmanned ground vehicle (UGV) by estimating the drone’s relative position on the UGV frame. In this paper, we propose a real-time drone positioning system that uses a Vision-UWB fusion framework. The fusion system involves two steps: 1) processing the state estimation using UWB ranging measurements and vision information separately, and 2) fusing the estimations from UWB and vision to provide the final state estimation for the drone. To evaluate the accuracy of our method, we deployed an accurate localization system, named OptiTrack, as the ground truth system. The experimental results demonstrate the accuracy and robustness of the developed system, which overcomes the limitations of individual sensors and enhances their advantages.",G. Mingyang; K. Sagar; X. Ning,2023,10.1109/ICIEA58696.2023.10241577,,IEEE_Xplore,include,high,"[""I1"", ""I2"", ""I3"", ""I4"", ""I5"", ""I6""]",UAV platform with primary GNSS-denied navigation contribution and quantitative results.
REC_0218,A Unified Error-State Kalman Filtering Framework for Multi-Sensor Navigation of Fixed-Wing UAVS in GNSS-Denied Scenarios,"Reliable navigation in Global Navigation Satellite System (GNSS)-denied environments remains a critical challenge for fixed-wing Unmanned Aerial Vehicles (UAVs). In such conditions, Inertial Navigation Systems (INSs) must be aided by heterogeneous sensors to mitigate drift and ensure long-term accuracy. This paper presents the development, implementation, and experimental validation of a unified ErrorState Extended Kalman Filter (ESEKF) designed for fixedwing UAV navigation under GNSS-denied and GNSS-degraded scenarios. The proposed framework integrates an INS with magnetometer, barometer, pitot tube with pseudovanes, VisualInertial Odometry (VIO), and Computer Vision (CV) Convolutional Neural Network (CNN)-based position estimates within a unified estimation architecture. A comprehensive mathematical description of the ESEKF is provided, with special attention given to the modeling of sensor systematic errors, which are explicitly included in the augmented error-state vector. The estimator performance is evaluated through a flight experiment using a custom fixed-wing UAV platform, where the contribution of each aiding sensor is assessed via systematic sensor deactivation under GNSS outage conditions. Experimental results demonstrate the robustness and modularity of the proposed ESEKF architecture, highlighting its ability to maintain navigation accuracy despite the loss of individual aiding sensors (except barometer and CV). The presented framework consolidates previously fragmented sensor fusion approaches into a single, self-consistent navigation solution, providing both a practical implementation reference and a foundation for future extensions and tuning strategies.",G. E. V. Hernandez; R. C. Fernandes; A. Sorokin; M. Korimi; F. O. Silva,2026,10.1109/ICUAS69441.2026.11598562,,IEEE_Xplore,include,high,"[""I1"", ""I2"", ""I3"", ""I4"", ""I5"", ""I6""]",UAV platform with primary GNSS-denied navigation contribution and quantitative results.
REC_0239,Autonomous Flight Control Design Based on Multi-Sensor Fusion for a Low-Cost Quadrotor in GPS-Denied Environments,"This paper presents a fully autonomous and low-cost quadrotor helicopter system in GPS-denied environments. An extended Kalman filter (EKF) framework is employed to fuse the raw data from inertial measurement unit (IMU), optical flow, ultrasonic rangefinder to achieve real-time state estimation of the quadrotor. An improved cascaded proportional-integral-derivative (PID) control scheme is proposed to achieve high-precision flight control for the quadrotor. A lightweight, powerful app of DroneKit-Python is integrated to directly guide the flight mission of the quadrotor on an onboard computer. The onboard computer which communicates with the flight controller using the MAVLink protocol augments the performance of the autopilot by a low-latency link. Finally, the autonomous quadrotor system is justified by real-world experiments, and the experimental results show that the quadrotor can realize high-precision autonomous localization in an indoor environment.",J. Guo; X. Zhang; Z. Huang; B. Li,2022,10.1109/ACIRS55390.2022.9845557,,IEEE_Xplore,include,high,"[""I1"", ""I2"", ""I3"", ""I4"", ""I5"", ""I6""]",UAV platform with primary GNSS-denied navigation contribution and quantitative results.
REC_0246,UAV Platforms for Autonomous Navigation in GPS-Denied Environments for Search and Rescue Missions,"This paper presents the development, instrumentation, system integration, algorithm development, and flight testing of two UAVs for autonomous search and rescue in GPS-denied environments. The first UAV uses a Simultaneous Localization and Mapping (SLAM) algorithm to map the environment and localize itself within it. As it explores the disaster zone, it is designed to scan the environment for victims using a computer vision algorithm. Once the victims are identified, a second UAV is designed to be deployed to distribute rescue packages to the identified victims. Location of the victims can also be saved in the generated maps to help human rescuers locate the victims. Simulation and flight test results are shown.",E. Ngo; J. Ramirez; M. Medina-Soto; S. Dirksen; E. D. Victoriano; S. Bhandari,2022,10.1109/ICUAS54217.2022.9836181,,IEEE_Xplore,include,high,"[""I1"", ""I2"", ""I3"", ""I4"", ""I5"", ""I6""]",UAV platform with primary GNSS-denied navigation contribution and quantitative results.
REC_0255,A stereo and rotating laser framework for UAV navigation in GPS denied environment,"Recent developments in robotics sensing using either the active sensor-laser range finder (LRF) or passive sensors-camera systems have shown that the existing approaches are able to estimate the motion and reconstruct the environment in a typical GPS-denied environment such as indoor environments. However, for a 2D LRF, it can only provide a planar measurement due to the hardware limitations and the cost for 3D LRF is still too high for robotic systems. For camera systems, the 3D perception capability and lightweight are promising while it is not effective in long range, low illumination and low textured environment com- pared to the LRF. In the proposed framework, our first contribution is a senor integration system that combines a stereo camera with a rotating LRF. The stereo camera can achieve a fast and smooth motion estimation and the rotating LRF could construct a dense 3D environment. Our second contribution is an integration of a fast feature-based motion estimation with an accurate shape matching refinement. The proposed approaches have been built in our customized unmanned aerial vehicle (UAV) platform. We have verified our proposed approach through a series of extensive evaluations in clustered indoor environments and open outdoor environments.",Hailong Qin; Yingcai Bi; K. Z. Y. Ang; Kangli Wang; Jiaxin Li; Menglu Lan; Mo Shan; F. Lin,2016,10.1109/IECON.2016.7793246,,IEEE_Xplore,include,high,"[""I1"", ""I2"", ""I3"", ""I4"", ""I5"", ""I6""]",UAV platform with primary GNSS-denied navigation contribution and quantitative results.
REC_0264,Autonomous UAV Navigation for Target Detection in Visually Degraded and GPS Denied Environments,"The use of autonomous Unmanned Aerial Vehicles (UAVs) continues to increase for a wide range of applications, such as wildlife monitoring, planetary exploration, and emergency Search and Rescue (SAR). Autonomous UAVs typically rely on Global Positioning System (GPS) usage and most operations require correct flight conditions with good visibility (no rain, fog nor smoke). However, some difficult environments are characterized by partial to no GPS signal, limiting the drone's ability to localise itself. Moreover, visual obscurants affect the UAV's performance and behaviour by restricting its visibility, adding complexity to some subsystems such as target detection. This paper presents the development of a framework enabling a drone to autonomously navigate and explore in GPS denied environments impacted by visual obscurants. The study illustrates this by formulating the navigation and target detection problem as an autonomous Sequential Decision Problem (SDP) with uncertainty caused by degraded visibility and lack of GPS. The SDP is modelled as a Partially Observable Markov Decision Process (POMDP) and tested using the Adaptive Belief Tree (ABT) algorithm. The navigation task was created following the model of a classic SAR operation in a cluttered indoor environment with visual obscurants. The framework includes target detection under uncertainty from a vision-based camera. The formulated SDP is tested in a simulated environment with partial observability and in presence of smoke. The framework integrates Gazebo, Robot Operating System (ROS), Software In The Loop (SITL) and PX4 firmware to recreate a SAR scenario in simulation. Experiments conducted in the simulated SAR scenario test the target finding task under different levels of visibility, with the target position being unknown, and a pose uncertainty modelled from real-life flight experiments. The experiments in normal visibility were a success, but the developed framework was limited in presence of visual obscurants, reducing the target detection rate. Allowing an UAV to autonomously navigate in challenging environments with low visibility conditions aims at increasing the range of UAV's utilization in critical applications such as SAR and mining, where human interventions are often dangerous and unfeasible.",S. Boiteau; F. Vanegas; J. Sandino; F. Gonzalez; J. Galvez-Serna,2023,10.1109/AERO55745.2023.10115544,,IEEE_Xplore,include,high,"[""I1"", ""I2"", ""I3"", ""I4"", ""I5"", ""I6""]",UAV platform with primary GNSS-denied navigation contribution and quantitative results.
REC_0271,Hybrid IMU-Aided Approach for Optimized Visual Odometry,"Autonomous navigation of unmanned vehicles in GPS-denied environments is a challenging problem, especially for small ground vehicles and micro aerial vehicles (MAVs) which are characterized by their small payload, short battery lifetime and limited processing resources. Stereo vision positioning has been introduced as a scale-free positioning technique, but it is computationally expensive. Monocular vision systems aided by inertial measurement unit (IMU) are more computationally efficient but it suffers from IMU random biases and scale errors. In this paper, we propose a hybrid visual-inertial odometry solution that minimizes the computation load by dividing the mission into two interchangeable stages. Firstly, a stereo vision stage in which a loosely coupled integration between stereo cameras and IMU is performed. In this stage, an extended Kalman filter (EKF) is used to automatically and dynamically estimate IMU biases. Once the IMU is calibrated, a monocular stage is activated where the system is downgraded into single camera getting the motion scale from the calibrated IMU. The proposed solution has been tested using the popular IMU-enabled ZED-Mini tracking camera. We compared our stereo vision solution against the IMU-aided monocular solution and the results showed accurate positioning with the advantage of less computation. Further analysis is provided where we compared our solution with the built-in solutions of the ZED Mini camera and the Intel Realsense T265 tracking camera.",A. Mahmoud; M. M. Atia,2019,10.1109/GlobalSIP45357.2019.8969460,,IEEE_Xplore,include,high,"[""I1"", ""I2"", ""I3"", ""I4"", ""I5"", ""I6""]",UAV platform with primary GNSS-denied navigation contribution and quantitative results.
REC_0274,Navigation and control of unmanned aerial vehicles in GPS-denied environments,"Unmanned aerial vehicles (UAVs) have made huge progress in military and civilian missions, ranging from surveillance, reconnaissance, to logistics and transportation. Particularly, to meet requirements of high-demand applications, it is necessary to develop advanced unmanned systems that are capable of autonomously navigating in cluttered indoor and outdoor GPS-denied environments, such as hostile buildings, radiation contaminated areas and forest.",B. Chen,2014,10.1109/ICARCV.2014.7064483,,IEEE_Xplore,include,high,"[""I1"", ""I2"", ""I3"", ""I4"", ""I5"", ""I6""]",UAV platform with primary GNSS-denied navigation contribution and quantitative results.
REC_0278,Navigation Methods for UAVs in GNSS-Denied Environments Using Artificial Intelligence,"With the rapid advancement of autonomous flight technology, there is an increasing demand for higher precision and advanced navigation techniques, with permissible distance errors often restricted to a few meters. Furthermore, the ubiquitous deployment of Unmanned Aerial Vehicles (UAVs) necessitates the integration of novel technologies to ensure operational continuity under adverse conditions, such as environmental signal interference, hostile attacks, or traversal through zones of complete signal loss. This study presents a methodology to address these challenges, enabling themaintenance of coordinates and navigation for UAVs to traverse jammed or completely out-of-coverage zones, thereby avoiding the need for emergency landings or Return-to-Home (RTH) protocols common in current UAV systems. The proposed approach leverages the TransGAN model, a framework typically employed for data analysis comprising a Generator and a Discriminator. In this context, the model processes sequential real-world coordinate data. Under normal GNSS operation, TransGAN is trained as a high-precision prediction model utilizing velocity and coordinate data as inputs. Conversely, during GNSS outages or interference, the trained TransGAN model is utilized to generate coordinates, thereby maintaining navigation capabilities for the UAV.",N. V. Quynh; P. N. Huu; T. Han-Trong,2026,10.1109/ICCE70609.2026.11658445,,IEEE_Xplore,include,high,"[""I1"", ""I2"", ""I3"", ""I4"", ""I5"", ""I6""]",UAV platform with primary GNSS-denied navigation contribution and quantitative results.
REC_0281,UAV Tracking with Lidar as a Camera Sensor in GNSS-Denied Environments,"Light detection and ranging (LiDAR) sensor has become one of the primary sensors in robotics and autonomous system for high-accuracy situational awareness. In recent years, multi-modal LiDAR systems emerged, and among them, LiDAR-as-a-camera sensors provide not only 3D point clouds but also fixed-resolution 360°panoramic images by encoding either depth, reflectivity, or near-infrared light in the image pixels. This potentially brings computer vision capabilities on top of the potential of LiDAR itself. In this paper, we are specifically interested in utilizing LiDARs and LiDAR-generated images for tracking Unmanned Aerial Vehicles (UAVs) in real-time which can benefit applications including docking, remote identification, or counter-UAV systems, among others. This is, to the best of our knowledge, the first work that explores the possibility of fusing the images and point cloud generated by a single LiDAR sensor to track a UAV without a priori known initialized position. We trained a custom YOLOv5 model for detecting UAVs based on the panoramic images collected in an indoor experiment arena with a motion capture (MOCAP) system. By integrating with the point cloud, we are able to continuously provide the position of the UAV. Our experiment demonstrated the effectiveness of the proposed UAV tracking approach compared with methods based only on point clouds or images. Additionally, we evaluated the real-time performance of our approach on the Nvidia Jetson Nano, a popular mobile computing platform.",H. Sier; X. Yu; I. Catalano; J. P. Queralta; Z. Zou; T. Westerlund,2023,10.1109/ICL-GNSS57829.2023.10148919,,IEEE_Xplore,include,high,"[""I1"", ""I2"", ""I3"", ""I4"", ""I5"", ""I6""]",UAV platform with primary GNSS-denied navigation contribution and quantitative results.
REC_0289,Development of a Simulated UAV Platform for Sensor-Fusion-Based SLAM,"Accurate positioning is crucial for autonomous navigation of unmanned aerial vehicles (UAVs), as it provides reliable pose information to the perception and planning-control modules. However, when global navigation satellite system (GNSS) signals are unavailable or degraded, the accumulated drift of deadreckoning and inertial estimates significantly reduces localization accuracy, especially in complex 3D environments. To address this issue, this paper proposes a simulation-based sensor fusion based simultaneous localization and mapping (SLAM) framework for robust UAV positioning without relying on GNSS. The framework directly utilizes sequential 3D LiDAR scans to estimate the UAV pose and incrementally build a dense map of the environment, while high-resolution camera streams provide contextual information for the segmentation task. In addition, a modular simulation pipeline is constructed to support configurable sensor models, flight trajectories, and scene geometries, enabling systematic evaluation under GNSS-denied scenarios. The proposed approach is validated using a simulation experiments on a complex environment, and the results demonstrate that the 3D LiDAR SLAM system achieves accurate and stable localization in the simulation environment.",M. F. Mummtaz; J. Yoo; I. B. K. Y. Utama; I. Zaini; Y. M. Jang,2026,10.1109/ICAIIC68212.2026.11454340,,IEEE_Xplore,include,high,"[""I1"", ""I2"", ""I3"", ""I4"", ""I5"", ""I6""]",UAV platform with primary GNSS-denied navigation contribution and quantitative results.
REC_0294,A Novel Approach to Computationally Lighter GNSS-Denied UAV Navigation Using Monocular Camera,"A good receptivity of GNSS signals during autonomous navigation is of prime importance. Due to this, navigation becomes close to impossible with places having low receptivity or GNSS-denied zones. In this paper, a navigational system is presented for a multi-rotor UAV in a GNSS-denied environment. The global positioning problem is solved by taking a local reference frame and estimating the UAV's position and velocity w.r.t it, using an onboard monocular camera and barometer. The navigational problem is solved by designing a required velocity function and tuning the system's response to this input by a PID controller. The results of both simulations and actual flight tests show the effectiveness and reliability of the presented work, which enables a UAV to perform full automated missions from takeoff, waypoint navigation and landing, in complete absence of any GNSS signals.",J. Bhowmick; A. Singh; H. Gupta; R. Nallanthighal,2021,10.1109/ICARA51699.2021.9376502,,IEEE_Xplore,include,high,"[""I1"", ""I2"", ""I3"", ""I4"", ""I5"", ""I6""]",UAV platform with primary GNSS-denied navigation contribution and quantitative results.
REC_0296,Optical flow sensor integrated navigation system for quadrotor in GPS-denied environment,"The issues about navigation precision and indoor hovering of micro aerial vehicles (MAV) have been discussed frequently nowadays. This practical study presented a dedicated design for indoor hovering that is more precise than using GPS positioning. We adapted optical flow sensors and ultrasound sensors to comply indoor/outdoor hover mode. This design is safer, cheaper, and easier for users to control the MAV flight. The practical results showed the proposed scheme could reduce the errors of navigation parameters and achieve stable hovering performance under different conditions of lighting.",S. -E. Tsai; S. -H. Zhuang,2016,10.1109/ICRAE.2016.7738795,,IEEE_Xplore,include,high,"[""I1"", ""I2"", ""I3"", ""I4"", ""I5"", ""I6""]",UAV platform with primary GNSS-denied navigation contribution and quantitative results.
REC_0305,A method based on CNN-BiLSTM for UAV navigation error compensation in GNSS denied environment,"When the Global Navigation Satellite System (GNSS) signal is unavailable, the performance of GNSS/Inertial Navigation System (INS) integrated navigation system will be seriously degraded. In order to compensate the performance of GNSS/INS integrated navigation system, an error compensation method based on Convolutional Neural Network (CNN) combined with Bidirectional Long Short-Term Memory (BiLSTM) network is proposed. In the proposed method, the Inertial Measurement Unit (IMU) dynamics measurement of Unmanned Aerial Vehicle (UAV) is used as the input, the GNSS high-precision navigation information is used as the label. CNN-BiLSTM establishes the relationship between IMU dynamics measurement and GNSS high-precision navigation information through the training of a large number of input and label data, since it can achieve more accurate prediction of position increment and velocity increment. At last, the experimental results show that when the GNSS signal is unavailable, CNN-BiLSTM obtains the lower average RMSE and MAE of prediction error and the higher prediction fitting degree compared with CNN-LSTM and LSTM.",Y. -h. Shao; B. Han; Y. Luo,2023,10.1109/ICCC59590.2023.10507546,,IEEE_Xplore,include,high,"[""I1"", ""I2"", ""I3"", ""I4"", ""I5"", ""I6""]",UAV platform with primary GNSS-denied navigation contribution and quantitative results.
REC_0318,Cooperative Navigation Method Based on Adaptive CKF for UAVs In GPS Denied Areas,"Unmanned Aerial Vehicles (UAVs), when used in a formation setting, can be more advantageous. The concerted operation of UAV formations has many potential applications, such as cooperative reconnaissance, formation combat and search and rescue in mountainous regions. Nevertheless, modern navigation systems for UAVs are not able to guarantee the precision of pose estimation when GPS is unavailable in complex environment. The IMU drifts of navigation systems can cause poor calculation accuracy of position, velocity and attitude of all UAVs in the group within dozens of seconds. To solve this problem, this paper puts forward a new cooperative navigation method based on adaptive Cubature Kalman Filter which shares the relative observations between the UAVs and fuses these data with direct measurements from IMU to obtain better navigation performance. The simulation results demonstrate the validity of the proposed method.",Y. Yu; S. Peng; Q. Li; X. Dong; Z. Ren,2018,10.1109/GNCC42960.2018.9018972,,IEEE_Xplore,include,high,"[""I1"", ""I2"", ""I3"", ""I4"", ""I5"", ""I6""]",UAV platform with primary GNSS-denied navigation contribution and quantitative results.
REC_0332,Thermal-Inertial Localization for Autonomous Navigation of Aerial Robots through Obscurants,"In this paper the problem of autonomous navigation of aerial robots through obscurants is considered. As visible spectrum cameras and most LiDAR technologies provide degraded data in such conditions, the problem of localization is approached through the fusion of thermal camera data with inertial sensor cues. In particular, a long-wave infrared camera is employed and combined with an inertial measurement unit. The sensor intrinsic and extrinsic parameters are appropriately calibrated, and an Extended Kalman Filter framework that uses direct photometric feedback is employed in order to achieve robust odometry estimation. This framework is capable of accomplishing real-time localization while navigating though obscurants in GPS-denied conditions. Subsequently, an experimental study of autonomous aerial robotic navigation within a smoke-filled machine-shop environment was conducted. The presented results demonstrate the ability of the proposed solution to ensure reliable navigation in such extreme visually- degraded conditions.",C. Papachristos; F. Mascarich; K. Alexis,2018,10.1109/ICUAS.2018.8453447,,IEEE_Xplore,include,high,"[""I1"", ""I2"", ""I3"", ""I4"", ""I5"", ""I6""]",UAV platform with primary GNSS-denied navigation contribution and quantitative results.
REC_0343,Vision-Aided Multi-UAV Autonomous Flocking in GPS-Denied Environment,"This paper presents a sophisticated vision-aided flocking system for unmanned aerial vehicles (UAVs), which is able to operate in GPS-denied unknown environments for exploring and searching missions, and also able to adopt two types of vision sensors, day and thermal cameras, to measure relative motion between UAVs in different lighting conditions without using wireless communication. In order to realize robust vision-aided flocking, an integrated framework of tracking-learning-detection on the basis of multifeature coded correlation filter has been developed. To achieve long-term tracking, a redetector is trained online to adaptively reinitialize target for global sensing. An advanced flocking strategy is developed to address the autonomous multi-UAVs' cooperative flight. Light detection and ranging (LiDAR)-based navigation modules are developed for autonomous localization, mapping, and obstacle avoidance. Flight experiments of a team of UAVs have been conducted to verify the performance of this flocking system in a GPS-denied environment. The extensive experiments validate the robustness of the proposed vision algorithms in challenging scenarios.",Y. Tang; Y. Hu; J. Cui; F. Liao; M. Lao; F. Lin; R. S. H. Teo,2019,10.1109/TIE.2018.2824766,,IEEE_Xplore,include,high,"[""I1"", ""I2"", ""I3"", ""I4"", ""I5"", ""I6""]",UAV platform with primary GNSS-denied navigation contribution and quantitative results.
REC_0345,Distance function based 6DOF localization for unmanned aerial vehicles in GPS denied environments,"This paper presents an algorithm for localizing an unmanned aerial vehicle (UAV) in GPS denied environments. Localization is performed with respect to a pre-built map of the environment represented using the distance function of a binary mosaic, avoiding the need for extraction and explicit matching of visual features. Edges extracted from images acquired by an on-board camera are projected to the map to compute an error metric that indicates the misalignment between the predicted and true pose of the UAV. A constrained extended Kalman filter (EKF) framework is used to generate an estimate of the full 6-DOF location of the UAV by enforcing the condition that the distance function values are zero when there is no misalignment. Use of an EKF also makes it possible to seamlessly incorporate information from any other system on the UAV, for example, from its auto-pilot, a height sensor or an optical flow sensor. Experiments using a hexarotor UAV both in a simulation environment and in the field are presented to demonstrate the effectiveness of the proposed algorithm.",J. Unicomb; L. Dantanarayana; J. Arukgoda; R. Ranasinghe; G. Dissanayake; T. Furukawa,2017,10.1109/IROS.2017.8206421,,IEEE_Xplore,include,high,"[""I1"", ""I2"", ""I3"", ""I4"", ""I5"", ""I6""]",UAV platform with primary GNSS-denied navigation contribution and quantitative results.
REC_0346,Autonomous Flight in Unknown GNSS-denied Environments for Disaster Examination,"Micro aerial vehicles (MAVs) have high potential for information gathering tasks to support situation awareness in search and rescue scenarios. Manually controlling MAVs in such scenarios requires experienced pilots and is error-prone, especially in stressful situations of real emergencies. The conditions of disaster scenarios are also challenging for autonomous MAV systems. The environment is usually not known in advance and GNSS might not always be available. We present a system for autonomous MAV flights in unknown environments which does not rely on global positioning systems. The method is evaluated in multiple search and rescue scenarios and allows for safe autonomous flights, even when transitioning between indoor and outdoor areas.",D. Schleich; M. Beul; J. Quenzel; S. Behnke,2021,10.1109/ICUAS51884.2021.9476790,,IEEE_Xplore,include,high,"[""I1"", ""I2"", ""I3"", ""I4"", ""I5"", ""I6""]",UAV platform with primary GNSS-denied navigation contribution and quantitative results.
REC_0363,Enhanced UAV navigation in GNSS denied environment using repeated dynamics pattern recognition,"This paper presents an innovative approach to enhance the navigation of UAVs in GNSS denied environments. Considering the limited space, power, and size of small UAVs, the proposed approach does not require any sensors on the UAV. The typical repeated dynamic patterns of such UAVs are related to the actuators to offer a useful information for estimating the UAV navigation states. Machine learning (ML) classifier has been employed to detect these repeated dynamic patterns, then according to the detected pattern, an appropriate constraint/update is utilized to enhance the navigation solution through EKF to obtain a better estimate of the UAV states. Different test scenarios where conducted to verify the ability of the proposed approach to aid the INS solution during GNSS signal outages. The solution after fusing the Vheicle Model (VM) is enhaced by 98% compared to low cost stand-alone IMU solution.",S. Zahran; A. Moussa; N. El-Sheimy,2018,10.1109/PLANS.2018.8373497,,IEEE_Xplore,include,high,"[""I1"", ""I2"", ""I3"", ""I4"", ""I5"", ""I6""]",UAV platform with primary GNSS-denied navigation contribution and quantitative results.
REC_0369,Autonomous Flight Control of a Nano Quadrotor Helicopter in a GPS-Denied Environment Using On-Board Vision,"In this paper, a nano quadrotor helicopter which weighs about only 45 grams and has a diameter less than 0.15 m is employed for the autonomous flight control development in GPS-denied environments. Due to the very limited payload ability of the helicopter, a micro onboard vision system is designed to provide visual pose measurement. Then the attitude data obtained from a low cost micro inertial measurement unit (IMU) are fused with the visual measurement to provide accurate estimation of the helicopter's translational position and velocity. Nonlinear flight controller is designed to hold the quadrotor in a certain position and altitude without external ground motion capture system. Moreover, trajectory tracking ability is achieved with the help of a modified visual simultaneous localization and mapping (SLAM) algorithm. Experimental results are included to demonstrate the good hovering and tracking control performance of the proposed design in GPS-denied indoor and outdoor environments. To our best knowledge, few of previous works have demonstrated autonomous control ability of a quadrotor helicopter weighs less than 50 grams without the help of external ground motion capture system in GPS-denied indoor and outdoor environments.",X. Zhang; B. Xian; B. Zhao; Y. Zhang,2015,10.1109/TIE.2015.2420036,,IEEE_Xplore,include,high,"[""I1"", ""I2"", ""I3"", ""I4"", ""I5"", ""I6""]",UAV platform with primary GNSS-denied navigation contribution and quantitative results.
REC_0388,Multi-UAV Cooperative Navigation Based on Multisource Information Fusion: A Review,"Unmanned aerial vehicle (UAV) swarms are increasingly deployed in both civilian and military domains, where high-precision navigation in Global Navigation Satellite System (GNSS)-denied environments remains a critical challenge. Cooperative navigation (CN) has emerged as a promising paradigm by leveraging intervehicle information exchange and multisource information fusion (MSIF) to enhance swarm navigation performance. Although numerous surveys have summarized multisensor integration and state estimation methods for single-platform UAVs, comprehensive reviews dedicated to CN remain limited. This article presents a structured framework for CN that integrates multisource information acquisition, cooperative localization (CL) techniques in GNSS-denied environments, and multisource fusion algorithms. On this basis, we provide a systematic review of CN from three perspectives: relative measurement information, CN architectures, and swarm cooperative optimization algorithms. Furthermore, fusion algorithms are categorized into four classes, namely, mathematically derived, graph-based, filtering-based, and learning-based approaches, with their development trends systematically analyzed. The synergistic features of multisource information are then discussed, with emphasis on information selection, fault tolerance, and resilient fusion. Finally, the hierarchical structure of MSIF is highlighted, revealing the evolutionary trend from feature-level toward decision-level strategies. This survey aims to present a holistic understanding of UAV CN, outline key technical challenges, and shed light on future research directions in this rapidly evolving field.",F. Song; Q. Zeng; R. Zhang; X. Zhu; X. Ye; Z. Zhang,2026,10.1109/JSEN.2025.3646302,,IEEE_Xplore,include,high,"[""I1"", ""I2"", ""I3"", ""I4"", ""I5"", ""I6""]",UAV platform with primary GNSS-denied navigation contribution and quantitative results.
REC_0391,Multi-UAV Collaboration and IMU Fusion Localization Method in Partial GNSS-Denied Scenarios,"When it comes to disaster rescue, quickly and accurately locating the trapped people will not miss the golden rescue time, thereby improving the success rate of rescue. The existing research has focused on the use of unmanned aerial vehicles (UAVs) to locate stationary user equipment (UE). However, the simultaneous movement of the UAVs and the UE brings about problems of UAV coordinate deviation and range interference, resulting in poor accuracy and stability of UE localization. To solve the mentioned issues above, a fusion localization method based on multi-UAV collaborative ranging and user-side inertial measurement unit (IMU) module was proposed for GNSS-denied scenarios. First, the initial coordinate deviations of the UAVs were corrected by multi-UAV collaboration; Then, a pre-processing scheme based on density peaks clustering (DPC) was proposed to eliminate the abnormal interference in the ranging data; Finally, the unscented Kalman filter (UKF) was used to realize the fusion localization based on multi-UAV ranging and user-side IMU module. The simulation results showed that the proposed scheme can maintain the accuracy and stability of UE localization in the presence of ranging interference, and the positioning error was reduced by 21.4% compared with the commonly used extended Kalman filter (EKF). Moreover, the proposed localization scheme had a better performance in low-altitude rather than high-altitude flight scenarios.",Y. Zheng; Y. Xie; J. Li,2023,10.1109/ACCESS.2023.3315870,,IEEE_Xplore,include,high,"[""I1"", ""I2"", ""I3"", ""I4"", ""I5"", ""I6""]",UAV platform with primary GNSS-denied navigation contribution and quantitative results.
REC_0409,Dust-Resilient Autonomous Navigation and Mapping for UAVs in GNSS-Denied Underground Tunnels,"Autonomous UAVs enable safe inspection of hazardous underground environments, but simultaneous GNSS denial and visibility degradation from airborne dust present critical navigation challenges. Conventional visual odometry fails under feature scarcity, while LiDAR-based methods suffer from noise artifacts as suspended particles are misinterpreted as obstacles. This paper presents a UAV system for autonomous mapping in dust-laden, GNSS-Denied tunnels. LiDAR-Inertial odometry was integrated with IMU pre-integration to achieve 100 Hz state estimation for responsive control in confined spaces. An intensity-based dust filtering algorithm removes point cloud contamination in real-time, enabling autonomous capabilities despite visibility degradation. Experimental validation in a real mining tunnel under controlled visually degraded conditions demonstrates autonomous operation. The system completes exploration and mapping in 480 seconds, achieving 0.19 m mean mapping accuracy and 0.60 m RMS error against Total Station ground truth. Results establish quantitative benchmarks for UAV deployment in underground construction and emergency response scenarios where human access is restricted.",M. A. Montes-Grova; J. M. González-Marín; F. J. Pérez-Grau; A. Viguria,2026,10.1109/ICUAS69441.2026.11598747,,IEEE_Xplore,include,high,"[""I1"", ""I2"", ""I3"", ""I4"", ""I5"", ""I6""]",UAV platform with primary GNSS-denied navigation contribution and quantitative results.
REC_0426,Leonardo Drone Contest 2021: Politecnico di Milano team architecture,"In this paper, the winning solution of the second edition of the Leonardo Drone Contest (LDC), an autonomous drone competition, is presented. The participating teams were asked to design and build an autonomous system, capable of accomplishing complex tasks in an indoor urban-like environment. To reach this goal, the designed system should be capable of navigating in a Global Navigation Satellite System (GNSS)-denied environment with autonomous decision making, online planning and collision avoidance capabilities. In this light, the authors describe the competition, its rules and objectives, as well as the proposed solution in terms of hardware, software and algorithms.",G. Roggi; S. Meraglia; M. Lovera,2022,10.1109/ICUAS54217.2022.9836103,,IEEE_Xplore,include,high,"[""I1"", ""I2"", ""I3"", ""I4"", ""I5"", ""I6""]",UAV platform with primary GNSS-denied navigation contribution and quantitative results.
REC_0438,Vision-based object path following on a quadcopter for GPS-denied environments,"This paper presents the development of an object path following algorithm for a quadcopter using on-board vision and localization. This development aims to increase capabilities of autonomous unmanned aerial vehicles (UAV), with the use of object path following. By following an object's path, reliance on obstacle avoidance strategies can be reduced, under the assumption that the object's path is free of static obstacles. Relative position of the target has been estimated using on-board processing and monocular vision. On-board localization has been achieved through dead-reckoning, where velocity estimates are calculated from optical flow. Horizontal positional estimates with a standard deviation of 6.5cm have been achieved experimentally with this method. The use of optical flow allows for localization in GPS-denied environments. Both the position and path following can successfully run in moderate winds and variable lighting. The UAV can station-keep to within 40 cm of desired position. The object's path can be followed with an rms error of 28 cm and maximum deviation of 78 cm.",D. H. S. De Mel; K. A. Stol; J. A. D. Mills; B. R. Eastwood,2017,10.1109/ICUAS.2017.7991500,,IEEE_Xplore,include,high,"[""I1"", ""I2"", ""I3"", ""I4"", ""I5"", ""I6""]",UAV platform with primary GNSS-denied navigation contribution and quantitative results.
REC_0444,Autonomous Aerial Swarming in GNSS-denied Environments with High Obstacle Density,"The compact flocking of relatively localized Un-manned Aerial Vehicles (UAVs) in high obstacle density areas is discussed in this paper. The presented work tackles realistic scenarios in which the environment map is not known apriori and the use of a global localization system and communication infrastructure is difficult due to the presence of obstacles. To achieve flocking in such a constrained environment, we propose a fully decentralized, bio-inspired control law that uses only onboard sensor data for safe flocking through the environment without any communication with other agents. In the proposed approach, each UAV agent uses onboard sensors to self-localize and estimate the relative position of other agents in its local reference frame. The usability and performance of the proposed approach were verified and evaluated using various experiments in a realistic robotic simulator and a natural forest. The presented experiments also validate the utility of onboard relative localization for autonomous multi-UAV applications in the absence of global localization information and communication.",A. Ahmad; V. Walter; P. Petráček; M. Petrlík; T. Báča; D. Žaitlík; M. Saska,2021,10.1109/ICRA48506.2021.9561284,,IEEE_Xplore,include,high,"[""I1"", ""I2"", ""I3"", ""I4"", ""I5"", ""I6""]",UAV platform with primary GNSS-denied navigation contribution and quantitative results.
REC_0455,Airborne-Relay-based Algorithm for Locating Crashed UAVs in GPS-Denied Environments,"We propose a location algorithm to promptly search for crashed unmanned aerial vehicles (UAVs), using an airborne communication relay UAV (ACRU) in global positioning system (GPS)-denied environments. Conventional UAV based location methods require at least four UAVs to search for the crashed one. However, such methods are subject to significant errors according to the distance between the crashed UAV and the others. In the proposed algorithm, only one ACRU is required to locate the crashed UAV. The ACRU relays its own position and the signals from the crashed UAV in real-time to a ground control station (GCS), which then estimates the position of the crashed UAV based on time difference of arrival (TDOA) processing using the signals relayed from the ACRU. According to the estimated position of the crashed UAV, the ACRU then flies in the direction of the crashed UAV by applying a weighting algorithm to effectively estimate the distance to it. The performance of the proposed algorithm is verified by computer simulations by considering the conditions of an army battalion battlefield. We improve the accuracy of the proposed location algorithm by applying a weighting algorithm to the TDOA data, and we demonstrate that the location algorithm can be used to efficiently locate crashed UAVs in GPS denied environments.",D. Oh; J. Lim; J. -K. Lee; H. Baek,2019,10.1109/UEMCON47517.2019.8993065,,IEEE_Xplore,include,high,"[""I1"", ""I2"", ""I3"", ""I4"", ""I5"", ""I6""]",UAV platform with primary GNSS-denied navigation contribution and quantitative results.
REC_0459,Safe Tightly-Constrained UAV Swarming in GNSS-denied Environments,"A decentralized algorithm for flocking of Unmanned Aerial Vehicles (UAV) in environments with high obstacle density is proposed in this work. The method combines a local planning loop with bio-inspired swarming rules for navigating a compact UAV flock in a real workspace without relying on external infrastructures, such as motion capture system and GNSS. The group stability and coherence are achieved by employing a purposely designed onboard UVDAR system for mutual localization of teammates in local proximity of each UAV. The required robustness and scalability of the multi-UAV system are therefore achieved without any need for communication among the swarm particle. Such minimal sensory and communication requirements have allowed the system to become a backup technique for centralized multi-robot systems in case of communication and GNSS dropout. The proposed approach has been verified in numerous simulations and real experiments inside a forest that represents one of the most challenging environments for deployment of compact groups of aerial vehicles.",A. Dmytruk; T. Nascimento; A. Ahmad; T. Báča; M. Saska,2021,10.1109/ICUAS51884.2021.9476794,,IEEE_Xplore,include,high,"[""I1"", ""I2"", ""I3"", ""I4"", ""I5"", ""I6""]",UAV platform with primary GNSS-denied navigation contribution and quantitative results.
REC_0464,Relative visual-inertial odometry for fixed-wing aircraft in GPS-denied environments,"This paper introduces an odometry-like front-end estimator for GPS-denied fixed-wing flight using a monocular camera. This development is a critical component for enabling fixed-wing aircraft to use a novel methodology called relative navigation. Relative navigation allows a single vehicle to gracefully accommodate intermittent GPS or geo-registered image updates. It can also enable communication and a computationally feasible cooperative, batch-based navigation approach for numerous vehicles. This paper presents a visual-odometry estimator that is appropriate for fixed-wing flight characteristics and sensing requirements. We propose a modification to the multi-state-constraint Kalman filter which, instead of running the filter in a single inertial/global frame, regularly resets the navigation frame to a new local origin. The vehicle operates based on the most recent keyframe and produces a marginalized change in pose (odometry) and covariance output whenever the keyframe is updated. This allows the front end to operate at the IMU rate to accommodate guidance and control inputs while sharing marginalized keyframe-to-keyframe odometry estimates with a back-end, graph optimization at a much lower rate than traditional batch navigation schemes. Results from testing the proposed method in a high-fidelity simulation of the filter is also presented.",G. Ellingson; K. Brink; T. McLain,2018,10.1109/PLANS.2018.8373454,,IEEE_Xplore,include,high,"[""I1"", ""I2"", ""I3"", ""I4"", ""I5"", ""I6""]",UAV platform with primary GNSS-denied navigation contribution and quantitative results.
REC_0469,Design and Flight Test of an Aerial Manipulator for Applications in GPS-Denied Environments,"Research and development of aerial manipulators has gained interest over the past few years. The incorporation of manipulator mechanisms into UAVs can expand the realm of applications for these vehicles in challenging scenarios where it is not safe for personnel to carry out the work. Examples of such missions and applications include collecting chemical samples, exploration and interaction with foreign objects, high rise building inspection and spray painting. With the growing interest to collect samples and interact with remote environments autonomously, most aerial manipulators use GPS or indoor tracking systems. However, an aerial manipulator capable of interacting safely with the environment in a GPS-denied environment using only on-board sensors is still a challenge. Related work on the use of and localization of UAVs in GPS-denied environments is increasing, however the integration of an aerial manipulator on a UAV operating in GPS-denied environments is still limited. This paper presents the design, build and implementation of an UAV with a robotic arm for use in GPS-denied environments. The aerial manipulator features a lightweight and robust design consisting of aluminium joints, carbon tubing and 3D printed linkages. The implemented aerial manipulation system presents a versatile and modular design which allows easy modification such as adjusting the linkage lengths to accommodate different reachability requirements and supports various multirotor configurations. Videos of the hover experiment can be found at: https://www.youtube.com/playlist?list=PLTkv8838qsQGW7JXl3kMfZ20rwmxUHfl5",M. Ng; F. Vanegas; K. Morton; J. Sandino; F. Gonzalez,2022,10.1109/ICUAS54217.2022.9836060,,IEEE_Xplore,include,high,"[""I1"", ""I2"", ""I3"", ""I4"", ""I5"", ""I6""]",UAV platform with primary GNSS-denied navigation contribution and quantitative results.
REC_0475,P2P-DroneLoc: Peer-to-Peer Localization for GPS-Denied Drones using Camera and WiFi Fine Time Measurement,"In this work we design, implement, and evaluate a drone assisted coordinated localization system to help navigate remotely operating Global Positioning System (GPS) denied drones. Without any requirements of a base station or a central entity, in this system, a GPS enabled helper drone offers localization help to low functionality distress drones. The helper drone when discovers a distressed drone flying in proximity, estimates the distress drone’s absolute GPS location information respective to its own location. This is performed by computing the relative position of the distress drone with the helper drone. The estimated location is then communicated to the distress drone. In this paper, we evaluate two fundamental approaches for range estimation for peer-to-peer relative positioning between drones: (a) camera and computer vision projection theory, and (b) WiFi Fine Time Measurements (FTM). We envision that a helper drone equips a camera and a WiFi FTM access point (AP), while a distress drone equips only a WiFi FTM AP. We evaluate our proposed peer-to-peer localization via accuracy across three estimated measures: (i) range or distance between the drones, (ii) GPS bearing (angle), and (iii) GPS location (coordinates). Based on our analysis of our dataset consisting of outdoor static and flying drones setup, our methods result in a median localization accuracy within 1-4m.",K. Ashraf; A. Ashok,2022,10.1109/ANTS56424.2022.10227756,,IEEE_Xplore,include,high,"[""I1"", ""I2"", ""I3"", ""I4"", ""I5"", ""I6""]",UAV platform with primary GNSS-denied navigation contribution and quantitative results.
REC_0481,An Onboard Transformer-Based Physics-Informed System for UAV Trajectory Prediction and State Classification in GNSS-Denied Environments,"This work introduces a real-time, lightweight system deployed onboard unmanned aerial vehicles (UAVs) that achieves the two-fold objective of state classification and trajectory prediction by integrating a Transformer-based physicsinformed learning model with an extended Kalman filter (EKF). The proposed framework employs a two-stage sensor fusion mechanism that combines a physics-informed Transformer with an EKF-based measurement augmentation. In the first stage, an EKF fuses onboard sensor readings together with visionderived measurements (optical flow measurements) and external sensor information (such as weather station data of wind speed and direction) to construct an augmented and denoised input measurement vector. In the second stage, the resulting filtered state estimates are fed into a physics-informed Transformer network that exploits shared feature learning to jointly enhance robustness and improve state classification and trajectory forecasting performance in Global Navigation Satellite System (GNSS)-denied environments. The proposed EKF-assisted AI framework is trained and validated on a custom dataset of UAV trajectories collected across various outdoor environments, and its prototype implementation is thoroughly assessed and validated in real-world outdoor experiments.",N. Souli; Y. Grigoriou; P. Chrysanthou; P. Kolios; G. Ellinas,2026,10.1109/ICUAS69441.2026.11598599,,IEEE_Xplore,include,high,"[""I1"", ""I2"", ""I3"", ""I4"", ""I5"", ""I6""]",UAV platform with primary GNSS-denied navigation contribution and quantitative results.
REC_0485,Multi-Sensor 6-DoF Localization For Aerial Robots In Complex GNSS-Denied Environments,"The need for robots autonomously navigating in more and more complex environments has motivated intense R& D efforts in making robot pose estimation more accurate and reliable. This paper presents a multi-sensor multi-hypothesis method for robust 6-DoF localization in complex environments. Robustness and accuracy requirements are addressed as follows. First, camera and LIDAR features are seamlessly integrated in the same statistical framework, benefiting from their synergies and providing robustness in scenarios with low or varying densities of LIDAR and visual features. Second, a multi-hypothesis approach is adopted to cope with scenario symmetries. The method has been carefully designed to operate in real time using feature and hypothesis filtering and efficient hypothesis refinement, and has been coded in a multi-core implementation. The proposed method has been extensively validated for closed-loop aerial robot navigation in different urban and industrial scenarios and has shown advantages over well-known single-sensor techniques.",J. L. Paneque; J. R. Martínez-de Dios; A. Ollero,2019,10.1109/IROS40897.2019.8967686,,IEEE_Xplore,include,high,"[""I1"", ""I2"", ""I3"", ""I4"", ""I5"", ""I6""]",UAV platform with primary GNSS-denied navigation contribution and quantitative results.
REC_0489,UAV Vision Aided INS/Odometer Integration for Land Vehicle Autonomous Navigation,"Autonomous navigation without external GNSS aiding is crucial for some kinds of land vehicle applications, such as military vehicles and unmanned vehicles navigation under GNSS denied environments. A typical solution for autonomous navigation can be achieved by integrating Inertial Navigation System (INS) and odometer, where the odometer can provide velocity aiding for INS. The INS/odometer integration approach can dramatically improve the navigation performances compared with the standalone INS approach, however its positioning error is still gradually accumulating with time because of lacking external position correction. This paper proposes an approach to aid the INS/odometer integration by using vision positioning, where a UAV is used to carry the vision camera and helps to realize the positioning of the vehicle by image matching. The UAV vision positioning acts a role like GNSS and provides constant position correction for INS/odometer integration. A dual-rate Kalman filter is proposed and utilized to realize the data fusing of vision, INS and odometer. Simulation and filed tests show that the proposed approach can dramatically improve the autonomous navigation performances for land vehicles.",J. Dong; X. Ren; S. Han; S. Luo,2022,10.1109/TVT.2022.3151729,,IEEE_Xplore,include,high,"[""I1"", ""I2"", ""I3"", ""I4"", ""I5"", ""I6""]",UAV platform with primary GNSS-denied navigation contribution and quantitative results.
REC_0502,LD3DGS-SLAM: Long-Distance Monocular SLAM With 3-D Gaussian Splatting and GNSS-Aided Localization for UAVs,"Integrating neural rendering with simultaneous localization and mapping (SLAM) has shown great promise for achieving high-precision localization and photorealistic scene reconstruction. However, the dynamic perspectives of uncrewed aerial vehicles (UAVs), compounded by Global Navigation Satellite System (GNSS) signal interference and the accumulation of localization errors, pose significant challenges to existing monocular SLAM methods in complex environments. To address these limitations, we propose LD3DGS-SLAM, a novel framework that integrates monocular SLAM, GNSS, and 3-D Gaussian splatting (3DGS) to enhance UAV-based localization and mapping. The system integrates traditional geometric feature-based localization with the multiview synthesis capability of 3-D Gaussian rendering, achieving a breakthrough in accuracy while enhancing robustness. First, we construct a multisensor fusion graph optimization model that tightly integrates GNSS and monocular vision data, effectively mitigating the cumulative drift typical of traditional SLAM pipelines. Afterward, we introduce a 3-D Gaussian-based mapping strategy that incrementally refines a dense scene representation using SLAM-generated point clouds, fusing geometric and texture information to reconstruct highly accurate and detailed maps. To further enhance localization performance in GNSS-denied scenarios, we develop a dynamic frame interpolation and tracking approach based on 3-D Gaussian rendering. By synthesizing novel viewpoints, this method improves observation matching and strengthens loop closure detection, enabling robust relocalization in large-scale environments. To validate the effectiveness of the proposed framework, we implement a UAV test system and evaluate its performance on both the publicly available TUM dataset and a self-collected aerial dataset spanning several kilometers. Experimental results show that LD3DGS-SLAM achieves a state-of-the-art average localization error of only 0.8 m using just a monocular camera, even during long-range flight missions exceeding tens of kilometers and altitudes up to 500 m. Overall, LD3DGS-SLAM effectively addresses the limitations of monocular SLAM in aerial scenarios, providing a robust, accurate, and cost-effective localization solution for urban air mobility (UAM) and Aerial Internet of Things (IoT) applications.",D. Li; T. Yang; Y. Wang; H. Qin; S. Fan; S. Zhang; Y. Zhang; J. Li,2026,10.1109/JIOT.2025.3638876,,IEEE_Xplore,include,high,"[""I1"", ""I2"", ""I3"", ""I4"", ""I5"", ""I6""]",UAV platform with primary GNSS-denied navigation contribution and quantitative results.
REC_0503,Decimeter-Accuracy Positioning for Drones Using Two-Stage Trilateration in a GPS-Denied Environment,"This study proposes a high-accuracy two-stage trilateration method that enables real-time positioning in global position system (GPS)-denied areas, such as unmanned aerial vehicles (UAVs) under bridges and targets in vegetation or indoors, where automated drone operation is difficult, and there are few localization methods. This method uses ultrawideband (UWB) with high-ranging accuracy and a high transmission rate as the positioning sensor. The drone and the target are equipped with multiple UWBs, and the relative distance is calculated through the signal transmission between the UWB devices so as to determine the position of the target in a fixed coordinate system. In practice, this method uses the UWB anchors on the ground to locate the UAV moving in the air, and the altitude error can be reduced from 8–10 m to less than 1 m. The moving UAV can also be used as the anchor to locate fixed objects on the ground in areas with poor GPS, and the relative position error is reduced from 2.02 to 0.35 m, and the relative altitude error is reduced from 3.39 to 0.32 m. This study alleviates the insufficient accuracy of the trilateration method when the UWB anchors are in the coplanar space, so as to improve the reliability of the positioning and navigation of the UAV in the GPS-denied area.",Y. -E. Chen; H. -H. Liew; J. -C. Chao; R. -B. Wu,2023,10.1109/JIOT.2022.3231704,,IEEE_Xplore,include,high,"[""I1"", ""I2"", ""I3"", ""I4"", ""I5"", ""I6""]",UAV platform with primary GNSS-denied navigation contribution and quantitative results.
REC_0534,Integrated UWB-Vision Approach for Autonomous Docking of UAVs in GPS-denied Environments,"Though vision-based techniques have become quite popular for autonomous docking of Unmanned Aerial Vehicles (UAVs), due to limited field of view (FOV), the UAV must rely on other methods to detect and approach the target before vision can be used. In this paper we propose a method combining Ultra-wideband (UWB) ranging sensor with vision-based techniques to achieve both autonomous approaching and landing capabilities in GPS-denied environments. In the approaching phase, a robust and efficient recursive least-square optimization algorithm is proposed to estimate the position of the UAV relative to the target by using the distance and relative displacement measurements. Using this estimate, UAV is able to approach the target until the landing pad is detected by an onboard vision system, then UWB measurements and vision-derived poses are fused with onboard sensor of UAV to facilitate an accurate landing maneuver. Real-world experiments are conducted to demonstrate the efficiency of our method.",T. -M. Nguyen; T. H. Nguyen; M. Cao; Z. Qiu; L. Xie,2019,10.1109/ICRA.2019.8793851,,IEEE_Xplore,include,high,"[""I1"", ""I2"", ""I3"", ""I4"", ""I5"", ""I6""]",UAV platform with primary GNSS-denied navigation contribution and quantitative results.
REC_0537,Indoor Navigation and Attitude Estimation for Uas Using Inertial Sensors and Extended Kalman Filtering,"Accurate position estimation during navigation is essential for missions conducted using Unmanned Aerial Systems (UASs), particularly in fully autonomous operations or missions performed in Beyond Visual Line of Sight (BVLOS) conditions. In outdoor environments, conventional positioning solutions primarily rely on Global Navigation Satellite Systems (GNSS). However, GNSS-based approaches are not suitable for indoor navigation scenarios or GPS-denied environments, where satellite signals are unavailable or severely degraded. As a result, alternative positioning and navigation technologies are required to ensure reliable and accurate UAS operation in such conditions. Inertial Navigation Systems (INS) are becoming essential components of UAS navigation architectures. By integrating low-cost Inertial Measurement Units (IMU), INS provide reliable navigation and attitude estimation capabilities, particularly in GNSS-denied environments. However, uncompensated bias and drift errors lead to the accumulation of position and velocity errors, resulting in significant navigation inaccuracies. This work investigates the impact of IMU bias and drift errors on UAS navigation and attitude estimation and introduces an estimation technique based on the Extended Kalman Filter (EKF) to jointly estimate and compensate these error sources. The proposed EKF-based approach estimates both bias and drift terms affecting the UAS position and attitude, thereby mitigating the accumulation of velocity and position errors over time. The effectiveness of the proposed method is validated through simulation tests conducted in MATLAB® and Simulink® environments, reproducing realistic operational scenarios. Simulation results demonstrate that the proposed approach significantly enhances UAS navigation performance by improving estimation accuracy and reducing overall navigation errors.",S. Ponte; G. Ariante; A. Menichino; V. Di Vito; G. Del Core,2026,10.1109/MetroAeroSpace69299.2026.11646697,,IEEE_Xplore,include,high,"[""I1"", ""I2"", ""I3"", ""I4"", ""I5"", ""I6""]",UAV platform with primary GNSS-denied navigation contribution and quantitative results.
REC_0544,Season-Invariant GNSS-Denied Visual Localization for UAVs,"Localization without Global Navigation Satellite Systems (GNSS) is a critical functionality in autonomous operations of unmanned aerial vehicles (UAVs). Vision-based localization on a known map can be an effective solution, but it is burdened by two main problems: places have different appearance depending on weather and season, and the perspective discrepancy between the UAV camera image and the map make matching hard. In this letter, we propose a localization solution relying on matching of UAV camera images to georeferenced orthophotos with a trained convolutional neural network model that is invariant to significant seasonal appearance difference (winter-summer) between the camera image and map. We compare the convergence speed and localization accuracy of our solution to six reference methods. The results show major improvements with respect to reference methods, especially under high seasonal variation. We finally demonstrate the ability of the method to successfully localize a real UAV, showing that the proposed method is robust to perspective changes.",J. Kinnari; F. Verdoja; V. Kyrki,2022,10.1109/LRA.2022.3191038,,IEEE_Xplore,include,high,"[""I1"", ""I2"", ""I3"", ""I4"", ""I5"", ""I6""]",UAV platform with primary GNSS-denied navigation contribution and quantitative results.
REC_0572,GNSS-Independent Navigation of UAV through Utilization of Sensor Fusion and Intelligence System,"Unmanned Aerial Vehicles (UAVs) have gained a lot of attention due to their applications in various sectors. Most of fully autonomous UAVs navigation system is dependent on GNSS for localization. But the security threats that emanates from GPS system; spoofing and jamming makes the reliance on GNSS problematic. In this work, we proposed a fully autonomous UAV navigation system without GNSS and wireless communication. The application area of interest in this work is military battlefield. The proposed navigation method combines information gathered by Intelligence Preparation for Battlefield (IPB) and Intelligence Surveillance Reconnaissance(ISR) group and onboard sensors. Then it applies AI-enabled multi sensor fusion, motion planning and decision making to accomplish the navigation successfully. The integrated way of navigation used to assess the conceptual possibility of autonomous navigation without the use of external navigation system and reliable operation of UAV at GPS and wireless signal denied environment. In addition, to ensure reliable operation of the navigation system, devices health monitoring system through the use of distributed monitoring agent and AI algorithms are proposed. The conceptual architecture is designed as six layer architecture with cross-layer interaction feature.",S. E. Meheretu; S. Y. Hailesilassie; E. Nigussie,2022,10.1109/ICT4DA56482.2022.9971437,,IEEE_Xplore,include,high,"[""I1"", ""I2"", ""I3"", ""I4"", ""I5"", ""I6""]",UAV platform with primary GNSS-denied navigation contribution and quantitative results.
REC_0594,Google map aided visual navigation for UAVs in GPS-denied environment,"We propose a framework for Google Map aided UAV navigation in GPS-denied environment. Geo-referenced navigation provides drift-free localization and does not require loop closures. The UAV position is initialized via correlation, which is simple and efficient. We then use optical flow to predict its position in subsequent frames. During pose tracking, we obtain inter-frame translation either by motion field or homography decomposition, and we use HOG features for registration on Google Map. We employ particle filter to conduct a coarse to fine search to localize the UAV. Offline test using aerial images collected by our quadrotor platform shows promising results as our approach eliminates the drift in dead-reckoning, and the small localization error indicates the superiority of our approach as a supplement to GPS.",M. Shan; F. Wang; F. Lin; Z. Gao; Y. Z. Tang; B. M. Chen,2015,10.1109/ROBIO.2015.7418753,,IEEE_Xplore,include,high,"[""I1"", ""I2"", ""I3"", ""I4"", ""I5"", ""I6""]",UAV platform with primary GNSS-denied navigation contribution and quantitative results.
REC_0598,Compact Passive Millimeter Wave Imager for Degraded Visual and GPS-Denied Navigation,We present a passive millimeter wave imager for aerial vehicle navigation in degraded visual and GPS-denied environments. The sensor employs aperture synthesis imaging techniques with optical upconversion of millimeter wave signals and coherent reconstruction in the optical domain to enable a suitably small form factor.,T. Dillon; C. Schuetz; A. Wright; S. Kozacik; Z. El-Azom; S. Shi; D. Prather; A. Rutkowski,2019,10.1109/RAPID.2019.8864251,,IEEE_Xplore,include,high,"[""I1"", ""I2"", ""I3"", ""I4"", ""I5"", ""I6""]",UAV platform with primary GNSS-denied navigation contribution and quantitative results.
REC_0617,Visual-Inertial Fusion for Indoor Autonomous Navigation of a Quadrotor Using ORB-SLAM,"This brief addresses the accuracy of the pose estimation of a Low-Cost Quadrotor using visual SLAM and sensor data fusion for making an autonomous indoor navigation in a known GPS-denied environment. To perform this approach, two kinds of modules are employed. For the former, a Simultaneous Localization and Mapping (SLAM) system is used. This SLAM system uses Oriented Fast and rotated BRIEF (ORB) features, also known as ORB_SLAM. The second module is Extended Kalman Filter (EKF) that is applied for combining the obtained pose from ORB_SLAM and Inertial Measurement Unit (IMU). Since in this paper the SLAM process is performed by the frontal monocular camera of Quadrotor, so developing scale factor estimation in order to calculate the scale of the map with minimum error is necessary. In addition, a Proportional Integral Derivative (PID) is utilized to conduct the maneuver of the robot. All of these processes are done by sending data via Wi-Fi to a ground station in order to perform the data processing. To show the performance of the proposed algorithm, two experiments are carried out on an AR-Drone 2.0 quadrotor. The first one is position holding that shows the robustness of the estimated position of the system in hovering situation after take-off. The second one is an indoor trajectory tracking that illustrates the difference between the downward camera output position and the estimated position.",S. J. Haddadi; E. B. Castelan,2018,10.1109/LARS/SBR/WRE.2018.00028,,IEEE_Xplore,include,high,"[""I1"", ""I2"", ""I3"", ""I4"", ""I5"", ""I6""]",UAV platform with primary GNSS-denied navigation contribution and quantitative results.
REC_0620,Terrain Aided Planetary UAV Localization Based on Geo-referencing,"The autonomous real-time optical navigation of planetary unmanned aerial vehicle (UAV) is of the key technologies to ensure the success of the exploration. In such a GPS-denied environment, vision-based localization is an optimal approach. In this article, we proposed a terrain aided simultaneous localisation and mapping (SLAM) algorithm, which simultaneously reconstructs the 3-D map point of environment and estimates the location of a planet UAV based on preexisting digital elevation model (DEM). To directly georeference the onboard UAV images to the digital terrain model, a theoretical model is proposed to prove that topographic features of UAV image and DEM can be correlated in the frequency domain via cross power spectrum. To provide the six-DOF of the UAV, we developed an optimization approach, which fuses the geo-referencing result into an SLAM system via local bundle adjustment (LBA) to achieve robust and accurate vision-based navigation even in featureless planetary areas. To test the robustness and effectiveness of the proposed localization algorithm, a new dataset for planetary drone navigation is proposed based on simulation engine. The proposed dataset includes 40 200 synthetic drone images taken from nine planetary scenes with related DEM query images. Comparison experiments are carried out to demonstrate that over the flight distance of 33.8 km, the proposed method achieved an average localization error of 0.45 m, compared to 1.32 m by ORB-SLAM2 and 0.75 m by ORB-SLAM3, with the processing speed of 12 Hz, which will ensure real-time performance. We will make our datasets available to encourage further work on this topic.",X. Wan; Y. Shao; S. Zhang; S. Li,2022,10.1109/TGRS.2022.3198745,,IEEE_Xplore,include,high,"[""I1"", ""I2"", ""I3"", ""I4"", ""I5"", ""I6""]",UAV platform with primary GNSS-denied navigation contribution and quantitative results.
REC_0622,Micro-Drone Ego-Velocity and Height Estimation in GPS-Denied Environments Using an FMCW MIMO Radar,"In the context of autonomous navigation, the vehicle trajectory estimation and the detection of surrounding obstacles are two critical functionalities that must be robust to difficult environmental conditions (e.g., fog, dust, and snow) and the unavailability of infrastructure signals (e.g., GPS). With the advantage of remaining operable in low-visibility conditions, radar sensors are good candidates to detect obstacles in an autonomous navigation context. In this article, we show that radars can also be successfully used for real-time trajectory estimation. We address the case of an autonomous micro-drone intended for the exploration of piping networks and embedding a frequency-modulated continuous wave (FMCW) multi-input multioutput (MIMO) radar. We show that using a beamforming technique to virtually steer the radar field of view (FOV), we can simultaneously estimate the horizontal and vertical velocities of the drone as well as its height. These results are first validated through simulations based on experimental drone flight data and a radar simulator. Then, using an Infineon 77-GHz FMCW radar, we show, through real-world experiments, the high performance attainable with our solution.",J. Barra; T. Creuzet; S. Lesecq; G. Scorletti; E. Blanco; M. Zarudniev,2023,10.1109/JSEN.2022.3229421,,IEEE_Xplore,include,high,"[""I1"", ""I2"", ""I3"", ""I4"", ""I5"", ""I6""]",UAV platform with primary GNSS-denied navigation contribution and quantitative results.
REC_0631,Invited Speaker 1: Navigation without GPS for Unmanned Aerial Vehicles,"In recent years, research and development of unmanned aerial vehicles (UAVs) have gained much attention in the academic and industrial communities worldwide. Extensive research and development have been done for UAVs to operate in complex and unknown environments, especially in GPS-denied environments. Consideration of a wide range of factors needs to be observed in such environments. Control systems for the unmanned vehicles are required to integrate, not only the basic input-output control laws but also the high-level functionalities for perception, decision making and task scheduling. Software systems for unmanned vehicles are required to perform tasks from hardware driving to the management of device operations, and from traditional input-output control law implementation to sensing, task scheduling and event management. In this talk, in-depth research in the advanced autonomous systems on UAVs is presented, involving automate flight process in GPS-denied environments, such as below the forest canopy or indoor environments, in which a board range of sensing and navigation technologies have been used. The sensors and algorithms plan the drones' flight paths, make sense of where they are, and to ensure that they do not collide with obstacles. All these are done automatically with no human intervention. The proposed systems have been successfully tested in both simulations and real flight experiments. Several related applications of the autonomous systems on UAVs will also be presented.",L. Feng,2019,10.1109/IConDA47345.2019.9034681,,IEEE_Xplore,include,high,"[""I1"", ""I2"", ""I3"", ""I4"", ""I5"", ""I6""]",UAV platform with primary GNSS-denied navigation contribution and quantitative results.
REC_0639,A Vision-Based Approach to Autonomous Landing of an eVTOL Aircraft in GPS-Denied Environments,"This research paper describes an autonomous system developed by a team of undergraduate engineering students at Embry-Riddle Aeronautical University - Prescott with support from Wisk Aero. Autonomous systems enable an electric vertical takeoff and landing (eVTOL) aircraft to perform the fundamental duties of a pilot - aviate, navigate, and communicate - without human intervention. A prototype eVTOL system, implemented as a modular payload attached to the bottom of a commercially available drone, was developed and tested to operate from the final approach through the landing phase of flight. The prototype vision-based system identifies a landing zone, and calculates relative position and orientation position without reliance on Global Positioning System (GPS) capabilities, which is potentially vulnerable to interruption and disruption. In addition, the system utilizes a machine learning approach to identify if any obstructions impact the safety of landing the aircraft. Through the development of the prototype, the findings demonstrated the viability of a computer vision-based landing system to be used on an eVTOL aircraft for the purpose of autonomous advanced air mobility (AAM) solutions.",F. V. Benitez; A. Rutherford; J. Van Hilst; E. Babcock; M. Schlief; L. Markussen,2023,10.1109/DASC58513.2023.10311329,,IEEE_Xplore,include,high,"[""I1"", ""I2"", ""I3"", ""I4"", ""I5"", ""I6""]",UAV platform with primary GNSS-denied navigation contribution and quantitative results.
REC_0644,Autonomous Localization and Navigation for Drones Over Rivers,"Uncrewed aerial vehicles (UAVs) are increasingly used for environmental monitoring and riverine studies; however, their dependence on Global Positioning System (GPS) localization is often compromised in forested areas, under bridges, or above highly dynamic water surfaces. Conventional vision-based navigation methods struggle with sparse textures and transient disturbances, leading to unstable positioning and drift. This paper presents a robust real-time visual–inertial navigation framework that integrates neural network–based optical flow estimation (NeuFlow v2), the Dynamic Divided Method (DDM), and inertial measurement unit (IMU) data through a Kalman Filter (KF). The DDM adaptively segments the optical-flow field according to water-surface dynamics and local texture stability, suppressing transient artifacts such as ripples and reflections, while the KF stabilizes state estimation by compensating for outliers and short-term measurement loss. Field experiments at Kangqiao, Green River, and Wu River sites demonstrate that DDM-enhanced visual odometry (VO) significantly improves robustness in low-texture and dynamic conditions. The fused framework combining NeuFlow v2, DDM, and KF achieves high trajectory similarity with GPS benchmarks, reduced drift, and enhanced spatial consistency. These findings validate a practical and effective solution for accurate UAV localization and autonomous environmental monitoring in GPS-degraded riverine environments.",P. -C. Wu; Y. -Y. Chen; C. -L. Lin; H. Wang,2026,10.1109/ACCESS.2025.3650454,,IEEE_Xplore,include,high,"[""I1"", ""I2"", ""I3"", ""I4"", ""I5"", ""I6""]",UAV platform with primary GNSS-denied navigation contribution and quantitative results.
REC_0647,Radiation Source Localization in GPS-Denied Environments Using Aerial Robots,"This paper details the system and methods developed to enable autonomous nuclear radiation source localization and mapping using aerial robots in GPS-denied environments. A Thallium-doped Cesium Iodide (CsI(Tl)) scintillator and a Silicon Photomultiplier are combined with custom-built electronics for counting and spectroscopy, and the provided radiation measurements are pose-annotated using visual-inertial localization enabling autonomous operation in GPS-denied environments. Provided this capability, a strategy for radioactive source localization, as well as active source search path planning was developed. The proposed method is motivated and accounts for the limited endurance of the vehicle, which entails a very small amount of dwell points, and the fact that GPS-denied localization implies varying uncertainty of the robot's position estimate. The complete system is evaluated in multiple experimental studies using a small aerial robot and a Cesium-137 radiation source. As shown, accurate radioactive source localization is achieved, enabling efficient radiation mapping of indoor GPS-denied environments.",F. Mascarich; T. Wilson; C. Papachristos; K. Alexis,2018,10.1109/ICRA.2018.8460760,,IEEE_Xplore,include,high,"[""I1"", ""I2"", ""I3"", ""I4"", ""I5"", ""I6""]",UAV platform with primary GNSS-denied navigation contribution and quantitative results.
REC_0652,Reinforcement Learning-Based Autonomous UAV Navigation in Indoor Environments Towards Human Detection,"Unmanned Aerial Vehicles (UAVs) have become indispensable in search and rescue (SAR) missions by enabling rapid aerial reconnaissance in unstructured and GPS denied environments that are inaccessible to ground teams. Conventional autonomous navigation systems typically depend on heavy sensor suites such as LiDAR or reliable GPS signals, which are often impractical for lightweight and low-cost rescue drones operating in cluttered indoor spaces, including partially collapsed buildings in disaster zones. To address this limitation, this paper introduces a cost-effective, fully autonomous UAV navigation framework that leverages Deep Reinforcement Learning (DRL) to replace brittle rule-based decision logic with adaptive policy learning. The framework integrates real-time human detection using a monocular RGB camera and YOLOv8n, and evaluates two DRL strategies for autonomous indoor maneuvering toward detected humans, specifically Deep Q-Network (DQN) and Proximal Policy Optimization (PPO). Simulation results indicate that rule-based navigation shows low generalization to dynamic and unstructured conditions. Although DQN shows limited reliability, the PPO based agent achieves higher navigation success rates and more stable decision policies. The proposed system is further validated through Sim to Real transfer using a DJI Tello drone on indoor flight tasks, demonstrating practical deployment without expensive sensing hardware. The results confirm the feasibility of lightweight, low-cost, vision based autonomous UAV agents capable of adaptive indoor navigation toward detected humans.",V. Geeganage; L. Gamage; H. Weerathunga; C. Premachandra; B. H. Sudantha,2026,10.1109/ICIPRoB69625.2026.11497788,,IEEE_Xplore,include,high,"[""I1"", ""I2"", ""I3"", ""I4"", ""I5"", ""I6""]",UAV platform with primary GNSS-denied navigation contribution and quantitative results.
REC_0656,Vision-Based UAV Localization by Aerial and Satellite Image Matching,"The deployment of Unmanned Aerial Vehicles (UAVs) in tasks such as urban surveillance, disaster assessment, and logistics necessitates enhanced autonomous navigation capabilities. Traditionally, the localization of UAVs relies on Global Navigation Satellite Systems (GNSS). However, in urban canyons, indoor environments, or bad weather conditions, GNSS signals are prone to obstruction and interference, leading to degraded navigation performance. To overcome the limitations, the development of GNSS-denied alternative localization techniques has become an important topic. In this paper we present an UAV visual localization and heading estimation in GNSS-denied environments by matching the UAV overhead imagery with satellite maps. The proposed NavCLIP constructs an image database using satellite data and retrieves the best-matched by querying with aerial images. A homography matrix is then employed to estimate the UAV location and yaw angle. Due to the lack of publicly available datasets, this work collects an aerial and satellite image dataset (UAV-Satellite Dataset) for training and validation. The experimental results show strong localization performance on the Google Earth dataset, while UAV flight experiments exhibit larger localization errors under the real-world conditions. In addition, the proposed technique improves over the GeoCLIP baseline and achieves low heading estimation error. Code and dataset are available on GitHub at https://github.com/PHChenGit/NavCLIP",H. -Y. Lin; P. -H. Chen; C. -W. Yeh,2026,10.1109/ACCESS.2026.3684630,,IEEE_Xplore,include,high,"[""I1"", ""I2"", ""I3"", ""I4"", ""I5"", ""I6""]",UAV platform with primary GNSS-denied navigation contribution and quantitative results.
REC_0687,On the scalability of experimentally determined aerodynamic model for model-based navigation on a delta-wing UAV,"Model-based navigation is a promising approach for autonomous navigation of small drones in challenging conditions such as GNSS denied flight scenarios. However, the lack of analysis of aerodynamic model structure for model-based navigation applications on delta-wing UAVs, characterized by a reduced number of control surfaces, has hindered its practical implementation. In this study, we propose a methodology for generalizing an aerodynamic model experimentally determined for a specific platform to a family of platforms sharing comparable physical characteristics by employing in-flight tuning. The experimental results show that the proposed methodology significantly improves navigation performance under GNSS outage, compared to traditional autonomous navigation approaches, for the model adapted to a second delta-wing platform. This indicates that the proposed methodology can be used to adapt aerodynamic models to different delta-wing UAV platforms of similar size, enabling reliable model-based navigation in challenging environments. This work contributes to the advancement of autonomous navigation technology for small drones, particularly in applications where GNSS signals are unavailable or unreliable.",P. Longobardi; J. Skaloud,2023,10.1109/MetroAeroSpace57412.2023.10189996,,IEEE_Xplore,include,high,"[""I1"", ""I2"", ""I3"", ""I4"", ""I5"", ""I6""]",UAV platform with primary GNSS-denied navigation contribution and quantitative results.
REC_0688,Single Vehicle Localization and Routing in GPS-Denied Environments Using Range-Only Measurements,"Path planning algorithms for unmanned aerial or ground vehicles rely on Global Positioning System (GPS) information for localization in many surveillance and reconnaissance applications. However, disruption of GPS signals, by intention or otherwise, can render these algorithms ineffective. This paper provides a way of addressing this issue by leveraging range information from additionally placed stationary objects in the environment called Landmarks (LMs). The placement of LMs and the route followed by the vehicle is posed as an integer program such that the total travel and LM placement cost is minimized. The proposed formulation of the optimization problem also allows for a limited field-of-view of the sensor on-board the vehicle. For instances that are hard to solve for optimal solutions using the integer program, we present two fast heuristics to find good feasible solutions. We provide a systematic framework and algorithms for the problem, and evaluate the system using numerical, simulation and experimental results.",S. Misra; B. Wang; K. Sundar; R. Sharma; S. Rathinam,2020,10.1109/ACCESS.2019.2963286,,IEEE_Xplore,include,high,"[""I1"", ""I2"", ""I3"", ""I4"", ""I5"", ""I6""]",UAV platform with primary GNSS-denied navigation contribution and quantitative results.
REC_0701,Vision-Based Autonomous Drone Navigation Using Deep Reinforcement Learning,"Vision-guided autonomous drone navigation has been a high-priority field of research with the rise of the need of intelligent unmanned aerial vehicles that can be used in complex, dynamic, and GPS-denied settings. The classical and rule-based methods of control do not tend to be generalizable to different visual conditions, obstacles, and environmental versions because of uncertainties. With this, this paper introduces a deep reinforcement learning (DRL)-based autonomous drone navigation framework based on vision, which combines perception, decision-making and control in one learning framework. The system that is proposed would develop autonomous navigation as a sequential decision-making problem, in which the drone would learn the best navigation policies by observing the visual data itself using an on-board camera. The representation of states, actions and rewards are developed to provide stable learning without violating operational limits, e.g. collision avoidance, flight stability and constrained onboard computation. Various DRA algorithms, such as Deep Q-Networks (DQN), Proximal Policy Optimization (PPO), Asynchronous Advantage Actor-Critic (A3C) and Soft Actor-Critic (SAC) are compared to determine whether each can be used in real-time aerial navigation tasks. The perception module is based on convolutional neural network (CNN) that is used to derive compact and informative visual features on the raw image streams, and thus effective environment perception without depending on handcrafted features. This includes reward shaping and exploration techniques that will hasten convergence and improve policy resilience.",N. Narole; D. Prasad; S. R. Gaikwad; S. S. Badhiye; B. Jolad; J. S. Nadaf,2026,10.1109/ESCI68015.2026.11493377,,IEEE_Xplore,include,high,"[""I1"", ""I2"", ""I3"", ""I4"", ""I5"", ""I6""]",UAV platform with primary GNSS-denied navigation contribution and quantitative results.
REC_0705,Recursive Extended Finite-Memory Positioning Algorithm for Robust UAV Positioning in GNSS-Denied Environment,"Recently, the operational domain of uncrewed aerial vehicles (UAVs) has expanded from outdoor environments to indoor spaces such as factories, power plants, and tunnels. In these environments, where the Global Navigation Satellite Systems (GNSS) is unavailable, and the risk of collision with surrounding structures is high, a positioning system with high accuracy and fast update rates is essential. In this article, we propose a novel 3-D positioning algorithm for UAVs operating in a GNSS-denied environment. The proposed algorithm is based on sensor fusion of the inertial measurement unit (IMU) and ultra-wideband-based wireless sensor network (UWB-WSN). The proposed algorithm, referred to as the recursive extended finite-memory positioning (REFMP), features a unique finite-memory (FM) structure that estimates the current position using only a limited set of recent information. This FM structure endows the algorithm with robustness against measurement model errors, linearization errors, and uncertainties in initial position information. We evaluated the performance of the proposed algorithm through both simulations and real-world experiments under various challenging conditions, including UAV collisions with walls, aggressive maneuvers inducing sensor measurement errors, and scenarios with uncertain initial position information. By comparing the proposed algorithm with state-of-the-art UAV positioning algorithms based on IMU and sensor fusion, we demonstrate the superior positioning accuracy and robustness of REFMP under harsh conditions.",S. S. Lee; J. M. Pak; P. Shi; C. K. Ahn,2026,10.1109/JIOT.2025.3629868,,IEEE_Xplore,include,high,"[""I1"", ""I2"", ""I3"", ""I4"", ""I5"", ""I6""]",UAV platform with primary GNSS-denied navigation contribution and quantitative results.
REC_0706,Towards Robust UAV Tracking in GNSS-Denied Environments: A Multi-LiDAR Multi-UAV Dataset,"With the increasing prevalence of drones in various industries, the navigation and tracking of unmanned aerial vehicles (UAVs) in challenging environments, particularly GNSS-denied areas, have become crucial concerns. To address this need, we present a novel multi-LiDAR dataset specifically designed for UAV tracking. Our dataset includes data from a spinning LiDAR, two solid-state LiDARs with different Field of View (FoV) and scan patterns, and an RGB-D camera. This diverse sensor suite allows for research on new challenges in the field, including limited FoV adaptability and multi-modality data processing.The dataset facilitates the evaluation of existing algorithms and the development of new ones, paving the way for advances in UAV tracking techniques. Notably, we provide data in both indoor and outdoor environments. We also consider variable UAV sizes, from micro-aerial vehicles to more standard commercial UAV platforms. The outdoor trajectories are selected with close proximity to buildings, targeting research in UAV detection in urban areas, e.g., within counter-UAV systems or docking for UAV logistics.In addition to the dataset, we provide a baseline comparison with recent LiDAR-based UAV tracking algorithms, benchmarking the performance with different sensors, UAVs, and algorithms. Importantly, our dataset shows that current methods have shortcomings and are unable to track UAVs consistently across different scenarios.The dataset is available on GitHub 1.",I. Catalano; X. Yu; J. P. Queralta,2023,10.1109/ROBIO58561.2023.10354788,,IEEE_Xplore,include,high,"[""I1"", ""I2"", ""I3"", ""I4"", ""I5"", ""I6""]",UAV platform with primary GNSS-denied navigation contribution and quantitative results.
REC_0713,Autonomous UAV Pipeline Landing via Depth-LiDAR Fusion in GNSS-Denied Refineries,"Autonomous UAV inspection in industrial refineries demands precise landing on pipelines under GNSS-denied conditions. This work presents a complete software architecture that integrates LiDAR-based localization with a novel multi-sensor framework for pipeline perception and tracking. The proposed method processes dual 2D laser scans and fuses them with depth data through a temporal filter. This enables consistent mapping and tracking of pipelines, effectively rejecting spurious detections and maintaining a reliable scene representation. The system is validated both in controlled indoor experiments and through fully autonomous landing missions in a real refinery, demonstrating robust performance and accurate alignment with the target infrastructure.",D. Tejero-Ruiz; M. A. Montes-Grova; F. J. Pérez-Grau; A. Viguria; A. Ollero,2026,10.1109/LRA.2026.3662655,,IEEE_Xplore,include,high,"[""I1"", ""I2"", ""I3"", ""I4"", ""I5"", ""I6""]",UAV platform with primary GNSS-denied navigation contribution and quantitative results.
REC_0716,Cooperative Search Area optimization using Multiple Unmanned Aerial Vehicles in a GPS-denied Environment,"This paper addresses the problem of maximizing surveillance area coverage using multiple Unmanned Aerial Vehicles (UAVs) in an obstacle-laden and Global Positioning System (GPS)-denied environment. The UAVs should achieve this objective using the shortest possible routes while staying inside the designated search space and avoiding the obstacles. To attain a desired area coverage, we divide the NP-hard multi-objective optimization problem of planning optimal routes for all UAVs into 3 parts: (a) optimizing search area coverage, (b) performing obstacle avoidance, and (c) using Cooperative Localization (CL) for state estimation. We demonstrate the efficiency of our algorithm through extensive simulations.",S. Misra; S. Biswas; A. A. Minai; R. Sharma,2019,10.1109/ICUAS.2019.8798332,,IEEE_Xplore,include,high,"[""I1"", ""I2"", ""I3"", ""I4"", ""I5"", ""I6""]",UAV platform with primary GNSS-denied navigation contribution and quantitative results.
REC_0719,Autonomous landing of small unmanned aerial rotorcraft based on monocular vision in GPS-denied area,"Focusing on the low-precision attitude of a current small unmanned aerial rotorcraft at the landing stage, the present paper proposes a new attitude control method for the GPS-denied scenario based on the monocular vision. Primarily, a robust landmark detection technique is developed which leverages the well-documented merits of supporting vector machines (SVMs) to enable landmark detection. Then an algorithm of nonlinear optimization based on Newton iteration method for the attitude and position of camera is put forward to reduce the projection error and get an optimized solution. By introducing the wavelet analysis into the adaptive Kalman filter, the high frequency noise of vision is filtered out successfully. At last, automatic landing tests are performed to verify the method's feasibility and effectiveness.",C. Miao; J. Li,2015,10.1109/JAS.2015.7032912,,IEEE_Xplore,include,high,"[""I1"", ""I2"", ""I3"", ""I4"", ""I5"", ""I6""]",UAV platform with primary GNSS-denied navigation contribution and quantitative results.
REC_0752,Cooperative localisation of UAVs in a GPS-denied environment using bearing measurements,"This paper studies the problem of localising a Global Positioning System (GPS)-denied Unmanned Aerial Vehicle (UAV) in two-dimensional space. Suppose there are two vehicles, one which is equipped with GPS and the other is GPS-denied (but has an inertial navigation system (INS) and so is able to determine its trajectory in a local coordinate frame, but not a global coordinate frame). The GPS-equipped vehicle broadcasts its global coordinates to the GPS-denied vehicle and the GPS-denied vehicle also obtains, in its local coordinate frame, a bearing measurement of the GPS-equipped UAV. The paper shows that with four or more such measurements and generic trajectories of the two UAVs, localisation in a global coordinate frame of the GPS-denied UAV is achievable. Certain nongeneric trajectories for which localisation is impossible are also identified. While in the first instance, the solution assumes zero noise in the measurements, the techniques are then extended to deal with the presence of measurement noise.",L. Zhang; M. Ye; B. D. O. Anderson; P. Sarunic; H. Hmam,2016,10.1109/CDC.2016.7798924,,IEEE_Xplore,include,high,"[""I1"", ""I2"", ""I3"", ""I4"", ""I5"", ""I6""]",UAV platform with primary GNSS-denied navigation contribution and quantitative results.
REC_0814,Monocular Vision Aided Autonomous UAV Navigation in Indoor Corridor Environments,"Deployment of autonomous Unmanned Aerial Vehicles (UAV) in various sectors such as disaster hit environments, industries, agriculture, etc., not only improves productivity but also reduces human intervention resulting in sustainable benefits. In this regard, we present a model for autonomous navigation and collision avoidance of UAVs in GPS-denied corridor environments. In the first stage, we suggest a fast procedure to estimate the set of parallel lines whose intersection would yield the position of the vanishing point (VP) inside the corridor. A suitable measure is then formulated based on the position of VP on the intersecting lines in reference to any of the image boundary axes. The knowledge of VP location alongside the formulated mechanism govern the necessary set of commands to safely navigate the UAV avoiding any collision with the side walls. Furthermore, the relative Euclidean distance scale expansion of matched scale-invariant keypoints in a pair of frames is taken into account to estimate the depth of a frontal obstacle; usually a wall at the end of the corridor. However, turbulence in the UAV arising due to its rotors or other external factors such as wind may introduce uncertainty in depth estimation. It is rectified with the help of a constant velocity aided Kalman filter model. Necessary set of control commands are then generated to avoid the frontal wall before collision. Exhaustive experiments in different corridors reveal the efficacy of the proposed scheme.",R. P. Padhy; F. Xia; S. K. Choudhury; P. K. Sa; S. Bakshi,2019,10.1109/TSUSC.2018.2810952,,IEEE_Xplore,include,high,"[""I1"", ""I2"", ""I3"", ""I4"", ""I5"", ""I6""]",UAV platform with primary GNSS-denied navigation contribution and quantitative results.
REC_0816,Feature 3D Gaussian Splatting for UAV-to-Ship Pose Estimation in GNSS-Denied Environments,"Autonomous recovery of Unmanned Aerial Vehicles (UAVs) in maritime environments is challenged by dynamic ship motion, texture-poor surroundings, and vulnerabilities inherent to Global Navigation Satellite Systems (GNSS). To enable robust UAV state estimation relative to a naval vessel in GNSS-denied environments, this paper presents a novel vision-based pose estimation framework leveraging Feature 3D Gaussian Splatting (3DGS). Adopting STDLoc's sparse pose estimation framework, our approach bypasses computationally expensive dense rendering in favor of direct sparse 2D-3D matching. We extract 2D features from live monocular imagery using SuperPoint and match them against a compact set of view-consistent 3D Gaussian landmarks distilled via a Matching-Oriented Sampling strategy. The 6-DoF camera pose is then robustly recovered using a Perspective-n-Point (PnP) solver augmented with Locally Optimized RANSAC (LO-RANSAC). Experimental validation on a 1/24-scale naval Yard Patrol (YP) craft demonstrates centimeter-level translational accuracy (1.66 cm lateral, 2.28 cm vertical mean absolute errors) and near-degree rotational accuracy (0.90° roll, 1.17° yaw). This method eliminates the need for physical fiducial markers or precise CAD models, offering a scalable and highly accurate relative localization solution for autonomous maritime operations.",A. Bernas; J. McConnell; J. Seargeant; L. DeVries,2026,10.1109/ICUAS69441.2026.11598627,,IEEE_Xplore,include,high,"[""I1"", ""I2"", ""I3"", ""I4"", ""I5"", ""I6""]",UAV platform with primary GNSS-denied navigation contribution and quantitative results.
REC_0824,A Homography-Based Visual Servo Control Approach for an Underactuated Unmanned Aerial Vehicle in GPS-Denied Environments,"This paper proposes a homography-based visual servo control approach for the stabilization of underactuated unmanned aerial vehicles in GPS-denied environments. A virtual homography matrix is proposed, and a new visual error vector is defined to obtain the passivity-like visual error equation. In addition, a homography-based online translation velocity estimator and a nonlinear backstepping visual servo control approach are addressed to promote fast maneuvering without linear velocity feedback. Unlike conventional homography-based visual servo control solutions that only guarantee the local stability in the equilibrium, the proposed control scheme can get the global stability in large offset. Simulation and experimental tests with a realistic quadrotor subject to the measurement noise are carried out to verify the robustness and performance of the control approach. In addition, the autonomous tracking experiment when the target speed is unpredictable are also reported.",H. Zhong; Y. Wang; Z. Miao; L. Li; S. Fan; H. Zhang,2023,10.1109/TIV.2022.3163315,,IEEE_Xplore,include,high,"[""I1"", ""I2"", ""I3"", ""I4"", ""I5"", ""I6""]",UAV platform with primary GNSS-denied navigation contribution and quantitative results.
REC_0840,GPS-Denied Drone Navigation via Cross-Domain Keypoint Matching,"Precise cross-domain matching between Unmanned Aerial Vehicle (UAV), imagery and satellite maps is essential for navigation in GPS-denied environments but remains challenging due to drastic variations in scale and rotation. This paper proposes a geometry-aware matching framework that decouples the process into specialized extraction, description, and navigation modules. By incorporating a local patching strategy and the Grid-based Random Sample Consensu (GRANSAC) algorithm, the framework effectively mitigates geometric biases and spatial feature clustering. Experimental results on the MDAS dataset demonstrate that our method significantly outperforms SIFT[10] and SuperPoint[1] in both accuracy and robustness, providing reliable localization precision for autonomous UAV flight.",J. -W. Hsieh; H. -K. Chen,2026,10.1109/ICIP61757.2026.11630202,,IEEE_Xplore,include,high,"[""I1"", ""I2"", ""I3"", ""I4"", ""I5"", ""I6""]",UAV platform with primary GNSS-denied navigation contribution and quantitative results.
REC_0857,SwarmRaft: Leveraging Consensus for Robust Drone Swarm Coordination in GNSS-Degraded Environments,"Uncrewed aerial vehicle (UAV) swarms are increasingly used in critical applications such as aerial mapping, environmental monitoring, and autonomous delivery. However, the reliability of these systems is highly dependent on uninterrupted access to the Global Navigation Satellite Systems (GNSS) signals, which can be disrupted in real-world scenarios due to interference, environmental conditions, or adversarial attacks, causing disorientation, collision risks, and mission failure. This article proposes SwarmRaft, a blockchain-inspired positioning and consensus framework for maintaining coordination and data integrity in UAV swarms operating under GNSS-denied conditions. SwarmRaft leverages the Raft consensus algorithm to enable distributed drones (nodes) to agree on state updates such as location and heading, even in the absence of GNSS signals for one or more nodes. In our prototype, each node uses GNSS and local sensing, and communicates over WiFi in a simulated swarm. Upon signal loss, consensus is used to reconstruct or verify the position of the failed node based on its last known state and trajectory. Our system demonstrates robustness in maintaining swarm coherence and fault tolerance through a lightweight, scalable communication model. This work provides a practical and secure approach for decentralized drone operation in unpredictable environments.",K. Dev; Y. Madhwal; S. Shevelo; P. Osinenko; Y. Yanovich,2026,10.1109/JIOT.2025.3645453,,IEEE_Xplore,include,high,"[""I1"", ""I2"", ""I3"", ""I4"", ""I5"", ""I6""]",UAV platform with primary GNSS-denied navigation contribution and quantitative results.
REC_0859,A Multimode Visual-Inertial Navigation Method for Fixed-wing Aircraft Approach and Landing in GPS-denied and Low Visibility Environments,"The landing safety is still one of the greatest challenges for fixed-wing aircraft, meanwhile not all airport runways are equipped with instrument landing system (ILS), and global positioning system (GPS) is not always available. It is necessary for aircraft to autonomously acquire high accuracy and stable navigation data during approach and landing in case of GPS loss and ILS unavailability. In this paper, we propose a multimode visual-inertial navigation method that combines the inertial measurement unit (IMU), the forward-looking infrared (FLIR) camera and the barometer into unscented kalman filter (UKF) adaptively according to flight height. In order to obtain accurate motion estimation, different sensing measurements are used at different flight phase. This proposed method run on three significant stages: 1) initial approach (flight height: 1000-200 feet), runway azimuth information and inertia data are fused to estimate aircraft motion; 2) precision approach (flight height: 200-100 feet), sparse runway features extracted from the FLIR images, airport geo-information and inertia data are integrated to obtain precise motion estimation; 3) precision landing (flight height: 100-0 feet), visual simultaneous localization and mapping (VSLAM)and inertial measurements are used to estimate motion states. A general aircraft is elaborately equipped with a short-wave infrared (SWIR) camera, an IMU, a barometer and a flight data recorder to collect real flight data for algorithm verification. Finally, the experimental results demonstrate that the proposed approach can be used for fixed-wing aircraft accurate approach and landing in low visibility and GPS-denied environments robustly. Furthermore, its accuracy has been reached to the level of Inertial/Differential GPS integration.",X. Song; L. Zhang; Z. Zhai; G. Yu,2019,10.1109/DASC43569.2019.9081785,,IEEE_Xplore,include,high,"[""I1"", ""I2"", ""I3"", ""I4"", ""I5"", ""I6""]",UAV platform with primary GNSS-denied navigation contribution and quantitative results.
REC_0866,Autonomous Aerial Robots for Search and Rescue Missions,"Autonomous aerial robots, often referred to as drones, have demonstrated immense potential in enhancing the effectiveness and safety of search and rescue (SAR) operations. This paper presents a comprehensive study of the latest advancements in drone technology tailored for SAR missions. It examines the integration of sophisticated algorithms that empower drones with autonomous navigation, object recognition, and decision-making capabilities in complex and unstructured environments. The paper explores the deployment strategies of swarm intelligence for coordinated multi-drone operations, maximizing area coverage, and minimizing search time. Attention is given to the development of robust communication systems that enable drones to operate in GPS-denied areas and ensure reliable data transmission during critical missions. The research further delves into the endurance and adaptability of drones under varied climatic conditions, ensuring sustained operation during extended missions. A pivotal focus is placed on the ethical implications and safety protocols essential for the operation of autonomous aerial robots in SAR scenarios. Through simulation and field trials, the paper evaluates the operational readiness and efficacy of these systems. The findings suggest that incorporating autonomous aerial robots significantly increases the efficiency of SAR missions, providing a safer alternative to human-led operations while reducing operational costs and response times.",K. Sangeeta; S. B; A. Jain; V. Bhutani; L. K. Tyagi; K. A. Jabbar,2023,10.1109/UPCON59197.2023.10434325,,IEEE_Xplore,include,high,"[""I1"", ""I2"", ""I3"", ""I4"", ""I5"", ""I6""]",UAV platform with primary GNSS-denied navigation contribution and quantitative results.
REC_0870,"Recent Trends, Techniques, and Applications of AI Based Autonomous Drones","This paper presents a structured survey and comprehensive synthesis of influential research on autonomous drones, focusing on their development, applications, and performance evaluation. The studies span multiple domains, including medical delivery, agricultural automation, military surveillance, swarm coordination, urban navigation, and last-mile logistics. Techniques such as deep learning, fuzzy logic, reinforcement learning, SLAM, and LLM-based adaptive navigation have been applied and evaluated using both simulations and field deployments. Representative parameters include navigation accuracy, latency, battery life, payload capacity, flight time, and delivery efficiency. To complement this analysis, we highlight real-world drone deployments such as Zipline (medical logistics), Wing (urban parcel delivery), and Matternet (hospital supply chains), thereby linking experimental findings to operational viability. Emerging trends include the rise of AI-driven autonomy, integration with mobile and cloud applications, GPS-denied navigation, and use in fire detection, infrastructure inspection, and healthcare delivery. However, gaps remain in privacy-preserving data usage, AI responsibility, benchmarking standards, and commercial viability assessments. This survey identifies opportunities for future research toward scalable, context-aware, and ethically aligned deployment of autonomous drones.",H. M. Raghuwanshi; G. Dhopavkar,2026,10.1109/ICEI65890.2026.11447876,,IEEE_Xplore,include,high,"[""I1"", ""I2"", ""I3"", ""I4"", ""I5"", ""I6""]",UAV platform with primary GNSS-denied navigation contribution and quantitative results.
REC_0932,Development of a Plug-and-Play Infrared Landing System for Multirotor Unmanned Aerial Vehicles,"Precise landing of multirotor unmanned aerial vehicles (UAVs) in confined, GPS-denied and vision-compromised environments presents a challenge to common autopilot systems. In this work we outline an autonomous infrared (IR) landing system using a ground-based IR radiator, UAV-mounted IR camera, and image processing computer. Previous work has focused on UAV-mounted IR sources for UAV localization, or systems using multiple distributed ground-based IR sources to estimate UAV pose. We experimented with the use of a single ground-based IR radiator to determine the UAV's relative location in three-dimensional space. The outcome of our research significantly simplifies the landing zone setup by requiring only a single IR source, and increases operational flexibility, as the vision-based system adapts to changes in landing zone position. The usefulness of our system is especially demonstrated in vision-compromised applications such as nighttime operations, or in smoky environments observed during forest fires. We also evaluated a high-power IR radiator for future research in the field of outdoor autonomous point-to-point navigation between IR sources where GPS is unavailable.",E. Nowak; K. Gupta; H. Najjaran,2017,10.1109/CRV.2017.23,,IEEE_Xplore,include,high,"[""I1"", ""I2"", ""I3"", ""I4"", ""I5"", ""I6""]",UAV platform with primary GNSS-denied navigation contribution and quantitative results.
REC_0951,PSS-LIO A Computationally Efficient LiDAR-Inertial Odometry Framework for UAV Building Inspection via Geometric Predictability and Structure Prior Learning,"Unmanned aerial vehicle (UAV)-based building inspection demands accurate and computationally efficient state estimation in GNSS-denied environments. Existing LiDAR-inertial odometry (LIO) systems suffer from suboptimal observation utilization: frame-based and point-by-point methods process observations without exploiting geometric predictability, scalar information metrics risk observability degradation by conflating directional constraints, and recent plane merging methods improve map quality but do not feed learned structure back into state estimation. This article presents PSS-LIO, a building-inspection-oriented LIO framework integrating three complementary mechanisms. First, a prediction-based coarse filtering mechanism bypasses observations conforming to range predictions from mapped surfaces. Second, an information-driven fine selection strategy decomposes Fisher Information along state subspaces, enabling multiresolution updates with directional coverage guarantees. Third, a structure-prior guided update mechanism learns dominant surface orientations online as adaptive soft constraints, directly enhancing state estimation rather than merely improving map representation. Experiments on public datasets and real-world UAV deployments demonstrate that PSS-LIO achieves consistent accuracy improvements while substantially reducing computational requirements. Code will be available at: https://github.com/KerouacDlg/PSS-LIO",Y. Wang; R. Qiu; A. Tang; L. Li; W. Li; S. Wan; X. Li,2026,10.1109/TIM.2026.3709427,,IEEE_Xplore,include,high,"[""I1"", ""I2"", ""I3"", ""I4"", ""I5"", ""I6""]",UAV platform with primary GNSS-denied navigation contribution and quantitative results.
REC_0960,Cooperative Visual Inertial Odometry for Heterogeneous Swarm of Drones Navigating in Noisy Environments,"This paper presents a methodology for enhancing the localization performance of drone swarms by collaborative propagation of the estimates of drones equipped with higher cost sensors to the drones with lower-cost sensors. Although recent advances in visual-inertial odometry (VIO) enabled good performance in GPS denied environments, the localization performance is still highly dependent on the accuracy of inertial sensors. Moreover, environmental effects that corrupt visual inputs also contribute to the error rate of VIO estimates thus localization in noisy environments with low-grade sensors is still widely an open problem. We show that this problem can be alleviated when drones are navigating in the form of a swarm, and the relative distance measurements between drones are available through ultra-wideband (UWB) signals. In particular, we develop a collaborative Kalman filtering and optimization framework, where the drones with lower grade sensors receive updates from drones that have access to higher-quality measurements. We validate our approach in a simulation environment with realistic visual representations and show that the proposed methodology can significantly improve the localization performance, especially for the scenarios where the camera measurements are corrupted with high noise. We further present results in simplistic flight tests to demonstrate the applicability of our approach to real hardware.",K. C. Atik; E. Erdogan; A. Y. Yahsi; F. Kara; B. Yalcin; G. Cetin; N. K. Ure,2022,10.1109/ISIE51582.2022.9831647,,IEEE_Xplore,include,high,"[""I1"", ""I2"", ""I3"", ""I4"", ""I5"", ""I6""]",UAV platform with primary GNSS-denied navigation contribution and quantitative results.
REC_0961,Multimodal Image Registration for GPS-denied UAV Navigation Based on Disentangled Representations,"Visual navigation plays an important role for Unmanned Aerial Vehicles(UAVs). In some applications, the landmark image and the real-time image may be heterogeneous, like near-infrared and visible images. In this work, we propose a multimodal image registration method to deal with near-infrared and visible images so that it can be applied to visual navigation system for the localization of UAVs in GPS-denied environments. At first, a new feature extraction strategy is developed to embed different modalities of images into the common feature space based on disentangled representations. Such common space is independent of the image modality, and this can eliminate the modality differences. Meanwhile, an intensity loss is introduced to measure the similarity of mono-modal images. In the proposed method, we can directly predict the transformation parameters and thus accelerates the localization of UAV s. Extensive experiments on synthetic datasets are conducted to demonstrate the validity of our method, and the experimental results show that the proposed method can effectively improve the localization accuracy.",H. Li; Z. Liu; Y. Lyu; F. Wu,2023,10.1109/ICRA48891.2023.10161567,,IEEE_Xplore,include,high,"[""I1"", ""I2"", ""I3"", ""I4"", ""I5"", ""I6""]",UAV platform with primary GNSS-denied navigation contribution and quantitative results.
REC_0973,Landmark Placement for Localization in a GPS-denied Environment,"Path planning algorithms for unmanned aerial or ground vehicles, in many surveillance applications, rely on Global Positioning System (GPS) information for localization. However, disruption of GPS signals, by intention or otherwise, can render these plans and algorithms ineffective. This article provides a way of addressing this issue by utilizing stationary landmarks to aid localization in such GPS-disrupted or GPS-denied environment. In particular, given the vehicle's path, we formulate a landmark-placement problem and present algorithms to place the minimum number of landmarks while satisfying the localization, sensing, and collision-avoidance constraints. The performance of such a placement is also evaluated via extensive simulations on ground robots.",K. Sundar; S. Srinivasan; S. Misra; S. Rathinam; R. Sharma,2018,10.23919/ACC.2018.8431886,,IEEE_Xplore,include,high,"[""I1"", ""I2"", ""I3"", ""I4"", ""I5"", ""I6""]",UAV platform with primary GNSS-denied navigation contribution and quantitative results.
REC_0981,Multi-sensor Data Analysis in Terms of Autonomous Drone Flight without GPS,"The paper focuses on the movement of a drone without a GPS (Global Positioning System) signal. For this purpose, different types of sensors and their output data are described. In order to realize a flight without GPS, several steps need to be done such as data description and analysis and its correlation with GPS coordinates during the research. For data analysis, data from airspeed sensor, barometer, compass, GPS sensor, gyroscope sensor, accelerometer sensor and rangefinders sensor were used. Based on the correlation dependencies obtained, software for autonomous flight without GPS was designed.",G. Issassis; P. Marcoň; J. Janoušek; L. Venkrbec,2023,10.1109/PIERS59004.2023.10221335,,IEEE_Xplore,include,high,"[""I1"", ""I2"", ""I3"", ""I4"", ""I5"", ""I6""]",UAV platform with primary GNSS-denied navigation contribution and quantitative results.
REC_0986,Field Test Results of GNSS-denied Inertial Navigation aided by Phased-array Radio Systems for UAVs,"Unmanned aerial vehicles (UAVs) often depend on global navigation satellite systems (GNSS) and magnetic compasses for navigation, making them exposed to malicious attacks and sensitive to magnetic anomalies, while restricting operations to within GNSS coverage. By rather relying on inertial navigation aided by spherical position measurements from a phased-array radio system (PARS), these vulnerabilities are avoided. The navigation system relies on a multiplicative extended Kalman filter for state corrections, and on outlier rejection to mitigate effects of radio reflections. Field testing shows that, despite the higher levels of noise in the PARS signal, the PARS-based position, velocity and attitude estimates are satisfactory when compared to the autopilot based attitude and velocity and the real-time kinematic (RTK) GNSS position reference solution.",K. Gryte; T. H. Bryne; S. M. Albrektsen; T. A. Johansen,2019,10.1109/ICUAS.2019.8798057,,IEEE_Xplore,include,high,"[""I1"", ""I2"", ""I3"", ""I4"", ""I5"", ""I6""]",UAV platform with primary GNSS-denied navigation contribution and quantitative results.
REC_0993,"Fast, autonomous flight in GPS-denied and cluttered environments","One of the most challenging tasks for a flying robot is to autonomously navigate between target locations quickly and reliably while avoiding obstacles in its path, and with little to no a priori knowledge of the operating environment. This challenge is addressed in the present paper. We describe the system design and software architecture of our proposed solution and showcase how all the distinct components can be integrated to enable smooth robot operation. We provide critical insight on hardware and software component selection and development and present results from extensive experimental testing in real-world warehouse environments. Experimental testing reveals that our proposed solution can deliver fast and robust aerial robot autonomous navigation in cluttered, GPS-denied environments. © 2017 Wiley Periodicals, Inc.",Mohta K.; Watterson M.; Mulgaonkar Y.; Liu S.; Qu C.; Makineni A.; Saulnier K.; Sun K.; Zhu A.; Delmerico J.; Karydis K.; Atanasov N.; Loianno G.; Scaramuzza D.; Daniilidis K.; Taylor C.J.; Kumar V.,2018,10.1002/rob.21774,,Scopus,include,high,"[""I1"", ""I2"", ""I3"", ""I4"", ""I5"", ""I6""]",UAV platform with primary GNSS-denied navigation contribution and quantitative results.
REC_0994,Automated localization of UAVs in GPS-denied indoor construction environments using fiducial markers,"Unmanned Aerial Vehicles (UAVs) have opened a wide range of opportunities and applications in different sectors including construction. Such applications include: 3D mapping from 2D images and video footage, automated site inspection, and performance monitoring. All of the above-mentioned applications perform well outdoors where GPS is quite reliable for localization and navigation of UAV’s. Indoor localization and consequently indoor navigation have remained relatively untapped, because GPS is not sufficiently reliable and accurate in indoor environments. This paper presents a method for localization of aerial vehicles in GPS-denied indoor construction environments. The proposed method employs AprilTags that are linked to previously known coordinates in the 3D building information model (BIM). Using cameras on-board the UAV and extracting the transformation from the tag to the camera’s frame, the UAV can be localized on the site. It can then use the previously computed information for navigation between critical locations on construction sites. We use an experimental setup to verify and validate the proposed method by comparing with an indoor localization system as the ground truth. Results show that the proposed method is sufficiently accurate to perform indoor navigation. Moreover, the method does not intensify the complexity of the construction execution as the tags are simply printed and placed on available surfaces at the construction site. © ISARC 2018 - 35th International Symposium on Automation and Robotics in Construction and International AEC/FM Hackathon: The Future of Building Things. All rights reserved.",Nahangi M.; Heins A.; McCabe B.; Schoellig A.,2018,10.22260/isarc2018/0012,,Scopus,include,high,"[""I1"", ""I2"", ""I3"", ""I4"", ""I5"", ""I6""]",UAV platform with primary GNSS-denied navigation contribution and quantitative results.
REC_1001,Perception and navigation for an autonomous quadrotor in GPS-denied environments,"Robots need autonomous navigation to complete their tasks efficiently. This becomes more challenging in GPS-denied environments where positioning information is not available. For small flying robots and quadrotors, inherent limitations such as limited sensor payload and small system time-constant add another layer of challenge to the problem. This paper presents a solution for autonomous navigation of a quadrotor rotorcraft by performing autonomous behaviours, such as exploration, returning home, or following waypoints. The solution relies on accurate localization, mapping, and navigation between waypoints. Multiple tests were performed in simulated and real-world environments to show the effectiveness of the proposed solution.",Saeedi S.; Nagaty A.; Thibault C.; Trentini M.; Li H.,2016,10.2316/Journal.206.2016.6.206-4434,,Scopus,include,high,"[""I1"", ""I2"", ""I3"", ""I4"", ""I5"", ""I6""]",UAV platform with primary GNSS-denied navigation contribution and quantitative results.
REC_1006,A comprehensive survey on autonomous UAV navigation and control systems,"This survey presents a systematic analysis of recent advancements in autonomous unmanned aerial vehicles (UAVs), focusing on their navigation and control systems. The paper provides a critical overview of the key technologies in navigation and control systems that enhance UAV autonomy. It focuses on three main aspects: perception and state estimation (navigation, target tracking, GNSS-denied environments); path planning (obstacle avoidance, autonomous takeoff/landing); and operating conditions (wind disturbances, night efficiency). Our findings highlight that critical developments, including vision-based and hybrid navigation frameworks, reinforcement learning methods, and energy-aware planning, are significantly advancing UAV capabilities, especially in terms of navigation in GPS-denied environments, path efficiency, energy optimization, and multi-UAV communication. The contributions of this survey include a unified taxonomy linking the perception, control, and energy subsystems, the identification of essential open research gaps, and the provision of structured recommendations to guide future research. Furthermore, by synthesizing a wide range of technologies, the survey identifies current challenges and points to future research opportunities for achieving safe, efficient, and fully autonomous UAV operation. © The Author(s), under exclusive licence to Springer-Verlag GmbH Germany, part of Springer Nature 2026.",Izakshiri A.; Tajrishi N.J.; Madinei H.S.; Azad P.A.; Ahmadi S.,2026,10.1007/s40435-026-02068-3,,Scopus,include,high,"[""I1"", ""I2"", ""I3"", ""I4"", ""I5"", ""I6""]",UAV platform with primary GNSS-denied navigation contribution and quantitative results.
REC_1007,Robust geo-localization of UAVSAR in GPS-Denied environments using deep cross-modality matching with google Earth imagery,"The use of Unmanned Aerial Vehicles (UAVs) is rapidly increasing, making accurate localization essential for safe and reliable navigation. However, GPS signals can become unreliable or entirely unavailable in urban canyons, mountainous terrain, or environments with intentional interference. While many vision-based navigation methods rely on optical imagery, the potential of UAV-borne Synthetic Aperture Radar (UAVSAR) which performs reliably in all-weather and day–night conditions has received relatively little attention.This study presents a new three-stage geo-localization framework specifically designed for UAVSAR imagery: (1) coarse region retrieval by matching each UAVSAR image against low-resolution satellite tiles, (2) fine image alignment within the selected region using high-resolution reference imagery, and(3) final localization based on affine transformation estimation with compensation for the side-looking geometry of SAR. The feature extraction and matching process is driven by a Convolutional Multi-Scale Network with a ResNet-50 backbone, trained to learn robust, invariant features from image pairs captured under varying illumination, viewpoint, and sensor modality. Keypoints are extracted from intermediate feature maps, and mismatches are removed using adaptive distance filtering and RANSAC-based geometric verification. Experiments on a UAVSAR dataset covering more than 46,000 km² and 12 diverse flight paths demonstrate that the proposed method achieves RMSE values between 1.83 and 2.86 m (average 2.23 m) and yields a high Recall@1 in the coarse-retrieval stage.Compared with existing cross-modality matching approaches, the proposed framework consistently achieves higher retrieval accuracy and demonstrates more reliable operational performance.Training and testing across geographically distinct regions further confirm the strong generalization capability of the method.Overall, the results show that SAR-based visual navigation is a practical and robust alternative for GPS-limited or GPS-denied environments, offering a structured multi-stage pipeline and a cross-modality matching strategy that clearly distinguish it from prior work. © The Author(s), under exclusive licence to Società Italiana di Fotogrammetria e Topografia (SIFET) 2026.",Naanjam R.; Ebadi H.; Farnood Ahmadi F.,2026,10.1007/s12518-026-00694-2,,Scopus,include,high,"[""I1"", ""I2"", ""I3"", ""I4"", ""I5"", ""I6""]",UAV platform with primary GNSS-denied navigation contribution and quantitative results.
REC_1018,OPsCV: A Robust Framework for Aerial Navigation under Global Positioning System Denied Conditions,"Unmanned aerial vehicles (UAVs) rely heavily on the global navigation satellite system (GNSS) for accurate localization. However, GNSS signals are often unavailable or unreliable in contested or cluttered environments. This study presents the optimized pose prediction and cross-view (OPsCV), a robust and adaptable navigation framework that integrates deep inertial odometry with a simulated cross-view geolocalization module through an error-state Kalman filter. The system enables dynamic switching from GNSS-based positioning to a fused solution that combines inertial and vision-based estimates as GNSS signal quality degrades. The framework was evaluated using real UAV flight data under persistent GNSS denial, with results demonstrating reliable pose estimation and improved positioning accuracy compared to the UAV’s internal navigation system. The OPsCV method maintained performance even with sparse cross-view updates, confirming its resilience under conservative operational conditions. These findings highlight the potential of fusing learned inertial measurements with statistical vision-based localization for autonomous aerial navigation in GNSS-denied environments. © 2026, Departamento de Ciencia e Tecnologia Aeroespacial. All rights reserved.",Xavier N.A.Z.; Shiguemori E.H.; Maximo M.R.O.D.A.,2026,10.1590/jatm.v18.1413,,Scopus,include,high,"[""I1"", ""I2"", ""I3"", ""I4"", ""I5"", ""I6""]",UAV platform with primary GNSS-denied navigation contribution and quantitative results.
REC_1025,A Survey on Radio Frequency based Precise Localisation Technology for UAV in GPS-denied Environment,"Owing to the specific characteristics of Unmanned Aerial Vehicles (UAVs), the demands and applications increase dramatically for them being deployed in confined or closed space for surveying, inspection or detection to substitute human. However, Global Positioning System (GPS) may lose effectiveness or become unavailable due to the potential signal block or interference in that operational environment. Under such circumstances, an imperative requirement on new positioning technology for UAV has emerged. With the rapid development of Radio Frequency (RF) based localisation technologies, leveraging small wireless sensor nodes for low-cost, low latency, low energy consumption and accurate localisation on UAV has received significant attention. However, no up-to-date review has been conducted in this area so far. Therefore, this paper aims to give a comprehensive survey on the RF based localisation systems with different radio communication technologies and localisation mechanisms on UAV positioning. Toward this end, an exhaustive evaluation framework is first established to evaluate the performance of each system on UAV positioning from different perspectives. Particularly, the Ultra-wideband (UWB) based system with time-based mechanisms is highlighted for UAV positioning under the consideration of the proposed evaluation framework. Finally, an intensive analysis is conducted about the current challenges and the potential research issues in this area in order to identify the promising directions for future research. © 2021, The Author(s), under exclusive licence to Springer Nature B.V.",Yang B.; Yang E.,2021,10.1007/s10846-021-01500-4,,Scopus,include,high,"[""I1"", ""I2"", ""I3"", ""I4"", ""I5"", ""I6""]",UAV platform with primary GNSS-denied navigation contribution and quantitative results.
REC_1028,Integrated navigation for autonomous drone in GPS and GPS-denied environments,"In this study, a novel robust navigation system for a drone in global positioning system (GPS) and GPS-denied environments is proposed. In general, the drone uses position and velocity information from GPS for guidance and control. However, GPS cannot be used in several environments; for example, GPS exhibits huge errors near buildings and trees, indoor environments. In such GPS-denied environments, a Laser Imaging Detection and Ranging (LI-DAR) sensor-based navigation system has generally been used. However, the LIDAR sensor also has a weakness, and it cannot be used in an open outdoor environment where GPS can be used. Therefore, it is advantageous to develop an integrated navigation system that operates seamlessly in both GPS and GPS-denied environments. In this study, an integrated navigation system for the drone using GPS and LIDAR was developed. The design of the navigation system is based on the extended Kalman filter, and the effectiveness of the developed system is verified by numerical simulation and experiment. © 2018, Fuji Technology Press. All rights reserved.",Suzuki S.,2018,10.20965/jrm.2018.p0373,,Scopus,include,high,"[""I1"", ""I2"", ""I3"", ""I4"", ""I5"", ""I6""]",UAV platform with primary GNSS-denied navigation contribution and quantitative results.
REC_1034,Uavs enhanced navigation in outdoor gnss denied environment using UWB and monocular camera systems,"The demand for small Unmanned Aerial Vehicles (UAVs) is massively increasing these days, due to the wide variety of applications utilizing such vehicles to perform tasks that may be dangerous or just to save time, effort, or cost. Small UAVs navigation system mainly depends on the integration between Global Navigation Satellite Systems (GNSS) and Inertial Measurement Unit (INS) to estimate the Positions, Velocities, and Attitudes (PVT) of the vehicle. Without GNSS such UAVs cannot navigate for long periods of time depending on INS alone, as the low-cost INS typically exhibits massive accumulation of errors during GNSS absence. Given the importance of ensuring full operability of the UAVs even during GNSS signals unavailability, other sensors must be used to bound the INS errors and enhance the navigation system performance. This paper proposes an enhanced UAV navigation system based on integration between monocular camera, Ultra-Wideband (UWB) system, and INS. In addition to using variable EKF weighting scheme. The paper also investigates this integration in the case of low density of UWB anchors, to reduce the cost required for such UWB system infrastructure. A GoPro Camera and UWB rover were attached to the belly of a quadcopter, an on the shelf commercial drone (3DR Solo), during the experimental flight. The velocity of the vehicle is estimated with Optical Flow (OF) from camera successive images, while the range measurements between the UWB rover and the stationary UWB anchors, which were distributed on the field, were used to estimate UAV position. © Authors 2019.",Zahran S.; Masiero A.; Mostafa M.M.; Moussa A.M.; Vettore A.; El-Sheimy N.,2019,10.5194/isprs-archives-XLII-2-W13-665-2019,,Scopus,include,high,"[""I1"", ""I2"", ""I3"", ""I4"", ""I5"", ""I6""]",UAV platform with primary GNSS-denied navigation contribution and quantitative results.
REC_1049,"UAV tracking of mobile target in occluded, cluttered and GPS-denied environments","This paper presents a novel approach for mobile target tracking using a UAV flying in a cluttered and GPS-denied environment that occludes the target partially and momentarily. The problem is modelled as a sequential decision process under uncertainty using the Partially Observable Markov Decision Process framework (POMDP). The motion of the UAV is planned as sequences of high-level actions in order to optimise a multi-objective mission. A modular system executes the motion planning. The UAV and target dynamics models are included in the POMDP transition function as a black-box simulator. The target is detected using a front facing camera onboard the UAV. A model of the projection of the target and obstacles into the image plane of the camera is presented and used in the POMDP transition function. This model enables the POMDP solver to include the occlusions in the Field of View (FOV) of the camera caused by the obstacles in the scenario. Results in simulation indicate that the developed system is able to guide the UAV towards locations in which the target tracking duration is maximised whilst avoiding collisions with obstacles. This research has the potential to be used below the forest canopy, in fault or GPS-denied environments, underground mines and urban canyons. © 2018 IEEE.",Vanegas F.; Roberts J.; Gonzalez F.,2018,10.1109/AERO.2018.8396449,,Scopus,include,high,"[""I1"", ""I2"", ""I3"", ""I4"", ""I5"", ""I6""]",UAV platform with primary GNSS-denied navigation contribution and quantitative results.
REC_1103,Integrated navigation of aerial robot for GPS and GPS-denied environment,"In this study, novel robust navigation system for aerial robot in GPS and GPS- denied environments is proposed. Generally, the aerial robot uses position and velocity information from Global Positioning System (GPS) for guidance and control. However, GPS could not be used in several environments, for example, GPS has huge error near buildings and trees, indoor, and so on. In such GPS-denied environment, Laser Detection and Ranging (LIDER) sensor based navigation system have generally been used. However, LIDER sensor also has an weakness, and it could not be used in the open outdoor environment where GPS could be used. Therefore, it is desired to develop the integrated navigation system which is seamlessly applied to GPS and GPS-denied environments. In this paper, the integrated navigation system for aerial robot using GPS and LIDER is developed. The navigation system is designed based on Extended Kalman Filter, and the effectiveness of the developed system is verified by numerical simulation and experiment. © Published under licence by IOP Publishing Ltd.",Suzuki S.; Min H.; Wada T.; Nonami K.,2016,10.1088/1742-6596/744/1/012219,,Scopus,include,high,"[""I1"", ""I2"", ""I3"", ""I4"", ""I5"", ""I6""]",UAV platform with primary GNSS-denied navigation contribution and quantitative results.
REC_1105,3D SCENE RECONSTRUCTION AND PATH PLANNING METHOD FOR UAV IN GNSS-DENIED ENVIRONMENT,"Today, natural disasters have a huge impact all over the world, while GNSS plays an important role in disaster relief and rescue. However, when the ground surface is severely damaged and covered, satellite positioning means are denied. In addition, disaster site conditions are often very complex and may require unmanned robots such as UAVs for pre-surveying. To address the raised problem, we reconstructed the 3D scene by laser SLAM; improved PRM path planning method for better computational efficiency while solving feasible path results; and realized UAV autonomous flight along the planned path in GNSS-denied environment. The experiments prove that the reconstructed scene map provides a feasible means for UAV autonomous navigation in GNSS-denied environment, and the proposed path planning method has a significant improvement in computational efficiency.  © Copyright:",Jin Q.; Zhao P.; Hu Q.; Duan X.; Ai M.,2022,10.5194/isprs-annals-X-3-W1-2022-69-2022,,Scopus,include,high,"[""I1"", ""I2"", ""I3"", ""I4"", ""I5"", ""I6""]",UAV platform with primary GNSS-denied navigation contribution and quantitative results.
REC_1132,Minimalistic approach for monocular SLAM system applied to micro aerial vehicles in GPS-denied environments,"In this work, a novel monocular simultaneous localization and mapping (SLAM) system with application to micro aerial vehicles is proposed. The main difference with respect to previous approaches is that a barometer is used as a unique sensory aid for incorporating altitude information into the system in order to recover an absolute metric scale. First, an observability analysis of a simplified model of a monocular SLAM system is developed. From this analysis, several theoretical results are derived. Among others, one important result is related to the fact that the metric scale can become observable when measurements of altitude are included in the system. In this case, sufficient conditions for observability are presented. The design of the proposed method is based on these theoretical results. Simulations and experiments with real data are presented to validate the proposed approach. The results confirm that the metric scale can be retrieved by including altitude measurements in the system. It is also shown that the proposed method can be practically implemented, using low-cost sensors, to perform visual-based navigation in GPS-denied environments. © The Author(s) 2018.",Urzua S.; Munguía R.; Nuño E.; Grau A.,2018,10.1177/0142331217747343,,Scopus,include,high,"[""I1"", ""I2"", ""I3"", ""I4"", ""I5"", ""I6""]",UAV platform with primary GNSS-denied navigation contribution and quantitative results.
REC_1137,"Integrated guidance, navigation, and control system for a UAV in a GPS denied environment","This paper proposes an integrated guidance, navigation, and control system for operations of a UAV in GPS denied environments. The proposed system uses a sensor combination, which consists of an image sensor and a range sensor. The main idea of the system developed is that it replaces the conventional navigation information with the measurement from the image processing. For example, it is possible to substitute the look angle and look angle rate from the image sensor for the conventional navigation information like the relative target position and the body angular rate. As the preliminary study, the integrated guidance and control system is designed with a nonlinear back-stepping approach to investigate the possibility of the proposed system. And the proposed integrated guidance and control system is verified by the numerical simulation. Copyright © 2018 by SCITEPRESS – Science and Technology Publications, Lda. All rights reserved",Hong J.-H.; Ryoo C.-K.; Shin H.-S.; Tsourdos A.,2018,10.5220/0006908204400447,,Scopus,include,high,"[""I1"", ""I2"", ""I3"", ""I4"", ""I5"", ""I6""]",UAV platform with primary GNSS-denied navigation contribution and quantitative results.
REC_1146,Micro-radar and UWB aided UAV navigation in GNSS denied environment,"During the last decade, the number of applications of UAVs has continuously increased, making the global UAV market one of those with the highest rate of growth. The worldwide increasing usage of UAVs is causing an ever-growing demand for efficient solutions in order to make them usable in every kind of working condition. In fact, nowadays the main restriction to the usage of UAVs is probably the need of reliable position estimates provided by using the Global Navigation Satellite System (GNSS): since UAVs mostly rely on the integration of GNSS/Inertial Navigation System (INS) to properly fulfil their tasks, they face a major challenge while navigating in GNSS denied environments. The goal of this paper is that of investigating possible strategies to reduce such main restriction to UAV usage, i.e. enabling flights in GNSS denied environment by providing position estimates with accuracy quite comparable to that of standard GNSS receivers currently mounted on commercialized drones. To be more specific, this paper proposes the combined use of a novel Frequency Modulated Continuous Wave (FMCW) Radar, a set of Ultra-Wideband (UWB) devices, and Inertial Measurement Unit (IMU) measurements in order to compensate for the unavailability of the GNSS signal units. A 24-GHz micro FMCW radar and a UWB device have been attached to a quadcopter during the flight. The radar receives the reflections from ground scatterers, whereas the UWB system provides range measurements between a UWB rover mounted on the UAV and a set of UWB anchors distributed along the flying area. © Authors 2018. CC BY 4.0 License.",Zahran S.; Mostafa M.M.; Masiero A.; Moussa A.M.; Vettore A.; El-Sheimy N.,2018,10.5194/isprs-archives-XLII-1-469-2018,,Scopus,include,high,"[""I1"", ""I2"", ""I3"", ""I4"", ""I5"", ""I6""]",UAV platform with primary GNSS-denied navigation contribution and quantitative results.
REC_1148,UAV-Based Structural Health Monitoring Using a Two-Stage CNN Model with Lighthouse Localization in GNSS-Denied Environments,"This study presents a UAV-based Structural Health Monitoring (SHM) system that combines Lighthouse localization with a two-stage CNN architecture—AlexNet for crack classification and YOLOv4 for segmentation—to enable reliable crack detection and spatial mapping in GNSS-denied environments. This study explores the effectiveness of this combination as a practical and computationally efficient solution for indoor SHM tasks. The UAV was deployed within a 1.5 m × 1.2 m × 1.2 m test volume to inspect synthetic cracks derived from Özgenel’s dataset, as well as a real-world wall crack. Two experiments were conducted: evaluating UAV localization accuracy and assessing the system’s ability to detect cracks and provide corresponding pose data. The system achieved a 1–2 cm margin of error in pose estimation, alongside 100% precision, 83.33% recall, and 91.89% accuracy in crack detection. This level of localization accuracy supports stable autonomous UAV flight and ensures that cracks are detected and spatially localized with minimal deviation. Beyond classification and segmentation, the system returns pose data tied to each detected crack, allowing users to identify defect locations precisely and use this information to guide inspection or maintenance tasks. Future work includes expanding the dataset, generalization, and evaluating scalability via multi-base station setups. © 2025, Ital Publication. All rights reserved..",Chu T.S.C.; Sorilla J.; Chua A.Y.,2025,10.28991/HIJ-2025-06-02-03,,Scopus,include,high,"[""I1"", ""I2"", ""I3"", ""I4"", ""I5"", ""I6""]",UAV platform with primary GNSS-denied navigation contribution and quantitative results.
REC_1159,GPS-Denied Navigation Aided by Synthetic Aperture Radar Using the Range-Doppler Algorithm,"The need to successfully navigate in the absence of GNSS has grown in recent years. In particular, light aircraft such as UAVs are growing in popularity for a variety of applications vulnerable to GPS denial. The research presented here develops a GPS-denied navigation scheme for light aircraft employing images formed from a synthetic aperture radar system. Past research has explored the utility of radar telemetry in GPS-denied systems. This research advances previous work by exploiting radar images to obtain range and cross-range position measurements. Images are formed using the Range-Doppler Algorithm, an efficient image formation algorithm ideal for the sometimes limited processing packages available to light aircraft. An inertial navigation and radar processing system is implemented using both real and simulated radar images to aid in estimating an aircraft’s state in a GPS-denied environment. The results show that navigation in the absence of GPS using synthetic aperture radar is feasible with converging and bounded estimation errors. © 2022 Institute of Navigation.",Lindstrom C.; Christensen R.; Gunther J.; Jenkins S.,2022,10.33012/navi.533,,Scopus,include,high,"[""I1"", ""I2"", ""I3"", ""I4"", ""I5"", ""I6""]",UAV platform with primary GNSS-denied navigation contribution and quantitative results.
REC_1192,Indoor UAV Localization Using a Tether,"This paper presents an approach to localize a UAV in indoor environments using only a quasi-taut tether. In indoor GPS-denied environments, UAV localization usually depends on vision-based methods combined with inertial sensing, such as visual odometry or SLAM using 2D/3D cameras or laser range finders. This necessitates either heavy and sophisticated sensor payload mounted onto the UAV platform or computationally expensive algorithms running online. In this work, we investigate another indoor localization possibility for a tethered UAV: using the tether's sensory feedback, which is fed into a catenary-based mechanics model, to localize the UAV in an indoor global frame defined by the tether reel center. Our localization method is tested on a physical robot, Fotokite Pro. Our approach could reduce the error of the state-of-the-art tether-based indoor aerial vehicle localization by 31.12%. Since the UAV is localized with respect to the tether reel center, our method could be used to localize the UAV in a moving frame. So it is particularly suitable for inter-localization within marsupial heterogeneous robotic teams for urban search and rescue purposes. © 2018 IEEE.",Xiao X.; Fan Y.; Dufek J.; Murphy R.,2018,10.1109/SSRR.2018.8468627,,Scopus,include,high,"[""I1"", ""I2"", ""I3"", ""I4"", ""I5"", ""I6""]",UAV platform with primary GNSS-denied navigation contribution and quantitative results.
REC_1207,GPS-denied indoor and outdoor monocular vision aided navigation and control of unmanned aircraft,"GPS-denied closed-loop autonomous control of unstable Unmanned Aerial Vehicles (UAVs) such as rotorcraft using information from a monocular camera has been an open problem. Most proposed Vision aided Inertial Navigation Systems (V-INSs) have been too computationally intensive or do not have sufficient integrity for closed-loop flight. We provide an affirmative answer to the question of whether V-INSs can be used to sustain prolonged real-world GPS-denied flight by presenting a V-INS that is validated through autonomous flight-tests over prolonged closed-loop dynamic operation in both indoor and outdoor GPS-denied environments with two rotorcraft unmanned aircraft systems (UASs). The architecture efficiently combines visual feature information from a monocular camera with measurements from inertial sensors. Inertial measurements are used to predict frame-to-frame transition of online selected feature locations, and the difference between predicted and observed feature locations is used to bind in real-time the inertial measurement unit drift, estimate its bias, and account for initial misalignment errors. A novel algorithm to manage a library of features online is presented that can add or remove features based on a measure of relative confidence in each feature location. The resulting V-INS is sufficiently efficient and reliable to enable real-time implementation on resource-constrained aerial vehicles. The presented algorithms are validated on multiple platforms in real-world conditions: through a 16-min flight test, including an autonomous landing, of a 66 kg rotorcraft UAV operating in an unconctrolled outdoor environment without using GPS and through a Micro-UAV operating in a cluttered, unmapped, and gusty indoor environment. © 2013 Wiley Periodicals, Inc.",Chowdhary G.; Johnson E.N.; Magree D.; Wu A.; Shein A.,2013,10.1002/rob.21454,,Scopus,include,high,"[""I1"", ""I2"", ""I3"", ""I4"", ""I5"", ""I6""]",UAV platform with primary GNSS-denied navigation contribution and quantitative results.
REC_1212,Autonomous drone hunter operating by deep learning and all-onboard computations in GPS-denied environments,"This paper proposes a UAV platform that autonomously detects, hunts, and takes down other small UAVs in GPS-denied environments. The platform detects, tracks, and follows another drone within its sensor range using a pre-trained machine learning model. We collect and generate a 58,647-image dataset and use it to train a Tiny YOLO detection algorithm. This algorithm combined with a simple visual-servoing approach was validated on a physical platform. Our platform was able to successfully track and follow a target drone at an estimated speed of 1.5 m/s. Performance was limited by the detection algorithm’s 77% accuracy in cluttered environments and the frame rate of eight frames per second along with the field of view of the camera. © 2019 Wyder et al. This is an open access article distributed under the terms of the Creative Commons Attribution License, which permits unrestricted use, distribution, and reproduction in any medium, provided the original author and source are credited.",Wyder P.M.; Chen Y.-S.; Lasrado A.J.; Pelles R.J.; Kwiatkowski R.; Comas E.O.A.; Kennedy R.; Mangla A.; Huang Z.; Hu X.; Xiong Z.; Aharoni T.; Chuang T.-C.; Lipson H.,2019,10.1371/journal.pone.0225092,,Scopus,include,high,"[""I1"", ""I2"", ""I3"", ""I4"", ""I5"", ""I6""]",UAV platform with primary GNSS-denied navigation contribution and quantitative results.
REC_1217,Vision based UAS navigation for RFI localization,"Radio frequency interference (RFI) is a challenge that has, and continues to be, faced by the aviation industry today. This is especially true for GNSS in aviation as these signals are particularly weak. Interference comes in many forms ranging from short transient events to longer duration events, and are often caused by unintentional radiators, however all of these scenarios have the possibility to pose a risk to GNSS users. Many techniques exist to localize a signal source, however, these techniques typically rely on knowing the position from which a set of measurements are made. Therefore, when the source being localized creates a GNSS denied environment there become two problems to solve: localizing the interferer and navigating in the denied environment caused by the interferer. An unmanned aerial system (UAS) built on a multirotor platform, known as JAGER, is being developed to solve these two challenges [1]. This paper focuses on the development of a navigation system for JAGER to enable operation in a GNSS denied environment, resulting in improvements to the RFI localization capabilities that are JAGER’s core mission. Enabling operation in the denied environment opens up new possible flight trajectories that result in significant improvements in time to localization of the RFI source. This paper presents the design, development, and flight testing of a vision based navigation system for JAGER. The resulting navigation performance is demonstrated to enable improvements in the RFI localization performance through enabling flight trajectories that take JAGER closer to the RFI source into a potentially GNSS denied environment. To quantify the improvements to the RFI localization, this paper uses the existing system’s strategy of maintaining a necessary standoff distance to an interferer to execute the mission with a GNSS position throughout the flight as a baseline. Against this baseline, this paper demonstrates the improvements possible through the use of new trajectories that bring the vehicle closer to the interferer. The navigation system is built around the use of a downward facing infrared (IR) camera and the use of optical flow to measure the velocity of the vehicle in flight. These velocity measurements are used in an extended Kalman filter (EKF) that estimates the 2D position and 2D velocity of the vehicle throughout the flight. Flight tests of the system demonstrate an ability to measure the velocity with noise of 0.7m/s resulting in a drift rate of the estimated position of 0.4% of distance traveled. This level of navigation performance enables the separation of the navigation and localization algorithms, enabling the use of two different filters for navigation and localization. A brief analysis of the effect of the noise in the velocity measurement on the navigation and localization systems is also presented. It is shown that as the noise increases above 1m/s, the localization results are no longer improved with the new trajectories taking JAGER into the GNSS denied environment. Therefore, in those cases, to combat the drift in the position estimate due to the use of velocity only measurements, this paper briefly explores the use of a simultaneous localization and mapping (SLAM) framework to use both the velocity and bearing measurements to the RFI source to simultaneously estimate the vehicle’s position and the source’s position. In simulation, this paper shows that the inclusion of bearing measurements can cap the position drift of the vehicle’s estimate and, with low noise bearing measurements, can provide improvements to the localization system in cases of high velocity measurement noise. © 2018 Institute of Navigation. All rights reserved.",Perkins A.; Chen Y.-H.; Lo S.; Enge P.,2018,10.33012/2018.16060,,Scopus,include,high,"[""I1"", ""I2"", ""I3"", ""I4"", ""I5"", ""I6""]",UAV platform with primary GNSS-denied navigation contribution and quantitative results.
REC_1245,Fusion of Optical Flow and Dead Reckoning Algorithms for UAV Navigation Without GPS,"The article presents an innovative navigation system for unmanned aerial vehicles (UAVs) operating in environments with limited or unavailable GPS signal. The developed solution integrates dead reckoning navigation methods with advanced computer vision algorithms utilizing optical flow analysis, enabling precise drone positioning. The research includes implementation of data fusion algorithms from inertial measurement units (IMU) and analysis of image sequences from a downward-facing camera. Experimental results from tests conducted in both simulated environments and on real flight platforms are presented. The study demonstrates that the application of optical flow techniques significantly improves dead reckoning navigation accuracy in GPS-denied conditions, reducing the accumulating position error. The proposed system offers a promising solution for UAV operations in challenging navigation conditions, such as urban areas, indoor environments, or regions with electromagnetic interference. © 2025, Faculty of Navigation, Gdynia Maritime University. All rights reserved.",Walczak J.; Szykuła B.; Targowski P.; Pałys T.,2025,10.12716/1001.19.04.02,,Scopus,include,high,"[""I1"", ""I2"", ""I3"", ""I4"", ""I5"", ""I6""]",UAV platform with primary GNSS-denied navigation contribution and quantitative results.
REC_1270,Navigation of UAV in GNSS denied area,"This paper examines the concept of navigation of of Unmanned aerial vehicle (UAV) in three-dimensional space using visual odometry. In the near future navigation of the UAV without GNSS is becoming a critical part of autonomous navigation systems, using information from on-board cameras to estimate the UAV’s movement and position. In the paper, different types of visual odometry, sensors for visual odometry, components of the implementation, and scenarios of usage. For the development and future application we utilize widely used Robotic Operating System (ROS). © 2024, Brno University of Technology. All rights reserved.",Pintér M.; Marcoň P.,2024,10.13164/eeict.2024.96,,Scopus,include,high,"[""I1"", ""I2"", ""I3"", ""I4"", ""I5"", ""I6""]",UAV platform with primary GNSS-denied navigation contribution and quantitative results.
REC_1285,Unmanned autonomous aerial navigation in GPS-denied environments,"This work focuses on enhancing existing technology to support unmanned aerial vehicle navigation for the inspection of power plants. These inspections are a vital component of a power plant's capability to function but can be costly and dangerous to do by humans. Therefore, it has been proposed to utilize a small, unmanned quadcopter integrated with autonomous navigation by using an alternate signal in place of GPS. The quadcopter can gain the ability to navigate to desired coordinates without the need for GPS, which can often be unavailable within these structures. The UAV uses an optical flow sensor to determine the ground velocity and x-y position, and sonar for measuring the altitude. Using ROS and MAVLink, the communication can be modified to use “fake GPS” data, instead of the actual GPS signal, to be published in the appropriate ROS topics to avoid GPS failures. The optical flow and fake GPS are filtered by an Extended Kalman Filter to get a better position estimation during navigation. Through this process, autonomous flight was successfully achieved without GPS. © 2020 Latin American and Caribbean Consortium of Engineering Institutions. All rights reserved.",Habib N.; Flores-Abad A.; Martínez-Martínez J.; Aponte-Roa D.A.; Espinoza A.A.,2020,10.18687/LACCEI2020.1.1.349,,Scopus,include,high,"[""I1"", ""I2"", ""I3"", ""I4"", ""I5"", ""I6""]",UAV platform with primary GNSS-denied navigation contribution and quantitative results.
REC_1298,Cooperative Localization for GNSS-Denied Subterranean Navigation: A UAV–UGV Team Approach,"This paper presents a cooperative navigation architecture in a global navigation satellite system (GNSS)-denied subterranean environment using an unmanned ground vehicle (UGV) and unmanned aerial vehicle (UAV) team. The main focus of this design is to prolong the UAV mission time by reducing the UAV payload, sensing, and computational elements. To accomplish this, the UGV handles the mapping of the environment, its own state estimation, and the state estimation of the UAV using the UAV’s proprioceptive sensors, a three-dimensional lidar, and an ultra-wideband ranging radio that communicates with a similar radio on the UAV. The UAV is assumed to be instrumented with an inertial measurement unit, stereo camera, and laser altimeter, and the data from these instruments are shared with the UGV over a local network for use in UAV state estimation. This paper presents the architecture for localization of a UAV/UGV team and realizes the implementation using two different nonlinear state estimators. Details and a comparison between an extended Kalman filter and an incremental factor graph optimization implementation are provided. The performance of the presented algorithms is analyzed via experiments conducted in a motion-capture facility. © 2024 Institute of Navigation.",Akhihiero D.; Olawoye U.; Das S.; Gross J.,2024,10.33012/navi.677,,Scopus,include,high,"[""I1"", ""I2"", ""I3"", ""I4"", ""I5"", ""I6""]",UAV platform with primary GNSS-denied navigation contribution and quantitative results.
REC_1306,UAV Visual Localization in GNSS-Denied Environments,"Navigating Unmanned Aerial Vehicles (UAVs) in Global Navigation Satellite System (GNSS)-denied environments requires reliable autonomous localization techniques. This study proposes a vision-based localization framework utilizing satellite true orthophotos and Digital Surface Models (DSMs) as absolute geospatial references. The algorithmic pipeline integrates deep learning architectures-specifically SuperPoint and LightGlue-to establish robust image-to-map feature correspondences. The matched correspondences are used to estimate camera exterior orientation parameters through collinearity-based spatial resection with an Iteratively Reweighted Least Squares (IRLS) approach. To validate the proposed methodology, a multi-altitude dataset (100-250 m) was acquired across structurally diverse terrains, including dense building, high vegetation, and bare ground areas. Experimental evaluations demonstrate that the framework achieves meter-level absolute positioning accuracy and stable pose estimation. Analyses further reveal that matching robustness and localization success rates depend heavily on terrain texture and flight altitude; geometrically structured urban scenes at moderate-to-high altitudes consistently yield reliable correspondences, whereas low-texture environments and lower flight altitudes present persistent challenges for continuous visual tracking. © Author(s) 2026.",Wang T.-C.; Tsou L.-H.; Jhan J.-P.; Tang R.-S.,2026,10.5194/isprs-archives-XLIX-B1-2026-55-2026,,Scopus,include,high,"[""I1"", ""I2"", ""I3"", ""I4"", ""I5"", ""I6""]",UAV platform with primary GNSS-denied navigation contribution and quantitative results.
REC_1307,An architecture for robust UAV navigation in GPS-denied areas,"This article presents a software architecture for safe and reliable autonomous navigation of aerial robots in GPS-denied areas. The techniques employed within key modules from this architecture are explained in detail, such as a six-dimensional localization approach based on visual odometry and Monte Carlo localization, or a variant of the Lazy Theta* algorithm for motion planning. The aerial robot used to demonstrate this approach has been extensively tested over the past 2 years for localization and state estimation without any external positioning systems, autonomous local obstacle avoidance, and local path planning among other tasks. This article describes the architecture and main algorithms used to achieve these goals to build a robust autonomous system. © 2017 Wiley Periodicals, Inc.",Perez-Grau F.J.; Ragel R.; Caballero F.; Viguria A.; Ollero A.,2018,10.1002/rob.21757,,Scopus,include,high,"[""I1"", ""I2"", ""I3"", ""I4"", ""I5"", ""I6""]",UAV platform with primary GNSS-denied navigation contribution and quantitative results.
REC_1308,Multi-sensor Data Fusion for Autonomous Unmanned Aerial Vehicle Navigation in GPS Denied Environments,"Although the Global Positioning System (GPS) is a cornerstone of modern navigation, its accuracy can diminish in urban areas, indoors, and intentionally jammed locations. This poses significant challenges for Unmanned Aerial Vehicles (UAVs) operating autonomously in these “GPS-denied” environments. In this context, multi-sensor data fusion (MSDF) is suggested as a viable technique, as it integrates inputs from various sensors to create a more robust and reliable navigation solution. In this paper, a system has been developed that enables an AUAV flying along a predetermined route to reliably detect both fixed and moving obstacles in challenging environments where GPS signals are weak or absent, and to perform effective avoidance maneuvers to prevent potential collisions, offering superior situational awareness and operational efficiency. The results obtained demonstrate that the AUAV can navigate safely and accurately in complex and continuously changing environments. The findings reveal that the proposed system has the ability to reliably detect both stationary and moving obstacles in challenging environments where GPS signals are absent or weak, and to perform effective avoidance maneuvers to prevent potential collisions in real time. © (2024), (Research Institute of Intelligent Computer Systems). All rights reserved.",ELMAS E.E.; ALKAN M.,2024,10.47839/ijc.23.4.3762,,Scopus,include,high,"[""I1"", ""I2"", ""I3"", ""I4"", ""I5"", ""I6""]",UAV platform with primary GNSS-denied navigation contribution and quantitative results.
REC_1313,A smart hybrid vision aided inertial navigation system approach for UAVs in a GNSS denied environment,"This paper presents a smart hybrid vision-aided inertial navigation system (VAINS) for enhancing the navigation accuracy of UAVs in GNSS-denied environments. The proposed system consists of GNSS, INS, monocular visual odometry (VO) based on optical flow and regression trees, a Gaussian process regression (GPR), and extended Kalman filter (EKF) for data fusion. Although a variety of monocular VO-based on photogrammetric, structure from motion, and machine learning approaches have been proposed to assist the navigation process, the accuracy of 3-D positioning using these techniques is still affected by some factors such as the lack of the observed features, incorrect matches, and the accumulated positioning drift errors. Therefore, the development of a reliable navigation system that can handle such challenges is necessary. In this system, the GPR algorithm is deployed to model these errors when the GNSS signal is available and to correct them when the GNSS signal is lost. © 2018 Institute of Navigation",Mostafa M.M.; Moussa A.M.; El-Sheimy N.; Sesay A.B.,2018,10.1002/navi.270,,Scopus,include,high,"[""I1"", ""I2"", ""I3"", ""I4"", ""I5"", ""I6""]",UAV platform with primary GNSS-denied navigation contribution and quantitative results.
REC_1330,UAV VISUAL AUTOLOCALIZATON BASED on AUTOMATIC LANDMARK RECOGNITION,"Deploying an autonomous unmanned aerial vehicle in GPS-denied areas is a highly discussed problem in the scientific community. There are several approaches being developed, but the main strategies yet considered are computer vision based navigation systems. This work presents a new real-time computer-vision position estimator for UAV navigation. The estimator uses images captured during flight to recognize specific, well-known, landmarks in order to estimate the latitude and longitude of the aircraft. The method was tested in a simulated environment, using a dataset of real aerial images obtained in previous flights, with synchronized images, GPS and IMU data. The estimated position in each landmark recognition was compatible with the GPS data, stating that the developed method can be used as an alternative navigation system. © Authors 2017.",Filho P.S.; Shiguemori E.H.; Saotome O.,2017,10.5194/isprs-annals-IV-2-W3-89-2017,,Scopus,include,high,"[""I1"", ""I2"", ""I3"", ""I4"", ""I5"", ""I6""]",UAV platform with primary GNSS-denied navigation contribution and quantitative results.
REC_1358,An experimental analysis of outdoor UAV localisation through diverse estimators and crowd-sensed data fusion,"Motivated by the challenge of achieving precise 3D outdoor localisation for unmanned aerial vehicles (UAVs) in global navigation satellite system (GNSS)-denied environments, this paper introduces an innovative technique. Integrating crowd-sensed data fusion to counter inertial navigation system (INS) drift during GNSS signal outages, the proposed method exploits diverse estimators to enhance its efficacy. A micro lightweight frequency modulated continuous wave (FMCW) radar mounted on the UAV captures ground scatterer reflections, processed via fast Fourier transform (FFT) to generate a range-Doppler map. This map facilitates forward velocity estimation during GNSS signal loss. This approach employs adaptive thresholding, image binarisation, and connected components-based techniques for target detection from a computer vision standpoint. The derived radar-based velocity fuses with magnetometer, barometer, and inertial measurement unit (IMU) data using diverse estimators like extended Kalman filter (EKF) and particle filter (PF). Real-time flight data evaluation and simulated outage periods using EKF and PF validate the outdoor localisation system. Experimental analyses demonstrate substantial improvements, enhancing 3D positioning accuracy by 99.89% and 99.83% for the initial and subsequent flights, respectively, leveraging PF to fortify the standalone INS mode during GNSS signal loss. This approach significantly enhances UAV localisation precision, particularly in challenging GNSS-denied scenarios, showcasing the potential for real-world applications. © 2024 The Author(s)",Ahmed M.M.; Shawky M.A.; Zahran S.; Moussa A.; EL-Shimy N.; Elmahallawy A.A.; Ansari S.; Shah S.T.; Abdellatif A.G.,2024,10.1016/j.phycom.2024.102475,,Scopus,include,high,"[""I1"", ""I2"", ""I3"", ""I4"", ""I5"", ""I6""]",UAV platform with primary GNSS-denied navigation contribution and quantitative results.
REC_1366,Cooperative Localisation of a GPS-Denied UAV in 3-Dimensional Space Using Direction of Arrival Measurements,"This paper presents a novel approach for localising a GPS (Global Positioning System)-denied Unmanned Aerial Vehicle (UAV) with the aid of a GPS-equipped UAV in three-dimensional space. The GPS-equipped UAV makes discrete-time broadcasts of its global coordinates. The GPS-denied UAV receives the broadcast and in doing so takes a direction of arrival (DOA) measurement towards the origin of the broadcast in its local coordinate frame (obtained via an inertial navigation system (INS)). The aim is to determine the difference between the local and global frames, described by a rotation and a translation. In the noiseless case, global coordinates are recovered exactly by solving a system of linear equations. When DOA measurements are contaminated with noise, rank relaxed semidefinite programming (SDP) and the Orthogonal Procrustes algorithm are employed. Simulations are provided and factors affecting accuracy, such as noise levels and number of measurements, are explored. © 2017",Russell J.S.; Ye M.; Anderson B.D.O.; Hmam H.; Sarunic P.,2017,10.1016/j.ifacol.2017.08.1226,,Scopus,include,high,"[""I1"", ""I2"", ""I3"", ""I4"", ""I5"", ""I6""]",UAV platform with primary GNSS-denied navigation contribution and quantitative results.
REC_1378,Optical Flow Sensor/INS/Magnetometer Integrated Navigation System for MAV in GPS-Denied Environment,"The drift of inertial navigation system (INS) will lead to large navigation error when a low-cost INS is used in microaerial vehicles (MAV). To overcome the above problem, an INS/optical flow/magnetometer integrated navigation scheme is proposed for GPS-denied environment in this paper. The scheme, which is based on extended Kalman filter, combines INS and optical flow information to estimate the velocity and position of MAV. The gyro, accelerator, and magnetometer information are fused together to estimate the MAV attitude when the MAV is at static state or uniformly moving state; and the gyro only is used to estimate the MAV attitude when the MAV is accelerating or decelerating. The MAV flight data is used to verify the proposed integrated navigation scheme, and the verification results show that the proposed scheme can effectively reduce the errors of navigation parameters and improve navigation precision. Copyright © 2016 Chong Shen et al.",Shen C.; Bai Z.; Cao H.; Xu K.; Wang C.; Zhang H.; Wang D.; Tang J.; Liu J.,2016,10.1155/2016/6105803,,Scopus,include,high,"[""I1"", ""I2"", ""I3"", ""I4"", ""I5"", ""I6""]",UAV platform with primary GNSS-denied navigation contribution and quantitative results.
REC_1405,Angle Robustness Unmanned Aerial Vehicle Navigation in GNSS-Denied Scenarios,"Due to the inability to receive signals from the Global Navigation Satellite System (GNSS) in extreme conditions, achieving accurate and robust navigation for Unmanned Aerial Vehicles (UAVs) is a challenging task. Recently emerged, vision-based navigation has been a promising and feasible alternative to GNSS-based navigation. However, existing vision-based techniques are inadequate in addressing flight deviation caused by environmental disturbances and inaccurate position predictions in practical settings. In this paper, we present a novel angle robustness navigation paradigm to deal with flight deviation in point-to-point navigation tasks. Additionally, we propose a model that includes the Adaptive Feature Enhance Module, Cross-knowledge Attention-guided Module and Robust Task-oriented Head Module to accurately predict direction angles for high-precision navigation. To evaluate the vision-based navigation methods, we collect a new dataset termed as UAV AR368. Furthermore, we design the Simulation Flight Testing Instrument (SFTI) using Google Earth to simulate different flight environments, thereby reducing the expenses associated with real flight testing. Experiment results demonstrate that the proposed model outperforms the state-of-the-art by achieving improvements of 26.0% and 45.6% in the success rate of arrival under ideal and disturbed circumstances, respectively. Copyright © 2024, Association for the Advancement of Artificial Intelligence (www.aaai.org). All rights reserved.",Wang Y.; Feng Z.; Zhang H.; Gao Y.; Lei J.; Sun L.; Song M.,2024,10.1609/aaai.v38i9.28906,,Scopus,include,high,"[""I1"", ""I2"", ""I3"", ""I4"", ""I5"", ""I6""]",UAV platform with primary GNSS-denied navigation contribution and quantitative results.
REC_1417,Cellular Communication-Based Autonomous UAV Navigation with Obstacle Avoidance for Unknown Indoor Environments,"The technology of Unmanned Aerial Vehicles (UAV) has been the subject of pioneering research in recent years. Also, the subject has been used in various situations for both outdoor and indoor. In this paper, a cellular communication-based autonomous UAV Navigation is proposed that enables UAVs to maneuver independently in previously unknown and GPS-denied indoor environments with LiDAR sensors. The main idea of the proposed scheme is to implement LTE connection to UAV Navigation and compared it to a Wi-Fi connection. We have proposed that autonomous UAV navigation system for unknown environment like indoor. This system relies on the combination of ROS-based Hector SLAM systems, 2D-LiDAR sensor and LTE connection. The performance of proposed scheme is evaluated as the error distance and exploration time for unknown area like indoor environment. The mapping efficiency of LTE connection is 57.5% greater than the Wi-Fi connection. Computation time for flight is approximately 200 seconds. © 2021",Choi Y.J.; Ramatryana I.N.A.; Shin S.Y.,2021,10.22266/ijies2021.0430.31,,Scopus,include,high,"[""I1"", ""I2"", ""I3"", ""I4"", ""I5"", ""I6""]",UAV platform with primary GNSS-denied navigation contribution and quantitative results.
REC_1451,Vision Model-Based Real-Time Localization of Unmanned Aerial Vehicle for Autonomous Structure Inspection under GPS-Denied Environment,"UAVs have been widely used in visual inspections of buildings, bridges, and other structures. In either outdoor autonomous or semi-autonomous flights missions strong GPS signal is vital for UAV to locate its own positions. However, strong GPS signal is not always available, and it can degrade or fully loss underneath large structures or close to power lines, which can cause serious control issues or even UAV crashes. Such limitations highly restricted the applications of UAV as a routine inspection tool in various domains. In this paper a vision-model-based real-time self-positioning method is proposed to support autonomous aerial inspection without the need of GPS support. Compared to other localization methods that requires additional onboard sensors, the proposed method uses a single camera to continuously estimate the inflight poses of UAV. Each step of the proposed method is discussed in detail, and its performance is tested through an indoor test case. © 2019 American Society of Civil Engineers.",Shang Z.; Shen Z.,2019,10.1061/9780784482445.037,,Scopus,include,high,"[""I1"", ""I2"", ""I3"", ""I4"", ""I5"", ""I6""]",UAV platform with primary GNSS-denied navigation contribution and quantitative results.
REC_1463,Decentralised Multi-UAV Cooperative Searching Multi-Target in Cluttered and GPS-Denied Environments,"In recent years, the use of multi-unmanned aerial vehicles (UAVs) systems in outdoor GPS enabled environments has increased significantly. Their use in GPS-denied environments, however, is still a complex task. Examples of such environments include search and rescue inside buildings or collapsed building scenarios, urban or natural canyons, in which the GPS signal is limited or blocked. In order to provide a possible solution for these applications, this paper presents a multi-UAV system that can be utilised for a team of UAVs to autonomously navigate, search and detect multiple targets in a cluttered and GPS-denied environment. The multi-UAV system uses a decentralised framework based on Decentralised Partially Observable Markov Decision Processes (Dec-POMDP) to formulate the decision-making process considering uncertainties in the environments and sensing. This system was designed for a mission that needs to cooperate efficiently to search and find multiple targets, without knowing possible locations, by sharing limited vital observations through WiFi connection. The system was tested in several cluttered and GPS-denied environments simulated in Gazebo and ROS interface. The environments were populated with different numbers and types of obstacles, several targets, a team of UAVs and boundaries. After comparing three different searching strategies, the results show that the system is capable of cooperatively searching and finding multiple targets in an effective approach while without having a collision in a complex environment. The multi-UAV system is robust to uncertainties in target exploration and localisation, enabling the use of multiple UAVs to enhance critical missions for challenging scenarios such as search and rescue or exploration and disaster management and assessment. © 2022 IEEE.",Zhu X.; Vanegas F.; Gonzalez F.,2022,10.1109/AERO53065.2022.9843665,,Scopus,include,high,"[""I1"", ""I2"", ""I3"", ""I4"", ""I5"", ""I6""]",UAV platform with primary GNSS-denied navigation contribution and quantitative results.
REC_1480,Pose estimation for an autonomous vehicle using monocular vision,"Vision-based pose estimation is particularly important for small sized mobile robots and aerial vehicles that have limited payload constraints. Accurate localization is of importance for any autonomous vehicle, especially in indoor and GPS-denied (Global Positioning System) environment. The aim of this work is to provide a solution for the pose estimation of an autonomous vehicle using monocular vision alone so that even a small-size vehicle can perform pose estimation without the help of additional sensors. Unlike Visual Odometry which operates on a sequence of images to estimate robot's motion, the proposed method estimates the robot's pose using individual images by constantly tracking four fixed feature points in a rectangular pattern, whose positions are known a priori. Also, unlike Monocular Visual Odometry which suffers from scale ambiguity problem, the proposed algorithm can estimate the pose of the vehicle and can be applied to both planar robots (3-DoF) as well as aerial vehicles (6-DoF). The proposed method has been validated by implementing on a Raspberry Pi2 model B and a RPi camera. Simulation results of controlling a differential drive robot using the proposed pose estimation method are also presented. © 2017 IEEE.",Kothari N.; Gupta M.; Vachhani L.; Arya H.,2017,10.1109/INDIANCC.2017.7846512,,Scopus,include,high,"[""I1"", ""I2"", ""I3"", ""I4"", ""I5"", ""I6""]",UAV platform with primary GNSS-denied navigation contribution and quantitative results.
REC_1561,Characterization of mountain drainage patterns for GPS-denied UAS navigation augmentation,"We present a novel approach to use mountain drainage patterns for GPS-denied navigation of small unmanned aerial systems, such as the ScanEagle, utilizing a down-looking fixed focus monocular imager. Our proposal allows for extension of GPS-denied missions in mountain areas, with no assumption of human-made geographic objects. We leverage the analogy between mountain drainage patterns, human aeteriograms, and human fingerprints, to match local drainage patterns to parallax occlusion maps of geo-registered radar returns (GRRR). The GRRR data may be loaded on-board the aircraft pre-mission to avoid the need for a scanning aperture radar during the mission. For recognition purpose, we represent a given mountain area with a set of spatially distributed mountain minutiae, i.e., details found in the drainage patterns, so that conventional minutiae-based fingerprint matching approaches can be used to match real-time camera images against template images in the training set. We use medical arteriography processing technique to extract the patterns. The minutiae-based representation of mountains is achieved by first exposing mountain ridges and valleys with a series of filters and then extracting mountain minutiae from these ridges/valleys. Our results are experimentally validated on actual terrain data and show the effectiveness of minutiae-based mountain representation method. © 2015, Springer-Verlag Berlin Heidelberg.",Wang T.; Celik K.; Somani A.K.,2016,10.1007/s00138-015-0723-9,,Scopus,include,high,"[""I1"", ""I2"", ""I3"", ""I4"", ""I5"", ""I6""]",UAV platform with primary GNSS-denied navigation contribution and quantitative results.
REC_1564,Ultra-wideband based cooperative relative localization algorithm and experiments for multiple unmanned aerial vehicles in GPS denied environments,"This article puts forward an indirect cooperative relative localization method to estimate the position of unmanned aerial vehicles (UAVs) relative to their neighbors based solely on distance and self-displacement measurements in GPS denied environments. Our method consists of two stages. Initially, assuming no knowledge about its own and neighbors’ states and limited by the environment or task constraints, each unmanned aerial vehicle (UAV) solves an active 2D relative localization problem to obtain an estimate of its initial position relative to a static hovering quadcopter (a.k.a. beacon), which is subsequently refined by the extended Kalman filter to account for the noise in distance and displacement measurements. Starting with the refined initial relative localization guess, the second stage generalizes the extended Kalman filter strategy to the case where all unmanned aerial vehicles (UAV) move simultaneously. In this stage, each unmanned aerial vehicle (UAV) carries out cooperative localization through the inter-unmanned aerial vehicle distance given by ultra-wideband and exchanging the self-displacements of neighboring unmanned aerial vehicles (UAV). Extensive simulations and flight experiments are presented to corroborate the effectiveness of our proposed relative localization initialization strategy and algorithm. © 2017, © The Author(s) 2017.",Guo K.; Qiu Z.; Meng W.; Xie L.; Teo R.,2017,10.1177/1756829317695564,,Scopus,include,high,"[""I1"", ""I2"", ""I3"", ""I4"", ""I5"", ""I6""]",UAV platform with primary GNSS-denied navigation contribution and quantitative results.
REC_1573,Visual-based localization methods for unmanned aerial vehicles in landing operation on maritime vessel,"Unmanned Aerial Vehicles (UAVs) have become increasingly important in maritime operations. However, accurate localization of these UAVs in maritime environments especially during landing operation on maritime vessels remains a challenge, particularly in GNSS denied areas. This paper proposes two visual-based localization methods for UAVs during two different phases of landing operating on maritime vessels. The first method is used for estimating the UAV's position with respect to the vessel during the approach phase. It involves a visual UAV detection and tracking approach using the YOLO detector and OceanPlus tracker trained on a custom dataset. The UAV's position with respect to the vessel is estimated using stereo triangulation. The proposed method achieves accurate positioning with errors below 10cm during landing phases in a simulated environment. The second method is used for final landing phase. We utilize a visual Simultaneous Localization and Mapping (SLAM) algorithm, ORB-SLAM3, for real-time motion estimation of a UAV with respect to its confined landing area on a maritime platform. ORB-SLAM3 was benchmarked against multiple state-of-the-art visual SLAM and Visual Odometry (VO) algorithms and evaluated for a simulated landing scenario of a UAV at 16m height with a downward camera. The results demonstrated sufficient speed and accuracy for the landing task. These methods provide a promising solution for precise and reliable localization of UAV in different phases of the landing operation on maritime vessel, especially in GNSS denied environments. Dataset and source codes can be accessed from: https://gitlab.cylab.be/t.nguyen/uav-visual-localization. © 2024 International Measurement Confederation (IMEKO). All rights reserved.",Nguyen T.-T.; Hamesse C.; Dutrannois T.; Halleux T.; De Cubber G.; Haelterman R.; Janssens B.,2024,10.21014/actaimeko.v13i4.1575,,Scopus,include,high,"[""I1"", ""I2"", ""I3"", ""I4"", ""I5"", ""I6""]",UAV platform with primary GNSS-denied navigation contribution and quantitative results.
REC_1582,Overview of Mutual Localization Techniques Between Unmanned Aerial Vehicles in Swarm,"The market for unmanned aerial vehicles (UAVs), along with their associated applications and services, has been developing at a rapid pace in recent years. One of the key emerging trends is the use of UAV swarms, which enable the execution of complex tasks more efficiently than single platforms. Effective control of such a swarm, whether by a human operator or autonomously, requires maintaining safe distances between individual UAVs. This, in turn, necessitates precise navigation and mutual localization within the swarm, posing both technical and operational challenges. This paper presents a comprehensive review of recent advancements in relative localization techniques within UAV swarms. With the increasing interest in UAV swarm applications for tasks such as search and rescue, surveillance, and delivery, accurate and reliable localization methods have become critical for maintaining formation and avoiding collisions. The paper categorizes localization approaches into cooperative methods and autonomous sensing and further classifies them by the type of sensor used: optical, radio frequency, and acoustic. For each category, representative technologies, and algorithms, such as ultra-wideband (UWB), received signal strength indication (RSSI), angle of arrival (AOA), multidimensional scaling (MDS), and convolutional neural network (CNN)-based vision systems, are discussed, along with their strengths, limitations, and suitability for Global Positioning System (GPS)-denied environments. The paper concludes with an identification of current research gaps, including the challenges of sensor array integration on UAV platforms and the influence of environmental interference on localization accuracy. © 2025, Faculty of Navigation, Gdynia Maritime University. All rights reserved.",Czaja B.; Maślanka K.; Skokowski P.; Kelner J.,2025,10.12716/1001.19.01.37,,Scopus,include,high,"[""I1"", ""I2"", ""I3"", ""I4"", ""I5"", ""I6""]",UAV platform with primary GNSS-denied navigation contribution and quantitative results.
REC_1612,Visual GPS-denied multi-agent localization & terrain classification,"This paper furthers the state of the art of visual localization by harnessing recently developed scene recognition and understanding machine learning (ML) algorithms to rethink how vision can be used for navigation, particularly when combined with a realistic, minimalist, and robust multi-agent approach. The focus on visual navigation comes as GPS is increasingly unreliable (jammed, spoofed, or disabled), or unavailable (indoor, or extraterrestrial environments). GPS denial/unreliability is an area of active research in general, with unmanned parafoil systems being one UAV application. The landing locations for parafoil systems must be pre-programmed manually with global coordinates, which may be inaccurate or outdated, and offer no in-flight adaptability. This paper will introduce a novel and minimalist approach to visual navigation and multi-agent communication using semantic machine learning classification and geometric constraints. This approach enables localization and landing site identification for multiple communicating UAV systems deployed in GPS-denied environments. This is a capability extending beyond singleagent localization, as well as a novel landing site classification approach. A mathematical foundation using information theory provides the technical grounding for the algorithms presented, and simulation results demonstrate how multiple agents using the proposed algorithms make a significant improvement in localization accuracy and speed over a single agent. Desirable landing sites for UAVs generally, and autonomous parafoils in particular, constitute locations where payload survivability and accessibility are greatest. An on-board semantic representation and understanding of the operating environment will allow systems to automatically detect and classify these desirable and undesirable landing sites, enabling successful landing in a much larger class of scenarios than currently possible, in addition to a fail-safe capability when localization is not feasible. This paper will further introduce an algorithm enabling multiple agents to reproduce this classification of their environment on-line better and more rapidly than a single agent working alone, demonstrating the advantage of multiple agents in this context as well. This has applications to general UAV landing, whether powered or unpowered, on Earth or in extra-terrestrial environments. © 2018 IEEE.",Chiel B.S.; Baillieul J.,2018,10.1109/AERO.2018.8396392,,Scopus,include,high,"[""I1"", ""I2"", ""I3"", ""I4"", ""I5"", ""I6""]",UAV platform with primary GNSS-denied navigation contribution and quantitative results.
REC_1619,Robust Autonomous Flight in Constrained and Visually Degraded Shipboard Environments,"This paper addresses the problem of autonomous navigation of a micro aerial vehicle (MAV) for inspection and damage assessment inside a constrained shipboard environment, which might be perilous or inaccessible for humans, especially in emergency scenarios. The environment is GPS-denied and visually degraded, containing narrow passageways, doorways, and small objects protruding from the wall. This causes existing two-dimensional LIDAR, vision, or mechanical bumper-based autonomous navigation solutions to fail. To realize autonomous navigation in such challenging environments, we first propose a robust state estimation method that fuses estimates from a real-time odometry estimation algorithm and a particle filtering localization algorithm with other sensor information in a two-layer fusion framework. Then, an online motion-planning algorithm that combines trajectory optimization with a receding horizon control framework is proposed for fast obstacle avoidance. All the computations are done in real time on the onboard computer. We validate the system by running experiments under different environmental conditions in both laboratory and practical shipboard environments. The field experiment results of over 10 runs show that our vehicle can robustly navigate 20-m-long and only 1-m-wide corridors and go through a very narrow doorway (66-cm width, only 4-cm clearance on each side) autonomously even when it is completely dark or full of light smoke. These experiments show that despite the challenges associated with flying robustly in challenging shipboard environments, it is possible to use a MAV to autonomously fly into a confined shipboard environment to rapidly gather situational information to guide firefighting and rescue efforts. © 2016 Wiley Periodicals, Inc.",Fang Z.; Yang S.; Jain S.; Dubey G.; Roth S.; Maeta S.; Nuske S.; Zhang Y.; Scherer S.,2017,10.1002/rob.21670,,Scopus,include,high,"[""I1"", ""I2"", ""I3"", ""I4"", ""I5"", ""I6""]",UAV platform with primary GNSS-denied navigation contribution and quantitative results.
REC_1640,Automatic landing of a low-cost quadrotor using monocular vision and Kalman filter in GPS-denied environments,"Unmanned aerial vehicles are becoming an important part of the modern life. Despite some recent advances in GPS-aided navigation of quadrotors, the concern of crash and collision still overshadows their reliability and safety, especially in GPS-denied environments. Therefore, the necessity for developing fully automatic methods for safe, accurate, and independent landing of drones increases over time. This paper investigates the autolanding process by focusing on an accurate and continuous position estimation of the drone using a monocular vision system and the fusion with the inertial measurement unit and ultrasonic sensors’ data. An ARUCO marker is used as the landing pad, and the information is processed in the ground station through a real-time Wi-Fi link. In order to overcome the closed loop instability caused by the communication and localization delays, we propose a method called”movement slicing method”. This method divides the moves around the marker into moving and waiting slices and makes the landing process not only more accurate but also faster. Experimental results show a successful landing of the UAV on a predefined location, while it is accurately aligned with the marker using the proposed method. © TÜBİTAK",Sani M.F.; Shoaran M.; Karimian G.,2019,10.3906/elk-1809-204,,Scopus,include,high,"[""I1"", ""I2"", ""I3"", ""I4"", ""I5"", ""I6""]",UAV platform with primary GNSS-denied navigation contribution and quantitative results.
REC_1642,UAV based target finding and tracking in GPS-denied and cluttered environments,"In this paper we describe and flight test a novel system architecture for low cost muti-rotor unmanned aerial vehicles (UAVs) for searching, tracking and following a ground target. The UAV uses only on-board sensors for localisation within a GPS-denied space with obstacles. This mission is formulated as a Partially Observable Markov Decision Process (POMDP) and uses a modular framework that runs on the Robotic Operating System (ROS). This system computes a policy for executing actions instead of way-points to navigate and avoid obstacles. Results indicate that the system is robust to overcome uncertainties in localisation of both, the aircraft and the target and avoids collisions with the obstacles. © 2016 IEEE.",Vanegas F.; Campbell D.; Eich M.; Gonzalez F.,2016,10.1109/IROS.2016.7759360,,Scopus,include,high,"[""I1"", ""I2"", ""I3"", ""I4"", ""I5"", ""I6""]",UAV platform with primary GNSS-denied navigation contribution and quantitative results.
REC_1667,Autonomous Mapping and Navigation Unit for Aerial Robots,"This paper presents an Autonomous Mapping and Navigation Unit (AM&NU) for multirotor platforms operating without GNSS. The unit combines a Livox Mid-360 LiDAR and an Intel RealSense D435i camera, both with internal IMU, connected to the embedded computer a Jetson Orin NX 16GB. A LiDAR-inertial SLAM module (FAST-LIO2) provides a six-degree-of-freedom pose and an incremental point-cloud map. The map is forwarded to a planner that interpolates user-defined waypoints with cubic Hermite spline segments, producing a smooth reference path. An artificial vector-field controller evaluates the current pose with respect to the path and computes body-frame velocity commands; a multirotor control law converts these commands into thrust and angular-rate inputs. The full pipeline was implemented in ROS2 and validated in simulation. Data collected during outdoor flights were processed offline to verify localization and mapping consistency. The results confirm the feasibility of using the proposed unit for autonomous navigation in GNSS-denied environments. © 2025 IEEE.",Baiao J.; Prado D.; Soares L.; Soares G.; Vangasse A.; Cruz G.; Lima R.; Pimenta L.; Goncalves V.; Freitas G.,2025,10.1109/ICAR65334.2025.11338655,,Scopus,include,high,"[""I1"", ""I2"", ""I3"", ""I4"", ""I5"", ""I6""]",UAV platform with primary GNSS-denied navigation contribution and quantitative results.
REC_1678,Position and Orientation from Asynchronous Lidar in GNSS Denied Environments,"This study investigates the use of a distributed asynchronous lidar system for augmented position and orientation determination in Global Navigation Satellite Systems (GNSS) denied environments. An asynchronous lidar design is one in which the laser transmitter and detectors/receivers are disconnected and carried on separate platforms. This unique geometry offers observational redundancy that can be used to estimate the trajectory of the receiver platforms. The paper presents the results of simulation experiments, first examining single epoch solutions and then considers estimates of position and orientation along simulated flight trajectories. The results show that as long as the laser transmitter is operated above the GNSS denied environment, the system is able to simultaneously estimate position and orientation for multiple receiver drones, even for extended periods of GNSS outages. The accuracy of position and orientation estimation is dependent on the exact flight path and the number of lidar receivers in the solution, but with favorable geometry the accuracy of position estimation can approach that provided by a high precision GNSS solution. Copyright © 2026 Craig Glennie.",Glennie C.; Haces-Garcia F.,2026,10.5194/isprs-annals-XI-1-2026-151-2026,,Scopus,include,high,"[""I1"", ""I2"", ""I3"", ""I4"", ""I5"", ""I6""]",UAV platform with primary GNSS-denied navigation contribution and quantitative results.
REC_1688,Pose estimation based on laser range finder for a quadrotor unmanned aerial vehicle in GPS-denied environment,"The feedback of position and attitude information are important for the autonomous control of a quadrotor unmanned aerial vehicle (UAV). But in the GPS-denied environments, it is hard to obtain the quadrotor UAV's position. The pose estimation problem for a quadrotor UAV is addressed in this paper. A miniature laser range finder and a miniature attitude heading reference system (AHRS) unit are employed as the main onboard sensors. And a new pose estimation algorithm is developed to provide accurate estimation for the UAV's position and attitude which can be utilized for the flight controller in the GPS-denied environments.",X. Gu; B. Xian; F. Guo; Y. Zhang; X. Zhang,2013,,,IEEE_Xplore,include,high,"[""I1"", ""I2"", ""I3"", ""I4"", ""I5"", ""I6""]",UAV platform with primary GNSS-denied navigation contribution and quantitative results.
REC_1715,"Autonomous targeted flight of a rotary-wing micro aerial vehicle in indoor, GPS-denied environments","This work focuses on targeted flight of Rotary- Wing Micro Aerial Vehicles (RW MAV) in in- door environments. In such missions, Global Po- sitioning System (GPS) signals may be unavail- Able and a map of the environment is unknown prior to the flight. Thus, the MAV should be able to estimate its position, build a map of the en- vironment, and plan an obstacle-free flight path towards the target, while taking into consider- Ation its maneuverability limitations. This pa- per presents a modular system that comprises re- quired components for these tasks. The proposed methodology relies on using a single laser range scanner. We present the components of the pro- posed system and algorithms, including a high level module for mission planning and decision making. The system was checked in different simulated environments under the realistic level of disturbances and system noise. The obtained results illustrate the effectiveness of the system for GPS-denied navigation of RW MAVs.",Potyagaylo S.; Rand O.,2014,,,Scopus,include,high,"[""I1"", ""I2"", ""I3"", ""I4"", ""I5"", ""I6""]",UAV platform with primary GNSS-denied navigation contribution and quantitative results.
